"V1","V2","V3","V4","V5","V6","V7","V8","V9"
0.521105753749396,0,0.140680264109539,0,0.338213982141065,0.0427832044963712,0.199366489943566,0.0638763972147143,0.0282806358385857
0.510448106674759,0,0.170654422999105,0,0.318897470326135,0,0.180980033723258,0.26468096604403,0.0350863884774311
0.505942285869226,0,0.116626042785566,0,0.377431671345208,0.0443078946719708,0.242198423719563,0.0989262263368958,0.0114469961121908
0.535557480030577,0,0.106742912857054,0,0.357699607112369,0.0615487421636537,0.111869824293718,0.167590711422756,0.0345015131326648
0.5408439678263,0,0.141236287051165,0,0.317919745122535,0.0153705461509056,0.091182085079423,0.0576176496129633,0.0388373883500354
0.55248446979828,0,0.0917298329207715,0,0.355785697280948,0.269181131235319,0.193124623466806,0.0317207711864325,0.0103479351915318
0.471268562004626,0,0.152752112945231,0,0.375979325050143,0.178382613288837,0.150354982886041,0.0571858602857841,0.0170402036866282
0.479289919344297,0,0.127891283903288,0,0.392818796752415,0.03771001372186,0.135939945720664,0.0296984436860154,0.0147847438196169
0.450851637704523,0,0.237327383603525,0,0.311820978691952,0.0416858789744774,0.135393541847568,0.0612972760787742,0.0237601874409411
0.513871626731153,0,0.101899053232136,0,0.384229320036711,0.0503965027806707,0.0775261460909296,0.0511828764688478,0.0348036963562236
0.540144453337626,0,0.0688807798022439,0,0.39097476686013,0.0436257130733533,0.117777508056548,0.0248609155844928,0.0430580961093456
0.382969405907042,0,0.0994322825346483,0,0.51759831155831,0.175979364635562,0.141398560954312,0.117551668994069,0.0145373142716904
0.532153210082751,0,0.159025415597874,0,0.308821374319374,0.0901141461414179,0.0391256106313877,0.0823254906629193,0.0114420784198417
0.525491904765884,0,0.0883676491103347,0,0.386140446123781,0.102077528692517,0.0715841398912553,0.0707341413103673,0.0234529167840946
0.516692291388415,0,0.0894729024803088,0,0.393834806131276,0.128265360799655,0.157682038035795,0.0414271592681963,0.003306305180273
0.512268216541802,0,0.145856909646382,0,0.341874873811816,0.086477883992672,0.0830103663386315,0.0638034812725915,0.0105920250192382
0.602764399414535,0,0.165192153096543,0,0.232043447488921,0.0895203458855713,0.221528129230823,0.0723629303210275,0.025517055704595
0.521766747571488,0,0.148015949638049,0,0.330217302790463,0.0619749956458247,0.106306227649814,0.0770763947448635,0.0427503080470363
0.475182593167573,0,0.158753731151983,0,0.366063675680444,0.115082350444531,0.0610555593416478,0.085583143227938,0.0203973331824284
0.510139503331388,0,0.14490819883186,0,0.344952297836752,0.0835794736142526,0.153117533517658,0.158027335994173,0.0133479985334862
0.440845456768982,0,0.144563345929724,0,0.414591197301294,0.061793704751639,0.197686257063413,0.126771773773131,0.024538331670034
0.473934362625514,0,0.0987223520085708,0,0.427343285365916,0,0.135235468378975,0.0471595162872408,0.0180953613077197
0.550420197880811,0,0.110173334126254,0,0.339406467992935,0.0755577025424722,0.148453596232229,0.0455091801382983,0.00777824982390983
0.51975236857767,0,0.104994015822277,0,0.375253615600053,0.0762374360287689,0.0796169875889324,0.125850980811729,0.0320639153223042
0.409239904492291,0,0.202117546442388,0,0.388642549065321,0.0720401762892923,0.240322768688832,0.00726238975493946,0.0621911380638428
0.523144300915629,0,0.109489796135178,0,0.367365902949194,0,0.115246747350685,0.053722007590701,0.0142669455885766
0.494040734087966,0,0.15993298573661,0,0.346026280175424,0.160547118377085,0.162125744972006,0.106864449380008,0.0429651843092071
0.487250210340101,0,0.0969603731217776,0,0.415789416538121,0.0802854894491886,0.189059656596458,0.0660009504987525,0.0187806427668904
0.490528260394604,0,0.152534243556812,0,0.356937496048583,0.128703344666704,0.199843705788334,0.0335758819991574,0.0206030069234096
0.495360469945068,0,0.123477300490777,0,0.381162229564154,0.102218560482746,0.085456051925154,0.061894197679593,0.0148476044964943
0.442200192383713,0,0.125807430903355,0,0.431992376712932,0.335922799476677,0.113282269575205,0.165394992434996,0.0294827629957476
0.528066788236016,0,0.105098456690329,0,0.366834755073654,0.143236221991727,0.222894385871978,0.0825296373525699,0.0172551840325175
0.516207461895031,0,0.167245400438238,0,0.31654713766673,0.117994140273314,0.158055767160506,0.115293504269514,0.0455280702336001
0.457127966307696,0,0.188241823817641,0,0.354630209874663,0.0882458280001145,0.148699982981711,0.0583581452941259,0.00864235335736834
0.442340486852696,0,0.20689322054578,0,0.350766292601524,0.112122058211794,0.160825157486998,0.0175585432208782,0.00397148313558842
0.444154958681351,0,0.14673114869543,0,0.409113892623219,0.0896539720102416,0.15871612848824,0.101236557488105,0.028213156530595
0.596016543909252,0,0.10285750815082,0,0.301125947939928,0.211729014820032,0.0956046705382503,0.207878294547029,0.0332796690220806
0.529535264654877,0,0.115278885948094,0,0.355185849397029,0.0205171642463138,0.0868411304462539,0.0471260734671027,0.0338991032472528
0.499495422139631,0,0.111337374683127,0,0.389167203177241,0.194493589421182,0.205937571367834,0.0913020997336343,0.0306582065121318
0.524053039181584,0,0.119186875519966,0,0.35676008529845,0.0151591122340714,0.174119425424513,0.0499900171208995,0.0311404701066938
0.508049347492304,0,0.145806224667377,0,0.346144427840319,0.0903482756796091,0.143648773953639,0.156226953112109,0.0281031557957239
0.42203211014312,0,0.144042819290386,0,0.433925070566494,0.19414768934386,0.0803117447392794,0.0978452767137583,0.0269211558716602
0.544798131336961,0,0.155883788649454,0,0.299318080013585,0.174124094790248,0.264431474700832,0.170807418145047,0.0461331201626684
0.465556152213627,0,0.161399340814206,0,0.373044506972167,0.0400726467684039,0.0854127913691235,0.0931464345708874,0.0303409376995771
0.532170839916407,0,0.128607645571783,0,0.33922151451181,0,0.111010842099265,0.0878602373592145,0.0311703794989476
0.461822882399722,0,0.15738090325869,0,0.380796214341588,0.0738320434021481,0.111622185441362,0.0640349174963008,0.0603660880360667
0.536502831428946,0,0.094284850055316,0,0.369212318515738,0.100695742248962,0.0805552710457381,0.0180139013702275,0.0237912928468116
0.449657924421422,0,0.141724250703985,0,0.408617824874593,0,0.066422437690989,0.0224469191900421,0.0351595544838796
0.579388867581151,0,0.112084046521193,0,0.308527085897655,0.0752595360299301,0.161387216343751,0.198389277753244,0.03033900461568
0.48520479829538,0,0.155855546065217,0,0.358939655639402,0,0.164314940611769,0.0611423944675478,0.0591848322242233
0.474388791875204,0,0.141196223119215,0,0.384414985005582,0,0.122691296170988,0.0363972955604502,0.0180820117946615
0.447488920484647,0,0.148297273576431,0,0.404213805938922,0.339127248430275,0.115269391049668,0.106701262999259,0.0291507569222183
0.472020943798086,0,0.217625255015941,0,0.310353801185973,0.115527608133331,0.192644224872987,0.0422984036606618,0.0197422241442332
0.504677850185887,0,0.131394875659607,0,0.363927274154506,0.0692146159022991,0.185437479622672,0.0967808958895635,0.0370916117732785
0.499943358592005,0,0.0549927062826339,0,0.445063935125361,0,0.14538430650754,0.0143270175029377,0.00104543351304544
0.578257203337786,0,0.0858892865526471,0,0.335853510109567,0.09998530573681,0.077636937231224,0.188568410341067,0.0208853840771166
0.479346932572724,0,0.144038965427541,0,0.376614101999735,0.0307627875382458,0.203378311296935,0.0750062084463907,0.029141517009751
0.534543451169908,0,0.0654755720989228,0,0.399980976731169,0.0897201407022832,0.151277689553962,0.0564633102962169,0.0335120613947321
0.468256129776039,0,0.158807389107945,0,0.372936481116016,0.0868823335587605,0.160225725761673,0.0581445851608717,0.0198717885437494
0.534086008941372,0,0.0997898149920726,0,0.366124176066555,0.151960544714486,0.154786224134844,0.109202378843606,0.0272242176676791
0.552251717706126,0,0.112373354014829,0,0.335374928279045,0.058527206503915,0.26397820686445,0.0793897965958968,0.0307633724680491
0.538730085669811,0,0.0925241006375976,0,0.368745813692591,0.00709640322215007,0.156688987084414,0.1371950978413,0.0196248039148468
0.512840512827755,0,0.122593607085035,0,0.36456588008721,0.0317845078994604,0.119034658499005,0.163212916261111,0.00947311174382555
0.515468913212062,0,0.197801669978024,0,0.286729416809915,0.100559375654918,0.127840115824291,0.0948961005336284,0.084514500724747
0.5395487191916,0,0.0988941515043534,0,0.361557129304046,0.0983272815132207,0.116773413961269,0.113198301987832,0.0252041932414518
0.489008370445043,0,0.0876893312926176,0,0.423302298262339,0.0281376023666894,0.223635275220323,0.100331143876313,0.00832525876180509
0.520436957338585,0,0.124491934297407,0,0.355071108364008,0.0975935413077184,0.097651784096672,0.153184343257197,0.0194824860516382
0.496136950562955,0,0.15780164396033,0,0.346061405476715,0.311646244146976,0.161906944771083,0.0878336768075197,0.0166821917731117
0.545032337543924,0,0.115065004174702,0,0.339902658281375,0.0863120981115592,0.207500261822331,0.0934823269019887,0.00842699286620745
0.488427490666913,0,0.157762545375931,0,0.353809963957156,0.0179329712147863,0.196217968337985,0.0329634332879483,0.0425975565425073
0.486385880055663,0,0.180728829968245,0,0.332885289976092,0.0696097107440883,0.171737562124878,0.0983947646158886,0.0325201099950144
0.487015262435159,0,0.16223570005314,0,0.350749037511701,0.12028469513832,0.129311837291225,0.153718404464711,0.0319861113757299
0.5109926468414,0,0.146575850926937,0,0.342431502231664,0.0657086842381912,0.198141981657475,0.0883763655183527,0.0331538736712031
0.587450235268074,0,0.109356025539665,0,0.30319373919226,0.0870706024046075,0.179488919040105,0.0704255960227128,0.0345736270808434
0.543159500752392,0,0.103397656842484,0,0.353442842405124,0.135891500178356,0.219480260083407,0.0430198000113752,0.0133319374782888
0.511051120530671,0,0.0968764818036945,0,0.392072397665634,0.147448729601972,0.12629438369191,0.0084818425972504,0.0352285834064925
0.460167924260372,0,0.120654274218001,0,0.419177801521627,0.0198017532427832,0.0861440976360405,0.0682061264734977,0.00749567493058829
0.46523868495275,0,0.168327219363411,0,0.366434095683839,0.00560124744648731,0.233334383137003,0.0677569611282532,0.0199790986947046
0.551448241768164,0,0.116034898168292,0,0.332516860063544,0.172523531792867,0.144843108107514,0.0702041440679283,0.0322875268297791
0.51777957618807,0,0.149097994826658,0,0.333122428985271,0.27650947769264,0.136141886030716,0.129703136622075,0.0131474340776191
0.559987555443299,0,0.0407126636797541,0,0.399299780876947,0,0.0827381076199355,0.121964309476817,0.00815804482787491
0.570004299402301,0,0.131386626932291,0,0.298609073665408,0.0339357067563018,0.171024821033905,0.0680900404933899,0.0396044023627856
0.533074130646071,0,0.164996443721799,0,0.301929425632129,0.106127258568539,0.20042615786307,0.156762173160445,0.0153637550941219
0.52420939963876,0,0.159283057065943,0,0.316507543295297,0.133015495646841,0.15772673196082,0.0592320789672138,0.0110182598416587
0.447534907358818,0,0.120136070804264,0,0.432329021836918,0.230492157098618,0.132275983108811,0.0335306216487957,0.0389396028036025
0.477486910972077,0,0.125733285434059,0,0.396779803593864,0.114184936900108,0.136616544733575,0.0797807939974187,0.0203323301648096
0.536379397983111,0,0.186988797876694,0,0.276631804140195,0.046346097896878,0.263978418776057,0.0395156952273873,0.0196495000898456
0.457640853548819,0,0.115220495168185,0,0.427138651282996,0.0923908262421395,0.0712562874625375,0.0358397350494073,0.0263362052425757
0.481703714417164,0,0.180131034991496,0,0.33816525059134,0.193087035194707,0.280512619108252,0.0991825888343374,0.00862575566649536
0.537634955050776,0,0.169049218375906,0,0.293315826573318,0,0.147408359367734,0.112307381109377,0.00572723365919001
0.440076985689248,0,0.140661965578459,0,0.419261048732294,0.168078718243763,0.0943324393374219,0.0226731274021658,0.030047567928049
0.448620003032182,0,0.130914717193717,0,0.420465279774102,0.217045806870085,0.116228563255441,0.0457667626193897,0.030125117656079
0.542044277758592,0,0.097038876833975,0,0.360916845407433,0.00769273765851096,0.143046060836287,0.0862193924967928,0.0456111128369512
0.502586960225475,0,0.107923214586418,0,0.389489825188107,0.129347634207262,0.131382103900295,0.0308434981565926,0.0185081371823287
0.518953375972037,0,0.1178596155337,0,0.363187008494263,0,0.109215716126168,0.116319904741171,0.0261708496141946
0.456958735154669,0,0.130664766895905,0,0.412376497949426,0,0.211406306848645,0.0360629762020131,0.0238501267061062
0.466923648003676,0,0.109194098583734,0,0.42388225341259,0.0877659995851337,0.112622548126937,0.108771946086764,0.020182854117773
0.481749539195374,0,0.149727475457635,0,0.36852298534699,0.184185484909207,0.133344644562877,0.114123298155256,0.0122118680597826
0.621242036505357,0,0.131530964168407,0,0.247226999326236,0.24405288573448,0.246122298752161,0.159282777630881,0.0238352024934058
0.492740350249169,0,0.131624773705968,0,0.375634876044862,0.0966302132999549,0.162453190013469,0.167701653813828,0.0246297332500266
0.469367879558995,0,0.158250214310711,0,0.372381906130294,0.164993494860312,0.132582675300128,0,0.0283695404845909
0.513146013411874,0,0.118807396798124,0,0.368046589790002,0.0690687269242862,0.178538833811762,0.141537811797714,0.0290882563839246
0.440872890034917,0,0.183708465491786,0,0.375418644473297,0.076522999453442,0.162054882681409,0.116877202002954,0.0231819331344394
0.537489539011704,0,0.151268156617338,0,0.311242304370958,0.045554201815632,0.119383044732578,0.138906518260754,0.04413757363604
0.532268646348551,0,0.15695165844641,0,0.310779695205038,0.0551899495091091,0.186632248620573,0.149149156868711,0.0247445802064814
0.523559110634605,0,0.095286160978654,0,0.381154728386741,0.0587767815874469,0.151092294461056,0.0863361539367619,0.0116817042271269
0.531465660432046,0,0.0960834481409105,0,0.372450891427043,0,0.160765832084345,0.0451624997396164,0.0138182090147581
0.45965976114374,0,0.149077527452145,0,0.391262711404115,0.0445757774720117,0.088424621952089,0.0795179459635888,0.0267667334477474
0.405301502723931,0,0.142769880709154,0,0.451928616566915,0.0643991913858799,0.0966500085075088,0.0474179604642885,0.0216029981298393
0.581257193160688,0,0.165410819597104,0,0.253331987242207,0.322197156091548,0.135103722901793,0.183754613876831,0.0246903361419834
0.547038243559942,0,0.124210010561699,0,0.328751745878359,0,0.108868003886985,0.137936401656831,0.0729807729933026
0.46119014116367,0,0.113618219769745,0,0.425191639066585,0.0947636025148363,0.143592491702498,0.0592009314265049,0.0502020425133433
0.515021531183264,0,0.145088922988651,0,0.339889545828086,0.254136412581231,0.123845260209688,0.0603151340759935,0.030356610614968
0.526363630818525,0,0.132124162392453,0,0.341512206789022,0.00485578932892397,0.10700553940834,0.0696311470563273,0.0113551887493242
0.545257831649681,0,0.143251119681625,0,0.311491048668694,0.0971040006026817,0.135879798483344,0.111409146037812,0.0367038373776411
0.551001819525362,0,0.0852379882424132,0,0.363760192232225,0.327751067059549,0.262196020405376,0.0812487736682764,0.025393358586454
0.452801141573207,0,0.126805386224337,0,0.420393472202456,0.0791380706637852,0.128870842244698,0.0622143805526094,0.00683531036294411
0.517359925346743,0,0.164354592426351,0,0.318285482226906,0.14117931084772,0.223684994789331,0.102400377317465,0
0.530695964948431,0,0.0694921043514474,0,0.399811930700122,0.0288688986392098,0.156509923380849,0.0561742909753473,0
0.539204023826979,0,0.089542741719342,0,0.371253234453679,0.143855254092819,0.144223804645706,0.0551486322511179,0.00678258103306179
0.504429205664841,0,0.108879762280051,0,0.386691032055108,0,0.114020962079029,0.0239959444307081,0.0128546659274945
0.411581307763495,0,0.185324534594549,0,0.403094157641956,0.0304202710599189,0.227115079906038,0.130939751641878,0.0286531544035073
0.517204572280087,0,0.088011009444465,0,0.394784418275448,0.5,0.190184868664848,0.0319439274041216,0.00724306146720951
0.452331198752628,0,0.147801590505346,0,0.399867210742026,0.220232389779763,0.247645687428147,0.0819426656974519,0.0326725063143227
0.532138590587994,0,0.108237009177121,0,0.359624400234885,0,0.127823265129373,0.0829534663929994,0.0339014687806491
0.492117885520071,0,0.121727101999459,0,0.38615501248047,0,0.0572859962566512,0.0552535132274358,0.014140381013168
0.492076922022918,0,0.165292885492438,0,0.342630192484644,0.0280861433466442,0.220354648774868,0.0438588108781608,0.0244579721081447
0.555791279188255,0,0.111180660099675,0,0.33302806071207,0,0.158815861927275,0.195752442513669,0.0242388668223562
0.4214930349137,0,0.158009192231447,0,0.420497772854852,0.16329332240815,0.150683551901843,0.113528562992184,0.0173666219088258
0.35705499911888,0,0.150919700187534,0,0.492025300693586,0.0307301197917925,0.208960659706468,0.11812519567512,0.0220814855024747
0.556994833394726,0,0.157314280278268,0,0.285690886327006,0,0.112728223116388,0.0799338802734724,0.0129891576037893
0.510324264598881,0,0.14740932413579,0,0.342266411265329,0.0261827073928319,0.157473601398356,0.0456921259840954,0.0230774033150627
0.522571331706954,0,0.145189394537988,0,0.332239273755057,0.0942773939119745,0.107241666077434,0.105753353865147,0.0285819466128605
0.456713209559317,0,0.199270034830965,0,0.344016755609718,0.110039171845724,0.243204563984946,0.135166424913206,0.0241401460683804
0.574734301963449,0,0.14485961372519,0,0.280406084311362,0.235114212156164,0.206127035922596,0.155010295111043,0.0441361403483047
0.535847923929916,0,0.145774621940318,0,0.318377454129767,0.0168197132862013,0.299366666410123,0.11669732325597,0.0391220561401081
0.500135285128197,0,0.126117882146187,0,0.373746832725616,0.05174331324228,0.135115888157996,0.0925973234272471,0.00786518122046536
0.427584669457714,0,0.10659512613798,0,0.465820204404306,0.186964660248491,0.158993738601854,0.0841635591248895,0.0175850412694164
0.487980167095764,0,0.175622689009292,0,0.336397143894945,0.0409754030452713,0.091111739679893,0.126233699186437,0.0303044278375652
0.594111338073639,0,0.0874907023726498,0,0.318397959553711,0.108446551502563,0.145783679792541,0.153647100977354,0.0162757475211344
0.561866718907595,0,0.131538158749896,0,0.306595122342509,0.158874907660425,0.151997269186553,0.0622167771135019,0.0352435458040356
0.513776144412321,0,0.13849566171124,0,0.347728193876439,0.136068066976197,0.25912102792424,0.0605187550301918,0.0289651882282975
0.537895500107749,0,0.107233017206207,0,0.354871482686044,0.0778310153521155,0.103689374277946,0.183564832655443,0.0260937111527916
0.555379032402995,0,0.164801739137881,0,0.279819228459124,0.198184033178289,0.106821736929396,0.0514840893597131,0.0623614265420031
0.428273646552043,0,0.157015653375735,0,0.414710700072222,0.100326356234326,0.119990818980616,0.0269544499286092,0.0394053265990517
0.47174738862918,0,0.134554690192282,0,0.393697921178539,0.150394629333496,0.159157458706496,0.0484299959784303,0.0108102584785536
0.548741132010328,0,0.17330572040763,0,0.277953147582042,0.360268286985566,0.252661389165618,0.186433009524304,0.0170913181903881
0.489770583375737,0,0.142998575337748,0,0.367230841286515,0.11170245452565,0.216628644223719,0.120738803189505,0.0361023640901653
0.588974777558388,0,0.115863127038272,0,0.295162095403341,0.130344811098062,0.103824942552644,0.137497730531812,0.00763564385781864
0.539604923237286,0,0.140662256255239,0,0.319732820507475,0.00471192271600087,0.153616502316366,0.106588775113909,0.0410728696038824
0.448098420462407,0,0.190171006625544,0,0.361730572912049,0.0498687555617739,0.130146535968699,0.0928024468164832,0.0709909878980978
0.412289137893983,0,0.144137198074775,0,0.443573664031242,0.0729748548915555,0.221086637805186,0.0899810035299604,0.0407643869076753
0.486929676927422,0,0.121908831115392,0,0.391161491957186,0.044315243018024,0.13208594757379,0.130614705037006,0.0187176102608732
0.464330072785657,0,0.0816136811104495,0,0.454056246103894,0.0166622047755744,0.112398167524394,0.00927334931871704,0.0217337392511653
0.495454031494007,0,0.182990076373623,0,0.32155589213237,0.0918037990340557,0.140326595543347,0.0955785043988824,0.026304469908575
0.489264483576514,0,0.160148538569456,0,0.35058697785403,0.119680191691148,0.214934572038084,0.0690343693058007,0.0300203577996274
0.485883063568598,0,0.158240701669587,0,0.355876234761815,0.0794727404389581,0.119447241277875,0.0835129768633618,0.0162773063476437
0.491310886445937,0,0.146014297854443,0,0.36267481569962,0.165096921412534,0.0993185449425899,0.0515930900935621,0.0204669409848869
0.480605315229966,0,0.0806887095059822,0,0.438705975264052,0.232863415795083,0.112169970557512,0.0331150338272495,0.0140257939399153
0.426972230454081,0,0.0870837052870598,0,0.485944064258859,0.0238794355084172,0.116865824870591,0.0256970108574692,0.00323956091633063
0.586284864316878,0,0.145069735648496,0,0.268645400034627,0.0795783415837694,0.154048969651782,0.166533331565436,0.0353276030130689
0.53490788144742,0,0.102155774446114,0,0.362936344106466,0,0.108970267423815,0.0442922756839343,0.017079567040907
0.549307779909285,0,0.119270987948459,0,0.331421232142256,0.121903073921206,0.127922808857844,0.0527534603883508,0.0366954375864952
0.457616089137253,0,0.180368336507737,0,0.36201557435501,0.244873353811183,0.175509534239262,0.171386654489984,0.0406157595460368
0.443879465453673,0,0.153490025910143,0,0.402630508636184,0.152004099486968,0.157832971903523,0.0640379008151523,0.0229593734226853
0.510176814444696,0,0.178805117615371,0,0.311018067939933,0.5,0.259317001626695,0.124594180017267,0.0209480206403455
0.532008577060721,0,0.128785304555317,0,0.339206118383962,0.149617287297992,0.274914617627403,0.0559231945863828,0.0163545309644966
0.513650749733709,0,0.124913894355802,0,0.361435355910489,0.120554114101185,0.110948903697693,0.02596011245745,0.0134555121687721
0.456475900261512,0,0.145228866159032,0,0.398295233579456,0.0385824095250073,0.17046157259752,0.127311094862536,0.0367371406680948
0.469616933480604,0,0.0581377407307832,0,0.472245325788613,0.121114594557534,0.222718284953041,0.0656043440413811,0.0174593203576774
0.571676980873851,0,0.0582096825337471,0,0.370113336592401,0.0769455269306744,0.198760168908387,0.175709729522874,0.0153029157038271
0.479977886260462,0,0.1397679635717,0,0.380254150167838,0.134080849958518,0.14121027823498,0.141700355840813,0.023228194594128
0.465344652543973,0,0.185917940401238,0,0.348737407054789,0.125918722959529,0.224735154252997,0.0978069008004847,0.0296812885049209
0.531732090795805,0,0.147207963985378,0,0.321059945218817,0.0357554350482544,0.186932804010026,0.136218482208352,0.0288265285797255
0.562977996170932,0,0.13067258456803,0,0.306349419261038,0.0975578992745568,0.17909635898615,0.104866956433997,0.0544547523518916
0.427579960751071,0,0.153158205191948,0,0.419261834056982,0.0634302517068476,0.1344946260445,0.0487447020311355,0.0268845736658287
0.514360877238996,0,0.113730261815381,0,0.371908860945623,0.0654386150615138,0.166035541643908,0.0494658493738842,0.0299433926425765
0.518086851819847,0,0.116053314686616,0,0.365859833493536,0.0875825079351956,0.163461144827546,0.0360131197778131,0.013486244291209
0.464214768015612,0,0.161097324271825,0,0.374687907712563,0.0566755359374162,0.129102251210884,0.100449556563869,0.0365263064785862
0.44914573071456,0,0.142921516109628,0,0.407932753175812,0.276751721892771,0.185652345638663,0.0277468645604343,0.0382058315505097
0.502581095093042,0,0.100685163768189,0,0.396733741138769,0,0.148181032945007,0.0632613730920469,0
0.540829472563569,0,0.112229058223709,0,0.346941469212722,0.0866060761164381,0.165268732262699,0.181113194735986,0.0102910907056497
0.494271683400252,0,0.1516705312275,0,0.354057785372248,0.131040690219156,0.084091484697652,0.0897268604721288,0.0263734304067601
0.491743350123338,0,0.111671901050042,0,0.39658474882662,0.240369097236279,0.171779148274624,0.121117046741269,0.0144411687867774
0.494883765951946,0,0.085653658208968,0,0.419462575839086,0,0.0903542581860512,0.0586863216024333,0
0.495876872723972,0,0.109825520353421,0,0.394297606922607,0,0.149334887792832,0.215340154143659,0.0373469847975441
0.453980572602973,0,0.214855467851296,0,0.331163959545731,0.123114266248387,0.140411867300921,0.0955506487844849,0.0494766327547125
0.531805294048202,0,0.0553677777468156,0,0.412826928204982,0.00320206148033841,0.103543469983193,0.141721863129518,0.00113465070710996
0.473092623670559,0,0.120647386920302,0,0.406259989409139,0.18539047492009,0.0897028411029922,0.0708054477217518,0.0304430596207829
0.489348795444983,0,0.0778785008433449,0,0.432772703711672,0,0.0897415043061695,0.086606144887698,0.0244192323543962
0.531739568413292,0,0.182272157468088,0,0.28598827411862,0.155236071202438,0.230977814705115,0.142940603016212,0.039928251678957
0.441800113669985,0,0.150139029578479,0,0.408060856751537,0.193013741686928,0.142200893363528,0.133514346282876,0.0388943491980594
0.477568160381464,0,0.0744122480250893,0,0.448019591593447,0.288069792649528,0.0668263178575843,0.0475990213223446,0.0109270422156312
0.448346991339974,0,0.139495770539294,0,0.412157238120732,0.124950349446886,0.152303670883557,0.0894107725994236,0.00944940417803324
0.453978905574184,0,0.170582927223092,0,0.375438167202724,0.129658851152979,0.102364905412277,0.154916094065455,0.0248287827524092
0.550198286096528,0,0.0863821079346116,0,0.363419605968861,0.147222161476836,0.130368803976023,0.10445673409883,0.0206642002163981
0.48086875810635,0,0.139679358901402,0,0.379451882992248,0.0710759394094202,0.184432584066206,0.0859664136584619,0.0150555528366335
0.48055159333909,0,0.142087449285859,0,0.37736095737505,0.16661872295495,0.222301777921991,0.00908806951188233,0.0177300169069561
0.493133313260502,0,0.0505295262964679,0,0.45633716044303,0.0532581120019241,0.078198655628675,0.0109798357592614,0.0265904853631728
0.605393285220213,0,0.0627983016448405,0,0.331808413134946,0.00994302818167214,0.102735669334014,0.140271472909873,0.0088980652157261
0.471412985059989,0,0.173491452694949,0,0.355095562245062,0.108140303759956,0.198510536851744,0.210638715546424,0.0249782878131212
0.482617066252549,0,0.116099931258575,0,0.401283002488876,0.141072229198624,0.108089164171212,0.135466262008956,0.0384013729710551
0.50085609712588,0,0.0724536373686675,0,0.426690265505452,0,0.0745137126544405,0.141319452785449,0.0213998035507413
0.491864042597763,0,0.148298816484294,0,0.359837140917943,0.103080055072037,0.239645232253955,0.104651644549696,0.0384215251997223
0.48387640633941,0,0.151598553309006,0,0.364525040351583,0.066671424471085,0.100554544435748,0.131436423568892,0.0341553871893427
0.527176792126131,0,0.0998300525707267,0,0.372993155303142,0.148029559849746,0.138493439584941,0.0547046535701807,0.0270747515698002
0.616647185596348,0,0.118414702629254,0,0.264938111774398,0.138228542019276,0.17091666758481,0.0830443424296496,0.0436887229645129
0.534832932518309,0,0.146368507284899,0,0.318798560196792,0.326576802197257,0.141265668799242,0.0879537582299459,0.0372286541302187
0.51530641674536,0,0.104412563975294,0,0.380281019279345,0.00678607216117557,0.143639452468867,0.15740850222237,0.00101193122595668
0.470706165569854,0,0.107593034700154,0,0.421700799729992,0,0.0844697072989122,0.0777416692107279,0.0189714928234795
0.565842074086282,0,0.0818364278128585,0,0.35232149810086,0,0.161881643774469,0.044208218472831,0.0227246510147331
0.491582006017361,0,0.122845424642122,0,0.385572569340517,0.176711712392696,0.158792004726278,0.0300328764795189,0.0087672198212293
0.412870231092742,0,0.198321719758929,0,0.388808049148329,0.134290688335041,0.156361855891238,0.112234597033814,0.0328525058567043
0.432251687326464,0,0.220171706672022,0,0.347576606001514,0.203247363650403,0.263167196791268,0.0325289691429272,0.0392971334216051
0.487018237687133,0,0.126298369701378,0,0.386683392611488,0.0945856155734984,0.147575911479145,0.0649128504789215,0.0335475990702506
0.550366232205727,0,0.082981519997314,0,0.36665224779696,0.0999521551025756,0.158625445312905,0.138607132270546,0.00215594330650843
0.543837136976495,0,0.106060486154122,0,0.350102376869383,0.223819023237165,0.231108888802536,0.0789613551771453,0.0121219727320823
0.522323285757849,0,0.108065648987067,0,0.369611065255084,0,0.182572303343007,0.119722163211477,0
0.521610988573336,0,0.138460892067951,0,0.339928119358713,0.123527655144355,0.0956061028236339,0.0542634581707989,0.0333027433873013
0.508635656088011,0,0.102429145059125,0,0.388935198852864,0.0942489992440675,0.103931524101753,0.0261669723747374,0.00765337538795666
0.51304909952683,0,0.159175749506723,0,0.327775150966447,0.139470294796531,0.187295929762143,0.0700801008946705,0.0328186866264443
0.431204536442998,0,0.141293475222864,0,0.427501988334137,0.168768771323067,0.165240311007196,0.163626737077719,0.0362951804266841
0.555410779371755,0,0.161785509146391,0,0.282803711481854,0.153608982904506,0.191581415378287,0.0582971004665448,0.0187258534081388
0.514872106619239,0,0.0927992835630024,0,0.392328609817758,0,0.199219431690635,0.0299430815681501,0.0287936444598134
0.546523129728364,0,0.124477574786362,0,0.328999295485274,0,0.225333972425287,0.0415198576189983,0.0238394620759589
0.48281748318557,0,0.134761275424964,0,0.382421241389465,0.0229252771437292,0.0783010314577673,0.0714658357527047,0.0217635502670164
0.529393132875779,0,0.115155235700063,0,0.355451631424158,0.230053552182537,0.174730691447831,0.146552728818994,0.017577733085355
0.530503182181374,0,0.122330287778021,0,0.347166530040605,0.104601389101686,0.102225571212705,0.249428301345981,0.0409605880945436
0.46251907345287,0,0.154127682451024,0,0.383353244096106,0.185298745377864,0.17748679127251,0.113423234408809,0.00192919070098165
0.525788202495709,0,0.130911360827432,0,0.343300436676859,0.142079816156038,0.180309733479866,0.0313971111750136,0.00848786890315422
0.534406461546262,0,0.138016875287073,0,0.327576663166664,0.0649517351444139,0.09688896590198,0.111283852709247,0.0165311580347811
0.522757274738329,0,0.109876947704191,0,0.36736577755748,0.198198916385283,0.0706307081083334,0.0735786495618697,0.0153457792954922
0.531771361036055,0,0.136835356154182,0,0.331393282809763,0.23377879903498,0.237103504829211,0.16128787226123,0.0248268384683659
0.449077515712763,0,0.163796145583351,0,0.387126338703886,0.223750504677883,0.113765591389522,0.071260834200422,0.0226837832308128
0.532710102404817,0,0.0969529693236236,0,0.370336928271559,0.316968325018383,0.131388987831428,0.0237682019154273,0.0243201718944557
0.42320891907511,0,0.115331458546847,0,0.461459622378043,0.0412084282836155,0.182245114377985,0.00474773252109966,0.0201642127739075
0.470339528106712,0,0.135948589319338,0,0.39371188257395,0.192274621563884,0.252680514525499,0.114168304906386,0.0236335239840152
0.470808758251673,0,0.114697942150001,0,0.414493299598326,0.128500143835896,0.133407913517777,0.0648531989574757,0.0382009854947438
0.556953191211525,0,0.17914647069005,0,0.263900338098425,0.113655773774672,0.199754557493945,0.154512419115804,0.0343340747752692
0.596310018336709,0,0.0760041055134129,0,0.327685876149878,0.0251165511200287,0.104210654345496,0.18374526199825,0.0173783237456204
0.523838850739026,0,0.157562526831986,0,0.318598622428988,0.0385701552860027,0.118120697748239,0.152867924387292,0.0429609059714999
0.517747318420295,0,0.172531176140326,0,0.309721505439379,0.0257965013098672,0.179397791128319,0.0862396372418809,0.0441924556803129
0.416253422103344,0,0.136977597325589,0,0.446768980571068,0.124499300958112,0.162431669038304,0.0718459523300445,0.0339636355741309
0.43169486193137,0,0.166682399774321,0,0.40162273829431,0.244628551833015,0.104676850166123,0.0785418120776222,0.0287221790419695
0.500033849303223,0,0.146590088645648,0,0.353376062051129,0.0419590838536957,0.159506804671587,0.00834069153890123,0
0.457147270527475,0,0.147519856092456,0,0.395332873380069,0.026225448116471,0.155235681834819,0.0904911656104258,0.0467366605200064
0.471142110734178,0,0.118369504811004,0,0.410488384454817,0.0758287505252677,0.125875043402097,0.0175426738810473,0.0291200169094065
0.554238381833003,0,0.112016977557233,0,0.333744640609765,0.0613035977806688,0.144400963290653,0.121100872885835,0.0229031719212526
0.472844266840872,0,0.135276993052103,0,0.391878740107026,0,0.163802895923203,0.0621657787322325,0.0171419904666081
0.436473077491508,0,0.140304143903437,0,0.423222778605055,0.0654628913656796,0.0777899580698242,0.125974456438727,0.0284978637902889
0.508518669332582,0,0.146558661570949,0,0.344922669096469,0.0287038188210483,0.110005753994728,0.0673656815083273,0.027784720585133
0.511009299328093,0,0.116535894032593,0,0.372454806639315,0,0.157321245220017,0.0162719513959132,0.0317137798237083
0.453410593357905,0,0.159374850993849,0,0.387214555648246,0.0660918019988058,0.213055661556906,0.0518487595168287,0.028775111318739
0.443817310810631,0,0.193729239886906,0,0.362453449302463,0.159893002911094,0.101132665831928,0.0665803362660499,0.0333398208426161
0.430153264609333,0,0.145689865076007,0,0.42415687031466,0.0262378311082319,0.138770649313883,0.0488675639390277,0.016615780316596
0.535700458545908,0,0.184294357514593,0,0.280005183939499,0.152019040485918,0.191948648378629,0.0959955518856016,0.0359439995635608
0.532949276059593,0,0.129842585331691,0,0.337208138608716,0.134151350657033,0.225052734852773,0.142158301395541,0.0222693883262776
0.493339440939712,0,0.122779568517645,0,0.383880990542643,0.136115047008862,0.206273709493698,0.0078314920129037,0.0164706900923426
0.534341015378306,0,0.11386796662175,0,0.351791017999944,0.0538122546717408,0.15961741548903,0.180400065575736,0.0141237789120668
0.499983114258501,0,0.100386775934263,0,0.399630109807235,0.0888371757017414,0.123393310708903,0.0377068880319765,0.00537008478494605
0.471123831061415,0,0.113394949057129,0,0.415481219881455,0.0909332468487536,0.143474852192453,0.00822833889718494,0.0188554367936903
0.504994506502564,0,0.109462330939315,0,0.385543162558121,0.122689579602107,0.110866601012373,0.0187769318164625,0.0410898132246897
0.574649706908997,0,0.152934462963513,0,0.27241583012749,0.133850966740514,0.129151181989177,0.067662996502994,0.0215814538596712
0.48399345346026,0,0.1480185274176,0,0.36798801912214,0.152359794448232,0.113587142191929,0.0717261362170913,0.0293024600828765
0.478344862465426,0,0.0985211125850481,0,0.423134024949526,0.07772129833591,0.143489277601486,0.13406075521259,0.0178766209389226
0.509557079105891,0,0.129733592479779,0,0.36070932841433,0.5,0.119870624905227,0.0393712788486247,0.0251394067163209
0.413866577895973,0,0.158903516472097,0,0.42722990563193,0.150095560677346,0.133993638898572,0.167937837152223,0.0648823863782093
0.45870474181684,0,0.153380627539337,0,0.387914630643822,0.266920257145981,0.0660893584329423,0.110610205787736,0.0536575498170722
0.509010585949257,0,0.185603788203855,0,0.305385625846888,0.166398869215027,0.180468976730072,0.156802141571822,0.0445477352145776
0.448092964639497,0,0.157254903904276,0,0.394652131456228,0.138550880539966,0.213132508677005,0.127521361283241,0.0304388511648096
0.572130726202187,0,0.161127208190235,0,0.266742065607578,0.119100210819839,0.177706862192294,0.149818819112979,0.0720990472029148
0.479342497643819,0,0.122451038204657,0,0.398206464151523,0.0239701951302061,0.169036491728196,0.0670223320677951,0.0121887358953807
0.480602216361835,0,0.110046086072962,0,0.409351697565203,0.0891478612711492,0.0667279174543929,0.0859481140569399,0.00771564765967264
0.559486460918526,0,0.108525330656863,0,0.331988208424611,0.193031435449305,0.12624587386051,0.146304101885326,0.0261827035981801
0.547287020033575,0,0.162529721522692,0,0.290183258443733,0.0777999730581075,0.139216846847018,0.115925930157245,0.00330180095604408
0.504634016476552,0,0.119751114262804,0,0.375614869260644,0.095478907818539,0.106062086655547,0.153129516480648,0.0222996161935277
0.518845085673381,0,0.065885990326322,0,0.415268924000297,0.307105528054648,0.102026899983465,0.135760345667528,0.013259789375344
0.428710665553961,0,0.128107919087663,0,0.443181415358375,0.0497866443843811,0.217422091893947,0.214682807221789,0.0296214831046103
0.464755669142277,0,0.0939762984341332,0,0.44126803242359,0.113186325760689,0.0760365855567827,0.0870843785833782,0.00329993348378932
0.489199349357734,0,0.123570294840278,0,0.387230355801988,0.207767250768143,0.123518971586821,0.0733123268785616,0.0180793457777833
0.503302861362842,0,0.163204013546303,0,0.333493125090855,0.188976625104376,0.163242538595983,0.181314791915162,0.02761181508407
0.515557758532016,0,0.0951249927240893,0,0.389317248743895,0.0848107387998475,0.0384172055798511,0.0243172132905817,0.00950885395707718
0.486145606494541,0,0.146882080847413,0,0.366972312658046,0,0.220239550814531,0.138188360858825,0.0435526179779921
0.443737785508554,0,0.111043301865857,0,0.445218912625589,0.082197888358882,0.117126088406661,0.121984878357499,0.00282219062198685
0.567602469161667,0,0.0480164173295875,0,0.384381113508746,0,0.139831690900019,0.0949801234144129,0
0.55848184495198,0,0.124751826152316,0,0.316766328895704,0.0518230057068826,0.0982441215713097,0.169116661953219,0.0550307277999062
0.501961617603574,0,0.119225185837116,0,0.378813196559309,0.171320887322629,0.271194265607331,0.112759367836671,0.0204760643275402
0.536434218933633,0,0.108640162751908,0,0.354925618314459,0.0547847635732469,0.102740567245084,0.0914979168717442,0.0258259936311387
0.484263490498984,0,0.100834354207259,0,0.414902155293757,0.130912802090593,0.171514240454111,0.127164094565009,0.0582541126628135
0.459041376659795,0,0.1049468628552,0,0.436011760485006,0,0.114999296177975,0.0739866821426154,0.0116923037522348
0.496975730240895,0,0.213678602395464,0,0.28934566736364,0.221964359081063,0.231493640269236,0.0979553360506247,0.0616792608294539
0.494524301437572,0,0.109065624554105,0,0.396410074008323,0,0.105297243489569,0.0824821083366185,0.0207319073520968
0.494523914055898,0,0.108473773633487,0,0.397002312310616,0.00616370086928866,0.126183860759206,0.0573854722806439,0.0115679955039722
0.478550436435505,0,0.146463089103859,0,0.374986474460635,0.0899414441461223,0.166573325878552,0.118970070105407,0.046150918546743
0.512891522966458,0,0.128647510758697,0,0.358460966274845,0.0551520106264155,0.168919724739837,0.169414009359063,0.0183639817534592
0.508144657216695,0,0.130868580522119,0,0.360986762261186,0.114452776747421,0.237279534391714,0.101028939871731,0
0.492533801015139,0,0.125498135023766,0,0.381968063961096,0.178766756651372,0.204110576092438,0.0985400768376349,0.0285803497712728
0.417143512243382,0,0.152772213128356,0,0.430084274628262,0.144480937884475,0.0762784242508903,0.00719145639753248,0.0423729218094247
0.483593273969173,0,0.134392786150682,0,0.382013939880145,0.10899237925287,0.162467766893969,0.102297250759208,0.0303457949352408
0.511555369980102,0,0.120274552976368,0,0.368170077043529,0.158636669301055,0.193153250044707,0.118972101137674,0.0130718016502811
0.485112458056113,0,0.118449910425342,0,0.396437631518546,0.132562049524204,0.124968391427059,0.0640634677985017,0.0353051830704536
0.515261914811041,0,0.129255516132595,0,0.355482569056364,0.0746581189795306,0.10532693336561,0.115907485885449,0.0228128866890308
0.570938972291607,0,0.124326005379149,0,0.304735022329245,0,0.1833754747571,0.105148630424765,0.0495452792053576
0.459795934552174,0,0.151511538565926,0,0.3886925268819,0.0461730827250552,0.0785977039391284,0.102256014106755,0.00918146230013837
0.428608328612687,0,0.146062045698947,0,0.425329625688365,0.134579174831643,0.0968466294777731,0.00724078138952575,0.0133592928384137
0.550511259715734,0,0.0904450980023094,0,0.359043642281957,0.178587465756466,0.141667659074142,0.0592872604577068,0.0305124509881641
0.532266050301612,0,0.1722670560997,0,0.295466893598688,0.186801210400845,0.193672157267616,0.0163496900547032,0.0191679980539569
0.458266301672603,0,0.109843821201724,0,0.431889877125673,0.0220598141207806,0.125202280032609,0.0940158453848365,0.022021651456637
0.4526139816693,0,0.132706480581711,0,0.41467953774899,0.141700788240549,0.140746228101764,0.0494184259243302,0.00287385456373669
0.521630761928063,0,0.147405360998842,0,0.330963877073094,0.195692921940807,0.134345367976145,0.0783393065979945,0.0632596569202224
0.431771825656298,0,0.167742416337121,0,0.400485758006581,0.0998541051442184,0.138624287876126,0.0922128217524723,0.0513430041292337
0.552507920049793,0,0.131351248388621,0,0.316140831561586,0.0538212391960563,0.0858439054676251,0.149138490177702,0.0186421158887102
0.438961466750105,0,0.175256161652392,0,0.385782371597503,0.094832037374343,0.0642156584544697,0.0206480782962295,0.0358065653798917
0.52736585543597,0,0.152734310909014,0,0.319899833655016,0.0165101754068328,0.180112959571561,0.163108216176099,0.0357564478916298
0.518272412369149,0,0.153944109480825,0,0.327783478150026,0.12338052035618,0.191152418721925,0.0924471015496599,0.0212053257276288
0.538624005543605,0,0.0971741957325661,0,0.364201798723829,0.0448629665962371,0.100504070742535,0.0376043459282143,0.0160104643302599
0.570013273090929,0,0.0960520024983337,0,0.333934724410737,0.090369569193189,0.131214021937529,0.112744677615991,0.0380394013446986
0.44232550659485,0,0.124419905655643,0,0.433254587749507,0,0.0413555779756643,0.049684398711246,0.0293397351968172
0.519350699262123,0,0.109311508406768,0,0.371337792331109,0.101222225487115,0.134083776012059,0.0365678475711484,0.0405361564865167
0.526112678110936,0,0.173843314128979,0,0.300044007760085,0.148729325181863,0.23864029227559,0.0512860206560082,0.0367183852847383
0.524190193855917,0,0.109226042979864,0,0.366583763164219,0.0805211494642056,0.0984869828775043,0.104423708956369,0.0341874793704405
0.517771445710782,0,0.151848708160457,0,0.33037984612876,0.111636293270771,0.116623484306712,0.0415953164405582,0.0382114710305408
0.566449183332464,0,0.10901986507022,0,0.324530951597316,0.0577808354119423,0.150319143137892,0.114938004974605,0.0034460480975358
0.550633459880231,0,0.132527154186751,0,0.316839385933018,0.0784851314823008,0.188830118740647,0.0524205432959559,0.0191158735855908
0.522293865722942,0,0.159705102352714,0,0.318001031924344,0.148067671016017,0.111053480553146,0.0571840547157279,0.0159942973085815
0.599883941629882,0,0.115848889216186,0,0.284267169153932,0.143600747030006,0.121209438256462,0.0683994974372023,0.0387255904185527
0.492224287257494,0,0.11298883136088,0,0.394786881381626,0.0927316386465285,0.0989222498340215,0.116977090635758,0.0385103297130991
0.55461481517305,0,0.111305626732008,0,0.334079558094942,0.14432156755452,0.233445261791674,0.200238834847789,0.0215727467720882
0.550590671562112,0,0.128812727036605,0,0.320596601401283,0.216677603128811,0.100386888603513,0.184176761043767,0.0246776738070353
0.562742162722068,0,0.0765722744098319,0,0.3606855628681,0,0.0744851747012869,0.13331904660429,0.0106652200616199
0.48634695980227,0,0.0670201386386237,0,0.446632901559106,0.166937838118887,0.0824702476047976,0.00802061009515999,0.0314667319987695
0.570737781122707,0,0.141428881474683,0,0.28783333740261,0.0121854891448317,0.156453689614341,0.0501429858300786,0.0416533059970137
0.564372589932012,0,0.139632841383899,0,0.295994568684089,0.0290779344046673,0.121882942282813,0.100898137958615,0.0313494896671376
0.477348289816607,0,0.119802534830817,0,0.402849175352575,0.0276009230675674,0.143685904306881,0.0577124569455276,0.0304064680928764
0.495491755500137,0,0.133205013871932,0,0.371303230627931,0.0653681133288461,0.13622986454354,0.0803202170003213,0.00963504132138363
0.460602716185073,0,0.107795195757659,0,0.431602088057268,0.0292909649052588,0.29025788199882,0.113798479732755,0.0598425191911965
0.532027533815095,0,0.0935015071828172,0,0.374470959002088,0,0.0972344395126039,0.0840465504616455,0.0223155096274873
0.4284236416468,0,0.112052766143212,0,0.459523592209988,0.0374905613953361,0.12475774385162,0.059864304915389,0.0112834834126213
0.5152557398455,0,0.14096438226208,0,0.34377987789242,0.0908624237246146,0.0915276525987279,0.142598057963672,0.0381145557373426
0.54137670270873,0,0.122786380270063,0,0.335836917021206,0.268130683691757,0.0712427757476728,0.0809154937543815,0.02029376602081
0.514748161318251,0,0.16808216988488,0,0.317169668796868,0.24763208325373,0.153519432068804,0.0906996754862551,0.0249888608931055
0.517482792932644,0,0.087738803175741,0,0.394778403891615,0,0.232331462394297,0.201442220675279,0.0144554312188984
0.469271488901139,0,0.149286568670889,0,0.381441942427972,0.051791679774604,0.0645748493097463,0.142616205466189,0.0265376208863742
0.522868093772411,0,0.127911007286979,0,0.34922089894061,0.0462544437612821,0.173470960624143,0.100887625325989,0.0115117016285552
0.570092935357265,0,0.0743723722768265,0,0.355534692365909,0,0.119470209648428,0.0684727539456315,0
0.442292863713093,0,0.131875912327842,0,0.425831223959065,0.130124757359861,0.143775628330593,0.160005725226138,0.0263696756480552
0.546046851252904,0,0.12559965768871,0,0.328353491058386,0.200577424084167,0.201058023582523,0.0438936693239103,0.0229259369354014
0.461423639197778,0,0.0968546790964039,0,0.441721681705818,0.119329042536119,0.07902609031387,0.222369735809952,0.00756155920067631
0.497931236531082,0,0.103200731084384,0,0.398868032384535,0,0.126585642394751,0.0913569571673308,0.0016001620029906
0.514559772290211,0,0.138782899763278,0,0.346657327946512,0,0.0871843485230889,0.104811696049836,0.0161336952407566
0.416434805444546,0,0.142083478386006,0,0.441481716169448,0.0994093823382976,0.129771983329116,0.0539555591412417,0.0240895616627593
0.489621642000981,0,0.117739819479218,0,0.392638538519801,0.138048999138835,0.146822474374524,0.0639188606285017,0.0122951735650908
0.513545256979002,0,0.0667660501735964,0,0.419688692847401,0,0.145328716422696,0.122612689549141,0.0154057350830171
0.437644789941396,0,0.142306930905543,0,0.420048279153062,0.130084040615534,0.178117618249378,0.0320849655131908,0.0051426566566272
0.483588141977334,0,0.119122832345386,0,0.397289025677281,0.0508303498130394,0.0546695664361437,0.133037362588694,0.0153386535768859
0.475012452221261,0,0.133182545223594,0,0.391805002555145,0.0541382884457421,0.205252339906628,0.116804275469628,0.0355536061532139
0.527857875000895,0,0.156959690961766,0,0.315182434037339,0.0856157203484971,0.121420384298984,0.131662384055363,0.050239335279488
0.522473324826419,0,0.113957277517348,0,0.363569397656233,0.0394133411927278,0.162434003298306,0.0707385131206713,0.0659592603677668
0.517306873614881,0,0.174469280686512,0,0.308223845698607,0.130128994910592,0.162046493343311,0.0372670227589651,0.0272641316344147
0.451014562772505,0,0.0849017394793495,0,0.464083697748145,0.00177772264177282,0.148135976274371,0.115611862879215,0.0113702608548382
0.589258087799368,0,0.121053507964568,0,0.289688404236063,0.0482171811586355,0.199203971286468,0.0550746672911625,0.019129851115657
0.47582081281182,0,0.0870368900118215,0,0.437142297176359,0.182779382897372,0.145443461408015,0.132089375934339,0.00871698316885628
0.447932358059509,0,0.147084560635663,0,0.404983081304828,0.0937282442297865,0.170475672004635,0.0499225879311156,0.00932300789650218
0.473661206149702,0,0.133887628324991,0,0.392451165525307,0.0872052439327424,0.159062259776107,0.109953417246484,0.0209557620443106
0.526418632039916,0,0.0769119760873259,0,0.396669391872759,0.00970283519171744,0.21737301339377,0.0744130556860317,0.0176219881459243
0.530145954621275,0,0.0808951013391701,0,0.388958944039555,0,0.1499041750612,0.0687464766604069,0.0195416515286943
0.471078820217027,0,0.135459995178284,0,0.393461184604689,0.130327272351761,0.0850954179728098,0.077379018688718,0.0339728688406646
0.534983303341885,0,0.099772269152153,0,0.365244427505962,0,0.171244564332683,0.052241324752166,0.0255031449602442
0.492694799474462,0,0.148267611000329,0,0.359037589525209,0.0130547801547443,0.221080846787649,0.10402635097082,0.0208521993138002
0.584237442127186,0,0.0591266504508046,0,0.356635907422009,0.0102855775769674,0.189308217069426,0.119917591036379,0.00487095121477637
0.525984208415081,0,0.0965638986037679,0,0.377451892981151,0.325387827138302,0.0793270649526609,0.0215043191307381,0.0129054109499316
0.555994155310739,0,0.0882138949666897,0,0.355791949722572,0.0514490380772943,0.135086512990314,0.172866533718705,0.0303845897795791
0.544918607276704,0,0.115016128439565,0,0.340065264283731,0.116291181318794,0.188099064624859,0.0864102903582024,0.0146181836802142
0.45060869587001,0,0.137289007572615,0,0.412102296557375,0.0130161539326818,0.090619415604616,0.106650922769576,0.0322380535650691
0.526603917558549,0,0.0825398534020246,0,0.390856229039426,0.0204637957126718,0.104888207253345,0,0.00804825835003611
0.509456651422269,0,0.0972255240696578,0,0.393317824508073,0.0206541216717657,0.185449673473775,0.0103602915130974,0.0196811371347681
0.520246325505795,0,0.0774427574625701,0,0.402310917031635,0,0.159304936606592,0.0815354471130685,0.0235290865996999
0.5550073044591,0,0.0791957230615715,0,0.365796972479328,0.0446590932403037,0.145487798871269,0.103460347729409,0.0128799011138033
0.498931450231963,0,0.153031845884344,0,0.348036703883693,0.20516877270053,0.159729275049523,0.105819197717303,0.0575962902926118
0.485164194830195,0,0.0972983396398183,0,0.417537465529986,0,0.198527157923932,0.00980315657258389,0.0220197933284767
0.530930719371696,0,0.145463138785639,0,0.323606141842665,0.105132709222151,0.189402692710587,0.0523373564311584,0.0352324622709251
0.513078035074378,0,0.154386079654257,0,0.332535885271364,0.148068893768428,0.114628475151317,0.0478977787933328,0.0526188660178847
0.507285089484964,0,0.130601333481781,0,0.362113577033255,0.320981785306635,0.058542669397795,0.0658953261509636,0.0175475269172035
0.539017136332362,0,0.113914699535679,0,0.347068164131959,0.239699275789432,0.150403679402806,0.114096181733677,0.037233503917877
0.550661901936535,0,0.131921844327284,0,0.317416253736181,0.096196491119404,0.189335764330144,0.144586024358839,0.0280612259338724
0.583131428029435,0,0.114165312486701,0,0.302703259483864,0.402258994117825,0.0865361177200385,0.225977374686947,0.0238506866731676
0.576415331210955,0,0.118543497496304,0,0.305041171292741,0.232438342495369,0.0905426611057744,0.222551213387009,0.00732231586955558
0.52321712570714,0,0.132052414499515,0,0.344730459793346,0.137405445780883,0.153919480912233,0.072465411923079,0.0196080839733421
0.558890907913216,0,0.122506940467239,0,0.318602151619545,0.068346702779463,0.145792907155025,0.143781283144927,0.0399811472264252
0.479275852990002,0,0.127933506829598,0,0.3927906401804,0.0719209543229455,0.0995692361341535,0.163691073574109,0.0169481033803516
0.538184189027984,0,0.124487542465128,0,0.337328268506888,0.0838869604148632,0.181506533735499,0.257442715583861,0.0137696863117784
0.52533094218569,0,0.143839989361402,0,0.330829068452908,0.0337978765939851,0.0986327123573736,0.127469655328317,0.0360701729697615
0.462039009750323,0,0.135264373079108,0,0.402696617170569,0.308657340707739,0.179722900385901,0.0458242920658626,0.0383006552522045
0.431811575032128,0,0.118926285714685,0,0.449262139253187,0,0.11158758795163,0.0914506572013034,0.0347395712280671
0.423609763463637,0,0.132325458843472,0,0.444064777692891,0.0900742115844953,0.153907388891564,0.0387212162473741,0.0509106164492594
0.51892766150616,0,0.155001468847895,0,0.326070869645945,0.162289017857275,0.12620554405297,0.120852802367558,0.0398823442744234
0.456279945493138,0,0.131414660997672,0,0.41230539350919,0.0914826413871656,0.117337862607284,0.117170681125541,0.00976063660384481
0.485039746485286,0,0.0922938983456257,0,0.422666355169088,0.115584680974545,0.0968371578832131,0.0873049374991095,0.0246771761917618
0.462160970062056,0,0.0888931124953613,0,0.448945917442583,0,0.132445113171774,0.0858254907825918,0.0161850565149899
0.492303436421965,0,0.137245961292187,0,0.370450602285848,0.163269559552808,0.0940194061500579,0.135426121899836,0.0346178680305359
0.498276971441607,0,0.174610367942759,0,0.327112660615633,0.000960408702076241,0.108628806922585,0.164878863950232,0.0452511582589463
0.484806308860652,0,0.107003714295881,0,0.408189976843467,0.0697290602087167,0.0338995077927183,0.0864235725290828,0.0220630013045488
0.55831689248626,0,0.0804907063363801,0,0.361192401177359,0.109740361019251,0.225596987232316,0.135427896810073,0.00729220380731602
0.494838591670312,0,0.0809892362529742,0,0.424172172076714,0.153387557976652,0.078231148047143,0.0520573536640677,0.0111046339010438
0.510085514457779,0,0.154898263771385,0,0.335016221770835,0.122683351608782,0.126460016110372,0.152849116397189,0.0311720739071724
0.473770558019626,0,0.11693359950963,0,0.409295842470744,0.0811724073155748,0.129216464018776,0.128410014494877,0.0190311171470142
0.544076457359442,0,0.0785521694450109,0,0.377371373195547,0.246689766832074,0.0615089773811903,0.0691893046907374,0.0192219266990923
0.462389171113334,0,0.142676045741736,0,0.39493478314493,0.130184952131803,0.125395826753543,0.0251126005545853,0.0363817919813917
0.494026167092459,0,0.123553040177207,0,0.382420792730334,0.117069768104653,0.120091455239046,0.0260012233729119,0.00289176882934002
0.46851960979982,0,0.0948719178720365,0,0.436608472328144,0.0410847051356907,0.0838916102545616,0.0306452316160908,0.0127878627012671
0.485583752703907,0,0.135043175129666,0,0.379373072166428,0.0363148985820848,0.0837899547326027,0.135884892424818,0.0185823497145525
0.52106815888739,0,0.125753340406987,0,0.353178500705623,0.0152211539824044,0.0724286134849327,0.0984507845107553,0.0169574462460233
0.420958942908055,0,0.194740827781374,0,0.384300229310571,0.156700894170396,0.132426583747996,0.0202273456312992,0.0316748712569092
0.501796096519797,0,0.117251061441748,0,0.380952842038455,0.298693198157532,0.075034873221796,0.150516523375187,0.0303327830022841
0.471662652693199,0,0.126732357682512,0,0.40160498962429,0.00940573374695959,0.287365271844723,0.149305501678657,0.0412192730166896
0.471263991831632,0,0.143130731397324,0,0.385605276771044,0.0973170365324013,0.0989464232888671,0.039203090194546,0.0160112963507039
0.507898060830715,0,0.121404569241662,0,0.370697369927624,0.0819227104508342,0.123573079324156,0.0818035620506793,0.00566276884391112
0.48622706348575,0,0.174616325422084,0,0.339156611092166,0.0868698085126377,0.159910646575185,0.114573674790178,0.0261364954420196
0.507578108323505,0,0.157246810373956,0,0.33517508130254,0.0661780587491066,0.180592456675029,0.0251808065317145,0.0280954336261649
0.503927715724934,0,0.152644948595034,0,0.343427335680033,0.145873410747167,0.124672001970372,0.063593621313838,0.0286744909474982
0.467346176448132,0,0.125474221820828,0,0.40717960173104,0.243222987668443,0.162243601613856,0.0464196008820302,0.00430649054906568
0.526009823224432,0,0.0912661744945641,0,0.382724002281004,0.155608548468361,0.126993015932693,0.0999420548381354,0.0138009544153033
0.524443354300213,0,0.112194725314747,0,0.363361920385039,0.0201317418843846,0.218195348548079,0.145857106655304,0.0113253960129045
0.550867791710478,0,0.0993647112681696,0,0.349767497021352,0.0989698492652756,0.090547991281147,0.124995054704426,0.016948044897997
0.504016928528875,0,0.131626026302917,0,0.364357045168208,0.156078574626265,0.189744418404457,0.00560001987547721,0.0505146998031062
0.538515375185895,0,0.104439051716896,0,0.357045573097209,0,0.0711039896873115,0.0573767812331286,0.00792822277217656
0.506400917111563,0,0.134358169543872,0,0.359240913344565,0.163677971610547,0.0998202718180922,0.159246721708122,0.0210739483040906
0.46276509882176,0,0.167488810351953,0,0.369746090826287,0.242721396578401,0.177141868520645,0.0817202244835221,0.0378337037229118
0.48627303189823,0,0.0767914481265372,0,0.436935519975233,0.203491849529897,0.161945126597576,0.0679987786223623,0.00168746009482635
0.545600825690044,0,0.0808664488652888,0,0.373532725444667,0,0.134253167473919,0.0652582241738993,0.0109901877456883
0.617278249233063,0,0.103836853588027,0,0.278884897178911,0.0118456074476488,0.152648464838737,0.0885214398456821,0.0262372885878251
0.48355855532445,0,0.0932201143188984,0,0.423221330356651,0.247806547510989,0.116942700783074,0.0777028349034065,0.0289003360617887
0.553679885333168,0,0.144748859260153,0,0.30157125540668,0.192084759612407,0.180779383501438,0.0573672492359641,0.0272752669813362
0.458479539545863,0,0.111537240704703,0,0.429983219749434,0,0.169113634488755,0.142191492134422,0.023749402802256
0.524055223888633,0,0.106265090401379,0,0.369679685709988,0.19357542627557,0.206927612872599,0.127731206757025,0.0535987991360081
0.531322120622248,0,0.0751422428292279,0,0.393535636548524,0.189064841114683,0.133942987602129,0.0907007061968011,0
0.555278466369236,0,0.131367017935972,0,0.313354515694792,0.0428940633845698,0.151091550690244,0.11477562175737,0.019051954867208
0.513027119092731,0,0.076199289599492,0,0.410773591307778,0.0360465755305322,0.105201526335006,0.124154547892161,0.00464281314755497
0.500898535940063,0,0.16005315870792,0,0.339048305352017,0.190777680234837,0.181111706287281,0.0496799944436945,0.0208934707691657
0.414632507098259,0,0.190808594604315,0,0.394558898297426,0.144304091302901,0.10180452655881,0.170408841084872,0.0318998688795727
0.437817630995871,0,0.126062622855917,0,0.436119746148212,0.140900973229436,0.18164073697107,0.0594001056930488,0.0118960425230186
0.457428224871701,0,0.187266040345063,0,0.355305734783236,0.113208845841646,0.156817589753155,0.168817376506155,0.0334237863107131
0.430132796379633,0,0.128019849963952,0,0.441847353656415,0,0.13903984804597,0.0953772438008277,0.0169973458204932
0.544754519509387,0,0.163563253721404,0,0.291682226769209,0.0592109503793318,0.0771643498793314,0.138840772941122,0.0246770844572971
0.547871552931276,0,0.088735219973237,0,0.363393227095487,0,0.134436845558605,0.093427276987011,0.0190167222970383
0.47817783710044,0,0.160406540460253,0,0.361415622439307,0.199924064197982,0.186354160571745,0.131279641342019,0.0468602908458422
0.435075338716206,0,0.193380359664578,0,0.371544301619215,0.0854339685087198,0.148659438261845,0.11147962525311,0.0192526710507459
0.572918852213291,0,0.133860789048474,0,0.293220358738235,0.022225701015094,0.195600686249303,0.0559870225480297,0.064388432141176
0.492152167000019,0,0.173727960317874,0,0.334119872682107,0.197567744635086,0.179642558021797,0.0695400684069954,0.0241455629060197
0.499414086377905,0,0.107713614115112,0,0.392872299506983,0.132070782617493,0.267283896947867,0.0108599208682865,0.00775723995501843
0.548431455085975,0,0.124251728153344,0,0.327316816760681,0.0350438782611248,0.166091318648455,0.0774861371829917,0.026169305269151
0.476421113166918,0,0.142576600731577,0,0.381002286101505,0.0415313341699524,0.105932551174752,0.115857149090091,0.0250696712196598
0.499137719211111,0,0.129928999454023,0,0.370933281334866,0.265764829627025,0.184463201419887,0.00776570409112237,0.0274454787236976
0.501370861620372,0,0.119576528671273,0,0.379052609708355,0.0768917252651984,0.122547575973537,0.0640999179629279,0.0398322418389487
0.459444186344743,0,0.156881802637629,0,0.383674011017628,0,0.0679996408763063,0.11839593113013,0.0267695219759477
0.521691057343511,0,0.0885641312993644,0,0.389744811357124,0.0484032209989214,0.209116479897809,0.0558088060005539,0.0155746187633612
0.519203624713377,0,0.123745719342101,0,0.357050655944522,0.0712449285052462,0.112510110427828,0.081206936462406,0.015575604032995
0.43621578123361,0,0.212230804849059,0,0.351553413917331,0.0572129268546385,0.262670013022085,0.0395386533097649,0.0163415181202677
0.505026592831541,0,0.153151914374621,0,0.341821492793838,0.135054582429388,0.270012288280441,0.172549349824059,0.0375543011603966
0.597298551454413,0,0.0904775978919621,0,0.312223850653625,0.185074433147965,0.145618237471433,0.11257612244935,0.0318747550812162
0.517983434068749,0,0.121500104861044,0,0.360516461070207,0.130939345643773,0.214205412354396,0,0.0159636302007434
0.505760331255115,0,0.162452469379455,0,0.331787199365431,0.343827465680667,0.212432913404922,0.0586367161510777,0.0657652697761029
0.407781815842114,0,0.176727881600829,0,0.415490302557056,0.0749725320895023,0.260927631268816,0.0469623403172436,0.0293060039225133
0.484753618425498,0,0.192045807985067,0,0.323200573589435,0.163811288955635,0.283190520865273,0.0488514070639948,0.0562918770185527
0.455872411099082,0,0.156319356837945,0,0.387808232062972,0.111131207371451,0.20645881260418,0.0089718306498612,0.0219717628796611
0.52028402140705,0,0.122536407500313,0,0.357179571092637,0.101914705565839,0.184520907135483,0.0725903288594657,0.00452230304293144
0.5197937564826,0,0.100000302418812,0,0.380205941098588,0,0.0913287155752098,0.126538753160762,0.0291501650477052
0.587306345094676,0,0.107904683897608,0,0.304788971007716,0.0511451332616504,0.187625046953893,0.130503316683899,0.0288302843589387
0.453921081568984,0,0.107312481134267,0,0.438766437296749,0.201876067942792,0.107232843030517,0.0603461900767226,0.0229500248475929
0.436831485486485,0,0.182839760481437,0,0.380328754032078,0.186525778980115,0.205284669599079,0.08359607789497,0.0124286893766083
0.463832720813148,0,0.164166231580555,0,0.372001047606297,0.132698220818691,0.0703993266246021,0.0645126996097317,0.0242006366111286
0.4908654742018,0,0.118325329847257,0,0.390809195950942,0,0.132327029492232,0.117375986386505,0.0275054629715925
0.489888848190975,0,0.120632724147532,0,0.389478427661493,0.0858934598758673,0.18011613712974,0.161058026709716,0.0164080903633163
0.427666735165244,0,0.134982548823752,0,0.437350716011004,0.117252268896084,0.138017467705729,0.106870759413676,0.00550960099413701
0.53984911384515,0,0.171969858514632,0,0.288181027640218,0,0.21713962614295,0.0981751735422172,0.0386952377314876
0.52388691289046,0,0.0909891696347414,0,0.385123917474799,0.0105670408863109,0.200406639910559,0.135831149431145,0.00630209810284449
0.500722913925054,0,0.111992194797571,0,0.387284891277375,0,0.133878120019474,0.0177744060550705,0
0.538137678705549,0,0.227657848218358,0,0.234204473076093,0.169186000340675,0.291908927261354,0.0757749301873995,0.0318246400051061
0.561873253734559,0,0.0781400273081543,0,0.359986718957287,0,0.139985051988925,0.122090439475823,0.00195041543415538
0.442662707361295,0,0.13598421501995,0,0.421353077618755,0.0534390877822409,0.143344869359036,0.0586466732717389,0.00944235329603207
0.451280669674229,0,0.159613129515492,0,0.38910620081028,0.490586567436872,0.115277805398748,0.0905978586688206,0.0709702002016894
0.539919166312805,0,0.173082922476471,0,0.286997911210724,0.0991140468659233,0.193633353762401,0.0890029449631507,0.0259918702891025
0.462443244244918,0,0.125526416677943,0,0.412030339077139,0.143973030279351,0.14331719659652,0.05250469883705,0.0157814541785036
0.513817255078108,0,0.103776557897355,0,0.382406187024536,0,0.140824255026974,0.0936010483409638,0.0246522630709564
0.519610663891963,0,0.121011613557243,0,0.359377722550794,0,0.14456090816413,0.115422993825795,0
0.470545142950499,0,0.189470986156293,0,0.339983870893208,0.5,0.14671400292669,0.173355369056038,0.0526315989611567
0.48886522388023,0,0.147943916437042,0,0.363190859682728,0.00106404472318729,0.109284343365134,0.0830171747404491,0.063767831832086
0.52047880849872,0,0.101770975572804,0,0.377750215928476,0.0853477886555777,0.119328048998458,0.168709672935963,0.0184793431232579
0.529073019765809,0,0.0784640512602553,0,0.392462928973936,0.0836343821480584,0.138181743390032,0.0855641786388663,0.0098268148028959
0.405949923044496,0,0.193677307101381,0,0.400372769854123,0.165620474132331,0.125254978750687,0.123323603859854,0.011749435196338
0.5877568801565,0,0.109214504810421,0,0.303028615033078,0.175673991333634,0.15009245414797,0.0112770322104783,0.0128986553940801
0.572717863223458,0,0.0710674214541724,0,0.35621471532237,0.0214322128849462,0.0801705929098545,0.067992615790717,0.0078102989470656
0.537540344987317,0,0.128164292466926,0,0.334295362545756,0.0550926560197638,0.117866447396843,0.097320969868047,0.0194976321430461
0.556840449403902,0,0.109650578381739,0,0.333508972214359,0.018946938465638,0.16770057220549,0.217533053357511,0.0383999516348218
0.388176096107092,0,0.113241925124281,0,0.498581978768627,0.104316829728798,0.126104302875188,0.263896775628118,0.0083038884301518
0.551689545136232,0,0.136290424738788,0,0.31202003012498,0.123052268748064,0.236809853047415,0.138303576662179,0.0237377514898581
0.546452418824154,0,0.0779166000258244,0,0.375630981150022,0.0128416567841908,0.133609171765507,0.0616642837519056,0.0360532575707771
0.464403696766442,0,0.165938251827509,0,0.369658051406048,0.310395239223603,0.123453194403815,0.106711092242435,0.0143344132201637
0.494646274492337,0,0.114019945759432,0,0.391333779748231,0.00351741860200228,0.105230108109206,0.124133130230685,0.0234934133267179
0.5154675214468,0,0.17132200435067,0,0.313210474202529,0.277161431730585,0.219929562989403,0.157275407322547,0.0223466732542185
0.529608936989653,0,0.109679888078624,0,0.360711174931723,0.0072376445000615,0.1103621613114,0.136779838068941,0.0525983809289185
0.494832289474147,0,0.095075572484013,0,0.41009213804184,0.157420913282404,0.073123798779707,0.0721855998465074,0.0270479128892548
0.51109594012615,0,0.0945548840479298,0,0.39434917582592,0.0595919748594331,0.158373570820711,0.0909220828754677,0.00457260360557569
0.528451338009114,0,0.0963497785146131,0,0.375198883476273,0.0657929630160809,0.137801171203364,0.138709545073682,0.0192326707028888
0.455074110396614,0,0.156609845616,0,0.388316043987386,0.168285391194508,0.137149986847939,0.0615792458864288,0.0350163071482559
0.468802120600474,0,0.109101807604449,0,0.422096071795077,0.182687500622274,0.267695966985536,0.0421963304674387,0.0218600975936984
0.578989339473989,0,0.122020337913854,0,0.298990322612157,0.076641751412315,0.164537923550666,0.106485153655265,0.0173467543910043
0.475318287534672,0,0.201006780744725,0,0.323674931720603,0.0891105320635202,0.18452978352656,0.135603979916863,0.0124843840540228
0.496714930880389,0,0.0891054801429359,0,0.414179588976675,0.0262242308051124,0.185407274281873,0.213455517648158,0.0449444315201597
0.529532099271564,0,0.0623854434903801,0,0.408082457238055,0,0.15682495985273,0.0718115704535824,0
0.478622560488375,0,0.199031750495563,0,0.322345689016062,0.23972767152398,0.138153689836041,0.185230231154001,0.0274556912820271
0.519360487879117,0,0.115067123144808,0,0.365572388976074,0.122586119314294,0.150404744910476,0.129835448824178,0.0582394589093383
0.443642404316067,0,0.121506758563514,0,0.434850837120418,0.132465868180439,0.170961560357835,0.0543485229765559,0.0243754758848637
0.482501648704528,0,0.147845777707831,0,0.369652573587641,0.196576118082345,0.120134078273722,0.0769237641512572,0.00752414572789619
0.4999360402898,0,0.127317025206537,0,0.372746934503663,0.214619139403385,0.0985396080559411,0.0874940563485583,0.0132824088801236
0.412884052654062,0,0.103908398704456,0,0.483207548641482,0,0.139402422753949,0.0871785142559997,0.0161342238114195
0.468703313836406,0,0.17235391262925,0,0.358942773534344,0.177822168608976,0.11238840173222,0.108821609506452,0.0235761326317445
0.45779194142008,0,0.152229554216038,0,0.389978504363882,0,0.0319343790059124,0.0614959093103574,0.0595844506233192
0.501042388688541,0,0.11991698026677,0,0.379040631044689,0.17344123875458,0.134016557323307,0.0568871015222418,0.0195455501817931
0.491512899244441,0,0.154640117405523,0,0.353846983350037,0.0814305396809244,0.224384089762865,0.162720661607903,0.0125843982222165
0.537120101022654,0,0.125590037693369,0,0.337289861283976,0.0362857613202734,0.0748060689352956,0.136758295859433,0.0461454987603665
0.444232708846482,0,0.129272396299973,0,0.426494894853545,0.105731708454349,0.0880483236864557,0.079853542262633,0.0334658598387266
0.471858404175458,0,0.130227298906668,0,0.397914296917874,0.0010468970851426,0.190765627075693,0.0885586243650078,0.0393967990734337
0.470372787488894,0,0.145972930809292,0,0.383654281701815,0.213735684944301,0.154369677598651,0.043212939392533,0.0196939390689197
0.397190430493319,0,0.153126390740631,0,0.44968317876605,0.23177082913747,0.0539222376867521,0.145874228940558,0.0112197532281726
0.468738581583051,0,0.179972598349987,0,0.351288820066962,0,0.0763079070740721,0.0711650163364211,0.0184162920259145
0.371184075902569,0,0.190120690440575,0,0.438695233656856,0.153830019463918,0.129452600020387,0.0176274122787596,0.031359959015401
0.46766147090578,0,0.13983021277285,0,0.39250831632137,0.236231075623618,0.0669905874280998,0.0820394521701271,0.0127308167294971
0.48768222610191,0,0.096769694981001,0,0.415548078917089,0.037793387175681,0.107634947253483,0.131661016326673,0.00483470572030486
0.452986998727991,0,0.174372081653703,0,0.372640919618306,0.240832022078475,0.0710886350777558,0.0660203760053389,0.00733355393352456
0.540853425539119,0,0.117039333539954,0,0.342107240920927,0.153658051128833,0.149321559397546,0.0499778696906159,0.0308434512541676
0.479524045826027,0,0.111216132700611,0,0.409259821473362,0.103182857492712,0.167375434305776,0.057416466536347,0.0182250429149579
0.531327858678868,0,0.107492802565913,0,0.361179338755219,0,0.0957707509782786,0.0715858661363019,0.0257034127284739
0.517193169985136,0,0.107316926275132,0,0.375489903739733,0.0495673541861988,0.16432098491663,0.14230008578845,0.0122500517809452
0.530994118059576,0,0.072693837872587,0,0.396312044067837,0.0705908902360266,0.139518647585478,0,0.00576113634000395
0.488675256583181,0,0.0781552709337515,0,0.433169472483068,0.107563677219895,0.165276947554736,0.0374844909010717,0.0125746973829841
0.496815730724938,0,0.184995952554191,0,0.318188316720871,0.186460346475839,0.142791217137356,0.113102332401345,0.0411884627787193
0.56483121334238,0,0.0813102573577237,0,0.353858529299896,0,0.10207319218761,0.0774685921141523,0.0317768018970968
0.565200543951672,0,0.101980308187361,0,0.332819147860967,0,0.105637420903645,0.129462362478549,0.0437165928515311
0.520644461691612,0,0.15701295587806,0,0.322342582430328,0.153813821600794,0.0798969634366223,0.145169130714901,0.0256462542875181
0.505944866809627,0,0.11285489133422,0,0.381200241856153,0.111877038184945,0.136156219389079,0.0770188009506383,0.015566298554923
0.513818706441794,0,0.142635469599809,0,0.343545823958398,0.0428422060857749,0.159798962812892,0.111739224133664,0.0274470988923338
0.506371996636269,0,0.0888919142958016,0,0.404736089067929,0.0880745257551534,0.10002501502104,0.0743274554444145,0.0187652538910476
0.462397812004713,0,0.116367335971859,0,0.421234852023429,0.011691752130158,0.107081244503167,0.114969863093182,0.0226240349386441
0.453356358930357,0,0.122747710393323,0,0.42389593067632,0.0238428148582189,0.131984615381121,0.150599301826789,0
0.476394850049866,0,0.123711642767805,0,0.399893507182329,0.219496395717806,0.212115635618569,0.0302330269965369,0.0121771442174607
0.614185455511059,0,0.0921174258716967,0,0.293697118617244,0.190707222881058,0.116428035373474,0.066185265584002,0.0226836503813466
0.554099685797087,0,0.0990077363950624,0,0.346892577807851,0.123439153921707,0.16658864291879,0.223383123017353,0.0371408506456776
0.496552716138234,0,0.154264865128171,0,0.349182418733595,0.0261718301916847,0.217386059333616,0.0762542204304643,0.0189631383985969
0.517030245160179,0,0.176810720533926,0,0.306159034305895,0.209709292914684,0.14563756449177,0.0787416079099018,0.0291435192826462
0.542431592355286,0,0.123867316452559,0,0.333701091192155,0.033838079903799,0.0713308083637995,0.117141206769386,0.0121153284096116
0.584436192958073,0,0.105382285939876,0,0.310181521102051,0.125594874410746,0.205951536562215,0.175522225768142,0.0513585494829992
0.550922299335016,0,0.119739389105332,0,0.329338311559652,0.0194044328962226,0.0388345540726089,0.196009982756386,0.0142941133854136
0.563870507625473,0,0.0593946758852679,0,0.376734816489259,0,0.092576437320088,0.134089517229659,0.00765105234655646
0.462545862151496,0,0.120964933357764,0,0.41648920449074,0.399401927442307,0.119911008034292,0.111833366799664,0.0352537105773803
0.504342596454231,0,0.200418736256383,0,0.295238667289385,0.123737296669865,0.170747584923876,0.136258888681361,0.0506358541301374
0.474579238778523,0,0.157261365216066,0,0.368159396005411,0.0530754840510951,0.0473971315484908,0.0738851379983403,0.0184753229464636
0.496510939655925,0,0.102629538139019,0,0.400859522205055,0.16570233630415,0.142966783426627,0.110401462839846,0.0528392737849669
0.567434000921168,0,0.148065125205677,0,0.284500873873154,0.249646752873298,0.143006159821397,0.141680933962321,0.0282151895655583
0.520790359467288,0,0.122656023647387,0,0.356553616885325,0,0.173622467220245,0.128316532357078,0.0169122773578189
0.504283795167824,0,0.148926202274253,0,0.346790002557923,0.103843003052928,0.13034759398186,0.050498772670725,0
0.436984067497505,0,0.104890465105617,0,0.458125467396878,0,0.0978943794012818,0.0736262257579199,0.0577537193739326
0.434971731589534,0,0.191762312870814,0,0.373265955539652,0.147175634471582,0.252528184423873,0.0426594569582816,0.0290930565067517
0.536157550649473,0,0.103861954571225,0,0.359980494779302,0.0548330875503493,0.186484631647225,0.121083429433874,0.0161827082416164
0.586094500084134,0,0.108152181663385,0,0.305753318252481,0.0711179866461411,0.111020158833384,0.163786059326752,0.0218801333711059
0.488046986315198,0,0.180034103968458,0,0.331918909716344,0.217564257492181,0.239057972310283,0.0362516041205698,0.0140277299599812
0.488216869099653,0,0.157729543121079,0,0.354053587779268,0.227145330650786,0.192048582894475,0.0729852412483917,0.0268620651722805
0.470910776988547,0,0.156079291655223,0,0.37300993135623,0.28984473258057,0.143035434917091,0.0720886522041611,0.0192890182383146
0.470186107533501,0,0.163620086338396,0,0.366193806128103,0.0432353368956333,0.149492747403026,0.103881532474797,0.0288978685446709
0.522674589793891,0,0.110520250391175,0,0.366805159814934,0.0956435254178417,0.0861590298875818,0.147467138801555,0.0270574704486242
0.490431914498506,0,0.144176963827316,0,0.365391121674178,0.114851109283171,0.127863464741137,0.0082961859869144,0.0507691086729775
0.541826778917521,0,0.123582554569017,0,0.334590666513462,0.226435996998024,0.244446132782731,0.0774942788990818,0.0296218591819997
0.542696132593074,0,0.086676199292116,0,0.37062766811481,0.136086560090618,0.0717670231663373,0.143592424105243,0.0171140554079014
0.587007561061873,0,0.0699441541352077,0,0.343048284802919,0,0.143987882149442,0.116408303387284,0.0167295245273
0.53443043956474,0,0.0997821533167592,0,0.365787407118501,0.00159693455467677,0.123230904768258,0.155607500299648,0.0185204875141716
0.566120481654329,0,0.108916526146159,0,0.324962992199512,0.0166702293728991,0.164925131552999,0.112882220059843,0.0113473846820259
0.49740334243437,0,0.0726285739312437,0,0.429968083634386,0.263664320242005,0.172191680480677,0.0789668168611245,0.0155830762624249
0.436505740732329,0,0.120003062487059,0,0.443491196780612,0.189714625665008,0.0886425190886333,0.0225013131763331,0.023385681746543
0.472651845447572,0,0.173812541793885,0,0.353535612758543,0.0869560833798776,0.186544838029822,0.0331991034335626,0.0429303857962627
0.464413940983232,0,0.117191947126476,0,0.418394111890293,0.161644377544088,0.163548959775862,0.0840950359764963,0.0138105858542612
0.465728346639493,0,0.184771816503258,0,0.349499836857248,0.3741570556884,0.186477778604272,0.0432605321704553,0.0310691668103437
0.457111715533426,0,0.179694561907543,0,0.363193722559031,0.37517122382275,0.0864967206339425,0.102807491571085,0.0638673633594617
0.496892906300321,0,0.118822791879824,0,0.384284301819855,0.168043113737129,0.213390696339236,0.0406477488336176,0.0161788600900708
0.516024623452911,0,0.179129994158943,0,0.304845382388146,0.159814504136682,0.166709988947224,0.123581293660903,0.0255019789090102
0.507697699538564,0,0.126432658755903,0,0.365869641705533,0.198647814809006,0.136477023593959,0.0675169717045155,0.0329968508103749
0.460109149587837,0,0.169606878040341,0,0.370283972371821,0.148823258756337,0.101193078759387,0.0934874834580407,0.038922023874881
0.491301856132959,0,0.131896268251409,0,0.376801875615632,0.192466234504044,0.202088245035852,0.0841615050861294,0.0168760456774888
0.551161509943123,0,0.137645351742068,0,0.31119313831481,0.111365700149477,0.141031430176252,0.068363735285936,0.0299747879829043
0.524960559797763,0,0.129142183516091,0,0.345897256686146,0.245425986104509,0.110173221068009,0.131883647341872,0.0238170001960316
0.49562252527511,0,0.147329580271124,0,0.357047894453767,0.0899527550707301,0.160530193102742,0.0217852686630273,0.0287938475686501
0.515207002362645,0,0.115981609944059,0,0.368811387693296,0.046709070476663,0.106844871049673,0.0983562828703601,0.0192212353481445
0.518655666745995,0,0.11260042027412,0,0.368743912979885,0.0388419737622977,0.143856350243433,0.0604338429429817,0.0366420963190697
0.507173991805646,0,0.135663093703412,0,0.357162914490941,0.0208200362359693,0.16368044408578,0.0137475297595516,0.0134975711830756
0.447259129045762,0,0.139439801375704,0,0.413301069578534,0.0663325757197926,0.201662692545407,0.208689501019267,0.0479097849181774
0.467984443219884,0,0.120579392873943,0,0.411436163906172,0.0509542380858972,0.075597943318007,0.11947568157967,0.00245239256934877
0.479208762334156,0,0.160550429238867,0,0.360240808426977,0.0627105126947504,0.165653116181893,0.132115043921767,0.066837391143168
0.564820636117806,0,0.148126127866127,0,0.287053236016067,0.124757269714824,0.194704314270411,0.0805614333879763,0.0248099223796989
0.505810022855328,0,0.177813011133996,0,0.316376966010676,0.0640995216957275,0.137406664369051,0.0294381688030388,0.0122203528718262
0.562938504556532,0,0.107538751100324,0,0.329522744343144,0,0.203875540550619,0.0922516655404467,0.00669480391502079
0.548565042830414,0,0.133706135305629,0,0.317728821863957,0.18076764177003,0.123097613752541,0.128174060904163,0.0147593594919946
0.57596420787938,0,0.0918020384006307,0,0.33223375371999,0,0.114875108195337,0.0960689819826842,0
0.447969931326325,0,0.133896040610921,0,0.418134028062754,0.129985927860016,0.130120279787671,0.056555511932896,0.0020028934053346
0.510794567375574,0,0.114925395856379,0,0.374280036768048,0.0426090733388305,0.181135695083302,0.129174909392803,0.0237668000825302
0.462612957578007,0,0.178879447105691,0,0.358507595316302,0.0965938007535692,0.174596483638789,0.114325051078841,0.0439516061430612
0.506728536915537,0,0.139767569754574,0,0.353503893329889,0.0246698116508409,0.136328604781471,0.103991076520522,0.0161060400956005
0.492080134417634,0,0.143056599253315,0,0.36486326632905,0.175676708494341,0.131084580851102,0.0841533531779795,0.0079779346755508
0.494510615070553,0,0.127500473853946,0,0.377988911075501,0.0230740912849396,0.162185415678688,0.043070558547483,0.0210367332604955
0.587742375423819,0,0.10014070222739,0,0.312116922348791,0.0269870057223297,0.224761229282524,0.11799975260591,0.0435726239677882
0.477028696923081,0,0.177053956444189,0,0.34591734663273,0.0570603112564903,0.216247469418702,0.0757927020869008,0.0191842620547422
0.561625519555016,0,0.100499368065378,0,0.337875112379605,0.13136246527839,0.131671000518505,0.132170154123914,0.0453434021661063
0.475527504869556,0,0.0992171743876566,0,0.425255320742788,0.000903870852384521,0.119852182136097,0.0181984806814468,0
0.505232199435047,0,0.136233360819058,0,0.358534439745894,0.0829186804479451,0.0969591946090938,0.0792080572210635,0.0099908043299435
0.48105485241069,0,0.180178873758061,0,0.338766273831249,0.11773084068106,0.156146074733183,0.106881930860616,0.0289136852343827
0.515664305767626,0,0.102005429027044,0,0.38233026520533,0,0.112524577517553,0.0970499214291208,0.0390508141753947
0.496384768628467,0,0.150037605245885,0,0.353577626125649,0.109113607254098,0.131587389438471,0.0296603277930901,0.0288990201445312
0.496589324515173,0,0.12134983459919,0,0.382060840885637,0.5,0.183028543403967,0.0716835467401549,0.0160850896796681
0.583893438764224,0,0.11526453827047,0,0.300842022965307,0.278085700473464,0.243926560110568,0.0922117486394996,0.0229026614606033
0.50180287244945,0,0.124623091585162,0,0.373574035965388,0.247139136482674,0.116850517182806,0.099805233347616,0.0383991526080376
0.57752439934987,0,0.0874099225964334,0,0.335065678053697,0.141832667844638,0.184671241672315,0.128568656702118,0.0158199822161609
0.49873390982321,0,0.157520670557567,0,0.343745419619223,0.0808041383342581,0.221330535657348,0.070201816996063,0.0276671767241388
0.587845459250018,0,0.064333648961126,0,0.347820891788856,0.290269173574691,0.12604234008637,0.111839679370914,0.00191975239220527
0.484280955565862,0,0.0955758154268514,0,0.420143229007287,0,0.0347228694403185,0.0338517950667523,0.0591691088127136
0.550877711724334,0,0.117423446225663,0,0.331698842050003,0.0830039503835065,0.143232242323059,0.0770273889665196,0.0166251820511722
0.53848162866099,0,0.151076482131752,0,0.310441889207258,0.359673551753552,0.200830649862575,0.132309174399282,0.0273551469600949
0.481145910527097,0,0.0947596607460386,0,0.424094428726864,0.040948659910328,0.189512918488985,0.0730135559698954,0
0.525726913762788,0,0.101877391528139,0,0.372395694709073,0.0539034717955041,0.126938083542079,0.110567545266294,0.00617015828674839
0.433976006562084,0,0.185184119856128,0,0.380839873581788,0.0524690071702925,0.19454763228675,0.100954246281623,0.0223664648211901
0.437350169493094,0,0.150973488953114,0,0.411676341553792,0,0.213606871471132,0.00790074182147933,0.0338785192269393
0.381975424441509,0,0.15259196983533,0,0.46543260572316,0.0711138119301236,0.128525036327789,0.0515038647033985,0.0279795901151605
0.510317579022783,0,0.126576066930858,0,0.36310635404636,0,0.195067935363581,0.0532628141975681,0.0856263509229137
0.526713134548596,0,0.123104460397139,0,0.350182405054264,0.0516908190936901,0.139740438531069,0.0513356257597076,0.012524929103695
0.554811420875194,0,0.12169217297705,0,0.323496406147756,0.173346821623333,0.144987792543973,0.141087877443823,0.0329632774942349
0.474344285203316,0,0.141373782985058,0,0.384281931811625,0.324840398748513,0.0708823675800743,0.0462977697043476,0.0157998001924315
0.431039312150624,0,0.162629863688996,0,0.40633082416038,0.109760461622126,0.0847849705586011,0.0670419239990945,0.0227344715948358
0.524000139352493,0,0.131734420000508,0,0.344265440646999,0.122109744611449,0.275797671897374,0.0815607052341826,0.017206072433422
0.494054221378715,0,0.171171692535186,0,0.334774086086099,0.0857544824171614,0.128926013018875,0.0401135707097216,0.0537648065149438
0.495152899730854,0,0.179077892551543,0,0.325769207717603,0.163027114654291,0.153586509304356,0.184030098290522,0.046720764246333
0.520138797827656,0,0.130661626063532,0,0.349199576108812,0.0385086199734548,0.165077913233841,0.11867218193452,0.0240007196047519
0.495612743694503,0,0.120557285036937,0,0.38382997126856,0,0.162499089955723,0.0299105808441345,0.0140387695529289
0.475461059447619,0,0.106352961242621,0,0.41818597930976,0.149264650720576,0.0809633885434965,0.0548982739672421,0.0238635889118358
0.49928663235531,0,0.121415114563656,0,0.379298253081035,0.0895677605396929,0.115429994780468,0.00897283955915046,0.049373805687246
0.504860892391409,0,0.0960093458761097,0,0.399129761732481,0.113806257547643,0.19096685814842,0.0404027480903628,0.0139499557794882
0.575395168472901,0,0.117534873646476,0,0.307069957880623,0.281585419963723,0.0938502381340148,0.159046501399024,0.0174374448735332
0.540325221273226,0,0.106572124061998,0,0.353102654664776,0.0766496833137269,0.120107538283275,0.0387946891094639,0.0390332558506061
0.540005124928397,0,0.18955261769916,0,0.270442257372443,0.0913952745345286,0.225349831121094,0.0976838430286855,0.055030092261374
0.530245579604637,0,0.113945952879553,0,0.355808467515809,0.128547228598443,0.135324194800546,0.14665584912588,0.0501900146595485
0.487886973742336,0,0.112679267384776,0,0.399433758872888,0,0.133615669717819,0.15684124517272,0.00309347116954984
0.622066035726312,0,0.103555418662452,0,0.274378545611235,0.141017310923363,0.136388604072012,0.145937214331158,0.0343682821430944
0.51478945993618,0,0.151998663183437,0,0.333211876880383,0.0636747502569594,0.0852317285520788,0.190248661803872,0.041137071806089
0.489687358054415,0,0.10172424394199,0,0.408588398003594,0.129695030239218,0.187503571292063,0.088095449251511,0.0264231617368704
0.441687774039124,0,0.120879566070273,0,0.437432659890604,0.0851864888530744,0.163673454865414,0.150037395231729,0.0190603383962952
0.496697533167131,0,0.146186978462827,0,0.357115488370041,0.0500341463285237,0.155628186496267,0.00687047820676807,0.0336623375182688
0.545147713392483,0,0.139906902882802,0,0.314945383724715,0.5,0.116026107818469,0.0522578397694967,0.0173034409327536
0.492430163437733,0,0.129757761125968,0,0.3778120754363,0.200307199021405,0.154712125487191,0.0920887486558189,0.0164357004274751
0.446173421101048,0,0.14103893678331,0,0.412787642115642,0.0162341035625113,0.140214924769909,0.0434149207186912,0.0130969568799481
0.453269598662482,0,0.161685682990581,0,0.385044718346937,0.164890163455134,0.233897849097116,0.0562426326532777,0.00998029033079046
0.487225831942506,0,0.0633886992618559,0,0.449385468795638,0,0.100217930691312,0.120749720088843,0.0115011986357552
0.49788009151366,0,0.0681760378145033,0,0.433943870671837,0.060059743394034,0.136739702171353,0.0498090260705095,0.015530089988787
0.516800591802465,0,0.118524369302763,0,0.364675038894772,0.144256319703091,0.178492402263767,0.0356616832139645,0.0107139818060841
0.560230411741629,0,0.0963588004646768,0,0.343410787793694,0.0753960306134281,0.104382746333196,0.029022864187672,0.0249016726205272
0.566039297921393,0,0.0663454558059722,0,0.367615246272634,0.0484296327620759,0.0909225293070541,0.10795299051268,0.0144882528922771
0.548104365029715,0,0.129685791737705,0,0.32220984323258,0.108024791323748,0.108204286328484,0.135989967237323,0.0511210551202891
0.57085416803592,0,0.139930081199361,0,0.289215750764719,0.0156196504260116,0.117828404090929,0.101176404329044,0.0227838148440763
0.544822305678256,0,0.0861778860418681,0,0.368999808279876,0,0.251008773120275,0.0689047928107507,0
0.527307337340685,0,0.105298364460369,0,0.367394298198946,0,0.103988672704214,0.151416420965293,0.0120830593228835
0.55600542828597,0,0.0851230587900381,0,0.358871512923992,0,0.181367247725731,0.0838857677885302,0.0278607709457444
0.491959587291433,0,0.143490098398834,0,0.364550314309733,0.150445901266346,0.218733055418063,0.033427487187808,0.0210073264129283
0.481463843895261,0,0.13771758300773,0,0.380818573097009,0.197365792142351,0.117387498629349,0.0391599408859387,0.0461411796713348
0.510004582938109,0,0.0960563986937154,0,0.393939018368176,0,0.136586178089097,0.125734569799969,0.0271781525397703
0.490184254509983,0,0.132743240058187,0,0.37707250543183,0,0.112374333942897,0.0921885864460065,0.0302605943520006
0.567891534524734,0,0.163345959037445,0,0.268762506437821,0.0783114241730784,0.154011925855378,0.123696218180305,0.0429367598741003
0.52456498352129,0,0.0857245348598685,0,0.389710481618842,0,0.160148331086079,0.0945191424850145,0.00704867754319524
0.450698811788077,0,0.164064909945084,0,0.385236278266839,0.114570427237417,0.121085156996743,0.111299902858134,0.0438321851287369
0.495970563268482,0,0.117776436953813,0,0.386252999777706,0.234327914228517,0.172248823710972,0.115716122046863,0.017668447506843
0.490675497580209,0,0.139617718748694,0,0.369706783671097,0.0620003124940805,0.126200825248278,0.0785186054553173,0.0492683249050278
0.486011963541017,0,0.135348491145059,0,0.378639545313924,0.0494482504894604,0.127850640528252,0.0762984111729448,0.0244815612725062
0.479262316205464,0,0.12318748541819,0,0.397550198376345,0.166606667740549,0.152296742627073,0.0861393071620329,0.0116135616021214
0.500143013452852,0,0.129447074251953,0,0.370409912295195,0.218121829583448,0.142572955415227,0.10587992741983,0.0161240109004013
0.471647631574695,0,0.140836527162252,0,0.387515841263053,0.259252240199084,0.14009896572108,0.124437369486063,0.0347605404164381
0.566418612008895,0,0.118465801870583,0,0.315115586120522,0.0682751788951954,0.105085133786139,0.218690695961662,0.0167799160142281
0.452906061010929,0,0.124225532827456,0,0.422868406161615,0.0137326917513093,0.159833143079776,0.0412637712544676,0.0215800588924091
0.457241250702629,0,0.146412298104429,0,0.396346451192942,0.169047576957217,0.133269185246096,0.0811795358102052,0.0243392816779533
0.497933937536891,0,0.130608949584098,0,0.37145711287901,0.0589662407269767,0.161796065957451,0,0.0164823749661077
0.486411373077664,0,0.130287375498064,0,0.383301251424272,0.0131354527814943,0.154148650720822,0.0652819243880418,0.0176148337081657
0.496983223817983,0,0.1702460501374,0,0.332770726044616,0.0918882720966419,0.116102316777692,0.0925585075607699,0.0466059741352815
0.440453638379398,0,0.0765666855401261,0,0.482979676080476,0,0.0986985486825461,0.0442653309055478,0
0.488092402035534,0,0.156644898693153,0,0.355262699271313,0.0601433016516316,0.210770409183412,0.0342454368776685,0.0481370725588225
0.422203264488756,0,0.22366019696914,0,0.354136538542105,0.223984526141195,0.230109542238337,0.0205904489886614,0.0405075888442068
0.506420202665173,0,0.104124285962794,0,0.389455511372033,0,0.12367084800627,0.107554284515843,0.00620153369362963
0.493276598345879,0,0.170095539251513,0,0.336627862402609,0.127151402983106,0.137004634634222,0.0395369000654219,0.036502572112827
0.447610201979813,0,0.185888327509824,0,0.366501470510363,0.0640935803317622,0.151397684463849,0.0822416518631596,0.0359767412265983
0.596988797199649,0,0.152200982226503,0,0.250810220573848,0.0161296173371543,0.142297362381214,0.128739477656455,0.0284022735400652
0.483928207747843,0,0.0838282587756891,0,0.432243533476468,0.171243411986279,0.0509735747006684,0.0667066967817949,0.0315017718589111
0.494415588014682,0,0.124594194320304,0,0.380990217665014,0.0489968344219727,0.166666547675209,0.0682308357252489,0.0386875424770634
0.466698320153346,0,0.118766646718012,0,0.414535033128642,0.0153388910025013,0.0726593916601316,0.0479840507849822,0.0125533583479407
0.502524393196136,0,0.14990083035003,0,0.347574776453834,0.0460936457276914,0.174451993174223,0.11972490961233,0.0156823297359001
0.444558909655997,0,0.112670101968963,0,0.44277098837504,0.00189802586649322,0.0483694586868845,0.022434803930526,0.041148174974673
0.48709994649574,0,0.182012875208248,0,0.330887178296012,0.184984795899845,0.227585583183672,0.0670420673653303,0.0365873895345662
0.431151108742871,0,0.141140346228745,0,0.427708545028384,0.0817692534825526,0.131051172814925,0.0434125431034605,0.0501752151371274
0.438316118402553,0,0.0965498660582383,0,0.465134015539208,0.10566744416306,0.108515318698919,0.0912603255704234,0.051100735813088
0.388836899218715,0,0.231660746562083,0,0.379502354219201,0.142370973178043,0.139402033601831,0.0182573594309894,0.0293060854967155
0.446045575503795,0,0.192979835963137,0,0.360974588533067,0.17768308801323,0.202754724582048,0.00713900998323011,0.0340413808759041
0.515084309672309,0,0.129816834733295,0,0.355098855594396,0.171507306550488,0.132910304459563,0.0811986174166349,0.012561886544575
0.474122825826775,0,0.135656499880956,0,0.390220674292268,0.181905381816323,0.162116306525745,0.109017695998141,0.0333899059777227
0.594729449332551,0,0.119998435132783,0,0.285272115534666,0.232171757443969,0.109158303347353,0.0419194916934881,0.0236033631290986
0.575738504039246,0,0.121551017439685,0,0.30271047852107,0.0423719082726847,0.152787623100714,0.0547924499962985,0.0241410689945118
0.574641120773157,0,0.100411018486288,0,0.324947860740555,0.0414565428496534,0.166883890983937,0.128043193955577,0.00844653868223699
0.500360967748527,0,0.102842502688352,0,0.396796529563121,0.0907835395568795,0.0794332483998887,0.00852975484327346,0.0134330024228371
0.465637417595705,0,0.147088672191356,0,0.387273910212939,0.0590374772207764,0.095684986836382,0.0416486430623528,0.0116731436521919
0.51683108340382,0,0.112545576271056,0,0.370623340325124,0.133408375799458,0.116489171271472,0.113490700127687,0.0144620772280015
0.48322591254852,0,0.14853301849993,0,0.36824106895155,0.0295423494852573,0.102874322805989,0.0352578793050215,0.011551642170901
0.487615960636949,0,0.12239781540921,0,0.389986223953841,0.236537999230732,0.185776025488616,0.102846785321739,0.0246147103072472
0.412131698758458,0,0.136822613070291,0,0.451045688171252,0.116400514559203,0.0484438424988379,0.0100392269577149,0.0155178662509711
0.593724245721114,0,0.0694583070924772,0,0.336817447186409,0.0268164673280788,0.114074874970438,0.103103366658146,0.0201714836999824
0.423793436170376,0,0.137667055479632,0,0.438539508349992,0.0744951232361304,0.203791670452349,0.0229717343107966,0.0278882720565483
0.435425486421471,0,0.174020115082486,0,0.390554398496043,0.185846626442384,0.0904787280220946,0.111174622302538,0.0358548180896335
0.496865802857344,0,0.161106232753373,0,0.342027964389282,0.287114083500337,0.11720217903619,0.0818971792285309,0.0447187007423945
0.541909264826534,0,0.0954692277505298,0,0.362621507422937,0.0382353368168411,0.147306289751458,0.131666654376888,0.00758089969420718
0.479538750474831,0,0.163673337995757,0,0.356787911529412,0.165141423395763,0.219548954026188,0.222129316213464,0.0414740313725617
0.532864337467482,0,0.119077014448574,0,0.348058648083944,0,0.0538601420588128,0.18733893819446,0.00441095758454908
0.550049004976751,0,0.177852806569188,0,0.272098188454061,0.115461344057631,0.290372344851068,0.106628413433983,0.0385744142431427
0.467586243824883,0,0.111123211457795,0,0.421290544717323,0.0402562356719049,0.152612848225694,0.0993639120709104,0.0100906498924325
0.454793738826915,0,0.168870574970669,0,0.376335686202415,0.136498187997868,0.182263532217936,0.0505099066633879,0.021419816483307
0.464925142816165,0,0.15735837310203,0,0.377716484081805,0.10345279408702,0.159499310689857,0.0621744688149092,0.00759701468318561
0.553387275505954,0,0.158951545362599,0,0.287661179131447,0.0326645707843605,0.159524195599128,0.195583554692415,0.0278184971889149
0.546646454887583,0,0.093114106550167,0,0.36023943856225,0,0.0890323951614165,0.112050956767582,0.00441004726014543
0.570579272345027,0,0.151764405735984,0,0.277656321918989,0.116962430884477,0.192020153947464,0.181970625867867,0.0206497417154277
0.479053566840313,0,0.145067955867325,0,0.375878477292361,0.125992135350855,0.145115149314481,0.213485651126092,0.0127408093249352
0.533324351834833,0,0.164380734123177,0,0.30229491404199,0.206615849974532,0.307285387829285,0.106175467411721,0.0254447598771848
0.4735196049779,0,0.0965405904042092,0,0.429939804617891,0.118969468265177,0.204322853586382,0.0897097167906558,0.0031093052797295
0.587378674836561,0,0.0965219445532683,0,0.31609938061017,0.128236231194559,0.143941840975397,0.0696629154081127,0
0.561159491790054,0,0.102676354630646,0,0.336164153579301,0.125184364120704,0.200516887406262,0.113067542930263,0.0265638135113661
0.426881467892231,0,0.155414259751935,0,0.417704272355834,0.174541237144187,0.293943335681521,0.0609655808705112,0.0471723507350801
0.510127665125015,0,0.0852898803198268,0,0.404582454555158,0.336390834131812,0.116010677186579,0.0821516746667945,0.00536919561690927
0.468513223395365,0,0.118454376556704,0,0.413032400047931,0.0492107294285773,0.115731788259747,0.0596575152826282,0.0429634066596352
0.498797312077366,0,0.0421218905377278,0,0.459080797384906,0,0.155869958027443,0.0469108436198679,0
0.468052078010058,0,0.173858106535185,0,0.358089815454758,0.0970529878668775,0.129137523212908,0.131516914685138,0.0431494905652964
0.495566422685833,0,0.128559309331132,0,0.375874267983035,0,0.175021360800739,0.122248259310845,0.0103948831169183
0.549717011869192,0,0.0954798107040552,0,0.354803177426753,0,0.189663688055911,0.126194553957548,0.0311731599534386
0.445724749434658,0,0.164770415430747,0,0.389504835134594,0.207981247524223,0.0993166365006358,0.0865951512348,0.03983841043276
0.536634840843725,0,0.10030318856221,0,0.363061970594065,0.112081154916449,0.155946940288513,0.0552838456713781,0.008925580808151
0.502262238831524,0,0.177566738202046,0,0.320171022966429,0.0513117443499408,0.115731297835259,0.169205716966908,0.0346775618785507
0.509928200445078,0,0.102603781739028,0,0.387468017815894,0.5,0.0782303354588665,0.053030496828401,0.0247628212987917
0.398400350819019,0,0.137797457836564,0,0.463802191344417,0.274489962013647,0.103777909931444,0.0500224784484225,0.0022312011221147
0.446756857375413,0,0.119648926359278,0,0.433594216265309,0.131497903320324,0.133634005185087,0.0570065407138039,0.0215414876694239
0.419119808649101,0,0.101707029235676,0,0.479173162115223,0.0462842569772838,0.29391423375678,0.00849326943342415,0.0170454089132602
0.499302076930493,0,0.125931273666136,0,0.374766649403371,0.0672286754528531,0.134489803372266,0.135262838085511,0.020342367880291
0.514719247642835,0,0.145364886194142,0,0.339915866163023,0,0.15264025349869,0.0885358074667404,0.0377012996703808
0.429414513423323,0,0.202851994469784,0,0.367733492106893,0.129179939010378,0.193515488777632,0.0160883966559957,0.045319720766289
0.497962090141514,0,0.132601667683438,0,0.369436242175048,0.123657754046191,0.160006402028917,0.096763885749233,0.0109665456927511
0.437536135595307,0,0.154156015789869,0,0.408307848614824,0.0331893268352014,0.192460175825258,0.0385056741183613,0.0338338414424909
0.476857285151749,0,0.146896624812228,0,0.376246090036023,0.0564558873822497,0.187242756666103,0.114641028961732,0
0.485980992201514,0,0.146472713961192,0,0.367546293837294,0.263460456096647,0.112541302906988,0.094552796108674,0.0101866259012293
0.51637520324931,0,0.124795058024832,0,0.358829738725858,0,0.133461724361583,0.134369925757722,0.0259327383738929
0.489958463828872,0,0.172189508437098,0,0.33785202773403,0.0171832134705603,0.207477622817139,0.0535313183446316,0.0166643737933796
0.493768579933975,0,0.146242703376745,0,0.35998871668928,0.0537163913590001,0.154594975100236,0.0824519526896238,0.0537940429612836
0.499589443435433,0,0.145741602356455,0,0.354668954208112,0.250946443374082,0.164684924588491,0.143335393826537,0.0353121106438842
0.508296170145504,0,0.100544374560894,0,0.391159455293602,0.12456739826906,0.133076897576815,0.042008709103338,0.0059535308729411
0.50386644320772,0,0.124426758453477,0,0.371706798338803,0,0.13574220450348,0.0822888077323576,0.0105682477243358
0.544742189047213,0,0.154876818579686,0,0.300380992373101,0.0900236196664309,0.134210065252347,0.0937909868540049,0.0111201354645706
0.46048249166716,0,0.160875153460084,0,0.378642354872756,0.303865434197871,0.0951036781495175,0.0861612061593931,0.0219367146739635
0.502519732784101,0,0.168997737748501,0,0.328482529467398,0.261947314421806,0.123214013256854,0.13035411625517,0.0273780250454048
0.519386743903176,0,0.115208591527234,0,0.36540466456959,0.185925808884705,0.129442724788219,0.054679391281871,0.00356749987442705
0.481621105272674,0,0.166275858916141,0,0.352103035811186,0.142054615074616,0.126118352241012,0.073051597000699,0.0196037111508663
0.498796825365102,0,0.124545270559763,0,0.376657904075135,0.103303524964056,0.125911777430959,0.157037888036657,0.0271720379460175
0.518026027355042,0,0.142635219577384,0,0.339338753067574,0.0734363973331402,0.146738969284525,0.0365054425363955,0.0473386315280336
0.453805094498757,0,0.111759844951957,0,0.434435060549286,0.147971879716685,0.136301939805362,0.0536554697289347,0.00632350643377126
0.496618061503143,0,0.142441953287826,0,0.360939985209031,0.0355619710280596,0.167724817034679,0.120257057683407,0.0673821008481937
0.49181070708743,0,0.120505480504798,0,0.387683812407772,0.236432889228162,0.182518198423739,0,0.0549501595382376
0.497225621486832,0,0.152922849908903,0,0.349851528604265,0.110758271586929,0.107773723544767,0.0699644296873844,0.0190582976484692
0.435857653318472,0,0.139537806469848,0,0.42460454021168,0,0.150248675589703,0.167325721772134,0.0427700459679725
0.514033858879871,0,0.113290328251672,0,0.372675812868457,0.0326402467860512,0.104986752668024,0.181363748414415,0.0340269323423488
0.445365801282613,0,0.136801450115353,0,0.417832748602034,0.186937300676326,0.115090283736906,0.00732229659700175,0.0193636049429369
0.532080176962752,0,0.169318196243808,0,0.29860162679344,0.0924213852294878,0.118575606066248,0.0881563926889549,0.0367979515046209
0.571226024803322,0,0.0936253551602943,0,0.335148620036384,0,0.164689653193633,0.0898779995270172,0.00719168911632459
0.400006090167581,0,0.137781135687629,0,0.462212774144791,0.0337823640796877,0.0950049710820522,0.0526527029156808,0
0.583751682782807,0,0.110593796301068,0,0.305654520916125,0.0749140884349512,0.167320688894115,0.139720255408987,0.0233287386120182
0.546018472418461,0,0.152543151928599,0,0.30143837565294,0.298161039883257,0.15219036018324,0.0993177453239345,0.0253619853808975
0.531114150647526,0,0.104977155179445,0,0.363908694173029,0.0993210212633683,0.133063094805545,0.0908974813482037,0.0325737362699065
0.559447869854601,0,0.128758814517759,0,0.311793315627639,0,0.166163429693906,0.181570396704745,0.0281417964366013
0.541893660452173,0,0.100299905097966,0,0.357806434449861,0.0475016132845655,0.211726241039006,0.123742344217302,0.0107026532333837
0.455955326261556,0,0.0978545472733182,0,0.446190126465126,0.133186150157092,0.12968666378774,0.0854155910852924,0.012843836680257
0.435054243724808,0,0.0795834762631803,0,0.485362280012011,0,0.12998572128858,0.0982503533713017,0.0042384242471819
0.527742984186654,0,0.129604244891888,0,0.342652770921458,0.143427735762078,0.127394273538427,0.0315982430872421,0.0394651636056645
0.477687343526273,0,0.158013447617016,0,0.36429920885671,0.0268630738413033,0.0795866515572089,0.0451776856690905,0.0367942288396736
0.561291127610937,0,0.101418411074265,0,0.337290461314797,0.0265237997894799,0.120517370657501,0.06874764867612,0.0182681429073651
0.55511106865239,0,0.124961273727912,0,0.319927657619698,0.10875345962115,0.187419342033561,0.0480755349964666,0.0579216550515439
0.512869730097499,0,0.1296872961058,0,0.357442973796702,0.112286309377917,0.178710449966915,0.121763202075848,0.0345914517879554
0.495350786186876,0,0.126034527632392,0,0.378614686180732,0.147923799014167,0.0518327260967405,0.113663763985925,0.0252638659585495
0.542092689689944,0,0.142760977284764,0,0.315146333025292,0.124124628459137,0.158750932748417,0.286057318490767,0.0290616396352529
0.531700974792734,0,0.163043816168317,0,0.305255209038948,0.471106579319637,0.173525555584858,0.109136931600158,0.033202447027225
0.525308956874934,0,0.118945712412165,0,0.3557453307129,0.00862692624840183,0.169465978509093,0.0914832932133584,0.0314441182581279
0.583501992812026,0,0.0924472909487565,0,0.324050716239217,0.213952082068006,0.171876555319553,0.166718128220718,0.00639234178167338
0.521588153679691,0,0.103852964444637,0,0.374558881875672,0.115493340058114,0.129735136120711,0.123300581920204,0.0237197197121466
0.57195699874624,0,0.159259359064435,0,0.268783642189325,0.13484983487455,0.220039148368224,0.196184684105819,0.0202961525099469
0.420018435908608,0,0.133405980938556,0,0.446575583152836,0.0642029916356831,0.102060342367132,0.153713746833073,0.0421295871744375
0.483075091732798,0,0.145440249860277,0,0.371484658406925,0.220795303331482,0.238885942712256,0.0704026496027525,0.00735149392653018
0.519848106616075,0,0.15060136360197,0,0.329550529781955,0.212217217404171,0.164496734545724,0.148712336978101,0.0446221394696688
0.426009387751404,0,0.189028658040066,0,0.38496195420853,0.0252353764990757,0.18067405388656,0.0477986675092019,0.0206083428736901
0.446283607826091,0,0.127713066502716,0,0.426003325671193,0.0568562849753446,0.0502985744422974,0.0483476082319214,0.0277654909105747
0.546331658039299,0,0.106048268304187,0,0.347620073656514,0,0.0649830784564763,0.101016064546425,0.0136492968927448
0.576517711010695,0,0.0694026814230229,0,0.354079607566282,0,0.103206646027531,0.0617012498758926,0.00477353749909578
0.49903648298135,0,0.0788257686209539,0,0.422137748397696,0.130871742334035,0.122913288535656,0,0.00743820837424538
0.45575620806505,0,0.122938924677774,0,0.421304867257175,0.103047269544833,0.125722702778204,0,0.0416132025322068
0.454921107949651,0,0.18290295216882,0,0.362175939881528,0.0820584574663519,0.228840063595677,0.0990990154211765,0.024950637241941
0.51426949090949,0,0.138410494569894,0,0.347320014520616,0,0.158625934144153,0.0905965129195437,0.0248472602591597
0.511927367878633,0,0.108854778799856,0,0.37921785332151,0.0899169915274652,0.131859296301733,0.0657647221391731,0.0259094544995157
0.491937193445984,0,0.1430180016306,0,0.365044804923416,0.0677516703219856,0.152027136004358,0.0650940176979113,0.0173898895442879
0.494690135332369,0,0.140736330420327,0,0.364573534247304,0,0.104326028912051,0.0662977117664588,0.0537863163284314
0.525446508115102,0,0.0948338570467428,0,0.379719634838156,0.135066003536272,0.186638407697308,0.0462897398109989,0.0331268411567306
0.513751876490373,0,0.124943611876739,0,0.361304511632888,0.0614996505844633,0.138904305491676,0.00946930814518001,0.00786436151323982
0.546103673179402,0,0.109404496487005,0,0.344491830333594,0,0.16718570143064,0.05556246566128,0.0252714208801335
0.4558728563954,0,0.116199728651239,0,0.427927414953361,0.1217250616893,0.167757718096365,0.0546729222324263,0.0235384639711386
0.513398931329305,0,0.133188209420418,0,0.353412859250278,0.154034971292292,0.185498142767931,0.0659849044738725,0.035674009865446
0.604917028147373,0,0.0927996435896268,0,0.302283328263,0.303158147988247,0.236430610750009,0.194139795186138,0.0342271445880882
0.452988678279767,0,0.224184738620098,0,0.322826583100135,0.17120071076023,0.159868262265937,0.117386887703712,0.0412829742358858
0.531575621337942,0,0.0769671289760684,0,0.39145724968599,0.0714675952926292,0.136542384787821,0.0768732544046589,0
0.544646474628817,0,0.111507060598515,0,0.343846464772668,0.0113787022527651,0.159977130672571,0.0608204086397365,0.00963408567970362
0.502359799331684,0,0.11183660023541,0,0.385803600432906,0.158866355186237,0.155684266080262,0.145968988163279,0.022047141619361
0.4648346392066,0,0.138197221123386,0,0.396968139670014,0.133172687694447,0.113850927333137,0.0512424981082987,0.0116252168624584
0.487610541350083,0,0.145093640562566,0,0.367295818087351,0.104033949275978,0.125993625557258,0.130646770482782,0.0177934925274909
0.515889644073929,0,0.129704622355569,0,0.354405733570501,0.260809510152221,0.120308052138719,0.153427634005511,0.0432778520582259
0.521054604896196,0,0.141397251727869,0,0.337548143375934,0.133411590687622,0.187232276772606,0.0649974707870949,0.0233841353017093
0.47984241155679,0,0.152232941814171,0,0.367924646629039,0.0218657760577595,0.107289635691908,0.0536486870662736,0.0328929279743696
0.543910258995202,0,0.123455517000459,0,0.332634224004339,0,0.200476565679247,0.078569186401397,0.0376638137751219
0.483986977011653,0,0.155445786910931,0,0.360567236077416,0.181379802017466,0.0860582351999783,0.111068627546766,0.030134957774687
0.525897419429241,0,0.14528290060576,0,0.328819679964999,0,0.225292842057438,0.0876802474293255,0.00386572514757905
0.508409381847485,0,0.124040833850457,0,0.367549784302058,0.100392384898579,0.0869842921537141,0.0709726960098642,0.0523632197500272
0.522991927524148,0,0.096453289744785,0,0.380554782731068,0.0130066701490074,0.124238182685886,0.0992127753152989,0.00945784425180521
0.468631267746262,0,0.101031657539862,0,0.430337074713877,0.182752808094753,0.167690349137966,0.0590292010669611,0.0405230783926276
0.524615748636956,0,0.151764860732517,0,0.323619390630527,0.071277744012112,0.115984539447461,0.132149249643315,0.0606852417201907
0.496194525964915,0,0.136944642058351,0,0.366860831976734,0.118829527702724,0.167028287864909,0.0817261194878912,0.0202670381054582
0.441360359757012,0,0.12889872632376,0,0.429740913919228,0.150288109548454,0.05360285522859,0.0534304843279873,0.00944655923998212
0.452257063420409,0,0.118764831929435,0,0.428978104650156,0.0264042414383189,0.11294084388011,0.00623976958179924,0.0347516138312932
0.515580243196441,0,0.15421681354195,0,0.330202943261609,0.0487112647623988,0.178615842747819,0.0735039357870326,0.0288614893281093
0.517886197324765,0,0.112037034446265,0,0.37007676822897,0.256272010275124,0.176789079456707,0.120794996553812,0.0448566483896517
0.52355819923852,0,0.095688565880754,0,0.380753234880726,0,0.198543938040978,0.0830576206436197,0.00261121871652663
0.529558867984529,0,0.131620798603842,0,0.338820333411628,0.00829896110257207,0.15305495096555,0.0930870217897462,0.0247724287753248
0.527237159314643,0,0.127940672296711,0,0.344822168388646,0.162792781142118,0.115660174478949,0.0738679217492204,0.00868224069654698
0.482893598362521,0,0.158616688622423,0,0.358489713015056,0.175211493900075,0.198980589520322,0.0964930916544627,0.0168138761901337
0.508087347144016,0,0.103053490027119,0,0.388859162828865,0,0.0619074256989061,0.101615910932664,0.0183649929487667
0.479645854672211,0,0.131433133269296,0,0.388921012058493,0,0.163430679410477,0.136564894590439,0.0386181005877587
0.492326461547502,0,0.112577736155307,0,0.395095802297191,0.0418498286431112,0.18384770395401,0.125041777593734,0.0101479470109604
0.45857699601086,0,0.151001986010003,0,0.390421017979137,0.161181020125312,0.178355487866047,0.0918669944259725,0.0338558252321054
0.455453962639963,0,0.20269303124202,0,0.341853006118018,0.222112531594812,0.175085656661588,0.0973672591039659,0.015198967879904
0.479573907476919,0,0.161180751131061,0,0.35924534139202,0.188625832480865,0.182431147496445,0.111853056271097,0.0470704508783133
0.513570424363068,0,0.137485616312281,0,0.348943959324651,0.113104787413816,0.149334631540397,0.0705024335369371,0.0119417053446895
0.494355119582109,0,0.151003314574704,0,0.354641565843187,0.200968671775259,0.139808774368542,0.00453005314791083,0.0342009245304529
0.555187236893215,0,0.145209803087647,0,0.299602960019137,0,0.131596906226192,0.110721854405139,0.0600179478324951
0.458477266690121,0,0.110206311191422,0,0.431316422118456,0.0749541167480208,0.0894656405768235,0.0403231379889886,0.0160852507547718
0.522126624153472,0,0.122116987514595,0,0.355756388331933,0.0773331154492977,0.182807116851217,0.0628873233014254,0.030724782276932
0.52749538043517,0,0.126579442823142,0,0.345925176741688,0.0801785160763464,0.0836217925130957,0.0808455477465305,0.0181202271867084
0.551853335257412,0,0.112149535038246,0,0.335997129704342,0.0382438296836659,0.142516317372438,0.129516115229981,0.0224544572334456
0.516270531494403,0,0.113085585858909,0,0.370643882646689,0.0376980074244199,0.114101407290656,0.15099556207929,0.0175045427295307
0.47912160376084,0,0.169380029436846,0,0.351498366802314,0.00706124224624101,0.14399418072378,0.130494582869078,0.0341429090276377
0.53897468220894,0,0.12736247755824,0,0.333662840232821,0.218512180441605,0.144574436629021,0.0443127034345652,0.0284016678620444
0.475752563019463,0,0.155442719693006,0,0.368804717287531,0.130873452347889,0.178607247295921,0.142912097548682,0
0.462566249201089,0,0.169206865259621,0,0.36822688553929,0.222499240102725,0.125370715328763,0.0832484834053445,0.0196606647914147
0.50842399466239,0,0.0912804979349434,0,0.400295507402666,0,0.0478158186453493,0.163081641765103,0.0171438713784364
0.468020389978443,0,0.143305677473414,0,0.388673932548142,0,0.117633601670552,0.0132477459894501,0.0273394113178821
0.501875906528977,0,0.119409649100488,0,0.378714444370536,0.00108626930339305,0.0766004356498331,0.186506518288707,0.0418068949900688
0.581951307557335,0,0.120143341647691,0,0.297905350794974,0.0740944547448233,0.169524305354945,0.0887492763890984,0.0145772578545905
0.506423667292541,0,0.185867635850095,0,0.307708696857364,0.162112012634277,0.163915594144542,0.0760582705698616,0.0600702984805798
0.475429838249248,0,0.133292056016414,0,0.391278105734337,0.26510475856018,0.143332019625418,0.086146142837427,0.0289283472780566
0.462270572243402,0,0.159317841216361,0,0.378411586540237,0.242587532451428,0.257191552855612,0.14435915178326,0.0333775865774731
0.553452225550632,0,0.116031144246347,0,0.330516630203022,0.258694089240257,0.109577724865196,0.0538809031175571,0.0284764816121441
0.40286712942951,0,0.2071739609081,0,0.38995890966239,0.16014890082805,0.0851862046017996,0.12521770471932,0.0259043416344506
0.507177398597523,0,0.101241294907346,0,0.39158130649513,0.351307715017524,0.193508464173174,0.153142801655695,0.0156286005941169
0.483659652243293,0,0.106364324795655,0,0.409976022961052,0.0567867568177432,0.222008630620413,0.0231642097375132,0.0208565712305414
0.437100881063022,0,0.137692391756188,0,0.42520672718079,0.190293157583606,0.116304354331646,0.0840901719095617,0.0134129534197744
0.442851285374284,0,0.140513649567525,0,0.416635065058191,0.267146695620374,0.193020713013056,0.0688158881450965,0.0199527028927523
0.53107677673151,0,0.129413593262437,0,0.339509630006053,0.0191476341987857,0.166192892797793,0.061966021797713,0.0157324283388939
0.460783596886596,0,0.12165319657944,0,0.417563206533963,0.0173751592772173,0.0943081668338196,0.0675645396674927,0.0248375235557205
0.515830205685579,0,0.0623302157482923,0,0.421839578566129,0.168534965767797,0.124547476068607,0.240535254920917,0.0135716064549718
0.471106436583363,0,0.140847011478628,0,0.388046551938009,0.0691255198263249,0.138246028359034,0.108955717835175,0.0273926033640196
0.534633804632276,0,0.0648969459542543,0,0.40046924941347,0.0925935515958826,0.132424893662479,0.0642387294370594,0.00174788900407435
0.469593666842898,0,0.123248601371043,0,0.407157731786058,0,0.140584478620995,0.0187741643072067,0.00265111795728935
0.52019493472144,0,0.134337857862958,0,0.345467207415602,0.0663542986361578,0.0961549676282737,0.0435599270523317,0.0330908172034213
0.489329663415262,0,0.123728157307896,0,0.386942179276842,0.167634987651419,0.101062338690356,0.0264198800335193,0.0192277694942224
0.399965677132057,0,0.195871625325685,0,0.404162697542258,0.138412876686413,0.0850321664107476,0.0415262451216156,0.025285864658666
0.470743284323894,0,0.164246590449196,0,0.365010125226909,0.0987195557208012,0.229288434541622,0.123532109336741,0.0335812728152078
0.548808428181906,0,0.072900730340394,0,0.3782908414777,0.205375557090597,0.132464407502061,0.118936734146586,0.00799616382120296
0.516816532556875,0,0.188632577447713,0,0.294550889995412,0.312172483145436,0.188673398760651,0.0321601269757861,0.0471225397975672
0.449097324414274,0,0.166340242236795,0,0.384562433348931,0.132202946976574,0.233520042219093,0.0420638150897276,0.00812934359865449
0.492993976169335,0,0.186481639634882,0,0.320524384195784,0.167558203878483,0.167167719792054,0.0578114341405314,0.0389260582800373
0.464598514595054,0,0.116166698788355,0,0.419234786616591,0.199926811855413,0.0607381622270532,0.0958607987452709,0.0420312035775377
0.493677826429291,0,0.102699652903103,0,0.403622520667606,0,0.145004760454237,0.0767221774496291,0.0254572651131935
0.489604291540051,0,0.192690227553414,0,0.317705480906535,0.286389861151216,0.27498754757125,0.145254887827829,0.0210788792594407
0.475470576171052,0,0.161401857025392,0,0.363127566803556,0.213045769986476,0.0951428002330669,0.115435509848336,0.0554760966615911
0.496280011836671,0,0.141581146431384,0,0.362138841731946,0.131535633822655,0.273489921494877,0.0464864130036709,0.0580895690137792
0.44147865834173,0,0.264578081791523,0,0.293943259866747,0.245079739597532,0.224867854136084,0.0188826346019412,0.0307951212406751
0.468629470206378,0,0.188123218770598,0,0.343247311023025,0.254003187177706,0.236407788529146,0.0170377038443998,0.0343757152043921
0.413063464189543,0,0.117420694909818,0,0.469515840900639,0.306457908492161,0.196248509987478,0.0425009000629521,0.0558402266879096
0.530235984642937,0,0.0872708848610452,0,0.382493130496018,0.0267988093800985,0.143765048080587,0.102373702269419,0.0406321682484932
0.499158451461505,0,0.135482662698481,0,0.365358885840013,0.0589994622078157,0.191255541609608,0.150127401424926,0.00831690672902839
0.475720753236382,0,0.156581657573185,0,0.367697589190433,0.0627146956245159,0.225130968801976,0.0882461502212205,0.034233825143413
0.445811891464461,0,0.122709883931259,0,0.43147822460428,0.167643364906765,0.0681745197417549,0.00861398606305064,0.0547395837835631
0.438938688284833,0,0.109892882750083,0,0.451168428965084,0.0188044730125189,0.0885091052515224,0.0752946880217309,0.0194149628465279
0.505814024792045,0,0.126611013519506,0,0.367574961688448,0.134287467897213,0.139250352723189,0.20486155044389,0.0185182680050532
0.559372148874585,0,0.110231202920141,0,0.330396648205274,0.103580961091028,0.099189684611606,0.0885644742935678,0.015967643716084
0.503621398474799,0,0.142543533017898,0,0.353835068507303,0.142231520685459,0.172098971134727,0.194764449349512,0.0246553674044011
0.495679603033846,0,0.0901746498347089,0,0.414145747131445,0.109054361718482,0.100041512078724,0.0723607908793527,0.0150607665076807
0.535138277788476,0,0.117164294870254,0,0.347697427341269,0.0728748676201965,0.115208864935497,0.137839448897911,0.0299292798034755
0.49743627386623,0,0.139788858134557,0,0.362774867999213,0.224063418161227,0.166479691821849,0.031197038137309,0
0.488626476431941,0,0.157257060492392,0,0.354116463075667,0.133432550477511,0.134126392858669,0.044994669553263,0.050325504084298
0.507590753323242,0,0.113719358343996,0,0.378689888332762,0.00924990657250773,0.172657331923723,0.0420857148855574,0.0099699784356288
0.507635228065982,0,0.133898749572773,0,0.358466022361245,0.189153335218491,0.0832648663207078,0.169860943616709,0.0164400503302623
0.530218940912971,0,0.169636709470205,0,0.300144349616824,0.0538583597676809,0.189767247242416,0.0827319303201462,0.0283559437700356
0.578740627657822,0,0.0996468452788777,0,0.3216125270633,0.0235957964967362,0.0932452179361373,0.138085690141016,0.00657696345169853
0.448942727778423,0,0.165344681253911,0,0.385712590967666,0.0899087219637573,0.156270663312403,0.0436254805224813,0.0459936219507919
0.541614898165849,0,0.101449054942437,0,0.356936046891714,0.235923906657957,0.161877226393309,0.135413321828329,0.0018590950570109
0.453247249439709,0,0.171367219674168,0,0.375385530886124,0.0536173429301291,0.132156620169563,0.0677081096863231,0.0239731765173951
0.518648529458093,0,0.169911635798289,0,0.311439834743618,0.0787621749433402,0.193820191222908,0.0691224472491774,0.0269006821586675
0.497210041952632,0,0.159875501970085,0,0.342914456077283,0.268518623805211,0.14209461753882,0.145482772326727,0.0422872093647382
0.486705245908746,0,0.210671857534568,0,0.302622896556686,0.183824267092994,0.261442312863319,0.135869902929048,0.0432644182082597
0.61598139136739,0,0.0641275988208248,0,0.319891009811786,0.129869348535647,0.0839827739179691,0.0622777436193779,0.0185984219891645
0.493960687949,0,0.0798328202994363,0,0.426206491751564,0.0749722969286461,0.131424411101423,0.154827057073419,0.0124542978808491
0.507496990919747,0,0.140840100951221,0,0.351662908129032,0.136258790785738,0.257710705870276,0.104259045527061,0.031940468620942
0.469964776211454,0,0.179196921298086,0,0.350838302490461,0.339742632108641,0.154861782369619,0.130224794059321,0.0352805172619795
0.506742518754472,0,0.122446245706664,0,0.370811235538864,0.00520314369062818,0.117813145242215,0.0701300264526451,0.0355629966276098
0.504653320210923,0,0.118697242202442,0,0.376649437586635,0.180741719141013,0.241618543271135,0.0872374955696149,0.0230311646028456
0.513074067898514,0,0.0783115295393008,0,0.408614402562185,0,0.24034165735107,0.12653676095614,0
0.47732683706228,0,0.131322177493947,0,0.391350985443773,0.218639011978268,0.162543061840224,0.070113789219105,0.0209608599915809
0.484301725721885,0,0.109356675321071,0,0.406341598957045,0.193768527608183,0.095674586919718,0.14207869828855,0
0.397288403482011,0,0.201294024569884,0,0.401417571948106,0.0160148843764427,0.247537736177339,0.077421571687775,0.0142164019032831
0.484371005789744,0,0.145789035820316,0,0.36983995838994,0.0812489805827333,0.159737132737221,0.164460569493588,0.0159470970760527
0.546617460411142,0,0.135560735997908,0,0.31782180359095,0.292003581376538,0.183051752956931,0.136265978900796,0.0530261366805237
0.501477558079341,0,0.112089149499383,0,0.386433292421277,0.077937589177186,0.0762433007755926,0.101424823968387,0.0194091972452801
0.438185306774665,0,0.131329950397526,0,0.430484742827809,0.0634034647295086,0.139158533366349,0,0.0372795992376444
0.528818554391851,0,0.146282650146831,0,0.324898795461319,0.0880607789277793,0.163966147319413,0.0806939801258767,0.0325657733991787
0.541548539429582,0,0.0944078956962113,0,0.364043564874207,0.0954980591959808,0.0694062149881627,0.0156766035339279,0.0131824399762983
0.5870334955449,0,0.131129602928777,0,0.281836901526324,0.0611275023177668,0.0557031436538139,0.274774119822277,0.0289152456817747
0.40569787741506,0,0.232325879175749,0,0.36197624340919,0.0382519783431965,0.150288349115252,0.0365226206453548,0.00842158275632361
0.470660882614665,0,0.14635390265143,0,0.382985214733905,0.116927911185324,0.226556413719992,0.0278373893541262,0.0394517920299548
0.469462380560154,0,0.111267905887739,0,0.419269713552107,0.0755060579057539,0.120901503976832,0.0327790637307589,0.00277146479370322
0.505972471960571,0,0.10139645982672,0,0.392631068212709,0.0895623695263855,0.102723308358836,0.0835557876572783,0.0163789374307752
0.49994265462085,0,0.154759269163255,0,0.345298076215895,0.168550086065496,0.241764504790252,0.0553923366580221,0.0431347808779493
0.531621463912586,0,0.157297007297242,0,0.311081528790171,0.0248606440047942,0.11928297895358,0.10817413623743,0.00845752111093439
0.522691206791693,0,0.155836413066347,0,0.32147238014196,0.0377989391068031,0.271831416445424,0.183770288781526,0.0276227899746937
0.498473712011141,0,0.116051542484939,0,0.385474745503919,0.0288701635167157,0.0964094111656314,0.188861419356129,0.0157053926630642
0.457273365161766,0,0.143767698350466,0,0.398958936487768,0.0998111670077784,0.164596083492829,0.13584754335409,0
0.474985683987675,0,0.129511247591355,0,0.395503068420969,0,0.162339182326504,0.126567813636673,0.0284073384650981
0.44979485853947,0,0.164133228424192,0,0.386071913036338,0.067936143801308,0.108991023284544,0.122855277691764,0.0322178280053581
0.487045524495926,0,0.0916197709933718,0,0.421334704510702,0.101716018513421,0.124105875489114,0.0276835275352378,0.00781152745553682
0.595446875201165,0,0.0663494614411378,0,0.338203663357697,0.0208626555352111,0.180289002795964,0.057135296600307,0.0100107268537706
0.478767672239798,0,0.0926740750969747,0,0.428558252663227,0.217067774338119,0.10646563658201,0.0457436892063211,0.00781014176402822
0.454401414104371,0,0.195601830456546,0,0.349996755439083,0.0424937779583589,0.183277238968388,0.121977958232238,0.0269713138974191
0.572032678441206,0,0.0763509194855658,0,0.351616402073228,0.00886762105287094,0.0612681125797827,0.0761562985269999,0.0125635933018971
0.518005863968863,0,0.152263043664383,0,0.329731092366754,0.0241176742222603,0.17682193109375,0.08522566324927,0.0084285374065104
0.574919483984807,0,0.110251493588717,0,0.314829022426476,0.0322232485289365,0.195475762950888,0.109584325444166,0.0303737599352176
0.450130435257217,0,0.134337875078581,0,0.415531689664203,0.0666671697585174,0.27588581895164,0.158287110691814,0.0126380160766819
0.46422044784087,0,0.0979135154947168,0,0.437866036664414,0.06743412065906,0.111248457202276,0.0106436604846745,0.00388243976400419
0.546654208951974,0,0.0881897167476594,0,0.365156074300367,0.225761985777302,0.115907485649285,0.123248742730939,0.0128935375140535
0.490307867456342,0,0.109607355206349,0,0.400084777337309,0.388267184596485,0.202710854400026,0.0564275986111781,0.0261422909166391
0.455674811190802,0,0.16340659532857,0,0.380918593480628,0,0.142009689085225,0.0323366384427408,0.0201659552515123
0.479245393808362,0,0.102144739684397,0,0.418609866507241,0.186195909604276,0.181110330799853,0.112423325753043,0.0248976453285482
0.525756742005655,0,0.162868141404534,0,0.311375116589811,0.261989026668191,0.157750163965651,0.0555053814183548,0.028548925088953
0.494191363256837,0,0.144305847800267,0,0.361502788942896,0.069949471106898,0.271138414708088,0.134048722943986,0
0.585717945539987,0,0.117337778250775,0,0.296944276209238,0.21335215378996,0.15296525852708,0.0839121148290546,0.0190163531747853
0.498659455224601,0,0.106285687444211,0,0.395054857331189,0.136865968073643,0.126463282237197,0.046990126880592,0.0374746284707329
0.519532663935187,0,0.0994058872429429,0,0.38106144882187,0.24790923597933,0.156312048642871,0.123977524284183,0.0173648642260601
0.611867966106318,0,0.152697354653791,0,0.235434679239891,0.05505953947074,0.169372410284593,0.112764124923161,0.0307848224319084
0.504321152149768,0,0.0619743006134956,0,0.433704547236736,0,0.139876624921534,0.0079765072253349,0.00783608670526128
0.526200428736105,0,0.125245904635255,0,0.34855366662864,0.248643353774875,0.101189072243282,0.101826706683818,0.00379577242997296
0.583331610645674,0,0.101855454041229,0,0.314812935313097,0.5,0.134455595795804,0.0862531005818241,0.0350892631451875
0.504030163489952,0,0.192852481592536,0,0.303117354917512,0.134401197652574,0.186715856747747,0.113437337096379,0.0324254070042213
0.46723725098521,0,0.0703983243428673,0,0.462364424671922,0.0279525515301074,0.113056625862188,0.0410727397928911,0.00124304159480238
0.497385803964441,0,0.170020345394606,0,0.332593850640954,0.0508535893565776,0.123498081263082,0.0850385127065561,0.017372088533397
0.486756929931475,0,0.159844423749394,0,0.353398646319131,0.0916483003506377,0.14548877693861,0.0547406300074089,0.0333753148745589
0.504015671812726,0,0.121046229777498,0,0.374938098409775,0.112029854882541,0.105928771713648,0.10283474021532,0.0245951172707771
0.59755886857116,0,0.112319230832276,0,0.290121900596563,0,0.131795087470543,0.106175490435528,0.0312792192270909
0.50032353550464,0,0.118755773335077,0,0.380920691160283,0.091916140965163,0.0820865804441929,0.061344700350191,0.0190093689398326
0.488197684449303,0,0.0819392372082319,0,0.429863078342465,0.0592685051854168,0.0766807450954287,0.163379298075319,0.0208512633080145
0.542567907010281,0,0.137441775605552,0,0.319990317384167,0,0.142287436879199,0.114005242468254,0.0114142212757444
0.527547277537762,0,0.127246043899054,0,0.345206678563183,0.200950994942752,0.166321141269193,0.0831530007539274,0.0198283088921052
0.531290102111569,0,0.125515886743806,0,0.343194011144625,0.228702332962639,0.161821250024165,0.113850229886575,0.0055836041197158
0.438484102545883,0,0.15553781708886,0,0.405978080365257,0.149386052412169,0.179334033572577,0.0794915942898805,0.0185883950674812
0.532233293230084,0,0.169235744934007,0,0.29853096183591,0.0465739069763966,0.138860442810803,0.126972645767765,0.0479912930674227
0.503378292375584,0,0.152992485821596,0,0.34362922180282,0.266486657228818,0.129293858367616,0.100311929678455,0.0205236949528114
0.50831324484355,0,0.158016784857209,0,0.333669970299241,0,0.0718184287655205,0.0509931961839569,0.0287031007226312
0.52950918330408,0,0.0969130028589808,0,0.373577813836939,0,0.127606400866327,0.0834117675311891,0.0047252175680162
0.605170504685845,0,0.104924054828316,0,0.289905440485839,0.195965969921008,0.16690598975498,0.104487068053252,0.0126748463542883
0.55000376157625,0,0.0836633734230039,0,0.366332865000746,0.0787514960957145,0.102948622454135,0.136692733419666,0
0.431393735499358,0,0.184513116717396,0,0.384093147783246,0.21564668350701,0.193440426671457,0.154490344550331,0.0518632591199277
0.509606993889934,0,0.10632405276148,0,0.384068953348586,0.145249130900688,0.154023526457058,0.0634811272530395,0.0145521441627425
0.513196179220987,0,0.107178627210266,0,0.379625193568747,0,0.103530414250875,0.095891495411436,0.0271005399562828
0.459776186433907,0,0.143596728368555,0,0.396627085197537,0.00952449773586518,0.092619517814973,0.0974273636148539,0.0157398023743189
0.522222316437135,0,0.144048464258303,0,0.333729219304561,0.131154916406051,0.132824073708492,0.133821536089565,0.0135295332599427
0.498687230133429,0,0.102267954082221,0,0.399044815784351,0.17407624460503,0.19634312120062,0.08911146025941,0.0233022093604756
0.493628229537432,0,0.164693232774875,0,0.341678537687693,0.0834797579847155,0.169347036778755,0.0617821127527187,0.015738366462303
0.515980035590142,0,0.101756640332983,0,0.382263324076875,0.252419736110671,0.203650160348824,0.0125617490960238,0.0176761542745546
0.475653538885338,0,0.116042005307208,0,0.408304455807454,0.0406562551107974,0.0862709503807764,0.0822282027964185,0.0180738592183934
0.529375795913707,0,0.192816878932893,0,0.2778073251534,0.180314156443649,0.198326730595624,0.0994314640480034,0.0380689026809872
0.50278480119668,0,0.127965180700632,0,0.369250018102687,0.115106105269065,0.138362672057884,0.0895754043192565,0.00778633907408205
0.580352363915077,0,0.0859328247284759,0,0.333714811356447,0.000405045928087402,0.166290976520296,0.139185296914387,0.0348030964706343
0.481551188538158,0,0.153418242250648,0,0.365030569211194,0.0208838549754119,0.111776138634209,0.108883943303053,0.00906195953602578
0.58115293199569,0,0.11430599637851,0,0.3045410716258,0,0.0600246269477467,0.122691214688585,0.0352713694327554
0.459530005942516,0,0.163034072643233,0,0.377435921414251,0.23618780631087,0.325319021887427,0.12990768307814,0.0210850987331183
0.530444547861736,0,0.138327731567167,0,0.331227720571097,0.144649337418364,0.0878814230617047,0.0755369334135161,0.027743549149883
0.494748327891487,0,0.108144290610493,0,0.39710738149802,0.00670506022611282,0.179443535254936,0.0588407940717145,0.019445834228578
