"replicate","lr","ll_full","ll_restr","pi_full_self","pi_full_self_mob","pi_full_self_mer","pi_full_self_mob_mer","pi_full_rand","tr_full_spec","tr_full_high","tr_full_medium","tr_full_low","pi_restr_self","pi_restr_self_mob","pi_restr_self_mer","pi_restr_self_mob_mer","pi_restr_rand","tr_restr_spec","tr_restr_high","tr_restr_medium","tr_restr_low"
1,0,-1114.46224697579,-1114.46224338467,0.528111545742611,0.183701481519298,5.61947094763764e-08,5.61947094763764e-08,0.288186860348672,0.092254585435053,0.259173977646007,0.104959263787282,0.0133193275117408,0.528111605096767,0.183701502165403,0,0,0.28818689273783,0.092254585435053,0.259173977646007,0.104959263787282,0.0133193275117408
2,8.59562942423509e-06,-1108.39951103698,-1108.39951533479,0.479734429705769,0.225002761309041,6.88288668101574e-08,6.88288668079298e-08,0.295262671327456,0.435462037121011,0.161255419733224,0.106052595973682,0.00513481140047274,0.479734495745284,0.225002792282264,0,0,0.295262711972452,0.435462037584362,0.161255420915146,0.106052595973682,0.00513489110378298
3,3.64901643479243e-06,-1179.68693426054,-1179.68693608505,0.469272039170046,0.244350411690451,7.47473579516854e-08,7.47473579516854e-08,0.286377399644787,0.415406957673126,0.178640463352325,0.206179393323958,0.021678322083675,0.469272109323746,0.244350448219552,0,0,0.286377442456702,0.415406957673126,0.178640463352325,0.206179393323958,0.021678322083675
4,0,-1204.36642615512,-1204.36641698209,0.436566680616799,0.19350714261899,5.91942839608269e-08,5.91942839608269e-08,0.369926058375643,0.401035746585506,0.153128599429464,0.202540404456114,0,0.436566732301309,0.193507165528027,0,0,0.369926102170664,0.401035746585506,0.153128599429464,0.202540404456114,0
5,0.034868096982791,-1115.55509975524,-1115.57253380373,0.495694009463859,0.189528381876361,2.57195292037527e-186,0.00158215851593861,0.313195450143841,0.300410226626955,0.161687173699489,0.106646408621204,0.0109234009607037,0.495609297839954,0.190790421331388,0,0,0.313600280828657,0.30013025189812,0.162466540061858,0.106568514598412,0.0109240601530214
6,1.83165547401359,-1206.58698152172,-1207.50280925872,0.479086510193374,0.127405360285967,0.00469354056782164,4.01652741405865e-73,0.388814588952838,0.0256651440646487,0.206900407329701,0.118065765042014,0.0254008939232272,0.483263199023666,0.127363492847057,0,0,0.389373308129277,0.0238371361877552,0.206649559043498,0.13029958919614,0.025441533737235
7,0,-1101.90398609119,-1101.90397582446,0.435185431634608,0.274312016454586,8.39126823749931e-08,8.39126823749931e-08,0.290502384085441,0.26553412970953,0.174040981702085,0.150037149776429,0.0126545048393651,0.435185504669774,0.274312062491108,0,0,0.290502432839117,0.26553412970953,0.174040981702085,0.150037149776429,0.0126545048393651
8,0,-1142.73143319064,-1142.73142096849,0.497718993345503,0.20318672728985,6.21552913731368e-08,6.21552913731368e-08,0.299094155054064,0.247085135187107,0.272095956392401,0.114788861162167,0.0129542592274195,0.497719055217249,0.203186752548114,0,0,0.299094192234638,0.247085135187107,0.272095956392401,0.114788861162167,0.0129542592274195
9,2.00314459098809,-1120.18949684656,-1121.19106914205,0.541004805171786,0.141452341937864,1.28924118680091e-07,0.0216590829159292,0.295883641050302,0.154771994877394,0.165910494131485,0.127350326694506,0.00484228540232415,0.549180273345622,0.144358977187525,0,0,0.306460749466853,0.107859476473591,0.166861073730696,0.125705525816943,0.00483821269342405
10,1.93789214488288,-1233.98504437666,-1234.9539904491,0.453433121251675,0.145179179933795,5.63777905335647e-23,0.0321959810860271,0.369191717728503,0.223923018256985,0.225455035607888,0.141600137576052,0.0242063031950417,0.44461044474837,0.179724340585745,0,0,0.375665214665885,0.320580798864621,0.220272102612701,0.142133047992561,0.0237056832401066
11,0,-1151.79566875835,-1151.79566872092,0.433665581801359,0.23362199798515,3.52521075466945e-10,2.51145934549627e-09,0.33271241734951,0.139264809841947,0.174339807875401,0.145209804607163,0.0153873182359052,0.433665406317329,0.233621988066265,0,0,0.332712605616406,0.139264586951059,0.174339624018193,0.145210230644106,0.0153872847141855
12,0,-1187.9851272206,-1187.9851231334,0.464194483899089,0.209305094716989,6.40269141667814e-08,6.40269141667814e-08,0.326500293330093,0.170883900586301,0.237089132168198,0.179480686136757,0.0145176525910129,0.464194543340978,0.209305121519311,0,0,0.326500335139711,0.170883900586301,0.237089132168198,0.179480686136757,0.0145176525910129
13,0.959490272432959,-1209.57797611756,-1210.05772125378,0.499462218826745,0.150794830235474,1.10956509072736e-19,0.0158364687226347,0.333906482215147,0.197142767890749,0.273642672388489,0.16854741709134,0.0105096185313436,0.50780899603995,0.156559413758155,0,0,0.335631590201895,0.18667120106715,0.284547515168002,0.169231684485468,0.01051040624863
14,9.31939712245367e-06,-1216.62207259563,-1216.62207725533,0.404580196972422,0.222013170854939,6.79143441464942e-08,6.79143441464942e-08,0.373406496343951,0.155107568421313,0.161564707845417,0.187363640547417,0.0170243862223901,0.404580251926027,0.222013201010701,0,0,0.373406547063272,0.155107568421313,0.161564707845417,0.187363640547417,0.0170243862223901
15,0,-1220.97449295687,-1220.97448790041,0.476189034618377,0.149339717727667,4.5683366195981e-08,4.5683366195981e-08,0.374471156287224,0.234979376404648,0.225578603379707,0.10361104912577,0.0162505622619604,0.476189078126217,0.14933973137235,0,0,0.374471190501433,0.234979376404648,0.225578603379707,0.10361104912577,0.0162505622619604
16,0,-1174.49960334658,-1174.4995942184,0.444874790299392,0.182464519108918,5.58163198046677e-08,5.58163198046677e-08,0.372660578959051,0.28316820628259,0.153681526046497,0.103281953726002,0.00695885246916527,0.444874839961945,0.182464539477916,0,0,0.372660620560139,0.28316820628259,0.153681526046497,0.103281953726002,0.00695885246916527
17,0,-1150.75182028134,-1150.75180743832,0.443857731036962,0.249742552685781,7.63968259892424e-08,7.63968260131011e-08,0.306399563483605,0.229480113390103,0.214430962008746,0.154553425101775,0.00572451221210994,0.443857799532192,0.24974258970124,0,0,0.306399610766568,0.229480110338345,0.214430974215778,0.154553440360564,0.0057244282887701
18,8.6459475031188,-1158.13040907118,-1162.45338282274,0.450227995687038,0.213702215779013,0.0224476382088998,0.0247021041272938,0.288920046197755,0.164221511238506,0.22682419676953,0.121425894713637,0.019425436619763,0.429739576449491,0.266753675100879,0,0,0.303506748449631,0.201266688896007,0.240513221807102,0.121194926930932,0.0109510454758879
19,0,-1184.06863896339,-1184.06863273663,0.505920054184558,0.124670983293576,3.81371430887492e-08,3.81371430887492e-08,0.36940888624758,0.445698902765813,0.143716832912081,0.144304727788288,0.0159028551111059,0.505920092773252,0.124670992802767,0,0,0.369408914423981,0.445698902765813,0.143716832912081,0.144304727788288,0.0159028551111059
20,6.02278760197805e-07,-1118.69828965078,-1118.69828995191,0.540150856366667,0.16854001618363,5.15567820479879e-08,5.15567820479879e-08,0.291309024336139,0.201033210586658,0.139956593509499,0.157961310022371,0.019528167782365,0.540150912063552,0.168540033562394,0,0,0.291309054374054,0.201033210586658,0.139956593509499,0.157961310022371,0.019528167782365
21,0,-1164.82777730674,-1164.82777097084,0.514710500131379,0.172292659801984,5.27047244388585e-08,5.27047244388585e-08,0.312996734657188,0.234553036126572,0.160711930901397,0.165620289806358,0.0149334256729035,0.514710554386735,0.17229267796326,0,0,0.312996767650005,0.234553036126572,0.160711930901397,0.165620289806358,0.0149334256729035
22,0,-1211.80328675191,-1211.80327680522,0.473461225470622,0.155438823597795,4.75490968346393e-08,4.75490968346393e-08,0.37109985583339,0.247782411790658,0.168451652892105,0.159481559294992,0.012089145597056,0.473461270495933,0.155438838379747,0,0,0.371099891124319,0.247782411790658,0.168451652892105,0.159481559294992,0.012089145597056
23,0,-1187.94713320439,-1187.94712668449,0.457347836939596,0.15325452761171,4.68809156238334e-08,4.68809156238334e-08,0.389397541686862,0.131551612778151,0.143869420834177,0.123919244826964,0.0108703034957621,0.457347879821371,0.153254541981137,0,0,0.389397578197492,0.131551612778151,0.143869420834177,0.123919244826964,0.0108703034957621
24,0,-1103.93026991982,-1103.93026482064,0.521295459897064,0.191846169314663,5.86861883727415e-08,5.86861883727415e-08,0.286858253415897,0.349738706598519,0.202470087542435,0.135082152262941,0.00465096991079184,0.521295521082758,0.191846191832107,0,0,0.286858287085135,0.349738706598519,0.202470087542435,0.135082152262941,0.00465096991079184
25,0,-1165.88447041333,-1165.8844532791,0.458601390354739,0.201242422402847,6.15605239964395e-08,6.15605239964395e-08,0.340156064121365,0.131882149047492,0.214006275219737,0.11221625387519,0.0060558193051311,0.45860144681823,0.201242447180028,0,0,0.340156106001742,0.131882149047492,0.214006275219737,0.11221625387519,0.0060558193051311
26,3.62409477562869,-1124.43952293994,-1126.25157032775,0.504416399962177,0.173470762368422,6.08223563302446e-12,0.00757804208424492,0.314534795579074,0,0.195323681594322,0.129250525025613,0,0.507264450827487,0.17735362043319,0,0,0.315381928739323,0,0.209417457374321,0.129020593914844,0
27,0.375139289031267,-1124.89996443797,-1125.08753408248,0.532966495918741,0.17974958808633,0.00765073130334276,5.61783268250006e-27,0.279633184691586,0.168530619644859,0.197676703718524,0.135670768925545,0.0189664224702327,0.541741490945595,0.179351594549315,0,0,0.27890691450509,0.169149711082099,0.196440135299659,0.144126684425827,0.018977948012038
28,0,-1159.01235283734,-1159.01234465984,0.477266881389815,0.219961260383184,6.72866599717224e-08,6.72866599717224e-08,0.302771723653681,0.313227459290644,0.240805420003825,0.118074336513888,0.01872093399858,0.477266945617212,0.219961289984105,0,0,0.302771764398683,0.313227459290644,0.240805420003825,0.118074336513888,0.01872093399858
29,0,-1160.45950014812,-1160.45949170562,0.448155377967151,0.199400836338911,6.09971785460777e-08,6.09971785460777e-08,0.35244366369958,0.132644661539246,0.151630125251926,0.0917830452865201,0.0298070975937356,0.448155432639585,0.199400860664691,0,0,0.352443706695724,0.132644661539246,0.151630125251926,0.0917830452865201,0.0298070975937356
30,6.41354596019301,-1090.46373410571,-1093.67050708581,0.547560831584433,0.167254839738924,0.00577623840677283,0.0276743435262281,0.251733746743642,0.17978176870003,0.178315924236383,0.114837502702628,0.00504040929429132,0.557986489027909,0.184136197556932,0,0,0.257877313415159,0.21915058301098,0.182982411468795,0.123799242279515,0.00504273185705219
31,0,-1174.58833035496,-1174.58831618815,0.49158837494088,0.245513932744263,7.51032817419993e-08,7.51032817419993e-08,0.262897542108293,0.437707759063353,0.317836029629155,0.212500384348337,0.00913081536380653,0.491588448780692,0.245513969622072,0,0,0.262897581597236,0.437707759063353,0.317836029629155,0.212500384348337,0.00913081536380653
32,0,-1141.87953329703,-1141.87952653836,0.505192711466444,0.222870896589906,6.81767244391747e-08,6.81767244391747e-08,0.271936255590202,0.150107607297664,0.199704815831223,0.175754434009879,0,0.505192780351222,0.222870926979125,0,0,0.271936292669653,0.150107607297664,0.199704815831223,0.175754434009879,0
33,2.53009829116036,-1150.15347551727,-1151.41852466285,0.487381371338332,0.149956605769789,0.0140321472308029,0.0123980182554923,0.336231857405584,0.192340093292467,0.162970098476798,0.125254827722217,0.00953925744492379,0.502536902862646,0.155020913134106,0,0,0.342442184003248,0.188309911249865,0.16661579861727,0.141046825871644,0.00555892047434128
34,1.99663517718045,-1135.43978805175,-1136.43810564034,0.529198508804001,0.15470331885817,3.25274175855685e-19,0.0175237926971493,0.298574379640679,0.0970925059678585,0.231346234168087,0.133845131278845,0.00934233646467124,0.533251614751074,0.171950625971761,0,0,0.294797759277165,0.130202107983441,0.246635162423471,0.135084281292927,0.00934964963688993
35,0,-1124.58255007017,-1124.58254741986,0.435663591955036,0.264937599100613,8.104502635306e-08,8.10450263276637e-08,0.299398646854298,0.176175562171287,0.184269538597947,0.0996980710037795,0.0109308450067485,0.435663662200499,0.264937642221804,0,0,0.299398695577696,0.176175563563072,0.184269540833137,0.0996980697261061,0.0109308893074377
36,6.06156058070883,-1144.58554713772,-1147.61632742808,0.490806788825102,0.171271539603577,0.00324891688523167,0.042665602911846,0.292007151774243,0.186370301007118,0.229700722782107,0.121972222750935,0.00573092570406164,0.49080129691076,0.211019685905701,0,0,0.298179017183539,0.21764721442184,0.246068308048166,0.128180889406331,0.00577379448518685
37,0.543498522721166,-1126.79797432126,-1127.06972358262,0.536923407734401,0.146733420777355,0.0151223965668566,0.00960444689654804,0.29161632802484,0.262131416782598,0.170069995924908,0.153852293906825,0.0046969639540227,0.556689231974321,0.150959240734126,0,0,0.292351527291553,0.250994371060202,0.168743267459521,0.167409445406805,0.00470346575842836
38,0,-1147.86328552733,-1147.863274871,0.496435927042249,0.185017610821259,5.65973164839268e-08,5.65973164839268e-08,0.318546348941859,0.458419657910041,0.178563942338701,0.122511824013476,0.00515217517826204,0.496435983236138,0.185017631764262,0,0,0.3185463849996,0.458419657910041,0.178563942338701,0.122511824013476,0.00515217517826204
39,0,-1164.67213275904,-1164.67211731325,0.462949415841544,0.201676346487398,6.16932623808251e-08,6.16932623808251e-08,0.335374114284533,0.121505330944837,0.148048910081356,0.168903132391556,0.0165669426701854,0.462949472963271,0.201676371371544,0,0,0.335374155665185,0.121505330944837,0.148048910081356,0.168903132391556,0.0165669426701854
40,1.60528757554175,-1166.68950452037,-1167.49214830814,0.474737841835609,0.152675159159672,4.51036567545013e-19,0.00936060866797794,0.363226390336741,0.121690954135243,0.214185495658011,0.0932948285473155,0,0.473268780784143,0.160082569882322,0,0,0.366648649333536,0.147998748048408,0.213184307047632,0.0956639976678307,0
41,0.958025595417439,-1199.67642075164,-1200.15543354935,0.50207646323173,0.114695237926989,1.45942293006319e-11,0.024070421049375,0.359157877777311,0.180087433403769,0.229656974351436,0.128851949810956,0.00863193147037259,0.497782320925167,0.138800906713064,0,0,0.363416772361769,0.241166269059515,0.221656005955054,0.132049556628957,0.00594430303732705
42,0,-1084.4341169565,-1084.43411009091,0.509180536023169,0.254349822166762,7.23365679020877e-08,7.23365679020877e-08,0.236469497136933,0.28742136928878,0.222460771173236,0.153101318985011,0.011755837149128,0.509180609687925,0.254349858964353,0,0,0.236469531347722,0.28742136928878,0.222460771173236,0.153101318985011,0.011755837149128
43,0,-1199.51218102156,-1199.51217024006,0.470484224465681,0.169775972151027,5.19348638464525e-08,5.19348638464525e-08,0.359739699513565,0.281938161974444,0.1480706983849,0.159192636559837,0.0221035693815902,0.470484273334754,0.169775989785613,0,0,0.359739736879633,0.281938161974444,0.1480706983849,0.159192636559837,0.0221035693815902
44,1.50504217545631,-1141.35797027167,-1142.1104913594,0.497186138512217,0.204917313788267,1.21895353852859e-22,0.0103207781066567,0.28757576959286,0.11116607079332,0.229021034156454,0.174629927827309,0,0.500596362986912,0.210499351389917,0,0,0.288904285623171,0.12939356089116,0.231841652482927,0.174340734851701,0
45,3.38748617027932,-1208.40367438703,-1210.09741747217,0.424898020298471,0.239064301790535,2.58575926180779e-24,0.0407729252350023,0.295264752675991,0.388015754370744,0.254429538295054,0.203329695247308,0.00585068147906028,0.410509130695003,0.292073012426105,0,0,0.297417856878892,0.441486374747415,0.26319766609622,0.211929115630066,0.00574733571596199
46,0,-1096.64755801318,-1096.64754820387,0.549826368611531,0.177570138796013,5.43191175095318e-08,5.43191175095318e-08,0.272603383954221,0.173170247322701,0.180783239658901,0.14462149949788,0,0.549826428343703,0.177570158086922,0,0,0.272603413569375,0.173170247322701,0.180783239658901,0.14462149949788,0
47,3.33498147235332,-1116.43861637076,-1118.10610710694,0.505150700056058,0.176109610073603,0.007123116676432,0.0130577319162176,0.298558841277689,0.0912905310373632,0.167698866858487,0.166824314955065,0.00881890951217206,0.495310257338028,0.206341852804344,0,0,0.298347889857628,0.119283842486695,0.190679609036609,0.16367402139232,0.0088255738835286
48,0,-1162.40337895292,-1162.4033747518,0.441274541771321,0.236849039841841,7.24526708962486e-08,7.24526708962486e-08,0.321876273481496,0.118455823719616,0.227429178768142,0.153711237679228,0.0049781943790431,0.441274605714369,0.236849074162537,0,0,0.321876320123094,0.118455823719616,0.227429178768142,0.153711237679228,0.0049781943790431
49,0,-1165.82554705339,-1165.82553994039,0.480082001064576,0.198533577416059,6.07318837517706e-08,6.07318835532578e-08,0.321384300055598,0.187940975918363,0.18003996286665,0.129303782555212,0.0221734219250416,0.480082081359413,0.198533609528201,0,0,0.321384309112386,0.187940873673409,0.180040052973205,0.129303906322791,0.0221735152595215
50,0,-1167.70998162912,-1167.70998158453,0.438280827132166,0.236492762735345,2.44089745954857e-09,7.60393038650488e-11,0.325226407615552,0.149013290176298,0.163504133488632,0.159789832990051,0.024725020224584,0.438280735109636,0.236492831343065,0,0,0.325226433547299,0.149013374031539,0.163504124357766,0.159789876300135,0.0247250178927456
51,0,-1199.29363047098,-1199.29362179249,0.451961425746604,0.175437746376735,5.36668137202539e-08,5.36668137202539e-08,0.372600720543033,0.5,0.174238708015351,0.18073229331247,0.00476258099262347,0.451961474257269,0.175437765207107,0,0,0.372600760535625,0.5,0.174238708015351,0.18073229331247,0.00476258099262347
52,0,-1144.86332387781,-1144.86331607978,0.468282600228602,0.186652061362703,5.70972986973002e-08,5.70972986973002e-08,0.345065224214098,0.151910475992612,0.205473686321153,0.071940247224919,0.00603486991321203,0.468282653703951,0.186652082677363,0,0,0.345065263618686,0.151910475992612,0.205473686321153,0.071940247224919,0.00603486991321203
53,4.1607090679463e-06,-1145.16950106211,-1145.16950314246,0.452627709162675,0.212252859273314,6.49286647428462e-08,6.49286644571203e-08,0.335119301706682,0.258229297730404,0.1752576451092,0.119059879332955,0.00928075357039324,0.452627711636896,0.212252951433562,0,0,0.335119336929542,0.258230102385724,0.175257596142744,0.119059945702004,0.00928082378246206
54,1.47858426994981,-1240.30201034261,-1241.04130247759,0.416022504973218,0.134835554839346,0.0105141402127004,0.00718131685591344,0.431446483118822,0.188210639222611,0.190701668782251,0.148446475639839,0.0107413569291143,0.425696440230526,0.143573997375822,0,0,0.430729562393653,0.242970388474936,0.198987578995701,0.161527325723394,0.010747872491774
55,2.54914561259284,-1080.56622538473,-1081.84079819103,0.58392430398721,0.163772930721717,0.0101221828542446,0.0073214524216052,0.234859130015223,0.226743628565797,0.173049426247604,0.169368269708757,0.00842154851482971,0.596014259936828,0.163369065877449,0,0,0.240616674185723,0.212196509738823,0.17924965530952,0.176145522787236,0.00841781688058637
56,2.32366685285433,-1211.1735595247,-1212.33539295113,0.435955843519101,0.168862965579439,2.34266503473325e-20,0.0149588898995707,0.38022230100189,0.151952450650274,0.235010717526111,0.132405608461799,0.00610905799554991,0.438942992485132,0.177426639208374,0,0,0.383630368306494,0.174732381764354,0.241160222330482,0.132497494879224,0.00612022679297054
57,0,-1139.32288923548,-1139.32288367479,0.463208212078093,0.247801362314665,7.58030445637166e-08,7.58030408521655e-08,0.288990274001157,0.389061212716336,0.204030326361813,0.1244268900236,0,0.463207983279383,0.247801565970336,0,0,0.288990450750282,0.389061533865706,0.204030372684309,0.124427373430485,0
58,0.430416677140784,-1150.82323184884,-1151.03844018741,0.520205254393033,0.146470991231129,2.32447598988299e-90,0.00528323789379756,0.32804051648204,0.199772117799539,0.16606859814927,0.137444364444744,0.00531977068950255,0.511596244701849,0.158527300874445,0,0,0.329876454423706,0.202991508964226,0.170078436221013,0.135955688373042,0.00531963179055723
59,0,-1118.70073306239,-1118.70072459656,0.506305467669156,0.199599928732505,6.10580813712723e-08,6.10580813712723e-08,0.294094481482177,0.322070211420284,0.164048255396082,0.197610705755517,0,0.506305529497244,0.199599953106885,0,0,0.294094517395871,0.322070211420284,0.164048255396082,0.197610705755517,0
60,0,-1120.85107675508,-1120.85106359613,0.480189369991927,0.16646638263057,5.09224527322361e-08,5.09224527322361e-08,0.353344145532598,0.118194190857259,0.107994541246958,0.0825502757228215,0,0.480189418896773,0.166466399584324,0,0,0.353344181518903,0.118194190857259,0.107994541246958,0.0825502757228215,0
61,4.95458607474575e-07,-1142.48356769226,-1142.48356793999,0.617738377119876,0.112291591953487,3.43502585514158e-08,3.43502585514158e-08,0.26996996222612,0.162009374004484,0.208762399686586,0.219470937680111,0.0233142561864266,0.617738419558825,0.112291599667978,0,0,0.269969980773197,0.162009374004484,0.208762399686586,0.219470937680111,0.0233142561864266
62,0,-1128.01776959601,-1128.01775829689,0.493149173532785,0.234345284602941,7.16867663587005e-08,7.16867663587005e-08,0.272505398490741,0.125966391454184,0.227915504325014,0.150020612388443,0.0195641521273511,0.493149244237334,0.234345318201858,0,0,0.272505437560808,0.125966391454184,0.227915504325014,0.150020612388443,0.0195641521273511
63,0,-1134.7932509306,-1134.79324750255,0.513809278437576,0.156401453826671,4.78435676554378e-08,4.78435676554378e-08,0.329789172048617,0.237289439471769,0.169155502570667,0.108987797590703,0.00956713313840303,0.513809327602519,0.15640146879228,0,0,0.329789203605202,0.237289439471769,0.169155502570667,0.108987797590703,0.00956713313840303
64,0,-1231.64340209531,-1231.64339434515,0.4205297357802,0.169170935144438,5.17497816221477e-08,5.17497816221477e-08,0.410299225575798,0.100211890107607,0.207352993667319,0.120861627447109,0.0181932936625795,0.420529779304849,0.169170952653558,0,0,0.410299268041593,0.100211890107607,0.207352993667319,0.120861627447109,0.0181932936625795
65,4.09766792918208,-1106.16898948496,-1108.21782344956,0.578227508850082,0.136533463458362,0.00430540963872506,0.0140167672731515,0.26691685077968,0.15168937256588,0.200127598126552,0.10682668535762,0.00487423030150234,0.584915642772849,0.148559932171586,0,0,0.266524425055565,0.199204953924188,0.213655755340666,0.108214322118729,0.00487921756486188
66,0.0237201962672771,-1132.24517066077,-1132.2570307589,0.539357715627642,0.143419821202784,0.0024009812456754,2.03079652149946e-13,0.314821481923695,0.157671950822488,0.210407772558024,0.0982387845402753,0.0095956311443542,0.541754238847167,0.143674868302363,0,0,0.31457089285047,0.15198604344494,0.210649526680569,0.100184677435478,0.00959647607112941
67,0.0175155236934188,-1151.63944138872,-1151.64819915056,0.523301390286098,0.134351985610498,0.00901765717639727,0.00868001469549389,0.324648952231513,0.0178168575126686,0.22221819094133,0.0868568936417756,0.0159020743157338,0.51847467242226,0.159975258418629,0,0,0.321550069159111,0.054113816584682,0.220515243389437,0.0980963321993474,0.0159068552008678
68,0.852264914661646,-1199.09058086446,-1199.51671332179,0.476728170451022,0.152554600481161,0.0031215113475695,0.03542998348755,0.332165734232698,0.248822675675418,0.173689259400647,0.165411118858115,0.0165271388387681,0.47571758979022,0.190803205526053,0,0,0.333479204683727,0.292550225428746,0.178161248914366,0.165764253123756,0.0121074309649422
69,0,-1188.8168504781,-1188.81684157428,0.392277761987737,0.247592338813199,7.57390709814319e-08,7.57390709814319e-08,0.360129747720922,0.258731868657527,0.175064356428778,0.181592873153105,0.00528283304973347,0.392277821409253,0.247592376318032,0,0,0.360129802272715,0.258731868657527,0.175064356428778,0.181592873153105,0.00528283304973347
70,0,-1142.86539791989,-1142.86538872893,0.512689341889194,0.192569244637609,5.89073787919283e-08,5.89073787919283e-08,0.294741295658439,0.275191549426324,0.171459630816251,0.172958408419925,0.0145568878485095,0.512689402291572,0.19256926732511,0,0,0.294741330383318,0.275191549426324,0.171459630816251,0.172958408419925,0.0145568878485095
71,5.08112520947179e-05,-1147.5850562824,-1147.58508168803,0.517584144252424,0.193511499201921,5.98085929527611e-08,5.97987072471944e-08,0.288904236938355,0.313431505100482,0.250361934218198,0.189054702095998,0.00430741833714108,0.51769797313997,0.193403419490168,0,0,0.288898607369862,0.313365870470519,0.250360241068915,0.189051934756411,0.00430732681793534
72,0,-1180.35501895052,-1180.35501846071,0.45814600756378,0.171347039528419,5.24154570028613e-08,5.24154570028613e-08,0.370506848076888,0.203919500763432,0.154918597667306,0.172932358701343,0.0144252909161352,0.458146055591649,0.171347057490887,0,0,0.370506886917463,0.203919500763432,0.154918597667306,0.172932358701343,0.0144252909161352
73,0,-1116.65122287096,-1116.65120385271,0.434879227097841,0.241355923395784,7.38313370336314e-08,7.38313370336314e-08,0.3237647018437,0.0887717900215772,0.124178985563039,0.14393760097399,0.00958678435473899,0.434879291313281,0.24135595903505,0,0,0.323764749651669,0.0887717900215772,0.124178985563039,0.14393760097399,0.00958678435473899
74,0,-1156.93823017889,-1156.93822689703,0.517708537657209,0.208458859555376,6.37680488671538e-08,6.37680488671538e-08,0.273832475251316,0.226883427706261,0.231424783108786,0.210234826414214,0,0.517708603683745,0.208458886141409,0,0,0.273832510174846,0.226883427706261,0.231424783108786,0.210234826414214,0
75,0,-1182.96624450229,-1182.96623755177,0.406932915070618,0.261653299271275,8.00403514140415e-08,8.00403514140415e-08,0.331413625577405,0.236438206071371,0.24487490721881,0.131169021050646,0.00551300043141878,0.406932980212735,0.261653341156925,0,0,0.331413678630339,0.236438206071371,0.24487490721881,0.131169021050646,0.00551300043141878
76,0,-1172.21432405665,-1172.21431328377,0.475382010422523,0.203550373451687,6.22665315778842e-08,6.22665315778842e-08,0.321067491592727,0.225751177889738,0.201488278192436,0.170976041710212,0.0189170918254387,0.475382069623308,0.203550398800441,0,0,0.32106753157625,0.225751177889738,0.201488278192436,0.170976041710212,0.0189170918254387
77,1.56440546561498e-06,-1144.25635064947,-1144.25635143167,0.53166238273393,0.190654848531251,5.83217605806337e-08,5.83217605806337e-08,0.277682652091298,0.283058171838828,0.227778003885817,0.159729488487716,0,0.53166244474891,0.190654870769906,0,0,0.277682684481184,0.283058171838828,0.227778003885817,0.159729488487716,0
78,0,-1134.37143305262,-1134.3714234554,0.488934713007511,0.203178017978142,6.21526271744751e-08,6.21526271744751e-08,0.307887144709093,0.292667279322085,0.171486169182001,0.146065142734678,0.00483473267272751,0.488934773784672,0.20317804323424,0,0,0.307887182981088,0.292667279322085,0.171486169182001,0.146065142734678,0.00483473267272751
79,0,-1084.90373580941,-1084.90372101812,0.512181520216712,0.229817300338875,7.0301645465127e-08,7.0301645465127e-08,0.258001038841122,0.326107536096331,0.227310145243399,0.120202217147852,0,0.512181592231129,0.229817332651949,0,0,0.258001075116922,0.326107536096331,0.227310145243399,0.120202217147852,0
80,4.74237140224432e-06,-1193.61108201659,-1193.61108438777,0.489073396990153,0.167225688071666,5.11547261493206e-08,5.11547261156831e-08,0.343700812628729,0.196997697763802,0.204487382642695,0.136469601659551,0.0151663726093179,0.489073446985151,0.167225705194299,0,0,0.34370084782055,0.196997699724535,0.204487384389263,0.136469603181972,0.0151664363220524
81,0,-1167.52977701497,-1167.52976582273,0.46348840253522,0.182534930612072,5.58378588468724e-08,5.58378588468724e-08,0.353976555176991,0.194675363171853,0.173741503439401,0.177373055404816,0,0.463488454295625,0.182534950996793,0,0,0.353976594707581,0.194675363171853,0.173741503439401,0.177373055404816,0
82,0.002153720883598,-1127.53985423429,-1127.54093109473,0.517730400736869,0.168665199019658,0.00365074375158489,4.26678193704793e-17,0.309953656491887,0.144265445733194,0.219080579090866,0.111418433294728,0,0.513805523600938,0.175903167711037,0,0,0.310291308688025,0.15026313943411,0.218637978913312,0.113214357206923,0
83,0,-1110.43205070809,-1110.43203266898,0.466287013448921,0.243294781838807,7.44244383304767e-08,7.44244383304767e-08,0.290418055863395,0.206965855962115,0.134156165704326,0.176970894538926,0,0.46628708285523,0.243294818052968,0,0,0.290418099091802,0.206965855962115,0.134156165704326,0.176970894538926,0
84,4.67567972410825,-1157.36943041976,-1159.70727028182,0.441392491452515,0.187107746673789,0.00604804413264945,0.0276083835333183,0.337843334207728,0.201463378631681,0.184079591207648,0.0981961917177438,0.0106277616121931,0.446330801506722,0.221716408547189,0,0,0.331952789946089,0.30787810854419,0.216797842098997,0.0992689916525515,0.0105323934891484
85,9.07915950772986,-1042.88664677505,-1047.42622652891,0.572138826377269,0.14375749889928,4.90392697220331e-24,0.0412008056834677,0.242902869039983,0.122350814134561,0.184464155964781,0.087518004396887,0,0.563862041027533,0.185367171160301,0,0,0.250770787812166,0.165814795071866,0.193303037564394,0.0930904462366953,0
86,0.809846422574083,-1089.43205541172,-1089.83697862301,0.536279792433014,0.163255128895985,0.00981777972489024,0.0144388008529603,0.276208498093151,0.160902987033186,0.161027940319254,0.108779797790528,0.0129697482420817,0.531384760317751,0.188653455173803,0,0,0.279961784508446,0.185432648279246,0.165739862712802,0.116952412078743,0.0129716197760922
87,0.597825970161466,-1216.92557991203,-1217.22449289711,0.406166249291453,0.169062972220869,0.00516947201553563,2.09547173000467e-68,0.419601306472143,0.0200357047408378,0.164608266246164,0.144583915055167,0,0.402027049382583,0.173668766281105,0,0,0.424304184336312,0.0218379662598255,0.165382801737576,0.145100730069658,0
88,0.153391265655046,-1116.79932016694,-1116.87601579977,0.608060378026944,0.104722408681898,0.00738810800403079,0.00294634732498541,0.276882757962142,0.145381286623437,0.170139510510577,0.172786237523586,0.012177107253033,0.602987031394059,0.114940938168589,0,0,0.282072030437352,0.154262289309816,0.169144368095958,0.17513243307721,0.00994886593792457
89,0,-1145.73037056306,-1145.73036066972,0.387719121978953,0.269600079566308,8.24712899468105e-08,8.24712899468105e-08,0.342680633512159,0.150364891704989,0.148739446657881,0.101030214451189,0.0266612134657536,0.387719185930356,0.269600124034848,0,0,0.342680690034796,0.150364891704989,0.148739446657881,0.101030214451189,0.0266612134657536
90,0,-1103.03443438548,-1103.03443011768,0.438170281198832,0.217881449736747,6.66504410638289e-08,6.66504410613603e-08,0.343948135763539,0.0768928386552138,0.123034334773256,0.104086601265825,0.00875599461008614,0.438170339607144,0.217881478780862,0,0,0.343948181611994,0.0768928386533217,0.123034335765945,0.104086601662349,0.00875604254915567
91,3.81547953126756,-1214.0892456565,-1215.99698542213,0.476899996694527,0.1276329140448,6.85665734309589e-15,0.0222508650446778,0.373216224215989,0,0.163464401169958,0.201190507692193,0.00587400627689428,0.482484255983558,0.148351953015423,0,0,0.369163791001019,0,0.175178405563437,0.202081994939652,0.00588950205443047
92,0,-1152.05752799602,-1152.05752489778,0.470738258804936,0.199799468174461,6.11191209495985e-08,6.11191209495985e-08,0.329462150782361,0.0837407252010312,0.192493206739896,0.138622342714553,0.00497620314658373,0.47073831634716,0.1997994925976,0,0,0.32946219105524,0.0837407252010312,0.192493206739896,0.138622342714553,0.00497620314658373
93,0,-1127.49993717159,-1127.49992767384,0.494018955321806,0.158974237682582,4.86305882071105e-08,4.86305882071105e-08,0.347006709734436,0.151781297403833,0.164644102491585,0.0542516876605894,0.0105319658626827,0.494019003370676,0.158974253144604,0,0,0.34700674348472,0.151781297403833,0.164644102491585,0.0542516876605894,0.0105319658626827
94,1.31059291902329,-1155.39287269898,-1156.04816915849,0.435735371609191,0.197738245094746,0.0159631578795847,0.00683693920674375,0.343726286209735,0.211756065763448,0.143112635362718,0.152464943213595,0.00494524503297268,0.449139770232908,0.205638274501235,0,0,0.345221955265857,0.233284925568501,0.141617177222426,0.16596324425385,0.0049527131535394
95,0.93621510619414,-1171.91186776091,-1172.37997531401,0.409743020128594,0.205168213828368,1.53758395828729e-24,0.0153361325866799,0.369752633456358,0.140173582951634,0.175149274068888,0.154985044159998,0.00461166735366337,0.408342695851497,0.221602110062583,0,0,0.37005519408592,0.189573328710883,0.17978732510977,0.153793321315755,0.00461840075362008
96,0,-1116.28590541203,-1116.28590025993,0.50196908266591,0.20754946656828,6.3489863456712e-08,6.34898634607287e-08,0.290481323786083,0.320855651902281,0.199174587288382,0.129126805816514,0.00443093521710306,0.501969146418873,0.207549492993358,0,0,0.290481360587769,0.320855651902281,0.199174587288382,0.129126808325821,0.00443101175099096
97,3.16231697941248,-1187.95330851036,-1189.53446700006,0.428209673731202,0.188292405292264,6.8374644120276e-14,0.0186890352834147,0.364808885693052,0.200407529254816,0.203122278895721,0.113311653595951,0.00591319914623168,0.427786688799393,0.203860779530604,0,0,0.368352531670003,0.22354748321884,0.206952290074964,0.122065594354689,0.00592888165264058
98,0,-1191.09232936576,-1191.09232155916,0.488351053254731,0.147872301720567,4.52344802342676e-08,4.52344802342676e-08,0.363776554555741,0.0608563820941665,0.157667135139233,0.187062836485472,0.0104777099298087,0.488351097435347,0.147872315098422,0,0,0.363776587466231,0.0608563820941665,0.157667135139233,0.187062836485472,0.0104777099298087
99,0,-1126.79478793354,-1126.79478183446,0.462848935589329,0.265090072193863,8.10916682260993e-08,8.10916682260993e-08,0.272060830033472,0.324268242739359,0.247500398130027,0.111037424575241,0.012978836715734,0.462849010655725,0.265090115187063,0,0,0.272060874157212,0.324268242739359,0.247500398130027,0.111037424575241,0.012978836715734
100,1.9651217826322e-05,-1138.03364614716,-1138.03365597277,0.484633825522494,0.247534472457963,7.57213695290862e-08,7.57213695290862e-08,0.267831550576804,0.259494832749853,0.247352177772538,0.143613951262884,0.00962752313853314,0.484633898916779,0.247534509945267,0,0,0.267831591137954,0.259494832749853,0.247352177772538,0.143613951262884,0.00962752313853314
101,1.82367693923879e-06,-1186.38169156357,-1186.3816924754,0.449666679501934,0.190478613922997,5.82678465448754e-08,5.8267853962641e-08,0.359854590039368,0.13758905115474,0.142948605538754,0.196759530538058,0.00548003104111693,0.449666729263246,0.190478633929592,0,0,0.359854636807162,0.13758905115474,0.142948717952354,0.196759576458293,0.00548003683454587
102,0,-1184.05873539245,-1184.05872285121,0.418751909973313,0.244709860345198,7.48573141292738e-08,7.48573141292738e-08,0.336538079966861,0.325000945577833,0.152372800190427,0.15383587938678,0.0170005409597269,0.418751972666609,0.24470989698185,0,0,0.336538130351542,0.325000945577833,0.152372800190427,0.15383587938678,0.0170005409597269
103,0.0525744438577931,-1169.7274822351,-1169.75376945703,0.517828366766136,0.128371818175274,3.5010300890266e-19,0.0134629029207746,0.340336912137815,0.290218916059117,0.122678248804001,0.164101689229644,0.00570907391900934,0.495686156297673,0.166099067182948,0,0,0.338214776519378,0.349689502728743,0.127605909992911,0.170867146408671,0.00571152838855791
104,0,-1224.20698134217,-1224.20698017948,0.474231543891304,0.162584772844725,4.97350080523493e-08,4.9735007845951e-08,0.363183583793956,0.475836130282592,0.215695004014455,0.215310571318491,0.0105107009065549,0.474231574041348,0.162584585636517,0,0,0.363183840322135,0.475837034933775,0.215695068970955,0.215310666449466,0.0105107501571343
105,0,-1132.35309783195,-1132.35308730852,0.473913075489353,0.230067254001282,7.0378106870475e-08,7.0378106870475e-08,0.296019529753152,0.159196226174506,0.185882354091306,0.125761613963363,0.0131206774540117,0.473913142195573,0.230067286384682,0,0,0.296019571419746,0.159196226174506,0.185882354091306,0.125761613963363,0.0131206774540117
106,0,-1098.47433442391,-1098.47433431634,0.480592636490728,0.255030197098986,8.34151570824475e-10,3.56217121356197e-10,0.264377165219917,0.127927182994682,0.162790259577644,0.149844367618182,0.026286356045967,0.480592637069724,0.255030197408661,0,0,0.264377165521614,0.127927183148879,0.162790259648214,0.149844367543023,0.0262863560648325
107,0,-1175.04972061522,-1175.04970673221,0.470911216921117,0.183075273993551,5.60031511411349e-08,5.60031511411349e-08,0.346013397079029,0.252332691666257,0.174776040313504,0.17497668196245,0.00985988523709878,0.470911269666147,0.183075294499138,0,0,0.346013435834715,0.252332691666257,0.174776040313504,0.17497668196245,0.00985988523709878
108,17.7680046506302,-1066.75751244825,-1075.64151477357,0.52288639142044,0.194190168908872,5.47927792046334e-07,0.023607079367331,0.259315812375566,0.170815923033945,0.124409826395039,0.124011119075128,0.012659470647219,0.529990534608341,0.200690864435062,0,0,0.269318600956597,0.151769539579692,0.130886225791675,0.129983019900028,0.0164261579887967
109,0,-1110.67235289036,-1110.67234768494,0.481305437826797,0.261190686900365,7.877098479172e-08,7.877098479172e-08,0.257503717730869,0.163235096562537,0.215174854643348,0.140074903714626,0.00473371453527543,0.481305513652615,0.261190728048867,0,0,0.257503758298518,0.163235096562537,0.215174854643348,0.140074903714626,0.00473371453527543
110,0.166875916039317,-1137.68558261696,-1137.76902057498,0.515653097752705,0.179765721590998,9.19231047988418e-27,0.00623108194285221,0.298350098713444,0.434420943660952,0.177427396709838,0.117670714453325,0.0102294448084929,0.518617209812318,0.181859094521956,0,0,0.299523695665726,0.435311105006605,0.179471776763894,0.117304913453688,0.0102300385166019
111,0,-1117.63416815573,-1117.63415956993,0.530693885790808,0.17674513550161,5.4066747087352e-08,5.4066747087352e-08,0.292560870574088,0.250970022545566,0.167475248675894,0.135945349622073,0,0.530693943176599,0.176745154613681,0,0,0.292560902209721,0.250970022545566,0.167475248675894,0.135945349622073,0
112,0,-1186.54682037998,-1186.54681494414,0.501312555734816,0.161935815697513,4.95365417942251e-08,4.95365417942251e-08,0.336751529494588,0.275080218522604,0.200735747850837,0.195365708161552,0.00480602394103794,0.501312605401401,0.161935831740995,0,0,0.336751562857604,0.275080218522604,0.200735747850837,0.195365708161552,0.00480602394103794
113,0,-1183.3475593884,-1183.34755378409,0.571601284174869,0.134161493765853,4.10403122298596e-08,4.10403122298579e-08,0.294237139978654,0.341747940069562,0.291986037584645,0.182714450306318,0.00963395532688983,0.571601330868967,0.134161504778118,0,0,0.294237164352916,0.341747940069562,0.291986040591919,0.182714448016552,0.0096336222925942
114,0.0426141636953616,-1175.88972843734,-1175.91103551919,0.499374496625105,0.106765808936432,0.00346714575647978,0.0143970952871822,0.375995453394801,0.116959354492728,0.169822214435551,0.0949835201263236,0,0.498604697681791,0.123472508576629,0,0,0.377922793741581,0.166294158406412,0.173113373592563,0.0974083167671487,0
115,1.44486023455465,-1148.64957396389,-1149.37200408117,0.487566142462011,0.195276171593884,0.0125826052330077,0.0172410159371881,0.287334064773909,0.153171409070616,0.192607775733837,0.183167790533567,0.0143215556569494,0.503456831523714,0.208279920888541,0,0,0.288263247587744,0.143615500630624,0.212186383258466,0.189472512020411,0.0141396434279697
116,0,-1137.60535208003,-1137.60534715727,0.512660057114079,0.204100141170912,6.24347067989324e-08,6.24347067989324e-08,0.283239676845595,0.107407437837471,0.283317150816077,0.159311352385056,0.0104506510430803,0.512660121129648,0.20410016665678,0,0,0.283239712213572,0.107407437837471,0.283317150816077,0.159311352385056,0.0104506510430803
117,8.60386535350699e-06,-1167.45850028395,-1167.45850458588,0.425579109683381,0.208471756898418,6.37719945995841e-08,6.37719950231045e-08,0.365949005874212,0.0865614253444732,0.178252166870809,0.114268213632119,0.0122076826988044,0.425579158761373,0.208471785354639,0,0,0.365949055883988,0.0865614471647685,0.178252189011237,0.114268272126186,0.0122077177426276
118,0,-1120.05571391251,-1120.0557116906,0.467113704136696,0.270091154871569,8.03895947610037e-08,8.03895927628004e-08,0.262794980212548,0.21057262356854,0.278074473953433,0.217178349026045,0.00389190212781856,0.467113774873281,0.270091200509293,0,0,0.262795024617426,0.210572629210152,0.278074472626612,0.217178395650872,0.00389191510641384
119,7.32249372958904e-06,-1139.60624839491,-1139.60625205616,0.511339997679098,0.150107960438439,4.59185930390143e-08,4.59186296664496e-08,0.338551950045241,0.187626629016466,0.167673082557181,0.124675853069844,0.00626313419892727,0.511339263107464,0.150108783904848,0,0,0.338551952987688,0.187636838547238,0.167672978385833,0.124675623345246,0.00626321612256609
120,0,-1089.58858648868,-1089.58857295211,0.520941888638773,0.208977973058093,6.39268468922386e-08,6.39268468922386e-08,0.270080010449441,0.0905179123316362,0.171764323272453,0.175578016227532,0,0.520941955243126,0.208977999776702,0,0,0.270080044980172,0.0905179123316362,0.171764323272453,0.175578016227532,0
121,0,-1228.86403594526,-1228.86403443119,0.385609127998858,0.249377038439059,7.62850147383812e-08,7.62850147383812e-08,0.365013680992054,0.0699799730567193,0.206843478061758,0.186541408744706,0.0270103145918658,0.385609186831263,0.249377076486527,0,0,0.36501373668221,0.0699799730567193,0.206843478061758,0.186541408744706,0.0270103145918658
122,0,-1218.11290178005,-1218.11289443764,0.440967413517632,0.194768178204471,5.95800376726607e-08,5.95800376726607e-08,0.364264289117822,0.17113437856024,0.18320908785594,0.148841555073988,0.0137516362015379,0.440967466063348,0.194768201413064,0,0,0.364264332523588,0.17113437856024,0.18320908785594,0.148841555073988,0.0137516362015379
123,0,-1178.5278979839,-1178.52788832096,0.483365808562407,0.181382802136847,5.5485420072785e-08,5.5485420072785e-08,0.335251278329906,0.150644778357357,0.181203325053385,0.175988954591814,0.0158907925071281,0.483365862201923,0.181382822265051,0,0,0.335251315533026,0.150644778357357,0.181203325053385,0.175988954591814,0.0158907925071281
124,0,-1139.84024242996,-1139.84023272902,0.527089049896927,0.162958357992692,4.98493394269693e-08,4.98493394269693e-08,0.309952492411702,0.244525919231586,0.189069914594637,0.153498738663655,0.0109105073733835,0.527089103150558,0.162958373122167,0,0,0.309952523727275,0.244525845513721,0.189069898212889,0.153498748902248,0.0109104275123631
125,0,-1128.02535872319,-1128.0253549263,0.51484604685765,0.165271453607369,5.05569211712039e-08,5.05569211712039e-08,0.319882398421139,0.168856681696765,0.127192375784515,0.129514654361883,0.0146485881521154,0.514846098915717,0.165271470318602,0,0,0.319882430765681,0.168856681696765,0.127192375784515,0.129514654361883,0.0146485881521154
126,5.2100572247582e-06,-1210.14509648045,-1210.14509908548,0.456196902314269,0.215652714443746,6.596867118688e-08,6.59686701572144e-08,0.328150251304644,0.5,0.25712919870263,0.161908820587987,0.0159604035361615,0.456196960382525,0.215652757350021,0,0,0.328150282267455,0.5,0.257128538313789,0.161909137920037,0.0159607124820878
127,3.42271371959168,-1173.72595885653,-1175.43731571632,0.508524402296691,0.108086045083413,0.0137816364756204,0.010550382744533,0.359057533399742,0.271549647623502,0.212062244970002,0.076478679064007,0.00781014874873372,0.518987021565037,0.120185732181884,0,0,0.360827246253079,0.308401176269649,0.227702742513779,0.0868140679944162,0.00510474223435379
128,2.228437915619e-05,-1186.22571983617,-1186.22573097836,0.474833297130741,0.188584813310394,5.76885320541793e-08,5.76885320537829e-08,0.336581774181801,0.331042858620735,0.251440880508023,0.15144732703204,0.00496229347038134,0.474833351925632,0.188584835065163,0,0,0.336581813009205,0.331042859169856,0.251440881258713,0.151447327435772,0.00496237501553414
129,0,-1160.53803788665,-1160.53803742633,0.466189282547572,0.202883376914479,6.20624957893858e-08,6.20624957893858e-08,0.330927216412957,0.352325039282278,0.193532984884497,0.10110548227241,0,0.46618934041332,0.20288340209738,0,0,0.3309272574893,0.352325039282278,0.193532984884497,0.10110548227241,0
130,1.24748724170104,-1161.52932698543,-1162.15307060628,0.480897727813482,0.148337961921351,6.82669499199106e-27,0.0187961987420159,0.351968111523151,0.0360956219821542,0.166349266378968,0.134601295404384,0.0140193993502843,0.479857647590918,0.165478750117041,0,0,0.354663602292041,0.0319384393110757,0.173540442306737,0.134826415679232,0.0109241660965251
131,1.7411375665688e-05,-1089.47914313645,-1089.47915184213,0.478234962094071,0.255842185573201,7.8262718249101e-08,7.8262718249101e-08,0.265922695807292,0.289326190144505,0.149184184764549,0.164936079077511,0.0160871677222894,0.478235036950019,0.255842225619017,0,0,0.265922737430964,0.289326190144505,0.149184184764549,0.164936079077511,0.0160871677222894
132,0.0042655253760131,-1175.88130672883,-1175.88343949152,0.384123680564179,0.256531377847261,4.30842746269289e-23,0.0195947389668508,0.33975020262171,0.221405769004433,0.189348108177606,0.190049304789104,0.0144963112255583,0.39011216430859,0.267441007807827,0,0,0.342446827883582,0.249005786855367,0.173821689305956,0.20968927028107,0.0144973020294147
133,0,-1201.1379691242,-1201.13795732621,0.450604892740712,0.178516692824487,5.46086705833223e-08,5.46086705833223e-08,0.370878305217459,0.0609701941302594,0.220766882411319,0.123627072517354,0.0343327168612306,0.450604941954586,0.178516712321608,0,0,0.370878345723806,0.0609701941302594,0.220766882411319,0.123627072517354,0.0343327168612306
134,0,-1115.57807629354,-1115.57807620782,0.463196650976193,0.185876247163651,9.34775331327485e-09,1.93881758012635e-09,0.350927090573585,0.153887100613695,0.092244414579726,0.0832362577481723,0.0144866299275672,0.463196808026494,0.18587607802144,0,0,0.350927113952066,0.153885994398858,0.092244444151677,0.0832363115857436,0.0144866357937888
135,0,-1184.41753208501,-1184.41752798861,0.459179925628324,0.211784588463674,6.4785397057562e-08,6.4785397057562e-08,0.329035356337208,0.221358280985365,0.244334086617466,0.141054580472119,0.0101971292103886,0.459179985124639,0.211784615904775,0,0,0.329035398970586,0.221358280985365,0.244334086617466,0.141054580472119,0.0101971292103886
136,0.62065219597298,-1123.06372472527,-1123.37405082326,0.539027455446087,0.181912011646816,6.97243276797564e-13,0.00906863380522628,0.269991899101174,0.274235735741411,0.250865939619753,0.132807196919684,0.00458026311065119,0.540590137906797,0.189348948813155,0,0,0.270060913280047,0.300975766087333,0.25036513956927,0.136472199543343,0.00458236768109279
137,6.25414941168856e-06,-1072.32049036873,-1072.32049349581,0.568854912538597,0.167559111252193,5.12567209532693e-08,5.12567209532693e-08,0.263585873695768,0.226609229846131,0.133809375045469,0.11034110931099,0.025733125098631,0.568854970853878,0.167559128429256,0,0,0.263585900716866,0.226609229846131,0.133809375045469,0.11034110931099,0.025733125098631
138,0,-1112.5100807953,-1112.51007565227,0.467306127199758,0.239573976598434,7.32862353733111e-08,7.32862353733111e-08,0.293119749629337,0.24706815151081,0.177551157208257,0.157511547665079,0,0.467306195693982,0.239574011713389,0,0,0.293119792592629,0.24706815151081,0.177551157208257,0.157511547665079,0
139,0,-1181.95534467314,-1181.95533746154,0.382699824457965,0.261250149147126,7.99170268555539e-08,7.99170268555539e-08,0.356049866560856,0.272328966073621,0.185970626526689,0.134639332502342,0,0.382699885626439,0.261250190903803,0,0,0.356049923469759,0.272328966073621,0.185970626526689,0.134639332502342,0
140,0,-1120.45312650784,-1120.45311649469,0.520586029080756,0.19625676318901,6.00353992736955e-08,6.00353992736955e-08,0.283157087659435,0.136531784984585,0.241325832953183,0.140924225603884,0.00457202738533681,0.520586091587944,0.196256786753719,0,0,0.283157121658337,0.136531784984585,0.241325832953183,0.140924225603884,0.00457202738533681
141,3.34444503796931,-1180.12024230921,-1181.79246482819,0.500896052314987,0.120531311068118,0.00416747490938251,0.0147760703056361,0.359629091401876,0.0439898417483373,0.229432104873897,0.0859413792649878,0.00548885529906417,0.509102826274645,0.133102889224115,0,0,0.35779428450124,0.0607947309000651,0.228225024995462,0.102542193140517,0.00547986884201629
142,0,-1094.59150631062,-1094.59149877871,0.510281271221268,0.228299508585223,6.98373494456463e-08,6.98373494456463e-08,0.26141908051881,0.299362245279325,0.18813045480946,0.126162044209059,0.0219634258120379,0.510281342494661,0.228299540472893,0,0,0.261419117032446,0.299362245279325,0.18813045480946,0.126162044209059,0.0219634258120379
143,0,-1181.9467866364,-1181.94678349718,0.339604890005798,0.286222574571059,8.75561496064936e-08,8.75561495790506e-08,0.374172360310844,0.338597552904228,0.139380631844992,0.158058837663293,0.0200130096897588,0.339604949820089,0.286222624542509,0,0,0.374172425637402,0.338597552904228,0.139380633384575,0.158058837663293,0.0200130712730844
144,4.82467062031765,-1208.63006066487,-1211.04239597503,0.453693814624478,0.161769389721428,0.00581695826962898,0.0179805198585886,0.360739317525876,0.163767069650547,0.178119404499666,0.127734555980791,0.0310062611407548,0.449978886916088,0.193285610694209,0,0,0.356735502389703,0.203076214774206,0.186073775859897,0.151003685433485,0.0310362933811018
145,0,-1160.07152399139,-1160.07151150595,0.45023716709568,0.232815152271523,7.12186953278449e-08,7.12186953278449e-08,0.316947538195406,0.316200487543704,0.148692272957193,0.171507602093549,0.0206192639810266,0.450237231226296,0.232815185433111,0,0,0.316947583340593,0.316200487543704,0.148692272957193,0.171507602093549,0.0206192639810266
146,0,-1118.7348578401,-1118.73485454545,0.52137488532319,0.199048207751354,6.08893086428687e-08,6.08893086428687e-08,0.279576785146839,0.139054419555714,0.243487059239947,0.135024027843149,0.00882168467938007,0.52137494881551,0.199048231991172,0,0,0.279576819193318,0.139054419555714,0.243487059239947,0.135024027843149,0.00882168467938007
147,1.12985708256019e-06,-1178.75779641907,-1178.757796984,0.527488434229886,0.141277834445645,2.50421254524828e-08,8.91508587763141e-07,0.331232814773755,0.469501171169571,0.203507467377054,0.141253359857676,0.0154444384535253,0.527488665249976,0.141278092501536,0,0,0.331233242248488,0.469502685024163,0.203507287050004,0.141253262496862,0.0154444366830114
148,1.62669630299206e-06,-1229.17562825156,-1229.17562906491,0.400894543704709,0.190555817688662,5.82914668160844e-08,5.82914668160844e-08,0.408549522023696,0.155511373233844,0.223798540212567,0.0852755961266992,0.0175936701813509,0.400894590442177,0.19055583990422,0,0,0.408549569653603,0.155511373233844,0.223798540212567,0.0852755961266992,0.0175936701813509
149,2.57722167589236e-05,-1154.84193459065,-1154.84194747676,0.463743397764923,0.212860690583681,6.51145792081064e-08,6.51145791989389e-08,0.323395781422237,0.227856586223853,0.197729336007231,0.152025083634987,0.00467168289339796,0.463743458247926,0.212860718268596,0,0,0.323395823483478,0.227856586920799,0.197729336209029,0.152025083634987,0.00467176148361676
150,0,-1136.03369925859,-1136.03369512337,0.492787670755765,0.179497554434291,5.49087184258524e-08,5.49087184258524e-08,0.327714664992507,0.127399444859013,0.161749846475607,0.129241101731076,0,0.49278772487245,0.179497574146255,0,0,0.327714700981296,0.127399444859013,0.161749846475607,0.129241101731076,0
151,0,-1201.9733006934,-1201.97329749404,0.444375758749703,0.200806619156778,6.14272107534787e-08,6.14272107659495e-08,0.354817499239098,0.233200839887717,0.236176520109905,0.152319953183672,0.0118206582131022,0.444375813343196,0.200806643826835,0,0,0.354817542829969,0.233200839887259,0.236176518575878,0.152319962325709,0.0118205885247698
152,1.79213516275922e-05,-1121.0895936202,-1121.08960258087,0.517160531177597,0.19991883126145,6.11556343948907e-08,6.11556343948907e-08,0.282920515249684,0.184044631192015,0.141452317698191,0.183698667297255,0.0196709755965869,0.517160594432166,0.199918855713779,0,0,0.282920549854055,0.184044631192015,0.141452317698191,0.183698667297255,0.0196709755965869
153,0,-1149.14224279491,-1149.14222721148,0.441868077329066,0.209592065096747,6.41146990718648e-08,6.41146990718648e-08,0.348539729344788,0.401877969531781,0.20484631885727,0.0769776469129156,0,0.441868133989551,0.209592091972615,0,0,0.348539774037833,0.401877969531781,0.20484631885727,0.0769776469129156,0
154,0,-1161.01714422155,-1161.01713846459,0.496097828212409,0.199461160791149,6.10156319360003e-08,6.10156319360003e-08,0.304440888965179,0.333992369796104,0.179750851035716,0.151467063574274,0.0164595921218641,0.496097888751861,0.199461185131649,0,0,0.30444092611649,0.333992369796104,0.179750851035716,0.151467063574274,0.0164595921218641
155,0,-1106.72854354463,-1106.72852597404,0.458909240390777,0.261381891432083,7.99573271262306e-08,7.99573271262306e-08,0.279708708262486,0.5,0.171118239534403,0.1292840156203,0.00457528730029277,0.458909313777101,0.261381933230885,0,0,0.279708752992014,0.5,0.171118239534403,0.1292840156203,0.00457528730029277
156,0.248198493192376,-1127.96066869752,-1128.08476794411,0.546242516039582,0.15360855538499,9.79231624024716e-55,0.00367807745882415,0.296470851116604,0.161546991656447,0.159621185472683,0.193090505759427,0.00469646197484856,0.547106773878774,0.155086505391785,0,0,0.297806720729441,0.158302221872497,0.159179888252278,0.197116925465683,0.00469622010053603
157,3.14262674581596,-1156.1673700872,-1157.73868346011,0.527235069773932,0.128267423508861,4.57804099259415e-12,0.0152529392618352,0.329244567450794,0.0447816640136962,0.212560596207147,0.125133226061137,0.00960221183790601,0.531414925910563,0.143367373980061,0,0,0.325217700109376,0.109872251851483,0.227665965829123,0.126669460701368,0.00957162847182558
158,0,-1172.41041530715,-1172.41040441971,0.448924006780719,0.221304169103017,6.76974588653414e-08,6.76974588653414e-08,0.329771688721346,0.10735701077418,0.153918293913928,0.179896370022136,0.00707666226913222,0.448924067562756,0.221304199066481,0,0,0.329771733370763,0.10735701077418,0.153918293913928,0.179896370022136,0.00707666226913222
159,1.46321417560102e-06,-1211.79768700481,-1211.79768773642,0.436557776190647,0.222939659358806,6.81977591297456e-08,6.81977591297456e-08,0.340502428055028,0.341988765489831,0.226964234877556,0.165675366306587,0.00961461664920526,0.436557835735179,0.222939689766781,0,0,0.34050247449804,0.341988765489831,0.226964234877556,0.165675366306587,0.00961461664920526
160,0,-1193.38350796639,-1193.38349530978,0.409281815930085,0.247011341845069,7.55613426606763e-08,7.55613426606763e-08,0.343706691102161,0.151796991917954,0.170553106545746,0.138221454361748,0.039690853530499,0.409281877781861,0.247011379174092,0,0,0.343706743044047,0.151796991917954,0.170553106545746,0.138221454361748,0.039690853530499
161,2.73050682153553e-06,-1149.07796695036,-1149.07796831561,0.493530039549384,0.16478250265387,5.04073499399171e-08,5.04073499399171e-08,0.341687356982046,0.5,0.136181235971541,0.117325313962287,0.0152076519460838,0.493530089304472,0.16478251926637,0,0,0.341687391429158,0.5,0.136181235971541,0.117325313962287,0.0152076519460838
162,0,-1177.93599371159,-1177.93598615439,0.530635123020693,0.144596040783866,4.42322644111612e-08,4.42322644111612e-08,0.324768747730912,0.106092907638313,0.227746004407342,0.144350782675455,0.0209210741072041,0.530635169963084,0.144596053575487,0,0,0.324768776461429,0.106092907638313,0.227746004407342,0.144350782675455,0.0209210741072041
163,0,-1183.71356801028,-1183.71356183471,0.477813067820548,0.184189443155771,5.63439780732896e-08,5.63439780732896e-08,0.337997376335725,0.135835654313283,0.282198954156636,0.13146716595098,0,0.477813121664332,0.184189463911705,0,0,0.337997414423963,0.135835654313283,0.282198954156636,0.13146716595098,0
164,0,-1175.5687208074,-1175.56871629153,0.451753553745111,0.218487195138316,6.68357399927459e-08,6.68357399927459e-08,0.329759117445094,0.163775682973176,0.229824311967592,0.164435170306408,0.0196952490049165,0.451753614131685,0.218487224343826,0,0,0.329759161524489,0.163775682973176,0.229824311967592,0.164435170306408,0.0196952490049165
165,0,-1127.26529406341,-1127.26528844893,0.453607646063754,0.23082874383781,7.06110483785075e-08,7.06110483785075e-08,0.31556346887634,0.231667111801531,0.140323222207845,0.139280853360193,0,0.453607710123186,0.230828776435934,0,0,0.315563513440881,0.231667111801531,0.140323222207845,0.139280853360193,0
166,0,-1161.40098887741,-1161.40097801181,0.471057009707486,0.183806672479018,5.62268876350506e-08,5.62268876350506e-08,0.345136205359721,0.291613304138939,0.138369406032278,0.138668069191951,0,0.471057062679631,0.183806693148774,0,0,0.345136244171595,0.291613304138939,0.138369406032278,0.138668069191951,0
167,0,-1162.59690825328,-1162.59690036912,0.528125520801978,0.173175061315191,5.2974653109363e-08,5.2974653109363e-08,0.298699311933524,0.260240649258678,0.215709999888271,0.132674027010507,0.024545496189339,0.528125576756517,0.173175079662971,0,0,0.298699343580512,0.260240649258678,0.215709999888271,0.132674027010507,0.024545496189339
168,3.66470229904098,-1165.58450243812,-1167.41685358764,0.451895095843358,0.21101145126713,1.10244835046161e-14,0.0207003162859678,0.316393136603533,0.210587521421913,0.239129899974566,0.125147090540856,0.022934774693325,0.423545504084977,0.249148898743601,0,0,0.327305597171421,0.272104675176136,0.248589138270918,0.122293114185731,0.0229259293124724
169,0,-1186.20161689954,-1186.2016057127,0.432977583838545,0.222877415594663,6.81787186178572e-08,6.81787186178572e-08,0.344144864209355,0.233298327985784,0.149619916326922,0.188117437026309,0.026903672037032,0.432977642878266,0.22287744598566,0,0,0.344144911136073,0.233298327985784,0.149619916326922,0.188117437026309,0.026903672037032
170,0,-1160.84627610937,-1160.8462606172,0.460406595368958,0.247536108863271,7.57218701092671e-08,7.57218701092671e-08,0.292057144324031,0.227043665270236,0.187413939490253,0.153589573787597,0.0270400319809492,0.460406665094665,0.247536146351071,0,0,0.292057188554264,0.227043665270236,0.187413939490253,0.153589573787597,0.0270400319809492
171,4.44578290625941e-06,-1139.92014160216,-1139.92014382505,0.494558512754613,0.168216871776398,5.14579314239583e-08,5.14579314239583e-08,0.337224512553126,0,0.154642841084615,0.156172529151563,0.014117626024955,0.494558563652534,0.168216889088585,0,0,0.337224547258881,0,0.154642841084615,0.156172529151563,0.014117626024955
172,2.8514629282613,-1173.11868977064,-1174.54442123477,0.512236252025038,0.158699056016446,0.0190250488297072,1.84684518470507e-130,0.310039643128809,0.154572855128782,0.220147794969736,0.126519218264555,0.0258476393253698,0.527489115820863,0.165908814433742,0,0,0.306602069745395,0.156815534620251,0.227579740366065,0.144663430832016,0.0258534241369071
173,0,-1231.26638628235,-1231.26637988843,0.401419975683789,0.222331381102375,6.80116853995922e-08,6.80116853995922e-08,0.376248507190466,0.262432642325314,0.242148858920049,0.152318730125709,0.00566586198530195,0.401420030286294,0.222331411344643,0,0,0.376248558369063,0.262432642325314,0.242148858920049,0.152318730125709,0.00566586198530195
174,0.120856720100164,-1156.38920790337,-1156.44963626342,0.486082238093146,0.150016802135826,6.42649214908888e-21,0.00472673501426992,0.359174224756758,0.180098475336307,0.166184529938698,0.117414159011278,0.00982937337926434,0.486292621722148,0.156397423378919,0,0,0.357309954898933,0.207329747251913,0.168793635344277,0.117588684545945,0.00983324730937233
175,8.68054257807671e-06,-1146.44122024519,-1146.44122458546,0.480411316903961,0.220955336139767,6.75907501094396e-08,6.75907500975546e-08,0.298633211774772,0.5,0.189968054472602,0.128795958200833,0.0102116427814088,0.480411381775803,0.2209553661238,0,0,0.298633252100397,0.5,0.189968057143913,0.128795962875628,0.0102116634840723
176,0,-1146.84518872486,-1146.84517551455,0.444128399540165,0.208425591918928,6.37578722199666e-08,6.37578722199666e-08,0.347445881025163,0.144551126813713,0.143481565301079,0.138802681147466,0.0101910442455163,0.444128456173536,0.208425618496476,0,0,0.347445925329989,0.144551126813713,0.143481565301079,0.138802681147466,0.0101910442455163
177,6.54810791046521,-1192.33918683091,-1195.61324078615,0.396988060362593,0.198429954515144,1.87020443964385e-79,0.0354139792828204,0.369168005839443,0.116036463722437,0.152716343784122,0.150793596120021,0.00611412475840559,0.397302411307719,0.224735487412766,0,0,0.377962101279515,0.183216767763442,0.151710107337745,0.154268490574225,0.00611998463948213
178,0,-1221.38190769604,-1221.38190017688,0.407767383929862,0.16627719941966,5.08645811490188e-08,5.08645811490188e-08,0.425955314921316,0.0704630064936528,0.161712338143779,0.133283461370817,0,0.407767425411701,0.166277216334902,0,0,0.425955358253397,0.0704630064936528,0.161712338143779,0.133283461370817,0
179,5.98542237639776e-06,-1169.40503273812,-1169.40503573083,0.474482194906277,0.214768219608886,6.56980978582984e-08,6.56980978580189e-08,0.310749454088641,0.498564736793108,0.178268236744786,0.150013202581223,0.0109177898079802,0.474482260931263,0.214768247979033,0,0,0.310749491089704,0.498564695052838,0.178268308732761,0.150013257855315,0.010917836105173
180,2.1779522063398,-1108.96678648836,-1110.05576259153,0.562730488076938,0.159635334399962,1.21818360924658e-23,0.0176820705538839,0.259952106969216,0.165318284687935,0.184533872520996,0.152820416098874,0.0124974098184626,0.563274575253528,0.178373934675016,0,0,0.258351490071456,0.226929628146794,0.188841880787898,0.153753576943294,0.0125269708045973
181,1.08470139821293e-05,-1239.45911201928,-1239.45911744279,0.427017659942865,0.170009019827073,5.200615362743e-08,5.20061535970529e-08,0.402973216217755,0.207194103183094,0.176249537249992,0.139869925035657,0.0130105523056673,0.427017704095909,0.170009037405478,0,0,0.402973258498613,0.207194104670322,0.176249533940763,0.139869925041643,0.0130105958000383
182,0,-1183.66234928917,-1183.66234381482,0.467573583988641,0.18470729500538,5.65023901557612e-08,5.65023901557612e-08,0.347719008001199,0.101165066402451,0.212223528010024,0.15549397249551,0.0129816018367452,0.467573636826697,0.18470731587819,0,0,0.347719047295113,0.101165066402451,0.212223528010024,0.15549397249551,0.0129816018367452
183,0,-1108.14446781363,-1108.14444983352,0.491547762364484,0.240912737112092,7.36957653210354e-08,7.36957653210354e-08,0.267539353131893,0.185426468117142,0.239889817233137,0.115443257580225,0.00458662424953798,0.491547834814472,0.240912772620595,0,0,0.267539392564934,0.185426468117142,0.239889817233137,0.115443257580225,0.00458662424953798
184,3.58649708687153e-05,-1184.77565859317,-1184.77567652565,0.46926394504497,0.17040551744059,5.2127443211391e-08,5.2127443211391e-08,0.360330433259553,0.261541225073169,0.181905581711765,0.142140288523329,0.0105476100008465,0.469263993968034,0.1704055352062,0,0,0.360330470825765,0.261541225073169,0.181905581711765,0.142140288523329,0.0105476100008465
185,2.32206970288689,-1128.07208335321,-1129.23311820465,0.552083626894004,0.144426204880859,3.51099308773145e-24,0.0196876485113935,0.283802519713744,0.051408710913157,0.236987554285668,0.0816284948117005,0.0145670740645952,0.5174557645532,0.206616281857526,0,0,0.275927953589274,0.373104475840367,0.237181517218984,0.0887784756882783,0.0145795871843332
186,5.14697103426442e-06,-1114.82251983449,-1114.82252240798,0.513061097939949,0.228492632621215,6.98964265364008e-08,6.98964265364008e-08,0.258446129645982,0.27781834054792,0.175414443678112,0.141355182824219,0.0131484757597048,0.513061169662234,0.228492664562856,0,0,0.258446165774909,0.27781834054792,0.175414443678112,0.141355182824219,0.0131484757597048
187,0,-1165.2579999935,-1165.25799412797,0.481981412467207,0.188993869200003,5.78136593392119e-08,5.78136604298092e-08,0.32902460270547,0.271938025218015,0.18409577613996,0.116912747893859,0.0202037389295283,0.48198152793305,0.188993880574549,0,0,0.329024591492401,0.271937652254868,0.184096237733091,0.116912298304141,0.020203772200445
188,1.93064906806421,-1171.1300082596,-1172.09533279364,0.57304683445162,0.0824237148621865,6.44773185696536e-21,0.0293161681031104,0.315213282583084,0.0948764580092031,0.211366308177189,0.16924740669209,0.0189955284163884,0.576062635859695,0.112674091902337,0,0,0.311263272237969,0.186559783071919,0.218721493826396,0.169291192731207,0.0190597665064841
189,0,-1171.14496294594,-1171.14496023109,0.489924175380937,0.161887609968032,4.95217951580207e-08,4.95217952252986e-08,0.348188115607441,0.105371710756438,0.21212935427816,0.0998905788238557,0.0129770369671549,0.48992422404441,0.16188762507851,0,0,0.34818815087708,0.105371724352218,0.212129364463402,0.0998906377578314,0.0129770804345402
190,5.841883512403e-05,-1093.38357642449,-1093.38360563391,0.504319328343377,0.191805342148471,5.86737745722796e-08,5.86737734758036e-08,0.303875212160604,0.141258912641951,0.197727908584865,0.107968157251017,0.00417400897794993,0.504319497789114,0.191805222911222,0,0,0.303875279299664,0.141259209711682,0.197727944918093,0.107968273417585,0.00417406998200621
191,0,-1169.36964052489,-1169.36962900724,0.487778835724694,0.147982401415773,4.52681599865177e-08,4.52681599865177e-08,0.364238672323213,0.174033987395805,0.131376824589217,0.142508671750076,0.00589893208756697,0.487778879886399,0.147982414813556,0,0,0.364238705300045,0.174033987395805,0.131376824589217,0.142508671750076,0.00589893208756697
192,5.69002622796688e-06,-1125.77207452322,-1125.77207736824,0.491940142013793,0.184687913019187,5.64964611612086e-08,5.64964611612086e-08,0.323371831974098,0.203701489107815,0.156263349800394,0.0924992893128038,0.0189149434203575,0.491940197599553,0.184687933887616,0,0,0.323371868512831,0.203701489107815,0.156263349800394,0.0924992893128038,0.0189149434203575
193,3.15297438646667e-06,-1145.34973712979,-1145.34973870628,0.530579573884415,0.196419463357737,6.00851695820561e-08,6.00851697419259e-08,0.273000842587509,0.214281807959152,0.223151195150507,0.171638545840649,0.00486835281730207,0.530579639163457,0.196419486841676,0,0,0.273000873994867,0.21428176374858,0.22315115996246,0.171638610793256,0.00486835529025613
194,0,-1147.76954555269,-1147.76954112425,0.537281355824044,0.162728920714595,4.97791536853265e-08,4.97791539182003e-08,0.299989623903054,0.137977213869417,0.245212823271035,0.131668719005499,0.0124918662261837,0.537281407591771,0.162728937129555,0,0,0.299989655278673,0.137977209962523,0.245212928887319,0.131668855493132,0.0124919137705895
195,0,-1102.41734789409,-1102.41733594324,0.56677651167039,0.146786323962942,4.49022771181967e-08,4.49022771181967e-08,0.286437074562114,0.213829553557027,0.155195889146155,0.108289967437099,0.0199394853921098,0.566776562569506,0.146786337145024,0,0,0.28643710028547,0.213829553557027,0.155195889146155,0.108289967437099,0.0199394853921098
196,4.74325179311563e-06,-1171.8047625353,-1171.80476490693,0.486717002654248,0.177484394474283,5.42928444132928e-08,5.42928221593025e-08,0.335798494285803,0.149594149914941,0.167420569671627,0.13762292406865,0.0165669834121402,0.486716881634691,0.177484192872627,0,0,0.335798925492681,0.149594272677279,0.167420686700905,0.137622901548565,0.0165670259441032
197,0.702312496874583,-1147.52277859045,-1147.87393483889,0.492111761537724,0.195466491783407,3.72581415978376e-47,0.00647852693609316,0.305943219742775,0.130429440123478,0.190954393603568,0.151715227360672,0.0105604982613194,0.488127693554328,0.205153790027526,0,0,0.306718516418146,0.148633119815732,0.190900297715777,0.155027441928537,0.0105607366416912
198,0,-1201.07819714049,-1201.07819708656,0.499498609780324,0.145404911170442,2.25383030196397e-10,6.96685891386336e-09,0.355096471856992,0.186056362542093,0.247621973943159,0.173270195034449,0.00983533974966708,0.499496474784748,0.145407258843075,0,0,0.355096266372176,0.18607151470479,0.247621790896185,0.173270352772087,0.00983571496637619
199,0.353541776057227,-1110.26563881228,-1110.44240970031,0.542437485839708,0.178629412247732,0.0047273799786905,6.42120690423279e-19,0.27420572193387,0.100523453421111,0.195136848572742,0.110959113506971,0.0106394645670952,0.548712505851546,0.178435487025527,0,0,0.272852007122927,0.0978275010114461,0.200045607807824,0.113578502232197,0.0106221489186307
200,0,-1164.67786925057,-1164.67786748152,0.481375606335764,0.194588592407742,5.952510166296e-08,5.95251015799057e-08,0.324035682206291,0.349260308638556,0.224761765787576,0.128808861592406,0.0136601010847441,0.48137566320031,0.194588614064863,0,0,0.324035722734827,0.349260272877795,0.224761724762428,0.128808876845502,0.0136601445238383
201,0.251876764856661,-1186.09404209292,-1186.21998047535,0.41485873582779,0.19117965612661,0.00598081973689741,1.11050019382919e-33,0.387980788308703,0.241262571592573,0.129837968289087,0.101468653019729,0.012573392395089,0.422106404493549,0.191819893813737,0,0,0.386073701692714,0.247967847113001,0.130002261779773,0.110298958279771,0.0125779876428363
202,1.04010120226303,-1171.42715075548,-1171.94720135661,0.44034157147704,0.209905910295457,1.32630728516837e-92,0.00995191457284762,0.339800603654656,0.227223545431984,0.184204121407427,0.140182123898411,0.0153761550538224,0.430355707592282,0.22789037696522,0,0,0.341753915442497,0.261232885509613,0.190057240983541,0.13938267723885,0.0153774194633247
203,0,-1132.92463547735,-1132.92462590819,0.432151756974596,0.229359513894477,7.01616075294912e-08,7.01616075294912e-08,0.338488588807712,0.163353966001802,0.177814970534874,0.107673769370236,0,0.432151817615528,0.229359546078946,0,0,0.338488636305526,0.163353966001802,0.177814970534874,0.107673769370236,0
204,0,-1151.7199702786,-1151.71996903517,0.439972331035934,0.231968043542966,7.09595628020618e-08,7.09595627991848e-08,0.328059483501974,0.26522648604312,0.226414562477481,0.126937185612119,0.00928846657824548,0.439972393626064,0.231968076401694,0,0,0.328059529972242,0.265226486650403,0.226414563084764,0.126937186219403,0.00928851090993158
205,0,-1109.39411979077,-1109.39410804394,0.47372039726857,0.285051050986469,7.37923286035892e-08,7.37923286035892e-08,0.241228404160304,0.5,0.201347942827554,0.1436509372133,0.00940733287346382,0.473720467182443,0.285051093055637,0,0,0.24122843976192,0.5,0.201347942827554,0.1436509372133,0.00940733287346382
206,0,-1132.24464745662,-1132.24464144857,0.505785909610437,0.19458237960053,5.95232014485694e-08,5.95232014485694e-08,0.299631591742629,0.238741372318597,0.16969906264125,0.158402581438927,0.0185035807625985,0.505785969822438,0.194582402764865,0,0,0.299631627412697,0.238741372318597,0.16969906264125,0.158402581438927,0.0185035807625985
207,0.988917553789634,-1154.24704393624,-1154.74150271314,0.545486049429951,0.134703383036811,0.00490158077053981,0.0053539959769993,0.309554990785699,0.100578029938701,0.208029359649138,0.114977638126377,0.0108961045348063,0.545373705233112,0.142317797646351,0,0,0.312308497120537,0.100808707346491,0.213230124227833,0.119045805873224,0.0108927372716241
208,0,-1101.33762519486,-1101.33761883084,0.541898941777108,0.175931517381309,5.38178594163496e-08,5.38178594163496e-08,0.282169433205865,0.213868360188363,0.173958990315983,0.123677572956485,0.0129695554254647,0.541899000104796,0.175931536317826,0,0,0.282169463577378,0.213868360188363,0.173958990315983,0.123677572956485,0.0129695554254647
209,6.52878422077265,-1236.87733443569,-1240.14172654607,0.417785755578427,0.152372447457208,3.48818875779492e-19,0.0263712838911172,0.403470513073248,0.296439643199305,0.236184869935959,0.0760958985483774,0.0239576445389481,0.429276072595337,0.16913229169605,0,0,0.401591635708613,0.305474548431375,0.239912213158561,0.0989259361313988,0.0235115672360382
210,0,-1097.65657902176,-1097.65656821083,0.578164575209276,0.174830015584375,5.34809054649411e-08,5.34809066334823e-08,0.247005302244537,0.166051956656718,0.245423176199301,0.116861837436486,0.0174879678318517,0.578164626415425,0.174830046571391,0,0,0.247005327013184,0.166051876328008,0.245423136645845,0.116861888385549,0.0174880216677759
211,1.57486590154576,-1132.17107084928,-1132.95850380005,0.458416847292293,0.217133454081308,5.30403032673202e-11,0.0320590926339046,0.292390605939454,0.278110128934082,0.196042573712545,0.119670971982516,0.00516932444712141,0.469812035294525,0.239028887909461,0,0,0.291159076796014,0.268652565529847,0.203893360552958,0.119973397227271,0.00517999129655522
212,6.18105592545498,-1134.41730905745,-1137.50783702018,0.476861936845752,0.172361186702726,0.00927380514146019,0.0167003707723773,0.324802700537685,0.0759133805406392,0.170225217646852,0.11631644436525,0.00496996666880732,0.493781358005292,0.181176287485215,0,0,0.325042354509492,0.0852024029704597,0.174158103592019,0.138613866958122,0.00497897620192736
213,2.63714218817768e-06,-1175.06937496437,-1175.06937628294,0.529729340145329,0.159264998317433,4.87195325600222e-08,4.87195325600222e-08,0.311005564098173,0.244244335914163,0.192119170667565,0.190122403477353,0.00533676546713999,0.529729391761666,0.159265013836067,0,0,0.311005594402267,0.244244335914163,0.192119170667565,0.190122403477353,0.00533676546713999
214,2.1377525627031e-05,-1145.05822730935,-1145.05823799811,0.474569809423813,0.220347133199685,6.74046993617087e-08,6.74046993617087e-08,0.305082922567103,0.219642684421934,0.190061470089309,0.185504065647691,0.00469078106970683,0.474569873400292,0.220347162904554,0,0,0.305082963695154,0.219642684421934,0.190061470089309,0.185504065647691,0.00469078106970683
215,0,-1098.58209183859,-1098.58208722126,0.573778510925002,0.204486618146904,6.25529310027086e-08,6.25529310027086e-08,0.221734745822233,0.272067072542814,0.183794201567935,0.214425659583357,0.0227907973909195,0.573778582708066,0.204486643729382,0,0,0.221734773562553,0.272067072542814,0.183794201567935,0.214425659583357,0.0227907973909195
216,0,-1181.88706622665,-1181.88705798508,0.464414152450099,0.174975317615896,5.35253549230552e-08,5.3525355720233e-08,0.360610422883294,0.118604016107167,0.197782841971737,0.165182856425966,0.00478013222797001,0.464414210548168,0.174975339009951,0,0,0.360610450441881,0.118604016107167,0.19778286840492,0.165182817959636,0.00478014850851747
217,0,-1211.47459061346,-1211.47458675863,0.40908382583392,0.189807289633798,5.80624903471409e-08,5.80624903471409e-08,0.401108768407301,0.134278430217624,0.217042238912753,0.131667650452515,0,0.409083873338777,0.189807311675168,0,0,0.401108814986054,0.134278430217624,0.217042238912753,0.131667650452515,0
218,0,-1245.88166473606,-1245.88166031943,0.483560457482644,0.0823714867190227,2.51976289305344e-08,2.51976289305344e-08,0.434068005403075,0.381559750251939,0.134268771165809,0.162252046504445,0.0130499465769942,0.483560481851799,0.0823714908701552,0,0,0.434068027278046,0.381559750251939,0.134268771165809,0.162252046504445,0.0130499465769942
219,0,-1112.3151697932,-1112.31516390169,0.452383019918968,0.281362125283681,8.14479280971659e-08,8.14479280971659e-08,0.266254691901495,0.215128369142961,0.198433207127183,0.163143880574166,0.00939678761275302,0.452383093610299,0.281362171116413,0,0,0.266254735273288,0.215128369142961,0.198433207127183,0.163143880574166,0.00939678761275302
220,6.19130599847858,-1128.69085582097,-1131.78650882021,0.453024863208135,0.175001715846881,0.00460892912691148,0.0196493480119115,0.347715143806162,0.19103821879315,0.109350664648542,0.100352591609314,0.00515134711794757,0.442874089423448,0.199994937703869,0,0,0.357130972872684,0.216272915346169,0.111174107602857,0.0998760179199702,0.00510912285797634
221,0,-1193.29090944813,-1193.29090359809,0.470178615437093,0.186674140835075,5.71040528555657e-08,5.71040528537819e-08,0.343147129519727,0.1778800113704,0.186619430239935,0.163112923109919,0.00591990719857442,0.470178669018153,0.186674162196055,0,0,0.343147168785793,0.177880010900019,0.186619431648414,0.163112923577981,0.00591992350846105
222,0.293885741064514,-1130.17536470473,-1130.32230757526,0.478636441330334,0.190192662907063,2.48912258181072e-20,0.00749718042232418,0.323673715340279,0.134596176619349,0.138734688369324,0.197069677486748,0.00453407998977716,0.484664909383137,0.1913564878142,0,0,0.323978602802663,0.125713445100449,0.141038531213438,0.198668194482337,0.00453375894568164
223,1.85441385838203e-05,-1210.46079413647,-1210.46080340854,0.402798088986215,0.213607899528418,6.53431521432639e-08,6.53431521432639e-08,0.383593880799063,0.214317110089295,0.186908452791213,0.162746042395965,0,0.402798141626415,0.213607927444049,0,0,0.383593930929536,0.214317110089295,0.186908452791213,0.162746042395965,0
224,3.25163000525208e-07,-1100.37076281977,-1100.37076298235,0.473138462573341,0.19708351463655,6.02883045031195e-08,6.02883044836878e-08,0.3297779022135,0.147726697026731,0.0999254787483784,0.129924433294453,0.00928663653043412,0.473138519610035,0.197083538404987,0,0,0.329777941984978,0.147726697026731,0.0999254787474579,0.129924434434985,0.0092866722438273
225,0,-1096.9227018204,-1096.92269056514,0.536309652890758,0.172735215740208,5.28401033193613e-08,5.28401033177645e-08,0.290955025688828,0.0983357786955272,0.219406613392586,0.0859865183100029,0.00515699574647221,0.536309709712863,0.172735233989103,0,0,0.290955056298035,0.0983357791346368,0.219406614707029,0.0859865177975666,0.00515703273248161
226,0,-1199.35800999031,-1199.35799576943,0.398658777519423,0.281105672193593,8.59908774302457e-08,8.59908774302457e-08,0.320235378305229,0.354658635932694,0.175608977866023,0.198117135096946,0.0293026217173851,0.398658846081471,0.281105720538648,0,0,0.320235433379881,0.354658635932694,0.175608977866023,0.198117135096946,0.0293026217173851
227,7.8576231317129e-06,-1105.84179541653,-1105.84179934534,0.453730215597176,0.296512056061855,7.64014218917747e-08,7.64014218655863e-08,0.249757575538125,0.20024353619857,0.157516728022623,0.211913014099165,0.00966291813814351,0.453730285239174,0.29651210120109,0,0,0.249757613559735,0.200243537452186,0.157516728022623,0.211913014725973,0.00966295449301915
228,4.5689059788856e-05,-1125.74573283178,-1125.74575567631,0.411329993494914,0.290250478241299,8.87883056185314e-08,8.87883244859556e-08,0.298419350687157,0.235534761064342,0.175739945343874,0.152237393311935,0.00484418645681926,0.411330060790869,0.290250535889752,0,0,0.29841940331938,0.235534527358167,0.175739931641443,0.152237932124946,0.0048441942034257
229,0,-1236.8083241522,-1236.8083141983,0.418849222033888,0.196651101286008,6.01560282126293e-08,6.01560282126293e-08,0.384499556368048,0.337467424238045,0.220352700573658,0.153539293734921,0.0172053094020884,0.418849272426505,0.196651124945509,0,0,0.384499602627986,0.337467424238045,0.220352700573658,0.153539293734921,0.0172053094020884
230,1.53894425238832e-05,-1132.31188757419,-1132.31189526891,0.491097251598957,0.2217065949001,6.78205618504989e-08,6.78205618504989e-08,0.287196017859819,0.179121959910871,0.243491865505614,0.116970061327719,0.0173579990627637,0.491097318211949,0.221706624972636,0,0,0.287196056815415,0.179121959910871,0.243491865505614,0.116970061327719,0.0173579990627637
231,0,-1156.42458820024,-1156.42458092029,0.477975709953167,0.258099804542118,7.89533291305016e-08,7.89533291305016e-08,0.263924327598056,0.227746496221847,0.244533355165148,0.174665632833742,0.0217057810544985,0.477975785428726,0.258099845297802,0,0,0.263924369273471,0.227746496221847,0.244533355165148,0.174665632833742,0.0217057810544985
232,0,-1157.1468272791,-1157.14682131845,0.532885312554642,0.14507619848603,4.43791439294198e-08,4.43791443764239e-08,0.32203840020104,0.0193527902027225,0.164018892380655,0.220540006460824,0.0175076012389251,0.532885352079239,0.145076207069564,0,0,0.322038440851197,0.0193529786174542,0.164018670106132,0.220540006460824,0.0175076372623393
233,1.91005165106617e-06,-1145.95511309214,-1145.95511404716,0.495085952791271,0.1861644198878,5.69480401461295e-08,5.6948061466461e-08,0.318749513424827,0.194360043373096,0.136809306527988,0.147995071081982,0.0206172572708587,0.495086545324551,0.186164092860958,0,0,0.318749361814491,0.194358045433873,0.136809047600852,0.147995430294777,0.0206173046315026
234,0,-1137.15829672418,-1137.1582765184,0.417112715458678,0.264262614092149,8.08385468726667e-08,8.08385468726667e-08,0.31862450877208,0.121908691253787,0.250000550382966,0.137395503749886,0.0104275284538334,0.41711278289626,0.264262656817367,0,0,0.318624560286373,0.121908691253787,0.250000550382966,0.137395503749886,0.0104275284538334
235,0,-1112.58535888256,-1112.58535342269,0.53537709119737,0.180527000584087,5.52236283919065e-08,5.52236283919065e-08,0.284095797771286,0.185375283225231,0.195113487300391,0.13227324899109,0.00456935079333954,0.535377150328308,0.180527020522801,0,0,0.284095829148891,0.185375283225231,0.195113487300391,0.13227324899109,0.00456935079333954
236,0,-1155.06407020946,-1155.06406484521,0.461625115620702,0.219800036574674,6.7237341234579e-08,6.7237341234579e-08,0.318574713329942,0.146070027193122,0.193205540325476,0.132142473499507,0.0101917123716983,0.461625177697601,0.219800066132218,0,0,0.318574756170181,0.146070027193122,0.193205540325476,0.132142473499507,0.0101917123716983
237,0,-1228.88357997611,-1228.8835728204,0.427131451140146,0.156470623149236,4.78647267117181e-08,4.78647267117181e-08,0.416397829981165,0.170689144169013,0.167431045065334,0.134935282358241,0.0068884918427331,0.42713149202921,0.156470638128085,0,0,0.416397869842705,0.170689144169013,0.167431045065334,0.134935282358241,0.0068884918427331
238,6.45491420418421,-1185.0894052672,-1188.3168623693,0.458563711604196,0.154830944978595,9.81446571719464e-16,0.036164791104556,0.350440552312652,0.185220897303603,0.180128749018752,0.0934813881406897,0.0242245750375403,0.463269118460492,0.18164768555817,0,0,0.355083195981338,0.234386658501291,0.188587488670254,0.102275789564972,0.0230705311421794
239,0.519556930222279,-1179.65220394488,-1179.91198240999,0.470613409365588,0.16453043222982,4.01748220211354e-147,0.020975231139475,0.343880927265117,0.239606397495098,0.198084446700313,0.126171417437892,0.010580903073533,0.460236737171657,0.178578485777938,0,0,0.361184777050405,0.230999169827674,0.195889361685659,0.115849350164635,0.0104970640963556
240,1.97440537585589,-1140.87020314264,-1141.85740583056,0.532938514577842,0.17450459818945,3.77534833200917e-21,0.024833615531071,0.267723271701637,0.207689137861859,0.19594139690486,0.160119341323824,0.0331947150050739,0.545283105391613,0.176413602526822,0,0,0.278303292081566,0.134428176870133,0.195483209774794,0.160004816882441,0.0258199588332967
241,0,-1111.0926486439,-1111.09264851232,0.472366630509091,0.221827817039182,5.1413311600526e-10,4.13315674791563e-10,0.305805551524279,0.258517898737982,0.13063011508134,0.130854360674078,0.0190415073999247,0.472366750574759,0.221827778332711,0,0,0.30580547109253,0.258517858293432,0.130630040376896,0.130854305034721,0.0190414399853145
242,0.773122197610519,-1132.12743410162,-1132.51399520042,0.491078803100225,0.210455168375064,3.90468472953657e-12,0.0165446210871304,0.281921407433676,0.112580983760195,0.189680773484523,0.178727375101845,0.00488697271757697,0.493134148160723,0.219104828603796,0,0,0.287761023235482,0.12548735294992,0.180624265347964,0.179636071857011,0.00485675635910405
243,8.27260737423785e-06,-1154.74745030872,-1154.74745444503,0.493371300399963,0.178252136690915,5.45277422673655e-08,5.45277422712779e-08,0.328376453853638,0.5,0.145487265799566,0.173368236864594,0.00466794175880183,0.493371354247108,0.178252156156768,0,0,0.328376489596124,0.5,0.145487265734806,0.173368236858433,0.00466800331756263
244,0,-1175.49101444416,-1175.49100832292,0.47598100854127,0.197879320294052,6.05317432572744e-08,6.05317432572744e-08,0.326139550101192,0.204726770612998,0.187772558745574,0.135837452496526,0.012146457627697,0.475981066165198,0.197879344250015,0,0,0.326139589584787,0.204726770612998,0.187772558745574,0.135837452496526,0.012146457627697
245,1.08485101009137e-05,-1209.48468849081,-1209.48469391506,0.393168896963463,0.243920812754328,7.46159426402401e-08,7.46159426402401e-08,0.362910141050324,0.483380419679083,0.199883397117679,0.163821889136405,0.0104946952961526,0.393168955636808,0.243920849155096,0,0,0.362910195208096,0.483380419679083,0.199883397117679,0.163821889136405,0.0104946952961526
246,0.0455955023644492,-1115.74480342466,-1115.76760117584,0.479170888149701,0.212611330589172,0.00286351826806321,8.37510564602983e-13,0.305354262992227,0.27716557495183,0.165400392429327,0.145473921219552,0.00528690579615545,0.480636251026883,0.212181584646308,0,0,0.307182164326809,0.275588641050403,0.164094579765825,0.146505837550349,0.00528245297591269
247,3.08583003061358e-06,-1127.75025526376,-1127.75025680667,0.468085401648795,0.193587482068215,5.92188600869827e-08,5.92188600810585e-08,0.338326997845269,0.281598088055884,0.160371831266434,0.0970804462319939,0.00876242124927623,0.468085455809746,0.193587505649293,0,0,0.338327038540961,0.281598081952311,0.160371841947366,0.0970804233430963,0.0087623372884934
248,0,-1195.50730988925,-1195.50729612895,0.390615781081144,0.264275790909464,8.08425776916603e-08,8.08425776916603e-08,0.345108266324237,0.463612949707974,0.2156292094718,0.170364202443327,0.0231063215349671,0.390615844237927,0.264275833638943,0,0,0.34510832212313,0.463612949707974,0.2156292094718,0.170364202443327,0.0231063215349671
249,0,-1157.29237204062,-1157.29236359332,0.471474021533283,0.210002352371679,6.42401956159578e-08,6.42401958678595e-08,0.318523497614647,0.274132353624632,0.213092813608142,0.102000788474869,0.00552387160236017,0.471474169781188,0.210002352437398,0,0,0.318523477781413,0.274132121628016,0.2130929402035,0.10200085968547,0.00552388449826952
250,0,-1061.90530887728,-1061.90530105611,0.54313091731956,0.204524679017039,6.25645739112034e-08,6.25645739112034e-08,0.252344278534253,0.154804981201549,0.191172900117424,0.114691875635335,0.010375056443221,0.543130985281078,0.204524704609041,0,0,0.252344310109881,0.154804981201549,0.191172900117424,0.114691875635335,0.010375056443221
251,0,-1130.11963161268,-1130.11961871884,0.504990755418727,0.191926917073174,5.87108892994454e-08,5.87108892994454e-08,0.30308221008632,0.132829794398047,0.182449230295227,0.167971065810986,0.00455252332043433,0.504990814715647,0.191926939609577,0,0,0.303082245674776,0.132829794398047,0.182449230295227,0.167971065810986,0.00455252332043433
252,0,-1157.5617410879,-1157.5617323675,0.440644284850691,0.20388032325406,6.23674639880793e-08,6.23674639880793e-08,0.355475267160321,0.1075369204172,0.155245345509015,0.159477534685734,0.010846033640082,0.440644339814431,0.203880348685061,0,0,0.355475311500509,0.1075369204172,0.155245345509015,0.159477534685734,0.010846033640082
253,5.52805431652814e-06,-1147.74086516098,-1147.740867925,0.588770360284248,0.119881379809745,3.66719877080279e-08,3.66719875818011e-08,0.291348186562032,0.294999324864207,0.225590608913581,0.157625200203057,0.00907341638645295,0.588770356584787,0.119881372545201,0,0,0.291348270870013,0.29499983609478,0.225591324636383,0.157625430256815,0.00907336526339561
254,0,-1141.56876147119,-1141.56874861971,0.445556332613818,0.230265039877733,7.04386100290438e-08,7.04386100290438e-08,0.32417848663123,0.224048189795838,0.17976787232373,0.117365997879604,0,0.445556395382564,0.230265072316836,0,0,0.3241785323006,0.224048189795838,0.17976787232373,0.117365997879604,0
255,0,-1160.09322845781,-1160.09322839658,0.526188994384308,0.163579989944352,1.33674221129953e-09,3.29717489354154e-12,0.310231014331301,0.256135395746759,0.15975512320206,0.18313634229291,0.0105777900833843,0.526189412809002,0.163579785107979,0,0,0.310230802083019,0.256135728586159,0.15975505202285,0.183136294456284,0.0105777728743484
256,0,-1194.10439782106,-1194.10439706899,0.452663171860062,0.184383717799438,5.64034071376019e-08,5.64034071376019e-08,0.362952997533685,0.161986836530105,0.163355517801252,0.148478816517777,0.0147777353794786,0.452663222923559,0.18438373859918,0,0,0.362953038477261,0.161986836530105,0.163355517801252,0.148478816517777,0.0147777353794786
257,0,-1222.45428353889,-1222.45428028701,0.406929031191617,0.217883943068751,6.66512037848187e-08,6.66512037848187e-08,0.375186892437224,0.5,0.216501273072427,0.126180040523331,0.0116393787224748,0.406929085436244,0.217883972113209,0,0,0.375186942450547,0.5,0.216501273072427,0.126180040523331,0.0116393787224748
258,0,-1193.90697394376,-1193.90697325659,0.514228452163121,0.105975486568986,3.24181653051689e-08,3.24181639575132e-08,0.379795996431564,0.149919840762545,0.258257495888635,0.0765393743187909,0.00980608538062661,0.514228398308687,0.105975570762316,0,0,0.379796030928997,0.149920867543686,0.258257297273294,0.0765394520095358,0.00980611129970289
259,4.80133985481461,-1065.81884689996,-1068.21951682736,0.493931079893779,0.203384280205138,0.00702440432514452,0.0200417632742812,0.275618472301657,0.173903805763328,0.14713448177659,0.100918598667182,0.0126341788542702,0.507424430380719,0.217551928044377,0,0,0.275023641574903,0.173148498095456,0.159264233871148,0.116478609085936,0.0126389268750409
260,5.68931636735215e-06,-1132.27157882345,-1132.27158166811,0.496694196947195,0.2262510365585,6.92107170991885e-08,6.92107170991885e-08,0.277054628072872,0.20442004146335,0.25939880973061,0.151544489799279,0.00444363562820675,0.496694265700327,0.226251067876497,0,0,0.277054666423176,0.20442004146335,0.25939880973061,0.151544489799279,0.00444363562820675
261,0,-1239.17159631185,-1239.17159438987,0.432536300118326,0.166562968181208,5.09519984763033e-08,5.09519984763033e-08,0.40090062979647,0.135200812467006,0.195458727918306,0.165553246984358,0.00734762336323687,0.432536344195508,0.166562985154642,0,0,0.40090067064985,0.135200812467006,0.195458727918306,0.165553246984358,0.00734762336323687
262,3.41749605468067e-05,-1170.62001366356,-1170.62003075104,0.420790739533852,0.239682519517852,7.33194389042351e-08,7.33194389042351e-08,0.339526594309418,0.369887063040888,0.1686229937906,0.166569968360765,0.0145018779715871,0.420790801238143,0.239682554664633,0,0,0.339526644097224,0.369887063040888,0.1686229937906,0.166569968360765,0.0145018779715871
263,0,-1139.13907400459,-1139.13906345711,0.473120370471733,0.225016793204243,6.88331591930572e-08,6.88331591930572e-08,0.301862698657706,0.43258206042082,0.13743575600394,0.16629181841867,0,0.473120435604481,0.22501682418148,0,0,0.301862740214038,0.43258206042082,0.13743575600394,0.16629181841867,0
264,0,-1185.44177085471,-1185.44175382961,0.400003313377722,0.289754782617597,8.86366603792251e-08,8.86366603792251e-08,0.310241726731359,0.446679408894265,0.199289087991448,0.209939854132617,0.0323055657610633,0.400003384287651,0.289754833983399,0,0,0.31024178172895,0.446679408894265,0.199289087991448,0.209939854132617,0.0323055657610633
265,7.91455447986846,-1181.10416616092,-1185.06144340086,0.484296548997453,0.147746024944984,0.00965892486200907,0.0314934445831098,0.326805056612444,0.0628248627838831,0.219011598030109,0.126867830272651,0.00780325604109065,0.487583221929109,0.17253272952422,0,0,0.33988404854667,0.11189187963152,0.219979588793503,0.148812048779331,0
266,0.132818311208666,-1107.21600966941,-1107.28241882502,0.545399512441305,0.195067293905228,4.28319884449288e-22,0.00368713449346548,0.255846059160001,0.17954115748129,0.210081296502688,0.16041966853674,0.00446380852044856,0.545914530191996,0.19856030108677,0,0,0.255525168721234,0.178574084684908,0.21169549926418,0.162684388320428,0.00446484032404762
267,0.613702256431225,-1130.01281362179,-1130.31966475,0.489523775278856,0.193845358550823,0.019835698167897,0.0134038124278397,0.283391355574584,0.17447434578726,0.179481116925131,0.163772712223662,0.00470270425815075,0.469224733730273,0.243364493763693,0,0,0.287410772506033,0.217214909235163,0.186248698704889,0.173492210843843,0.00470824998487173
268,0,-1141.62417537307,-1141.62416666102,0.566753939124778,0.146104529477949,4.46937148935375e-08,4.46937148935375e-08,0.287141442009843,0.342675114799754,0.248617115522204,0.146460791286776,0.00881465659215511,0.566753990858358,0.146104543627711,0,0,0.287141465513931,0.342675090813501,0.248617112523923,0.146460799532051,0.00881457338984206
269,0,-1153.07949940132,-1153.07948353178,0.459041456158417,0.217264072440502,6.64615839212262e-08,6.64615839212262e-08,0.323694338477913,0.197791789498307,0.201952389540415,0.155322866001589,0,0.45904151717567,0.217264101319935,0,0,0.323694381504396,0.197791789498307,0.201952389540415,0.155322866001589,0
270,0,-1170.07124583137,-1170.0712324373,0.477372536838827,0.197550561242732,6.04311751005897e-08,6.04311751005897e-08,0.325076781056091,0.0876187656380467,0.215505285209635,0.152234766787712,0.00571905612571546,0.4773725945352,0.19755058511916,0,0,0.32507682034564,0.0876187656380467,0.215505285209635,0.152234766787712,0.00571905612571546
271,0,-1204.69280284156,-1204.6927983639,0.396589896186299,0.23641229420187,7.23190693915123e-08,7.23190693915123e-08,0.366997664973693,0.5,0.170945803693685,0.173338639997164,0.00527462443346525,0.396589953548331,0.236412328396109,0,0,0.36699771805556,0.5,0.170945803693685,0.173338639997164,0.00527462443346525
272,0,-1161.74093702877,-1161.74093623908,0.51380020092058,0.16440364667968,5.02914570182762e-08,5.02914570182762e-08,0.321796051816826,0.271189673670162,0.192696537755714,0.192560516846643,0.00522031388360409,0.513800252600107,0.164403663215879,0,0,0.321796084184014,0.271189673670162,0.192696537755714,0.192560516846643,0.00522031388360409
273,0,-1180.55585373371,-1180.55584286904,0.387202955268018,0.246871528761281,7.55185735139091e-08,7.55185735139091e-08,0.365925364933554,0.234733594321561,0.187306308191744,0.114448028008476,0.0133088695188211,0.387203013750057,0.246871566048058,0,0,0.365925420201885,0.234733594321561,0.187306308191744,0.114448028008476,0.0133088695188211
274,0.849947048775448,-1138.85383112343,-1139.27880464782,0.442605446285426,0.20769242032649,1.13147512579633e-19,0.0151361289943422,0.334566004393741,0.164139946369518,0.176358427521284,0.168952697898593,0,0.447067650215979,0.217594333258073,0,0,0.335338016525948,0.18296451344273,0.174596725257643,0.171269532606229,0
275,2.19685612137255e-05,-1207.01416042733,-1207.01417141161,0.45673716634013,0.183484953052995,5.61284729160798e-08,5.61284729160798e-08,0.35977776834993,0.0690318855051918,0.217057403890236,0.198256195636008,0.0134354127738518,0.456737217612055,0.183484973650458,0,0,0.359777808737487,0.0690318855051918,0.217057403890236,0.198256195636008,0.0134354127738518
276,6.91652194098606,-1250.65300577042,-1254.11126674092,0.429541930038412,0.116013903221676,0.0232907878663121,0.0224358911349351,0.408717487738665,0.5,0.173845395285641,0.183600537254267,0,0.448045532782717,0.139886787447987,0,0,0.412067679769296,0.5,0.192141971660469,0.206285372391956,0
277,1.76804869409261,-1160.91279847111,-1161.79682281815,0.510840541259226,0.160034153063751,0.00412957968043551,0.0209534338377542,0.304042292158833,0.180843417409089,0.182165022088624,0.164144480137944,0.00823684601692765,0.516375310468967,0.184906150339485,0,0,0.298718539191547,0.229669251613592,0.196899572748551,0.165326296876769,0.00853920402841466
278,3.57244290572953,-1180.03285592395,-1181.81907737681,0.497811847837992,0.126740141693412,0.00721442116649,0.016543301654625,0.351690287647482,0.0914547184586685,0.160032940817261,0.16841161125621,0.0101511178138068,0.508047431231822,0.136041430198488,0,0,0.35591113856969,0.0848938867036361,0.181996553119038,0.170921100552561,0.010150854200758
279,2.4055455900093,-1211.25279644809,-1212.4555692431,0.455798825085863,0.155983620953756,0.00826449626980155,0.0195551506741911,0.360397907016387,0.228639378360043,0.239214620338629,0.127990615220076,0.0143879136935188,0.448016266710228,0.187280078745828,0,0,0.364703654543944,0.24096976510398,0.251295361455316,0.143293579379043,0.0108716723998045
280,0.851940769349767,-1089.2589352829,-1089.68490566757,0.54940203704958,0.191372769515497,3.3255168060449e-49,0.0108945720631001,0.248330621371823,0.191187869233715,0.162009142522238,0.180760775596963,0.0088484416757724,0.513527457354661,0.235776336550587,0,0,0.250696206094753,0.305726264091667,0.166542293821071,0.177492740911424,0.00884749078840615
281,3.54270066233948,-1154.11124438196,-1155.88259471313,0.531570556312053,0.156772116865989,0.00676327661188829,0.0190437980444591,0.285850252165611,0.123686634908935,0.163378482512806,0.194507428310584,0.0109407364677179,0.521053401717647,0.186658606856741,0,0,0.292287991425612,0.169000812776587,0.174769622448345,0.193447857613585,0.0109381303467775
282,0,-1190.41715135423,-1190.41714399395,0.386970096470466,0.233503703363494,7.14293247046628e-08,7.14293247046628e-08,0.379526057307391,0.341516179630081,0.128096658847893,0.200227638437251,0.0104587268573419,0.386970151752499,0.233503736721522,0,0,0.379526111525979,0.341516179630081,0.128096658847893,0.200227638437251,0.0104587268573419
283,21.5520113725388,-1204.63819293622,-1215.41419862249,0.509421098505765,0.0952991555789902,3.04556238170348e-33,0.0500156812789161,0.345264064636329,0.0858424105889677,0.231098512903607,0.144211726674423,0.0135407369459005,0.508101395354182,0.131212651583194,0,0,0.360685953062624,0.152483935993422,0.249190474546001,0.149235440183568,0.0109147137778039
284,2.00591703105601e-05,-1148.06136192674,-1148.06137195633,0.478579050246657,0.209125353848738,6.39719323805094e-08,6.3971932025749e-08,0.312295467960741,0.284746310368756,0.148189466629199,0.145357372331888,0.0185466803181448,0.478579114874803,0.209125381313615,0,0,0.312295503811582,0.284746317221381,0.148189466629199,0.145357442458619,0.0185467865131474
285,0,-1125.62326515583,-1125.62325362013,0.436920312725034,0.260952939845072,7.98261098403808e-08,7.98261098403808e-08,0.302126587777674,0.258645987811909,0.233933599639729,0.101918656504687,0.0106124582426349,0.436920382480343,0.260952981506794,0,0,0.302126636012862,0.258645987811909,0.233933599639729,0.101918656504687,0.0106124582426349
286,0,-1077.79958929885,-1077.79958260341,0.522575833544155,0.295815051438665,5.55546157194664e-08,5.55546157194664e-08,0.181609003907948,0.278584524959715,0.276920248545204,0.158474800812472,0.00843997184717902,0.522575891607161,0.295815084306452,0,0,0.181609024086387,0.278584524959715,0.276920248545204,0.158474800812472,0.00843997184717902
287,0,-1141.91092321162,-1141.91091181309,0.459999582036456,0.224947139597708,6.88118519931869e-08,6.88118519931869e-08,0.315053140742132,0.142154302945489,0.183497208580326,0.157894210932089,0.00545712924821106,0.459999645343311,0.224947170555771,0,0,0.315053184100919,0.142154302945489,0.183497208580326,0.157894210932089,0.00545712924821106
288,0.0635884388580052,-1133.81464197936,-1133.84643619879,0.448202374403584,0.238548884741198,0.00203731719325062,1.3659293293446e-143,0.311211423661967,0.200988237149018,0.177473484346569,0.10309517959858,0.0292083194746783,0.449721388984883,0.239093302278056,0,0,0.311185308737062,0.202131935892047,0.179716817396941,0.103499286653173,0.0292083639397453
289,0,-1096.40745292837,-1096.40745003898,0.525562449369691,0.205913626055209,6.29894560359009e-08,6.29894560225683e-08,0.268523798596188,0.344183424643628,0.164034237558411,0.164086755369785,0.0123548370816627,0.525562515579485,0.205913651995987,0,0,0.268523832424528,0.344183424643628,0.164034238161575,0.164086756605243,0.0123548588234972
290,0,-1198.74457248381,-1198.74456575594,0.466787165091238,0.139890624318362,4.27928665954362e-08,4.27928665954362e-08,0.393322125004667,0.223840988658921,0.158029016789189,0.12175288253541,0.0107993974446802,0.466787205041563,0.139890636291005,0,0,0.393322158667432,0.223840988658921,0.158029016789189,0.12175288253541,0.0107993974446802
291,1.37112676471452,-1116.18296643996,-1116.86852982232,0.562203632467984,0.0887091979669116,2.56568003599332e-16,0.0319024093467164,0.317184760218387,0.0725192920434663,0.187910638259863,0.0745611900943428,0,0.561973095063177,0.125855602690841,0,0,0.312171302245981,0.160202803417832,0.192629183383706,0.074666572621134,0
292,0.664071309398423,-1281.85974604413,-1282.19178169883,0.43106268902496,0.166730106424886,2.9795637548468e-15,0.0193759271376139,0.382831277412537,0.197712079089639,0.280419750386157,0.234184011897322,0.00638934927359456,0.430724080900756,0.185211565807594,0,0,0.38406435329165,0.232463478376065,0.281443011829764,0.234355919708882,0.00636928474665071
293,0.480976890864895,-1129.29299496946,-1129.53348341489,0.534809598734298,0.166570237293069,0,0.00777130205555011,0.290848861917083,0.212299258001728,0.163572266577773,0.107322888569353,0.026134882266206,0.528199060704096,0.182430537904111,0,0,0.289370401391793,0.220875876524207,0.165896994649946,0.11527275466101,0.0261483375191073
294,0,-1130.85945976617,-1130.85944717704,0.482911400314928,0.186544875865551,5.7064510404997e-08,5.7064510404997e-08,0.330543609690501,0.136105469224716,0.145875498252463,0.120084598326203,0,0.482911455429139,0.186544897155737,0,0,0.330543647415124,0.136105469224716,0.145875498252463,0.120084598326203,0
295,0,-1058.25336229689,-1058.25336118171,0.553855082670173,0.26582444569651,5.51604169592163e-08,5.51604169592163e-08,0.180320361312483,0.188991601024355,0.211849129843863,0.172633631137243,0.0175902209045284,0.553855143771935,0.265824475022488,0,0,0.180320381205578,0.188991601024355,0.211849129843863,0.172633631137243,0.0175902209045284
296,0,-1154.8899907714,-1154.88998071962,0.401280568692021,0.247500627087504,7.57110161517246e-08,7.57110161517246e-08,0.351218652798442,0.163842083967888,0.195723493604877,0.0934618798224997,0.00511810277093834,0.40128062945475,0.247500664564558,0,0,0.351218705980693,0.163842083967888,0.195723493604877,0.0934618798224997,0.00511810277093834
297,0,-1132.07380736031,-1132.07379276829,0.471289418030824,0.193807978839322,5.92863104587173e-08,5.92863104587173e-08,0.334902484557232,0.0325989713509965,0.205217646438224,0.101533268222335,0.00480982354521031,0.471289473912853,0.193808001819645,0,0,0.334902524267503,0.0325989713509965,0.205217646438224,0.101533268222335,0.00480982354521031
298,0,-1097.85395464234,-1097.85394858251,0.460812604261726,0.272798174967074,8.1489030935216e-08,8.1489030935216e-08,0.266389057793138,0.168656767559044,0.209871741111054,0.14572773333781,0.0133819733493865,0.460812679364083,0.272798219427199,0,0,0.266389101208718,0.168656767559044,0.209871741111054,0.14572773333781,0.0133819733493865
299,0,-1096.18432696399,-1096.18431273012,0.477760086103075,0.27445390061271,7.57982700778042e-08,7.57982700778042e-08,0.247785861687675,0.269317718400521,0.211384919169531,0.120751582177418,0.0056010709599307,0.477760158529862,0.274453942218978,0,0,0.24778589925116,0.269317718400521,0.211384919169531,0.120751582177418,0.0056010709599307
300,0,-1154.03196082077,-1154.03195895496,0.417678656171959,0.258665447453176,7.91263606095698e-08,7.91263606095698e-08,0.323655738122143,0.194751065009808,0.174313166625445,0.12262930023753,0.020740925585247,0.417678722270754,0.258665488387694,0,0,0.323655789341553,0.194751065009808,0.174313166625445,0.12262930023753,0.020740925585247
301,0,-1136.96282434858,-1136.96281573615,0.529356701260752,0.204803299601248,6.26498045944522e-08,6.26498045944522e-08,0.265839873838391,0.109558357648734,0.215870011594495,0.17130007046458,0.0201887438896411,0.529356767588949,0.204803325263024,0,0,0.265839907148027,0.109558357648734,0.215870011594495,0.17130007046458,0.0201887438896411
302,0,-1202.44508368621,-1202.44507626526,0.420509482385822,0.205369550888071,6.28230221770787e-08,6.28230221770787e-08,0.374120841080063,0.183874345859991,0.267540488128784,0.138229410522264,0.00492022641705356,0.420509535221181,0.205369576691946,0,0,0.374120888086873,0.183874345859991,0.267540488128784,0.138229410522264,0.00492022641705356
303,0.772107384209448,-1182.51854058474,-1182.90459427685,0.479404068212879,0.195987633146921,1.85724575778738e-11,0.00884922562237363,0.315759072999254,0.160896165928744,0.209202332643255,0.174432539229954,0.00595501975503936,0.475194478523278,0.205979894293105,0,0,0.318825627183618,0.158219231384716,0.21318078799121,0.18082156242448,0.00595470802848151
304,1.61178715708593,-1196.9995973573,-1197.80549093584,0.430711052057382,0.180868498851494,1.47015212543832e-14,0.022141585584705,0.366278863506404,0.189234880702069,0.181337250065662,0.10730739162083,0.0261706994031,0.397400564496491,0.225666260440844,0,0,0.376933175062664,0.232346368322841,0.186339349789965,0.114088973674223,0.0216115415683963
305,6.5730964706745e-06,-1214.28129661377,-1214.28129990032,0.399974580398401,0.248216138014329,7.5929892563191e-08,7.5929892544888e-08,0.351809129727484,0.262779213149853,0.225399125152471,0.163241340069976,0.006597384483619,0.399974640826923,0.248216175515048,0,0,0.35180918365803,0.262779209459861,0.225399129580461,0.163241348925957,0.00659741326555916
306,0.0337408804125516,-1247.42562054167,-1247.44249098187,0.408008691197208,0.149453736654258,4.30451976604899e-179,0.00221726426064005,0.440320307887893,0.0529033454660154,0.178973607838056,0.146070981970077,0.00795237938563707,0.408594752647791,0.151324285852854,0,0,0.440080961499355,0.0516960234122818,0.181237255562313,0.146217837266256,0.00795607682673555
307,0,-1164.68173620655,-1164.68172310287,0.409507487581191,0.231536920155701,7.08276811574748e-08,7.08276811574748e-08,0.358955450607746,0.184449518763315,0.197907432465575,0.0886390677099837,0.0122861045767523,0.409507545590131,0.231536952954151,0,0,0.358955501455717,0.184449518763315,0.197907432465575,0.0886390677099837,0.0122861045767523
308,0,-1151.07196685717,-1151.0719640217,0.421418399266814,0.257875185775642,7.88846177286084e-08,7.88846177286084e-08,0.320706257188308,0.136639152859147,0.186478598579122,0.144515785419458,0.0154577656872984,0.421418465753683,0.25787522646042,0,0,0.320706307785897,0.136639152859147,0.186478598579122,0.144515785419458,0.0154577656872984
309,0,-1143.82853795376,-1143.82853112243,0.527800536086488,0.150408859761857,4.60104192251857e-08,4.60104192251857e-08,0.321790512130817,0.183173537060602,0.185278588203172,0.115268244737799,0.0127460697663347,0.52780058465514,0.150408873602607,0,0,0.321790541742252,0.183173537060602,0.185278588203172,0.115268244737799,0.0127460697663347
310,3.92645961255766e-06,-1161.67982162513,-1161.67982358836,0.427035559731763,0.234482899253965,7.1728863002222e-08,7.1728863002222e-08,0.338481397556546,0.252938997050206,0.1675361487662,0.121041117194869,0.00570446635181786,0.427035620795596,0.234482932902902,0,0,0.338481446301502,0.252938997558212,0.167536149782211,0.121041117194869,0.00570454560067011
311,0.0107979815957151,-1137.78226393939,-1137.78766293018,0.470435296053654,0.214156461974601,3.70427720436578e-49,0.00108471693886338,0.314323525032882,0.28640182032626,0.157136228946535,0.157599165398272,0.014071968094537,0.469512975349124,0.216120511111242,0,0,0.314366513539634,0.292097880760821,0.157509420778031,0.157527804680779,0.0140661045535777
312,0,-1168.29571358498,-1168.29571201801,0.374043593928246,0.249164998027583,7.62201510844704e-08,7.62201510844704e-08,0.376791255603869,0.109695092826228,0.124558890536482,0.11282538188636,0.0175737688472523,0.374043650947573,0.249165036010376,0,0,0.376791313042051,0.109695092826228,0.124558890536482,0.11282538188636,0.0175737688472523
313,0,-1187.87838518907,-1187.87837509075,0.40776439129657,0.23378905377792,7.15166140585917e-08,7.15166140585917e-08,0.358446411892282,0.16821572107661,0.141757175495826,0.135229495941505,0.0441944321442293,0.407764449620436,0.233789087217527,0,0,0.358446463162037,0.16821572107661,0.141757175495826,0.135229495941505,0.0441944321442293
314,0,-1132.74575949553,-1132.74575121052,0.451217944466768,0.265656640668723,8.12649828372822e-08,8.12649828372822e-08,0.283125252334543,0.155427145875583,0.207604214312204,0.157034265410471,0.0102474040170923,0.451218017803217,0.265656683845895,0,0,0.283125298350888,0.155427145875583,0.207604214312204,0.157034265410471,0.0102474040170923
315,0,-1155.09690348298,-1155.09689999924,0.52509738940607,0.147420707282913,4.50963364478637e-08,4.50963364478637e-08,0.327481813118343,0.226086319318539,0.188607314653862,0.119940834097821,0.0105375800138512,0.525097436766012,0.147420720579182,0,0,0.327481842654806,0.226086319318539,0.188607314653862,0.119940834097821,0.0105375800138512
316,1.76132598426193e-05,-1198.66602430189,-1198.66603310852,0.431029199557218,0.1867280664998,5.71205501038897e-08,5.71205497458492e-08,0.382242619701882,0.39964958862175,0.170376241081303,0.134770058618172,0.0108135573638001,0.431029250041191,0.18672808933063,0,0,0.382242660628179,0.39964958862175,0.170376342376991,0.134770031574217,0.0108135915538888
317,0.280420935640905,-1248.02276456726,-1248.16297503508,0.431195855919474,0.130400649828958,9.4022592210695e-13,0.00617474801305364,0.432228746237574,0.0429832540787955,0.22123381588443,0.168995709254237,0,0.433109233563426,0.133292687263957,0,0,0.433598079172617,0.0349777527648039,0.222994703324573,0.172098761737325,0
318,0,-1088.67815100804,-1088.67814438136,0.588265229920111,0.17921765476688,5.48230964589579e-08,5.48230964589579e-08,0.232517005666816,0.308623483595192,0.229317216046478,0.140721288961478,0.0126753477969419,0.588265294561464,0.179217674356345,0,0,0.232517031082191,0.308623483595192,0.229317216675008,0.140721289590008,0.0126753685384233
319,3.29084350596531e-05,-1147.71483956678,-1147.71485602099,0.491406156416143,0.158163286168246,4.83825162444771e-08,4.83825162463596e-08,0.350430460650579,0.213245150836667,0.246441154982609,0.0800145863480564,0.00899903675402019,0.491406204272128,0.158163301378059,0,0,0.350430494349814,0.213245152057216,0.246441155592884,0.0800145808555835,0.00899911670001448
320,6.08704522164771e-06,-1215.19878702543,-1215.19879006895,0.405101289560222,0.191514022686672,5.85845839484924e-08,5.85845839484924e-08,0.403384570583938,0.352205555821403,0.11478948107871,0.113055133731465,0.0114955340185355,0.405101337025608,0.191514045126214,0,0,0.403384617848178,0.352205555821403,0.11478948107871,0.113055133731465,0.0114955340185355
321,2.67966320303049,-1139.96963610542,-1141.30946770693,0.442239184075701,0.199079416092436,0.0123379105551854,0.00652580056628266,0.339817688710395,0.108046774670135,0.139153346813114,0.150120550593846,0.0121938945662812,0.451074785271899,0.201114240165953,0,0,0.347810974562148,0.137252892738736,0.137953461726416,0.153360015848754,0.0095589203190432
322,0,-1221.44639797881,-1221.44639792765,0.419424836605922,0.165250721506203,2.77255201653404e-10,2.40396107175042e-09,0.415324439206658,0.334362591421324,0.157498964044132,0.0963754616753052,0.0219796762623956,0.419424843267294,0.165250709991321,0,0,0.415324446741385,0.334362566937668,0.157498961408023,0.0963754529665675,0.021979678952283
323,0,-1135.68681563384,-1135.68681082062,0.502769280351161,0.16819423886048,5.14510079624591e-08,5.14510079624591e-08,0.329036377886344,0.214283765024952,0.144229924219297,0.151832235154074,0.018532144548187,0.502769332087138,0.168194256168008,0,0,0.329036411744854,0.214283765024952,0.144229924219297,0.151832235154074,0.018532144548187
324,3.13222562908777e-06,-1090.20550302538,-1090.20550459149,0.52987239479033,0.188792959467484,5.77522043955106e-08,5.77522043955106e-08,0.281334530237776,0.136318822692205,0.169903876034862,0.144430656608235,0,0.529872455992935,0.188792981273906,0,0,0.281334562733159,0.136318822692205,0.169903876034862,0.144430656608235,0
325,1.7079823973063,-1132.67670459795,-1133.5306957966,0.576076241561375,0.114128121210332,2.713357444643e-67,0.00652556898928174,0.303270068239011,0.113452244876043,0.185306849311583,0.136891543488031,0.0231569095833516,0.576624995368175,0.119887456769934,0,0,0.303487547861891,0.112459217829183,0.193750257254376,0.136944997047874,0.023069403362983
326,7.23647741487639,-1119.4129036277,-1123.03114233514,0.472842837973382,0.21552642212591,0.00226166585496648,0.0331043017048278,0.276264772340914,0.241481695253197,0.164606982041478,0.166371174544651,0.00815968798412569,0.481927718051614,0.22636862120731,0,0,0.291703660741077,0.225861040104079,0.16899852573864,0.165817667739088,0.00485075524516509
327,1.42016938298184e-05,-1131.64535877756,-1131.6453658784,0.51200027005581,0.247285319860623,7.36350515725248e-08,7.36350515725248e-08,0.240714262813463,0.345000636914449,0.211959781350782,0.200809227756312,0.0046125769429734,0.512000345458154,0.247285356278363,0,0,0.240714298263483,0.345000636914449,0.211959781350782,0.200809227756312,0.0046125769429734
328,3.64369983977485,-1103.75033536714,-1105.57218528703,0.541128741896501,0.155441614907328,0.0107274741180325,0.013988407885117,0.278713761193021,0.178339975313237,0.190336216002033,0.125716584904708,0.00906656468991282,0.551488859425348,0.165949376506742,0,0,0.28256176406791,0.197317473207287,0.193349290687547,0.139381306435583,0.00906952606855001
329,0,-1126.35274745851,-1126.35273987058,0.524430186648379,0.204576706209187,6.25804891500106e-08,6.25804891500106e-08,0.270992981981455,0.129948956540376,0.237111279704141,0.122250768204822,0.00519923072733286,0.524430252286583,0.204576731814211,0,0,0.270993015899206,0.129948956540376,0.237111279704141,0.122250768204822,0.00519923072733286
330,0,-1076.84254217198,-1076.84253467266,0.507299255916504,0.252051096417897,7.36152406107075e-08,7.36152406107075e-08,0.240649500435117,0.3162149806273,0.161091412433957,0.150865283078026,0.013006561152425,0.507299330606429,0.252051133527507,0,0,0.240649535866064,0.3162149806273,0.161091412433957,0.150865283078026,0.013006561152425
331,0,-1082.04468762471,-1082.04468334517,0.589493382405903,0.203000032131883,6.20981808910883e-08,6.20981808910883e-08,0.207506461265852,0.275662975691885,0.23234964020884,0.191097420147266,0,0.589493455618845,0.203000057343752,0,0,0.207506487037403,0.275662975691885,0.23234964020884,0.191097420147266,0
332,0,-1130.84552435224,-1130.84551646528,0.573258702265681,0.122742047035453,3.75470770112892e-08,3.75470770112892e-08,0.303999175604712,0.0841218906832056,0.169343801690509,0.160923860467765,0.00499653635615677,0.573258745314061,0.122742056252664,0,0,0.303999198433275,0.0841218906832056,0.169343801690509,0.160923860467765,0.00499653635615677
333,0,-1142.17606860539,-1142.17606689347,0.499092297896651,0.219304393669991,6.70857228650049e-08,6.70857228768588e-08,0.281603174261911,0.49751080633993,0.228044834697077,0.149023846982856,0.0129697633769251,0.499092365107074,0.219304422901931,0,0,0.281603211990995,0.49751080633993,0.228044836754194,0.149023847668562,0.0129697887480282
334,0,-1171.60416588166,-1171.60416274854,0.420958430227793,0.226141057517021,6.91770742551937e-08,6.91770742551937e-08,0.352900373901037,0.18090271602382,0.254174894503037,0.155302567111,0,0.420958488469146,0.226141088804579,0,0,0.352900422726275,0.18090271602382,0.254174894503037,0.155302567111,0
335,0,-1061.85391321367,-1061.85391150432,0.499404254281457,0.272874957039026,6.96602750346302e-08,6.96602750346061e-08,0.227720649358967,0.290945608044527,0.236599573433207,0.0957961949574105,0.00475262566286948,0.499404324064212,0.272874994944584,0,0,0.227720680991204,0.290945608044527,0.236599572442067,0.0957961953303171,0.00475274896121515
336,0,-1150.43183045358,-1150.43181914024,0.413541300461417,0.233512463701366,7.14320045123461e-08,7.14320045123461e-08,0.352946092973208,0.0779961358951852,0.131706615708265,0.147817386908519,0.0158692120062244,0.413541359541594,0.233512497061897,0,0,0.352946143396509,0.0779961358951852,0.131706615708265,0.147817386908519,0.0158692120062244
337,0,-1087.31705714581,-1087.31704562731,0.391043132484833,0.315142084405018,8.98785689630096e-08,8.98785689630096e-08,0.293814603353011,0.283887511471724,0.162498788751927,0.0912862593028579,0.00470200543669304,0.39104320277764,0.315142141054068,0,0,0.293814656168293,0.283887511471724,0.162498788751927,0.0912862593028579,0.00470200543669304
338,0,-1112.40292699031,-1112.40291085062,0.522240822994272,0.175225604211944,5.36019188390982e-08,5.36019188390965e-08,0.302533465589947,0,0.163212446278572,0.108363043776524,0.0189937155586563,0.522240877141044,0.175225623671223,0,0,0.302533499187732,0,0.163212302525471,0.108363051089316,0.0189934685447777
339,0,-1151.51578909536,-1151.51578690252,0.46641164304828,0.212257158997484,6.49299574804554e-08,6.49299574804554e-08,0.321331068094321,0.325488983808338,0.183713243761972,0.11250512686779,0.0243002492622951,0.466411703616464,0.212257186561184,0,0,0.321331109822351,0.325488983808338,0.183713243761972,0.11250512686779,0.0243002492622951
340,3.76819290805315,-1194.27154702482,-1196.15564347885,0.435811036756383,0.221382672236844,1.47532601693264e-31,0.0101045388541705,0.332701752152602,0.216648557447,0.195171071824139,0.173434807490155,0.0112794749170341,0.411704046707675,0.249340618426298,0,0,0.338955334866027,0.239698302633755,0.207282250384482,0.171255266218655,0.0112717701348191
341,1.13367773337814e-05,-1143.9382804342,-1143.93828610259,0.45802434102791,0.225945853155472,6.91173608507637e-08,6.91173608405688e-08,0.316029667581896,0.0858937362829371,0.168722120440299,0.166347568605922,0.00987837128496451,0.458024404552871,0.225945884395139,0,0,0.31602971105199,0.0858937362829371,0.168722123284564,0.166347570028055,0.00987845305759542
342,1.84781423128152,-1124.90563631436,-1125.82954343,0.547186559811522,0.154930632361429,1.96305601559686e-208,0.0128223904627039,0.285060417364345,0.173972846965678,0.18220255430088,0.129932422614387,0.0142360345818434,0.543002193748299,0.16869123452663,0,0,0.288306571725071,0.16807499956561,0.186095002733403,0.132010018028413,0.0142355132897368
343,0.784675807883104,-1139.14965638076,-1139.5419942847,0.491167255902269,0.193054181154311,0,0.006534606454491,0.309243956488929,0.163564883967082,0.217421501093038,0.1210733096738,0.00958556168950442,0.494390421575541,0.195397445346281,0,0,0.310212133078178,0.186566828682399,0.217274027987393,0.121058802583416,0.00958718308581508
344,0.864003843013506,-1174.5935369599,-1175.02553888141,0.467575939183504,0.227150145407055,6.28514759056185e-35,0.010269122975941,0.2950047924335,0.243868740843827,0.268573927105863,0.157201793230594,0.00534977262968497,0.472085507710526,0.234059660897257,0,0,0.293854831392216,0.240444705741562,0.270465840393788,0.168790190531611,0.00535386920979266
345,1.09935604086786e-05,-1178.16744865075,-1178.16745414753,0.421818851674008,0.279188596479511,8.54044395207332e-08,8.54044395356809e-08,0.298992381037602,0.367561844582732,0.264521394928832,0.16881644604959,0.0099125122690223,0.421818923963724,0.279188644145224,0,0,0.298992431891052,0.367561845875968,0.264521396220417,0.168816447333449,0.00991254170961081
346,0.943310775995542,-1135.79904054135,-1136.27069592935,0.527196886584994,0.146558426481201,2.46775917310639e-68,0.0132122045228573,0.313032482410948,0.0573860994795692,0.194891847183879,0.0939483190174016,0.0109652442393382,0.531095809719938,0.15813386132182,0,0,0.310770328958243,0.072163632717622,0.195962873263387,0.0964477371766003,0.0109176645268162
347,0,-1195.51879462626,-1195.51879273558,0.484726079858428,0.207223647138476,6.33901945193863e-08,6.3390194516261e-08,0.308050146222707,0.334490234294742,0.267398515580183,0.169435665151669,0.0105803975095074,0.484726141385846,0.207223673289922,0,0,0.308050185324232,0.334490234294742,0.26739851704629,0.16943566588401,0.0105804333670346
348,0,-1226.74944428451,-1226.74942958144,0.37746511412035,0.224431590031663,6.86541441846002e-08,6.86541441846002e-08,0.398103158539698,0.257891154943366,0.197817624583846,0.128303117033612,0,0.377465165949446,0.224431620847985,0,0,0.398103213202569,0.257891154943366,0.197817624583846,0.128303117033612,0
349,0,-1153.48038746265,-1153.48037821022,0.448331410166654,0.237824240993328,7.27509871914444e-08,7.27509871914444e-08,0.313844203338044,0.248929811058421,0.172334506031039,0.15246464895739,0.0155271725120977,0.448331475399769,0.237824275597229,0,0,0.313844249003002,0.248929811058421,0.172334506031039,0.15246464895739,0.0155271725120977
350,0,-1161.40312613818,-1161.40312197729,0.490208628336634,0.209192892912459,6.39925913744113e-08,6.39925913744113e-08,0.300598350765724,0.240665503190839,0.214149417597149,0.168082910056994,0.00989410095936146,0.490208691076083,0.209192919686053,0,0,0.300598389237864,0.240665503190839,0.214149417597149,0.168082910056994,0.00989410095936146
351,0,-1156.33921428816,-1156.33920413699,0.464289193947599,0.209957169259635,6.42263852825168e-08,6.42263852825168e-08,0.325753508339996,0.23189206093129,0.218656800086094,0.114954445252416,0.00986830115757715,0.46428925358684,0.209957196229218,0,0,0.325753550183942,0.23189206093129,0.218656800086094,0.114954445252416,0.00986830115757715
352,0.903848619254404,-1152.92456457274,-1153.37648888237,0.493424599169001,0.167443418386175,4.50853397073729e-18,0.0164382437356712,0.322693738709152,0.260443031158626,0.21247783554195,0.0904402763665208,0.0237605542048164,0.504796821332163,0.171556372130437,0,0,0.3236468065374,0.256154378583232,0.216664411671211,0.0915622571057708,0.0237620681879173
353,0,-1189.39330740281,-1189.39329959549,0.529170452869085,0.103454927675628,3.16471024433232e-08,3.16471024433232e-08,0.367374556161082,0.132551487390998,0.161890252553048,0.102471898838256,0.0173472983421719,0.52917048636251,0.103454934223726,0,0,0.367374579413764,0.132551487390998,0.161890252553048,0.102471898838256,0.0173472983421719
354,0,-1060.10478298187,-1060.10477993484,0.587725955438707,0.222348402714278,5.80986590438012e-08,5.80986590438018e-08,0.189925525649696,0.139983876600705,0.238958436303753,0.167261218251405,0.00845015547014726,0.587726023675272,0.222348428529526,0,0,0.189925547795202,0.139983876089578,0.238958436303753,0.167261218660594,0.00845018813736084
355,1.16831947653645,-1199.82063383543,-1200.4047935737,0.479069689226948,0.18949527515604,0.0132067336384691,5.18392927181556e-16,0.318228301978543,0.234357799297064,0.270868897305209,0.116319550134364,0.0314254345347908,0.49010689576422,0.191747686249839,0,0,0.318145417985942,0.24452275739203,0.270807905374063,0.125589805481964,0.0310970059738513
356,0,-1204.41929243054,-1204.4192892321,0.448851511405474,0.168093454761223,5.14201778726267e-08,5.14201778726267e-08,0.383054930992948,0.145150152783694,0.213374862320431,0.103217812099434,0.00565441273837026,0.448851557565528,0.168093472048015,0,0,0.383054970386457,0.145150152783694,0.213374862320431,0.103217812099434,0.00565441273837026
357,1.04656732668855,-1179.11531112761,-1179.63859479095,0.488378752378427,0.116105793434086,2.90513335408856e-28,0.0154302542180891,0.380085199969398,0.103695867346748,0.178796408707091,0.136938534660094,0.00954041735338977,0.488252109294108,0.134068749692964,0,0,0.377679141012928,0.174296140943692,0.186317989905643,0.13867790374328,0.00951172465052645
358,0,-1195.32228183572,-1195.3222770106,0.411751702169296,0.246648641675236,7.54503918370781e-08,7.54503918370781e-08,0.341599505254684,0.0934301376763387,0.253960933946729,0.162229601702945,0.0108617675006393,0.41175176430296,0.246648678894715,0,0,0.341599556802325,0.0934301376763387,0.253960933946729,0.162229601702945,0.0108617675006393
359,7.73974518983732,-1149.66568668612,-1153.53555928104,0.487168715971693,0.188913939096908,1.66444245076174e-68,0.0205414989675935,0.303375845963806,0.143822886803085,0.180967292767566,0.144039696182701,0.0243153410114046,0.493262469489643,0.201172129753345,0,0,0.305565400757013,0.186834777908838,0.196168654598592,0.144296110879955,0.0243133943543452
360,1.14136570368782,-1238.23786313877,-1238.80854599061,0.400960650830017,0.171455447515882,9.05310119496743e-162,0.0116913359119724,0.415892565742128,0.345384527861201,0.139151254965655,0.145887899931091,0.0234794681010208,0.403308690514712,0.177738648596511,0,0,0.418952660888777,0.351280538294652,0.142038569531044,0.148983032944472,0.0234792550552572
361,0,-1206.73517329677,-1206.73516736148,0.421855469002034,0.198604781347593,6.07536634769866e-08,6.07536634769866e-08,0.379539628143046,0.444412660259228,0.220012290652476,0.102684875026432,0.0112198812291915,0.42185552026057,0.198604805479533,0,0,0.379539674259897,0.444412660259228,0.220012290652476,0.102684875026432,0.0112198812291915
362,0,-1164.67075554468,-1164.6707519427,0.422017022644644,0.250104460562683,7.6507534853982e-08,7.6507534853982e-08,0.327878363777604,0.24787143390413,0.157113141514571,0.164051305923231,0.0155053815406678,0.422017087219618,0.25010449883244,0,0,0.327878413947942,0.24787143390413,0.157113141514571,0.164051305923231,0.0155053815406678
363,8.02786416898016e-07,-1229.01052710349,-1229.01052750488,0.478016236850331,0.151218096148663,4.6257966545908e-08,4.62579665382236e-08,0.370765574485074,0.213404470283094,0.16489763395727,0.191949797097133,0.00666485219202162,0.478016280909299,0.151218110185366,0,0,0.370765608905335,0.2134044722787,0.164897637948482,0.191949797762335,0.00666491139499807
364,0,-1093.89702802927,-1093.89702463802,0.505660871669307,0.230032026844793,7.03673308015603e-08,7.03673308015603e-08,0.264306960751239,0.209126032734651,0.18627406178857,0.0854070484698655,0.0197253682436519,0.505660942833328,0.230032059218277,0,0,0.264306997948395,0.209126032734651,0.18627406178857,0.0854070484698655,0.0197253682436519
365,2.13469425034418e-05,-1245.72395920977,-1245.72396988324,0.340993087854916,0.207993720415478,6.36257617394651e-08,6.36257617322875e-08,0.451013064478083,0.276900972381445,0.127667318376462,0.180929399271587,0.00577750849996992,0.340993131371385,0.20799374684413,0,0,0.451013121784484,0.276900972931566,0.127667319267813,0.180929400313939,0.00577760740625532
366,0.478346901373698,-1168.15026660897,-1168.38944005966,0.475274731376987,0.139816005378813,1.23378057318162e-56,0.00876267475144709,0.376146588492753,0.112121215890851,0.173094053877154,0.0855831996385924,0.0118530045037748,0.472475210231329,0.144232159581827,0,0,0.383292630186844,0.0921449234237269,0.171047350531634,0.0869861176282784,0.0101305787491647
367,0,-1138.95759572226,-1138.95758223612,0.407274642893401,0.280014067987153,8.5656953170426e-08,8.5656953170426e-08,0.312711117805539,0.274834023296074,0.168399575935392,0.175378989387543,0,0.407274712665223,0.280014115957465,0,0,0.312711171377312,0.274834023296074,0.168399575935392,0.175378989387543,0
368,7.78136987084099,-1127.60601190241,-1131.49669683783,0.477596345770354,0.205767672341604,0.016349994593542,5.98484309853921e-88,0.3002859872945,0.5,0.183720155774792,0.166689033213476,0,0.4961121670251,0.206348931299737,0,0,0.297538901675164,0.5,0.221787051668466,0.166723037712381,0
369,1.70807197719114e-07,-1174.64515616122,-1174.64515624662,0.432598132288256,0.268834220286951,8.22370118160773e-08,8.22370118160773e-08,0.29856748295077,0.423669171036537,0.296444719368906,0.14181756248354,0.00500430912746747,0.432598203439423,0.268834264503204,0,0,0.298567532057373,0.423669171036537,0.296444719368906,0.14181756248354,0.00500430912746747
370,0.830720993607883,-1226.89084678846,-1227.30620728526,0.448189834239364,0.1651016216551,4.74123779524637e-23,0.0100516052449511,0.376656938860584,0.191266423210419,0.175125288711819,0.191744274092563,0.0234704287387058,0.450768923601085,0.17257049673416,0,0,0.376660579664755,0.222059127705055,0.176235864180631,0.192585101098892,0.0235245988512384
371,0,-1116.27632730979,-1116.27631657388,0.434544675693528,0.24244034868668,7.41630652465271e-08,7.41630652465271e-08,0.323014827293662,0.0844922061234823,0.170410490375912,0.137890138669197,0.00878839871978389,0.434544740147868,0.242440384646924,0,0,0.323014875205209,0.0844922061234823,0.170410490375912,0.137890138669197,0.00878839871978389
372,0,-1160.72927113226,-1160.72926204124,0.470136592706525,0.227858332600793,6.97023926882593e-08,6.97023926882593e-08,0.302004935287897,0.283536376919194,0.310759999094601,0.147618470199846,0.00429451621563225,0.470136658245824,0.22785836436534,0,0,0.302004977388836,0.283536376919194,0.310759999094601,0.147618470199846,0.00429451621563225
373,1.3013971661444,-1091.69079433251,-1092.34149291558,0.607251516194421,0.108171186743693,3.94177400456173e-30,0.005770718555257,0.278806578506629,0,0.168302390755264,0.143021764468463,0.0133661571217795,0.607550848834116,0.112232567558403,0,0,0.280216583607481,0.0151665750582576,0.167936337079712,0.142823463769661,0.0133661192285038
374,6.51945128993248e-06,-1089.7745835922,-1089.77458685192,0.565273309948804,0.155931544459381,4.76998212755474e-08,4.76998212794313e-08,0.278795050192173,0.119958248285441,0.207057121651195,0.102178173125897,0.00431681736192856,0.565273363947967,0.155931559309335,0,0,0.278795076742698,0.119958248285441,0.207057121651195,0.10217817289554,0.00431686859146317
375,0,-1172.10675798225,-1172.10675385427,0.477313929754248,0.197247532716033,6.03384778482316e-08,6.0338477879025e-08,0.325438416852763,0.225577201022348,0.284929224715737,0.122397189008043,0.00957147970344715,0.477313987642367,0.197247556036049,0,0,0.325438456321584,0.22557719949647,0.284929229293374,0.122397196637438,0.00957138052131824
376,0,-1105.39041572362,-1105.39040560402,0.499695036432481,0.244131976350819,7.46805380744124e-08,7.46805380744124e-08,0.256172837855624,0.177439087640359,0.219807512480867,0.132616511279014,0.00965674829540431,0.499695111067481,0.244132012814639,0,0,0.25617287611788,0.177439087640359,0.219807512480867,0.132616511279014,0.00965674829540431
377,0,-1248.02011696918,-1248.02011683694,0.402113382461033,0.178106479747186,4.59045099232058e-10,1.24705681601762e-09,0.419780136085679,0.206662880518572,0.164595015763824,0.162015421628767,0.0245254912780531,0.402113397114926,0.178106477044739,0,0,0.419780125840335,0.206662840313663,0.164595021236816,0.162015423903577,0.0245254908843755
378,1.9674137547554e-05,-1170.70814815247,-1170.70815798954,0.468396003914853,0.215539154958786,6.59339276608952e-08,6.59339276608952e-08,0.316064709258506,0.313002713067666,0.229152306095376,0.169573267989249,0.0182997730835982,0.468396065681237,0.215539183381476,0,0,0.316064750937287,0.313002713067666,0.229152306095376,0.169573267989249,0.0182997730835982
379,0,-1113.52429208624,-1113.52427966,0.583195450904211,0.169321866155154,5.17959517685611e-08,5.17959517685611e-08,0.247482579348732,0.059277862941953,0.282015495603368,0.153610413762273,0.00885032339473118,0.583195511318544,0.16932188369553,0,0,0.247482604985926,0.059277862941953,0.282015495603368,0.153610413762273,0.00885032339473118
380,1.0525419762871,-1213.59408968943,-1214.12036067757,0.491732095033763,0.125985631436466,6.12912026155687e-21,0.0285485794608932,0.353733694068878,0.12858432097739,0.232460484009763,0.155151300320769,0.0140452041497288,0.48541010762796,0.168974225939808,0,0,0.345615666432232,0.224890285193076,0.242564471293704,0.16704121625794,0.014307478185685
381,0,-1185.6820491328,-1185.68203237857,0.380519788560252,0.274974520051275,8.41153437625607e-08,8.41153437625607e-08,0.344505523157786,0.407925075247364,0.212430958502823,0.16575809132359,0.00479565337538952,0.380519852575368,0.274974566310435,0,0,0.344505581114197,0.407925075247364,0.212430958502823,0.16575809132359,0.00479565337538952
382,0,-1114.59166005872,-1114.59165707035,0.49298465297283,0.227884236298285,6.97103166841422e-08,6.97103166841422e-08,0.279130971308252,0.177682806498712,0.251641709676497,0.112999283582968,0.00907237122168989,0.492984721848527,0.227884268005576,0,0,0.279131010145897,0.17768280764658,0.251641710250431,0.112999284156902,0.00907241369280453
383,0.498612007153952,-1161.58373958292,-1161.8330455865,0.507625746816239,0.199842366386082,1.44516204539595e-79,0.0127795157699249,0.279752371027755,0.288418379304617,0.223291091685653,0.198563242378162,0.00487250838166146,0.503627575283563,0.214497957941817,0,0,0.28187446677462,0.333686941926001,0.222671135700618,0.198419169233633,0.00486241123868132
384,0,-1218.79724270982,-1218.79723377926,0.44127577978596,0.18219439348238,5.57336877486827e-08,5.57336877486827e-08,0.376529715264285,0.426474892908006,0.179887436255363,0.122574192243616,0.0220773183220643,0.441275828973819,0.182194413791113,0,0,0.376529757235069,0.426474892908006,0.179887436255363,0.122574192243616,0.0220773183220643
385,0,-1052.33853889418,-1052.33853102727,0.586801063161418,0.168058258052002,5.1409411117602e-08,5.1409411117602e-08,0.245140575967758,0.13732963907897,0.195664875702918,0.0829372750212279,0,0.586801123495619,0.168058275331556,0,0,0.245140601172826,0.13732963907897,0.195664875702918,0.0829372750212279,0
386,0,-1123.87511763932,-1123.8751062203,0.532081387137726,0.221567446321663,6.77779959774603e-08,6.77779959774603e-08,0.246351030984619,0.191729814734936,0.222357193569093,0.169729255380302,0.0099435800206388,0.532081459264556,0.221567476356462,0,0,0.246351064378982,0.191729814734936,0.222357193569093,0.169729255380302,0.0099435800206388
387,0,-1187.25420828265,-1187.25420680651,0.474009677500026,0.148196443193961,4.53336359328878e-08,4.53336359142522e-08,0.377793788638741,0.0236316055582643,0.254160086048208,0.0958794914117613,0.0101376107139654,0.474009720378693,0.148196456807538,0,0,0.377793822813769,0.0236316068508986,0.254160090248281,0.0958794857251721,0.0101376369663443
388,0.271566550564785,-1173.56401859962,-1173.6998018749,0.505512478138083,0.125986522416173,9.62506328784409e-12,0.0304543439661016,0.338046655470018,0.157204114115278,0.175272384422005,0.131820499209227,0.016416824171375,0.509455736618089,0.152177353233039,0,0,0.338366910148872,0.227036104482269,0.172033897460498,0.134065328510479,0.0164249358452885
389,0,-1171.92598882204,-1171.92598152919,0.509950696052352,0.173374922405576,5.30357910806896e-08,5.30357910806896e-08,0.31667427547049,0.0541196170029231,0.194418912721126,0.154846802008282,0.0260850075701682,0.509950750143635,0.17337494079573,0,0,0.316674309060635,0.0541196170029231,0.194418912721126,0.154846802008282,0.0260850075701682
390,9.39254641707521e-06,-1097.96270733798,-1097.96271203425,0.565795841352299,0.178962830515316,5.47451451382101e-08,5.47451451382101e-08,0.255241218642094,0.145728154616763,0.218007138291185,0.143096430201145,0.00860649788926975,0.565795903301457,0.17896285011001,0,0,0.255241246588532,0.145728154616763,0.218007138291185,0.143096430201145,0.00860649788926975
391,0,-1117.13228859683,-1117.13227893341,0.421610464527878,0.273536013467284,8.36753012604608e-08,8.36753012604608e-08,0.304853354654236,0.160717927775968,0.218301573224393,0.135261907405037,0,0.421610535084655,0.273536059243708,0,0,0.304853405671637,0.160717927775968,0.218301573224393,0.135261907405037,0
392,7.03957173874778,-1156.7761922848,-1160.29597815417,0.560899076888171,0.117447283202798,0.00403725074548988,0.034553319796474,0.283063069367067,0.0803230925866244,0.228389716711016,0.179103987598571,0,0.539844486310685,0.173399437557055,0,0,0.28675607613226,0.20147484314856,0.234043544002683,0.190499458744472,0
393,0,-1187.25334941719,-1187.25334406656,0.427467510375728,0.187195968767003,5.72636812344134e-08,5.72636812344134e-08,0.385336406329907,0.132971042696684,0.173958852796661,0.096017382816658,0.0070685497714625,0.42746755933246,0.187195990206066,0,0,0.385336450461474,0.132971042696684,0.173958852796661,0.096017382816658,0.0070685497714625
394,0,-1132.8675787168,-1132.86757672258,0.445520236741459,0.249360634689332,7.62799967932747e-08,7.62799967932747e-08,0.305118976009216,0.0947499931341285,0.171246550931231,0.158922295050329,0.01940239223845,0.445520304710034,0.249360672731794,0,0,0.305119022558172,0.0947499931341285,0.171246550931231,0.158922295050329,0.01940239223845
395,1.75276279996888,-1158.69241636215,-1159.56879776214,0.472177008138013,0.156368883748221,2.40497954327571e-22,0.0126502949437959,0.35880381316997,0.09398909170725,0.20297197703173,0.0775918209374994,0,0.455247175918729,0.184903689697954,0,0,0.359849134383317,0.110534918826574,0.215215796370809,0.0807072412220282,0
396,1.31632177726715e-05,-1138.25596640441,-1138.25597298602,0.431095673786952,0.298075290994789,8.28471796462472e-08,8.28471796462472e-08,0.2708288695239,0.17086961780767,0.229421571879248,0.183313451985082,0.0192509301463963,0.431095745217085,0.298075340384192,0,0,0.270828914398723,0.17086961780767,0.229421571879248,0.183313451985082,0.0192509301463963
397,0,-1196.64943743468,-1196.64942770489,0.383571564072923,0.248742806479327,7.60910017101627e-08,7.60910017101627e-08,0.367685477265746,0.155461932716352,0.211517943849173,0.10432967455488,0.0274818764091033,0.383571622445621,0.248742844333512,0,0,0.367685533220867,0.155461932716352,0.211517943849173,0.10432967455488,0.0274818764091033
398,0,-1191.15361056557,-1191.15359751454,0.381189296197675,0.264134076514544,8.0799226929406e-08,8.0799226929406e-08,0.354676465689327,0.156466853928521,0.209383433009635,0.178369505445512,0.00987564323056533,0.381189357797286,0.26413411919821,0,0,0.354676523004504,0.156466853928521,0.209383433009635,0.178369505445512,0.00987564323056533
399,0,-1090.78245338654,-1090.78243944505,0.544321169685377,0.190499021235671,5.82740926493183e-08,5.82740926493183e-08,0.265179692530766,0.127275908394379,0.206553091315602,0.161888348998752,0,0.544321233125029,0.190499043437989,0,0,0.265179723436982,0.127275908394379,0.206553091315602,0.161888348998752,0
400,0,-1182.07030773491,-1182.07030738393,0.442993393982734,0.226346164504446,6.92398170052913e-08,6.92398169990344e-08,0.330660303033186,0.208931864805409,0.242782650232605,0.163327800483309,0.00989229211381409,0.442993455260686,0.226346195966876,0,0,0.330660348772438,0.208931864805409,0.242782652930085,0.163327801157679,0.00989233392474831
401,2.7463354949241,-1182.21533902376,-1183.58850677122,0.540217067485588,0.112215666842234,0.00719458343973723,0.0144253347069513,0.325947347525489,0.201641997257166,0.139662436875018,0.219320180027695,0.0148196607637689,0.54321607052768,0.120001105556011,0,0,0.336782823916309,0.172586884964533,0.144099275184258,0.219333669474905,0.01129809159691
402,0,-1179.81966181139,-1179.81964982837,0.476992922045744,0.181000743356028,5.53685474051642e-08,5.53685474051642e-08,0.342006223861134,0.192374059518033,0.181538059687411,0.160070568340074,0.0108816078864355,0.47699297486656,0.181000763399526,0,0,0.342006261733913,0.192374059518033,0.181538059687411,0.160070568340074,0.0108816078864355
403,0,-1234.8721723798,-1234.87216292688,0.343786649836022,0.231096402547283,7.06929257988379e-08,7.06929257988379e-08,0.425116806230843,0.247030906302933,0.199366733982821,0.126034894825849,0.0199347230823597,0.343786698442597,0.23109643522105,0,0,0.425116866336353,0.247030906302933,0.199366733982821,0.126034894825849,0.0199347230823597
404,0,-1135.99806583358,-1135.9980591552,0.497999383304685,0.230786879115794,7.05982418628957e-08,7.05982418628957e-08,0.271213596383038,0.251206332284975,0.196431390170683,0.162630537778128,0.00519589770524097,0.497999453620456,0.230786911702094,0,0,0.271213634677449,0.251206332284975,0.196431390170683,0.162630537778128,0.00519589770524097
405,15.5530492512585,-1167.49572719826,-1175.27225182389,0.48055845782909,0.166220876049739,0.0269354762004791,0.0223691908430236,0.303915999077669,0.242794030572494,0.16293626847984,0.222785896342271,0.00959202858457352,0.48295445019083,0.200102951043499,0,0,0.316942598765671,0.24932021768444,0.198960181394886,0.234000127028148,0.00959408415166085
406,0,-1195.21600951789,-1195.21599931931,0.412368788425373,0.231344861412235,7.07689299421759e-08,7.07689299421759e-08,0.356286208624533,0.0774577475590768,0.166094621811368,0.159309750960491,0.0304387375580883,0.412368846791177,0.231344894156296,0,0,0.356286259052527,0.0774577475590768,0.166094621811368,0.159309750960491,0.0304387375580883
407,0,-1206.51938973425,-1206.51938246599,0.38803634101123,0.201447579902363,6.16232821516099e-08,6.16232821516099e-08,0.410515955839842,0.152434811847241,0.147326087187788,0.08331989997876,0.0350355053676575,0.388036388835382,0.201447604730088,0,0,0.410516006434529,0.152434811847241,0.147326087187788,0.08331989997876,0.0350355053676575
408,0,-1268.8564546475,-1268.85644714419,0.398209209214893,0.161966225007526,4.95458440727229e-08,4.95458440727229e-08,0.439824466685893,0.0958379466686368,0.185343084269725,0.153327955524812,0,0.398209248674119,0.161966241057034,0,0,0.439824510268847,0.0958379466686368,0.185343084269725,0.153327955524812,0
409,0,-1136.2668507364,-1136.26684284724,0.459399727914853,0.232854888688619,7.12308507900428e-08,7.12308507900428e-08,0.307745240934827,0.185432800417894,0.166240850641835,0.114915388132426,0.0160579886892162,0.459399793361729,0.232854921861527,0,0,0.307745284776744,0.185432800417894,0.166240850641835,0.114915388132426,0.0160579886892162
410,8.48451418278273e-06,-1182.06789786716,-1182.06790210941,0.473674699020088,0.164217374423276,5.02344759027972e-08,5.02344759027972e-08,0.362107826087684,0.196004063598767,0.14895721209072,0.166553506053859,0.0133580350403187,0.473674746609694,0.164217390922025,0,0,0.362107862468281,0.196004063598767,0.14895721209072,0.166553506053859,0.0133580350403187
411,0,-1151.15234766822,-1151.15234012778,0.420041041091765,0.245857118698895,7.52082631218848e-08,7.52082631218848e-08,0.334101689792814,0.249407089996934,0.243869806936592,0.12945990565819,0.00451851628404741,0.420041104272888,0.245857155679875,0,0,0.334101740047237,0.249407089996934,0.243869806936592,0.12945990565819,0.00451851628404741
412,4.42967919677722,-1177.47525827756,-1179.69009787595,0.476768112283985,0.181160875101423,0.00823548349623618,0.0203154712414538,0.313520057876902,0.26125618204729,0.187350146210359,0.161539019751289,0.0141851829102901,0.473185654035599,0.220658128578784,0,0,0.306156217385617,0.335671181873912,0.205270547434511,0.173475667044648,0.0143172311252911
413,0,-1169.08545404235,-1169.08544428467,0.489954287454331,0.192779705367459,5.8971759217564e-08,5.8971759217564e-08,0.317265889234692,0.181532326421612,0.235475368137611,0.138307343596913,0,0.48995434524127,0.192779728104578,0,0,0.317265926654152,0.181532326421612,0.235475368137611,0.138307343596913,0
414,0,-1214.74711788801,-1214.74711535453,0.459834071412147,0.162183029305839,4.96121650106718e-08,4.96121650106718e-08,0.377982800057684,0.287748094066073,0.177840111132874,0.114023889971881,0.0300915793594148,0.459834117038879,0.162183045398343,0,0,0.377982837562778,0.287748094066073,0.177840111132874,0.114023889971881,0.0300915793594148
415,0,-1177.17824949742,-1177.17823980267,0.450128599797329,0.203293193268928,6.21878595631912e-08,6.21878595631912e-08,0.346578082558024,0.186444567041787,0.196609003990662,0.105789503881677,0,0.450128655782404,0.203293218553668,0,0,0.346578125663927,0.186444567041787,0.196609003990662,0.105789503881677,0
416,0,-1215.00473437438,-1215.00472739662,0.406625963025918,0.145867331514513,4.46211551956986e-08,4.46211551956986e-08,0.447506616217259,0,0.130238595307743,0.169702775080247,0,0.406625999314161,0.145867344532051,0,0,0.447506656153787,0,0.130238595307743,0.169702775080247,0
417,3.09855613522814e-06,-1196.60679962886,-1196.60680117814,0.385879992327965,0.20008489996769,6.1206435197492e-08,6.1206435197492e-08,0.414034985291474,0.156125497853853,0.225366066276119,0.0937309073003104,0.00976079940911631,0.385880039564649,0.20008492446066,0,0,0.414035035974691,0.156125497853853,0.225366066276119,0.0937309073003104,0.00976079940911631
418,1.03353620046801,-1143.4655053275,-1143.98227342773,0.44305570507573,0.224702424819896,1.27443795310883e-08,0.0180070678095782,0.314234789550416,0.194583295247362,0.174662566420101,0.199370670400082,0.0045350899977671,0.440079960357373,0.23562318939512,0,0,0.324296850247507,0.221009680418552,0.170337756339871,0.194400214157845,0.00453051438232727
419,0,-1129.31529312429,-1129.3152892392,0.463097373082641,0.241574111103821,7.38980811598247e-08,7.38980811264751e-08,0.295328368017376,0.352014282822461,0.118209995609299,0.122670250971054,0.0170438007836218,0.463097440748456,0.24157414686749,0,0,0.295328412384054,0.352014285006459,0.118210004345291,0.12267029683501,0.0170437352636842
420,2.66190201220979,-1204.52435954846,-1205.85531055456,0.456778866078106,0.137675244202769,0.0110334897168594,0.0278810617283715,0.366631338273894,0.192037223330112,0.175110657406279,0.110142908341342,0.0172823075633821,0.4396931428907,0.200723590791627,0,0,0.359583266317673,0.5,0.187193765310879,0.120337895801271,0.016977006107118
421,4.18274039475364e-05,-1115.4780007004,-1115.4780216141,0.441714854534866,0.318585998062633,7.33244849537949e-08,7.33244799075937e-08,0.239699000753536,0.233647960430692,0.167857594676018,0.218957281097476,0.00505863298336945,0.441714949525141,0.318586031334724,0,0,0.239699019140135,0.233647919402503,0.16785769081372,0.218957427276682,0.00505870738786812
422,2.08791959432438,-1181.21663288703,-1182.2605926842,0.386959937131626,0.235495141177731,5.29236065463867e-18,0.0134288789225207,0.364116042768122,0.22403136630586,0.165922031374947,0.127352754128132,0,0.395125458094611,0.241022063363715,0,0,0.363852478541674,0.218606820713906,0.169900176168199,0.138182865496304,0
423,2.5459142307227e-05,-1142.77803951983,-1142.7780522494,0.474498137038918,0.195552062303966,5.98198313838237e-08,5.98198318469426e-08,0.329949681017453,0.117647860526928,0.199235334394795,0.121427131676729,0.00466305250582638,0.474498199440356,0.195552086761368,0,0,0.329949713798277,0.117647844350927,0.199235397529003,0.121427206955999,0.0046631206274306
424,0,-1105.96296977588,-1105.96296221422,0.603808321285237,0.154207146351346,4.71723239068414e-08,4.71723239068414e-08,0.241984438018769,0.10227282057869,0.216194173140394,0.139561866850835,0.0237027355420983,0.603808378251326,0.154207160899966,0,0,0.241984460848708,0.10227282057869,0.216194173140394,0.139561866850835,0.0237027355420983
425,0,-1151.74241923746,-1151.74240701241,0.462417149643745,0.245503439217566,7.51000717478324e-08,7.51000717478324e-08,0.292079260938545,0.133075326318619,0.263364153917698,0.125618493962572,0.0149553112803365,0.462417219098878,0.245503476092223,0,0,0.292079304808899,0.133075326318619,0.263364153917698,0.125618493962572,0.0149553112803365
426,1.69631544146614,-1114.91464920732,-1115.76280692806,0.536571583362573,0.165186438290892,1.37811489318303e-27,0.0138991562570201,0.284342822089515,0.0618609151517489,0.195901864293321,0.107473002324718,0.0202093347716839,0.527661164016067,0.186935598131301,0,0,0.285403237852632,0.10511434881115,0.195165528278447,0.111357772456989,0.0202531071329843
427,0,-1144.67234627926,-1144.67233961514,0.446934221964016,0.205581986383115,6.28880066879696e-08,6.28880066879696e-08,0.347483665876856,0.355209769875315,0.179841765455057,0.106877442133755,0,0.446934278177628,0.205582012240401,0,0,0.347483709581971,0.355209769875315,0.179841765455057,0.106877442133755,0
428,3.72811316559864,-1147.0811482006,-1148.9452047834,0.445089966881421,0.222933511006566,2.41986614259828e-36,0.0215709798074967,0.310405542304516,0.129522707946868,0.158110938309167,0.182404698079755,0.0110007461806987,0.44951680180533,0.231991066780161,0,0,0.31849213141451,0.133138024255723,0.154080682653226,0.186814611613291,0.0109090662580051
429,1.67631696967874e-07,-1156.98401117985,-1156.98401126367,0.489676511195138,0.17305579882295,5.29381703950565e-08,5.29381704000258e-08,0.337267584105572,0.17695086037049,0.178968729276805,0.128117454405072,0.00985576984759777,0.489676563102244,0.173055817040859,0,0,0.337267619856897,0.176950862563402,0.178968730007776,0.128117458790896,0.00985587730028773
430,2.46718672163979,-1097.65445066284,-1098.88804402366,0.582842515740578,0.12621378312686,9.60088498814614e-18,0.0181737445855677,0.272769956546994,0.250592820230213,0.222511852765821,0.0957025478498881,0,0.591562146910947,0.132790426125714,0,0,0.275647426963339,0.223610171248444,0.229478045244633,0.0990878650053071,0
431,0,-1197.64252021096,-1197.642513728,0.484631993319178,0.172728206810627,5.28379592794901e-08,5.28379592794901e-08,0.342639694194276,0.122975600555712,0.231842851594065,0.181182722034558,0,0.484632044533115,0.172728225063841,0,0,0.342639730403044,0.122975600555712,0.231842851594065,0.181182722034558,0
432,0,-1159.34991321476,-1159.34990463925,0.506715785949125,0.218901816724139,6.6962643717699e-08,6.69626489037796e-08,0.274382263401443,0.28911659572993,0.291754121746239,0.201231537963406,0.0133726676748255,0.506715268871159,0.218902209296812,0,0,0.274382521832029,0.289116637418969,0.291753779955024,0.201232052462354,0.0133727032132555
433,3.10232695059312,-1053.56631621607,-1055.11747969137,0.526103029664289,0.204632165519826,1.69753844292346e-94,0.017824915878274,0.251439888937611,0.128734740824577,0.18712568313862,0.101196021198135,0.0153407430617142,0.52995320797207,0.216955333376472,0,0,0.253091458651458,0.156382063293822,0.193571230769908,0.101584056374131,0.0153418306829782
434,6.07806896368857e-06,-1163.84525394985,-1163.84525698888,0.453041738487786,0.236894063455518,7.24664437241497e-08,7.24664437241497e-08,0.310064053123809,0.13555307601094,0.161777223310798,0.169036672838849,0.0314929774455516,0.453041804148442,0.236894097789264,0,0,0.310064098062294,0.13555307601094,0.161777223310798,0.169036672838849,0.0314929774455516
435,2.82284787406752,-1141.88305851382,-1143.29448245085,0.495060426621655,0.163160793523905,3.50839493997744e-25,0.0282510615610626,0.313527718293377,0.190412490479845,0.154818346869846,0.122827693175856,0.0109114274952317,0.499515119962941,0.1895142597967,0,0,0.31097062024036,0.269726111451806,0.164720453582021,0.124455577606827,0.010917607592615
436,9.38710122353268,-1164.02413015418,-1168.71768076595,0.487972576069834,0.181421911823684,2.24544948073621e-21,0.0249752832926072,0.305630228813875,0.150092811636115,0.174321893241034,0.139596016529073,0.0354917891355394,0.471515376875411,0.225949590768776,0,0,0.302535032355813,0.190130030349321,0.202948917042556,0.137793791695311,0.0346976918687702
437,0.147247797517593,-1249.57251585682,-1249.64613975558,0.392815309481973,0.214736958217535,0.00620964321766354,3.74653204324696e-31,0.386238089082828,0.359716458817153,0.200484584393521,0.176576684644206,0.0161285538104,0.38155823719686,0.22854211959116,0,0,0.38989964321198,0.364569810874672,0.203453498610155,0.179277936062575,0.0160692250140812
438,1.56139235514274e-05,-1087.28795246846,-1087.28796027542,0.531454234031341,0.232745766177583,7.11974699606979e-08,7.11974699606979e-08,0.235799857396137,0.156060015734177,0.227920984745343,0.151486720668454,0.023933583611527,0.531454309707745,0.232745799319407,0,0,0.235799890972848,0.156060015734177,0.227920984745343,0.151486720668454,0.023933583611527
439,0.594033818062599,-1185.43769911339,-1185.73471602243,0.485236014830145,0.181133145619205,0.0103914093553623,1.79100163712022e-29,0.323239430195288,0.312251340823482,0.283284584753292,0.122293476544843,0.0188207979715888,0.493557928181797,0.182754401060214,0,0,0.323687670757989,0.337737419405153,0.284736000972513,0.127675180806459,0.0188224958555355
440,1.96519063138112e-05,-1189.89828806178,-1189.89829788773,0.495259794879686,0.181602822352478,5.5552724767304e-08,5.5552724767304e-08,0.323137271662386,0.142980310942151,0.236473436558628,0.119594227893246,0.0227724399936003,0.495259849905754,0.181602842529544,0,0,0.323137307564702,0.142980310942151,0.236473436558628,0.119594227893246,0.0227724399936003
441,2.36904434930693,-1155.20179532646,-1156.38631750111,0.477060912552393,0.179418467892488,8.19294036604252e-51,0.00896058366617878,0.33456003588894,0,0.154314402250628,0.235535681156535,0.009558375898995,0.475221530060655,0.187476590226994,0,0,0.33730187971235,0.0137363369204955,0.156240103643484,0.234191139077241,0.00955871877072714
442,0,-1265.17679680337,-1265.1767895313,0.446320768251663,0.160631659286158,4.91375973216943e-08,4.91375973216943e-08,0.393047474186984,0.228442074318335,0.227116178784273,0.123881807546635,0.0277977888892608,0.446320812113928,0.160631675072267,0,0,0.393047512813805,0.228442074318335,0.227116178784273,0.123881807546635,0.0277977888892608
443,0,-1170.09675278326,-1170.09675261501,0.440567192908299,0.196006474153689,5.99588352720707e-08,5.99588352786542e-08,0.363426213020341,0.12865031937669,0.210052955489536,0.123952402804805,0.00510349292447326,0.440567245740097,0.196006497658332,0,0,0.363426256601571,0.128650319724383,0.210052955489536,0.123952402804805,0.00510356779852774
444,6.10103006692952e-06,-1178.91817381656,-1178.91817686707,0.495208870668397,0.181358895932492,5.54781071093985e-08,5.54781071093985e-08,0.323432122442897,0.277215749658056,0.229261614308716,0.182202749452117,0.00497863836110089,0.495208925614905,0.181358916055391,0,0,0.323432158329704,0.277215749658056,0.229261614308716,0.182202749452117,0.00497863836110089
445,0,-1154.57516048895,-1154.57515696824,0.472584632885058,0.17458113736847,5.34047750368629e-08,5.34047750368629e-08,0.352834122936923,0.134110083410199,0.145081937452203,0.120683788239808,0.00548839419009762,0.472584683361615,0.174581156015404,0,0,0.352834160622981,0.134110083410199,0.145081937452203,0.120683788239808,0.00548839419009762
446,0,-1163.15866133782,-1163.1586590403,0.447216581288225,0.227961702811567,6.9734013875606e-08,6.9734013875606e-08,0.32482157643218,0.5,0.197480153688054,0.12527737670674,0.00514314825041913,0.447216643660648,0.227961734604941,0,0,0.324821621734411,0.5,0.197480153688054,0.12527737670674,0.00514314825041913
447,1.76998091774294e-05,-1122.64257174736,-1122.64258059726,0.438057115860623,0.277142331247618,8.47784822464935e-08,8.47784822678969e-08,0.284800383334795,0.149948996630574,0.21945484142919,0.118772041247963,0.00990958999181157,0.43805719013627,0.277142378239038,0,0,0.284800431624692,0.149948997352461,0.219454840707304,0.118772043413623,0.0099096845589814
448,0,-1120.62016597496,-1120.62015433137,0.481115536282203,0.170790699877659,5.22452714127069e-08,5.22452714127069e-08,0.348093659349595,0.0884414339960224,0.148815271712176,0.0752649026121541,0.0144907529498986,0.481115586554232,0.170790717723674,0,0,0.348093695722094,0.0884414339960224,0.148815271712176,0.0752649026121541,0.0144907529498986
449,0,-1134.32039571197,-1134.32037869328,0.418942431867,0.238135883452037,7.28463193427305e-08,7.28463193427305e-08,0.342921538988325,0.146853363751179,0.144435434241128,0.126105568650807,0,0.418942492903837,0.238135918146687,0,0,0.342921588949476,0.146853363751179,0.144435434241128,0.126105568650807,0
450,0,-1213.30234484226,-1213.30234308451,0.475624964684436,0.126330941982466,3.86449282911969e-08,3.86449282832298e-08,0.398044016043241,0.127595737528868,0.184021175317143,0.139638338795569,0.0054268809526776,0.475625001469382,0.12633095170256,0,0,0.398044046828058,0.127595737927594,0.18402117651332,0.139638337998118,0.0054268949080767
451,0,-1179.5819742938,-1179.58195689451,0.402067011254905,0.183976790343749,5.62789270846307e-08,5.62789270846307e-08,0.413956085843492,0.0331365397846568,0.161459247867968,0.111019723282788,0,0.40206705651071,0.183976811051784,0,0,0.413956132437506,0.0331365397846568,0.161459247867968,0.111019723282788,0
452,0,-1121.84820104787,-1121.84819308762,0.546080132068151,0.221972164376026,6.79018001694391e-08,6.79018001694391e-08,0.231947567752222,0.347896760969334,0.268012747838477,0.143697973423202,0.0134206729963748,0.546080206227809,0.221972194520649,0,0,0.231947599251541,0.347896760969334,0.268012747838477,0.143697973423202,0.0134206729963748
453,0,-1144.82330906564,-1144.82330736899,0.5520634950872,0.172105430135546,5.26474504494282e-08,5.26474504494282e-08,0.275830969482353,0.5,0.215810015765973,0.14388341694034,0.0137071246702958,0.552063553216678,0.172105448257372,0,0,0.275830998525951,0.5,0.215810015765973,0.14388341694034,0.0137071246702958
454,3.39054956952168,-1154.88578612753,-1156.58106091229,0.454912820058003,0.15891491285645,0.0116225013246762,0.0120363617045022,0.362513404056369,0.0998568911265341,0.17348424662741,0.130076884011159,0,0.447425202060406,0.182815154567297,0,0,0.369759643372297,0.12358218293941,0.179043838088083,0.136078096624566,0
455,0,-1190.74205887952,-1190.74205269327,0.410145929931918,0.23910161544925,7.31417390016608e-08,7.31417390016608e-08,0.350752308335354,0.243604211903578,0.262849712528362,0.0886944956139382,0.0344865435930571,0.4101459899295,0.239101650425871,0,0,0.350752359644629,0.243604211903578,0.262849712528362,0.0886944956139382,0.0344865435930571
456,2.93337479318052,-1141.58056697074,-1143.04725436733,0.551147152537286,0.147049101816548,1.55442779567063e-55,0.0251194459451319,0.276684299701034,0.09414638337936,0.168641397131587,0.160639579349885,0.0169210007492604,0.5529107949055,0.163805165174676,0,0,0.283284039919824,0.163894779927359,0.167432333047819,0.15770817748461,0.0165086810298481
457,0,-1162.77720469988,-1162.77718787828,0.416604905468599,0.246097997995639,7.52819486577197e-08,7.52819486577197e-08,0.337296945971864,0.0947642439089666,0.22392551397139,0.15069562104542,0.0150031593255625,0.416604968194267,0.246098035049119,0,0,0.337296996756615,0.0947642439089666,0.22392551397139,0.15069562104542,0.0150031593255625
458,0,-1105.96085541933,-1105.96085334717,0.495672027927392,0.199243715359152,6.09491148737699e-08,6.09491148737699e-08,0.305084134815226,0.5,0.0893712613924395,0.207140601044333,0,0.495672088348942,0.199243739646611,0,0,0.305084172004447,0.5,0.0893712613924395,0.207140601044333,0
459,0.218049330881513,-1136.83869878836,-1136.9477234538,0.488926010251031,0.205113493861619,0.00141663990584563,0.00633496320589909,0.298208892775606,0.160719185727562,0.179965293581353,0.155001436777717,0.00991068120105989,0.488199195864759,0.212045873547783,0,0,0.299754930587458,0.157389063770323,0.182722414963837,0.154266218505597,0.00991168682291473
460,0.866451162143221,-1142.94856330261,-1143.38178888368,0.534345405107438,0.16889976340727,0.00605701852271143,0.00623246360512222,0.284465349357458,0.239778335977399,0.186695069841733,0.151282975569652,0.0106312082146575,0.528667041324527,0.184519914756473,0,0,0.286813043919,0.252258406224539,0.197870877353671,0.149809040987351,0.01058231535751
461,0.206009137699766,-1157.17580722976,-1157.27881179861,0.522539174367135,0.134901861572217,1.4888263475992e-10,0.0133401026205814,0.329218861291184,0.127389055714242,0.226048529886593,0.133118044262173,0.00901799787821558,0.511523613396518,0.154518709838504,0,0,0.333957676764978,0.135019231868823,0.223489089433348,0.138363941198986,0.0090173831423954
462,0,-1153.62168292319,-1153.62167824754,0.578975868856974,0.106251519154863,3.25025862663167e-08,3.25025862663167e-08,0.31477254698299,0.0955859004291912,0.195185356050671,0.208828577641587,0.00468083312449179,0.578975906493403,0.106251526061762,0,0,0.314772567444835,0.0955859004291912,0.195185356050671,0.208828577641587,0.00468083312449179
463,0,-1109.40913560702,-1109.40913052458,0.476844720849501,0.248647730306529,7.60619176882793e-08,7.60619176882793e-08,0.274507396720135,0.162862612168572,0.242298364391883,0.142431482901368,0.00432234808742264,0.476844793388959,0.248647768131781,0,0,0.27450743847926,0.162862612168572,0.242298364391883,0.142431482901368,0.00432234808742264
464,1.13198625513178e-05,-1108.52450272301,-1108.52450838294,0.437558153437211,0.231518837255283,7.08221218333845e-08,7.08221119078168e-08,0.330922867663272,0.226464185218741,0.114542016705328,0.11301623634922,0.00929702162145967,0.437558317716938,0.231518717026167,0,0,0.330922965256894,0.226463912287618,0.114542085873852,0.113016504532098,0.00929703251907627
465,0.856341648757279,-1145.59988389756,-1146.02805472194,0.523626616267966,0.155076952276588,6.62494485853729e-32,0.0164656518747485,0.304830779580697,0.196996579330567,0.197484992012295,0.108941942673723,0.0149938708330623,0.527811793713291,0.167872581404516,0,0,0.304315624882193,0.186407045003382,0.205819507130455,0.112898699026616,0.0149987746606314
466,0,-1135.33459522578,-1135.33459207883,0.57062293867123,0.1683969668576,5.15130229272091e-08,5.15130229272091e-08,0.260979991445124,0.269961543185374,0.223681950171207,0.180348036844953,0.0171290330844085,0.570622997460261,0.168396984206876,0,0,0.260980018332863,0.269961543185374,0.223681950171207,0.180348036844953,0.0171290330844085
467,0,-1133.70861769879,-1133.70859849208,0.437416484039988,0.226914286339992,6.94136067464191e-08,6.94136067464191e-08,0.335669090792807,0.160907691266985,0.138162891218247,0.140264736119339,0.00665490389906788,0.437416544765309,0.226914317841874,0,0,0.335669137392818,0.160907691266985,0.138162891218247,0.140264736119339,0.00665490389906788
468,0,-1184.44469201388,-1184.44467715996,0.438922996652205,0.230132001882464,7.03979133975764e-08,7.03979133975764e-08,0.330944860669504,0.39270423031457,0.197322169851413,0.172609523311106,0.00989218027941406,0.438923058450739,0.230132034284095,0,0,0.330944907265166,0.39270423031457,0.197322169851413,0.172609523311106,0.00989218027941406
469,0,-1181.16027975013,-1181.1602796235,0.499677548126012,0.175046108558266,3.69895693134041e-09,1.85025611140521e-10,0.325276339431739,0.211297269886122,0.252553875190706,0.0960001827249182,0.0293433271942852,0.499677550964722,0.175046109509992,0,0,0.325276339525285,0.211297266629874,0.252553877712078,0.0960001822062712,0.0293433273465142
470,0.508634037051706,-1159.17656285314,-1159.43087987166,0.442024521761691,0.207030430955221,9.22217526446651e-17,0.0251190477539276,0.32582599952916,0.18877466866169,0.161600322603318,0.153928708922831,0,0.447800755642693,0.237993491482436,0,0,0.314205752874871,0.233668873083634,0.170471778259394,0.169746063673602,0
471,7.63534201266702,-1223.15168405204,-1226.96935505837,0.40742194797692,0.149251021230085,0.00421894648593037,0.0411737500154666,0.397934334291597,0.174508216332614,0.247882052189679,0.145800085891037,0.0144560166354272,0.401522451642849,0.201080090671931,0,0,0.39739745768522,0.433463485499851,0.26326690368888,0.160314222863636,0.0144877838184907
472,0,-1126.79734759923,-1126.79733339222,0.509066867467917,0.20279263394942,6.20347373058049e-08,6.20347373058049e-08,0.288140374513189,0.179540607914075,0.195456687731934,0.181154159769117,0.00443474857918138,0.509066930627583,0.202792659109799,0,0,0.288140410262618,0.179540607914075,0.195456687731934,0.181154159769117,0.00443474857918138
473,0,-1105.86329895334,-1105.86329887073,0.47550313736808,0.216109885774168,6.61085155417024e-08,6.61085155417024e-08,0.308386844640722,0.0106987237304419,0.132965100117797,0.131934030612408,0.0237939058132036,0.475503200237701,0.216109914347579,0,0,0.30838688541472,0.0106987237304419,0.132965100117797,0.131934030612408,0.0237939058132036
474,0,-1203.0285343538,-1203.02852235815,0.433039760590368,0.153673893310728,4.70091659097345e-08,4.70091651681926e-08,0.413286252080573,0.181272871813056,0.193353512302105,0.14023962593704,0.0047102975968181,0.433039795041292,0.153673806738781,0,0,0.413286398219927,0.181271713612295,0.193353392738217,0.140239796368838,0.00471029763229014
475,0,-1241.69912099981,-1241.6991206911,0.456852244245433,0.120970426362654,3.70051341364312e-08,3.70051341364312e-08,0.422177255381645,0.14583858653363,0.200485593609052,0.134124543230826,0.0214538340972799,0.456852278057193,0.120970435315708,0,0,0.422177286627099,0.14583858653363,0.200485593609052,0.134124543230826,0.0214538340972799
476,0,-1185.97614831298,-1185.97614307345,0.470107643441593,0.183103458561864,5.60117728659841e-08,5.60117728659841e-08,0.346788785972998,0.261318196655297,0.172397394568204,0.14333351680768,0.0149615198540126,0.470107696104724,0.183103479073765,0,0,0.346788824821511,0.261318196655297,0.172397394568204,0.14333351680768,0.0149615198540126
477,0,-1130.74368224647,-1130.74367614164,0.565230070230579,0.127736384133915,3.90748563190772e-08,3.90748563190772e-08,0.307033467485793,0.0590205197658719,0.218075444459029,0.103219924938286,0.0141167659280178,0.56523011440315,0.127736394116478,0,0,0.307033491480373,0.0590205197658719,0.218075444459029,0.103219924938286,0.0141167659280178
478,0,-1189.60688157219,-1189.60687747093,0.513710544588474,0.155081233399106,4.74397091630719e-08,4.74397091441464e-08,0.331208127133002,0.329504941553714,0.162912308467274,0.136095291346793,0.00672446952284131,0.513710592947853,0.155081248234687,0,0,0.33120815881746,0.329504943079593,0.16291231304491,0.136095292872672,0.00672441611707959
479,0.0613216115161777,-1153.64923441608,-1153.67989522184,0.574703765410716,0.119998519285075,3.47456240198734e-92,0.0109147998129716,0.294382915491237,0.0654810991898961,0.183726955510343,0.214780648191672,0.00501008649014247,0.550846654377052,0.152979136947118,0,0,0.296174208675829,0.110777519627689,0.187749504785042,0.213549472890168,0.0050115059237009
480,13.6455658861569,-1233.22093557793,-1240.043718521,0.433693726620196,0.135711914889591,0.0114783192363864,0.0176044481991966,0.40151159105463,0.111563536429679,0.230236872854309,0.130334783914245,0.010774879002075,0.440857950357235,0.14506045855645,0,0,0.414081591086315,0.172629753793722,0.232708024222164,0.137439020399724,0.0111720041296133
481,1.36355888571416e-05,-1090.81528436378,-1090.81529118158,0.515884195323986,0.239181286018604,7.31661104418718e-08,7.31661104387885e-08,0.244934372325189,0.142996947200875,0.184285341398786,0.217263183128738,0.00434872054226453,0.515884270815923,0.239181321018392,0,0,0.244934408165686,0.142996947313834,0.184285341969582,0.217263183170071,0.00434879375059043
482,2.32171091738564e-05,-1198.23681304676,-1198.23682465532,0.439886580474488,0.197675659269895,6.04694527413215e-08,6.04694493848163e-08,0.362437639316714,0.266959503466915,0.222511863054842,0.142645002923895,0.00510470072943472,0.439886691542068,0.197675677954388,0,0,0.362437630503544,0.266959284481968,0.222512016429098,0.142645112123417,0.00510476552858528
483,0.239489811906424,-1143.5515016658,-1143.67124657175,0.485798574747843,0.181552013681103,2.69736718676067e-09,0.018722921877555,0.313926486996132,0.103415971911176,0.194567690844956,0.171748719327097,0,0.462532076146973,0.22063715806633,0,0,0.316830765786697,0.143641348365851,0.194744174219773,0.175315395481932,0
484,0,-1152.78749147863,-1152.78748126756,0.495353370874468,0.175119450921575,5.35694464019156e-08,5.35694464019156e-08,0.329527071065064,0.154935367630565,0.167274881434148,0.147425297717987,0.0320986253992044,0.495353423946085,0.175119469683681,0,0,0.329527106370233,0.154935367630565,0.167274881434148,0.147425297717987,0.0320986253992044
485,0,-1176.11222338948,-1176.11220936639,0.477078861925507,0.194784764862879,5.95851114821105e-08,5.9585111477262e-08,0.328136254041391,0.44404374223934,0.211505208139952,0.190216811452167,0.00539564719622941,0.477078918893427,0.194784787882478,0,0,0.328136293224095,0.444043742854437,0.211505207524856,0.19021681268236,0.00539559921870884
486,0,-1189.92670470171,-1189.92669428121,0.481293382232013,0.170794543026714,5.22464470409206e-08,5.22464470409206e-08,0.347911970248379,0,0.176471001000847,0.151171111209875,0.0116745655670004,0.481293432523757,0.170794560873532,0,0,0.347912006602712,0,0.176471001000847,0.151171111209875,0.0116745655670004
487,0,-1158.68224910712,-1158.68223751201,0.495445551373159,0.190068444198764,5.81423781345737e-08,5.81423781345737e-08,0.314485888143321,0.275250433975671,0.163457178118319,0.178685004397432,0.00533325798600348,0.495445608985931,0.190068466300829,0,0,0.31448592471324,0.275250433975671,0.163457178118319,0.178685004397432,0.00533325798600348
488,0.177012102923527,-1168.97998878815,-1169.06849483961,0.463849198538704,0.202691712713434,2.56931474147524e-132,0.00763865191510718,0.325820436832755,0.128016758976421,0.180631550433721,0.154354421862344,0.0207372290439731,0.46656422900369,0.205500113223656,0,0,0.327935657772654,0.124620752407306,0.180458644004334,0.154408162851087,0.0207356888114874
489,0,-1139.12138688004,-1139.12137910469,0.539732204518753,0.170782104990974,5.22426422169255e-08,5.22426422169255e-08,0.289485586004988,0.5,0.166601981968686,0.188816533688145,0,0.539732260912832,0.170782122835193,0,0,0.289485616251975,0.5,0.166601981968686,0.188816533688145,0
490,1.79650243732976,-1175.01867090103,-1175.9169221197,1.94881615724206e-37,7.89978683756042e-38,1,4.40829159616705e-39,1.64280838899915e-37,0.254164264723612,0.166625965197073,0.124489631579098,0.00492070236086655,0.434096018844178,0.198324872423896,0,0,0.367579108731926,0.263674888538451,0.186384197440159,0.125872694053032,0.00492996037766347
491,1.3492533526005e-05,-1150.59253114512,-1150.59253789138,0.51170550624149,0.166267228809298,5.0861562577827e-08,5.08615694043988e-08,0.32202716322608,0.141519597477214,0.211214199177984,0.134762547764647,0.00467152340057781,0.511705331874003,0.166267373911876,0,0,0.322027294214121,0.141521038786225,0.211214211854984,0.134762703375426,0.00467158896708302
492,0,-1156.89258459431,-1156.89257132662,0.385909872246425,0.247557984054683,7.57285617810814e-08,7.57285617810814e-08,0.366531992241769,0.304489517647069,0.146721180526945,0.136118929908181,0.0047699625639013,0.385909930695233,0.247558021549108,0,0,0.366532047755658,0.304489517647069,0.146721180526945,0.136118929908181,0.0047699625639013
493,0,-1167.82353933889,-1167.82352707989,0.454640054466257,0.24298061184966,7.43283330017646e-08,7.43283330017646e-08,0.302379185027416,0.265060299006128,0.198186057585458,0.145789767830099,0.0165422751527351,0.454640122051542,0.242980647970353,0,0,0.302379229978104,0.265060299006128,0.198186057585458,0.145789767830099,0.0165422751527351
494,0,-1112.85035740225,-1112.85035737471,0.510540907094501,0.165746661196566,1.74537124391799e-09,2.53496824847831e-10,0.323712429710065,0.193596067195941,0.170258631370243,0.0812928755708011,0.00520969513669288,0.510540777741657,0.165746773346318,0,0,0.323712448912025,0.193596108250533,0.170258634405571,0.0812928641881967,0.00520969460655581
495,0,-1225.83835028523,-1225.83834747266,0.385741750279813,0.216589729043722,6.62553007113362e-08,6.62553007113362e-08,0.397668388165864,0.335358949241164,0.19146721186606,0.0774185517941873,0.00828931638010827,0.385741801394691,0.216589757744161,0,0,0.397668440861148,0.335358949241164,0.19146721186606,0.0774185517941873,0.00828931638010827
496,2.52345671469811e-07,-1190.04143979951,-1190.04143992568,0.443178770363881,0.20798754315877,6.36238720877414e-08,6.36238720877414e-08,0.348833559229605,0.152916928104623,0.218585083408864,0.170180967193395,0.0123665914761757,0.443178826757387,0.207987569624719,0,0,0.348833603617894,0.152916928104623,0.218585083408864,0.170180967193395,0.0123665914761757
497,10.4765308108986,-1165.88518111281,-1171.12344651826,0.403827584562914,0.210506508212433,0.030689875049998,0.0476072904845116,0.307368741690143,0.232964525793594,0.176115704675765,0.179181978021324,0.00503994890881055,0.420501950379839,0.280109181010828,0,0,0.299388868609333,0.488471499083942,0.187479552220483,0.211174181296472,0.00500584932712288
498,0,-1176.68640689795,-1176.68640529206,0.452432365923095,0.204294742546903,6.24942358114209e-08,6.24942358114209e-08,0.34327276654153,0.5,0.193516290562678,0.121710399946626,0,0.452432422471932,0.204294768081394,0,0,0.343272809446674,0.5,0.193516290562678,0.121710399946626,0
499,0,-1149.38508498291,-1149.38508005485,0.379803211742185,0.274527668938463,8.39786509702329e-08,8.39786509702329e-08,0.34566895136205,0.276117416145842,0.190833148120948,0.0723548191220227,0.0186671196553146,0.379803275532919,0.274527715047397,0,0,0.345669009419684,0.276117416145842,0.190833148120948,0.0723548191220227,0.0186671196553146
500,0,-1118.82993586821,-1118.82992453477,0.491966256347909,0.212162881570046,6.49011177966313e-08,6.49011177966313e-08,0.295870732279809,0.309344269201614,0.159726025786997,0.165657637058321,0,0.491966320206237,0.212162909109266,0,0,0.295870770684496,0.309344269201614,0.159726025786997,0.165657637058321,0
501,0.877733370209626,-1168.58662960283,-1169.02549628794,0.47629558491847,0.162949842242594,0.00759421925175928,4.51523222893035e-35,0.353160353587177,0.11784560624785,0.177531654664429,0.144871677965481,0.0145254815921235,0.488003365551697,0.162728898456056,0,0,0.349267735992246,0.115263238648788,0.187266180900774,0.154664939971225,0.014450170375666
502,0,-1123.71574267187,-1123.71573294662,0.470274584724078,0.243398671807628,7.44562184950865e-08,7.44562184986724e-08,0.286326594555858,0.231873194078981,0.210529001622023,0.15851662835941,0.012965638420372,0.470274654753823,0.243398708052722,0,0,0.286326637193455,0.231873194078981,0.210529002341106,0.15851662835941,0.0129656671836755
503,0,-1090.65827949079,-1090.65826658495,0.455774514801116,0.276818091823764,8.18004921068728e-08,8.18004921068728e-08,0.267407229774135,0.375287757174556,0.134285144856767,0.159421820111584,0.00908318174956455,0.455774589366288,0.276818137111484,0,0,0.267407273522228,0.375287757174556,0.134285144856767,0.159421820111584,0.00908318174956455
504,0.622500805396612,-1186.5280420317,-1186.8392924344,0.442134948260089,0.162674480894294,0,0.00886289026739237,0.386327680578224,0.0206941907784909,0.155741848320385,0.169665607339983,0.0118511663608597,0.437017212231015,0.172442703350195,0,0,0.39054008441879,0.0180095807643529,0.162109055696568,0.166848198479433,0.010133302777691
505,0,-1141.28100447209,-1141.28100231805,0.386485056473434,0.254758185618218,7.79311201474479e-08,7.79311201474479e-08,0.358756602046108,0.126820390819297,0.153707482255924,0.111642202451161,0.00571623212759529,0.38648511671187,0.254758225325406,0,0,0.358756657962724,0.126820390819297,0.153707482255924,0.111642202451161,0.00571623212759529
506,0.988374639955964,-1192.97837783864,-1193.47256515861,0.51373717279053,0.127234320426461,0.00746728926044634,0.0059594973708453,0.345601720151717,0.092018485552155,0.15374012481913,0.26026562620095,0.0170970292606167,0.514906045343186,0.140332396619218,0,0,0.344761558037596,0.114279092059656,0.16502673750299,0.260441519497483,0.0171341740865697
507,0,-1198.44057337809,-1198.44057120215,0.466585186743286,0.174901303729469,5.35027146696393e-08,5.35027146696393e-08,0.358513402521815,0.174395808851401,0.201875792164976,0.139197655157597,0.0116613420804396,0.46658523667044,0.17490132244486,0,0,0.3585134408847,0.174395808851401,0.201875792164976,0.139197655157597,0.0116613420804396
508,0,-1171.53895863426,-1171.53895240016,0.486164249845723,0.172914474453013,5.28949389835303e-08,5.28949389835303e-08,0.340921169911386,0.289227830160362,0.194710879878287,0.129832556837988,0.0199610582116127,0.486164301276986,0.172914492745616,0,0,0.340921205977398,0.289227830160362,0.194710879878287,0.129832556837988,0.0199610582116127
509,3.80855453840923e-06,-1133.68173611323,-1133.68173801751,0.498921216589345,0.163046281123817,4.98762357449687e-08,4.98762357449687e-08,0.338032402534367,0.231533477066492,0.150972322058915,0.0949730351794935,0.00557498889564162,0.498921266357975,0.163046297388088,0,0,0.338032436253937,0.231533477066492,0.150972322058915,0.0949730351794935,0.00557498889564162
510,3.10534298080074,-1117.988192629,-1119.5408641194,0.433443236385734,0.203312168787469,1.4352534839424e-183,0.0225915174865036,0.340653077340294,0.224263946873565,0.142707488293523,0.0836050110431732,0.00465718666040193,0.431138207185896,0.229169463829629,0,0,0.339692328984476,0.243307957908814,0.149409044673771,0.0835816064616759,0.00465244611117391
511,1.85417290024088,-1161.31919271275,-1162.24627916287,0.558941035309192,0.0987242777627092,0.00444620821372871,0.0202169464770495,0.317671532237321,0.411636667783445,0.216632320555196,0.142662426936068,0.00748230282637301,0.565072779054348,0.11223731291067,0,0,0.322689908034982,0.5,0.224452481300787,0.141787005062819,0.00482313065228556
512,4.57556097899214e-06,-1177.28627639169,-1177.28627867947,0.477941508000685,0.211025921343649,6.45533190250581e-08,6.45533190250581e-08,0.311032441549027,0.5,0.215240374239472,0.113639625816176,0.0327054884688396,0.477941569706115,0.2110259485885,0,0,0.311032481705385,0.5,0.215240374239472,0.113639625816176,0.0327054884688396
513,5.86934220336843e-07,-1158.71151553257,-1158.71151582604,0.466404323162056,0.196065256067442,5.99768168008152e-08,5.99768168008152e-08,0.337530300816869,0.0156129373377685,0.169943091903007,0.1737321630061,0.0120127059850553,0.466404379108956,0.196065279586185,0,0,0.337530341304859,0.0156129373377685,0.169943091903007,0.1737321630061,0.0120127059850553
514,0,-1114.66383477065,-1114.6638198973,0.40509427275128,0.255591842680461,7.81861377003658e-08,7.81861377003609e-08,0.339313728195984,0.0943534840113936,0.152706514333511,0.101753221038093,0.00956889587995257,0.405094336472111,0.255591882393322,0,0,0.339313781134567,0.0943534827144438,0.152706520730123,0.101753221038093,0.00956893307560819
515,0,-1183.60951773028,-1183.60951184067,0.442701846720048,0.211243979146424,6.46200234129305e-08,6.46200234129305e-08,0.346054044893481,0.19023135844333,0.201475602379757,0.192100880756287,0.0178343665390825,0.442701903934863,0.21124400644761,0,0,0.346054089617527,0.19023135844333,0.201475602379757,0.192100880756287,0.0178343665390825
516,0,-1118.64294762053,-1118.64293577928,0.454314364502779,0.204137717704992,6.24462015479037e-08,6.24462015479037e-08,0.341547792899826,0.106207692961822,0.181451313999868,0.0894208769319763,0,0.454314421243199,0.204137743200245,0,0,0.341547835556556,0.106207692961822,0.181451313999868,0.0894208769319763,0
517,0,-1246.43892819592,-1246.43892688761,0.433164582579898,0.186446159313242,5.70343127825738e-08,5.70343127825738e-08,0.380389144038234,0.177468023681406,0.216567435923536,0.146659821004392,0.0413506467253483,0.433164631990393,0.186446180580902,0,0,0.380389187428706,0.177468023681406,0.216567435923536,0.146659821004392,0.0413506467253483
518,0,-1170.52048633164,-1170.52048005704,0.454298111966439,0.207954224179803,6.36136797347586e-08,6.36136797347586e-08,0.337747536626398,0.0916352803176602,0.19900499401951,0.20996298797936,0.009289047558935,0.454298169765596,0.207954250637273,0,0,0.337747579597131,0.0916352803176602,0.19900499401951,0.20996298797936,0.009289047558935
519,0,-1207.16266300307,-1207.16265916268,0.505139986019308,0.165034737323793,5.04845091107576e-08,5.04845091107576e-08,0.329825175687881,0.265559130501529,0.258180932636099,0.221667268790313,0.0182864355138257,0.505140037022802,0.16503475398719,0,0,0.329825208990008,0.265559130501529,0.258180932636099,0.221667268790313,0.0182864355138257
520,0,-1129.75236301255,-1129.7523540345,0.514679879624524,0.1992065892479,6.09377579101867e-08,6.09377579101867e-08,0.286113409252061,0.145503541766347,0.197032583258699,0.104121100431697,0.0160160845925223,0.514679942351407,0.199206613526309,0,0,0.286113444122284,0.145503541766347,0.197032583258699,0.104121100431697,0.0160160845925223
521,4.46331299271242,-1108.22974150205,-1110.46139799841,0.552021337413542,0.149891727949232,0.00845643126467003,0.0229119039687712,0.266718599403785,0.155787280560419,0.184138443049582,0.129723926229753,0.0047175528371398,0.562564353544045,0.162591647011759,0,0,0.274843999444196,0.183610714640543,0.185594758790135,0.132135345232659,0.00471810701942484
522,1.32284182261628,-1188.00103439423,-1188.66245530554,0.478271210001087,0.162473342918439,0.00816167605137644,0.00394473657667805,0.34714903445242,0,0.208131985235083,0.133361278859154,0.0165725493486532,0.485979825249833,0.162056709306176,0,0,0.351963465443991,0,0.209475869335789,0.137104116113109,0.016473553251251
523,1.3745233016366,-1206.76319341882,-1207.45045506963,0.482171493252177,0.14315066974605,6.98164164138265e-320,0.0106648430000169,0.364012994001757,0.122881449577506,0.16293431563068,0.197105419122447,0.0120966199116289,0.482841247119419,0.143835111719209,0,0,0.373323641161372,0.112634592640693,0.165361272943037,0.193278557956021,0.0120863973056638
524,3.65323467121925e-06,-1154.92312080064,-1154.92312262726,0.464375402521088,0.171530351574073,5.24715325868572e-08,5.24715326070812e-08,0.364094140961774,0.0816994098038409,0.148386223014777,0.120796458546077,0.00528478220787872,0.464375450937062,0.17153036972067,0,0,0.364094179342268,0.0816994052422018,0.148386218711711,0.120796466054872,0.00528485676342683
525,6.49819912723615e-06,-1150.89325518352,-1150.89325843262,0.47469500650916,0.17654217246181,5.40046602225013e-08,5.40046602225013e-08,0.348762713019709,0.152889472061391,0.20527033620088,0.0738540831891135,0.022899934447851,0.474695057780651,0.176542191530012,0,0,0.348762750689337,0.152889472061391,0.20527033620088,0.0738540831891135,0.022899934447851
526,0,-1169.62053881176,-1169.62052925416,0.488580253774686,0.163112471842228,4.98964836393263e-08,4.98964836393263e-08,0.348307174590118,0.124542673143505,0.145724881327972,0.142393176878814,0.0171395556166228,0.488580302531564,0.163112488119708,0,0,0.348307209348728,0.124542673143505,0.145724881327972,0.142393176878814,0.0171395556166228
527,1.07506289168668e-05,-1193.55890657891,-1193.55891195422,0.418015778607261,0.177601801769079,5.43288032864665e-08,5.43288032864665e-08,0.404382310966054,0.297203906542228,0.158541192024458,0.104683968150807,0,0.41801582402786,0.177601821066868,0,0,0.404382354905273,0.297203906542228,0.158541192024458,0.104683968150807,0
528,0,-1159.04479521561,-1159.04478844881,0.406768116249399,0.23144004402416,7.07980465240353e-08,7.07980465240353e-08,0.361791698130348,0.176841189405882,0.203191985170526,0.179823617554256,0,0.406768173846183,0.231440076795171,0,0,0.361791749358646,0.176841189405882,0.203191985170526,0.179823617554256,0
529,0.0607531315586129,-1186.66282079467,-1186.69319736045,0.558702543132739,0.113316552422922,0.0028817937127381,1.10132217862185e-31,0.3250991107316,0.0556369999963565,0.235904137288876,0.175927147951592,0.0112620091517489,0.561529843631765,0.113411758264957,0,0,0.325058398103278,0.0563982905979306,0.235765251578196,0.178426757080683,0.0112630579197078
530,0,-1176.60023969904,-1176.6002346827,0.397852421056193,0.246786744535861,7.54926378226112e-08,7.54926378226112e-08,0.35536068342267,0.186332528548619,0.159811025349485,0.14544665661979,0.0201263220789589,0.397852481126059,0.246786781797031,0,0,0.355360737076909,0.186332528548619,0.159811025349485,0.14544665661979,0.0201263220789589
531,0,-1094.91571234099,-1094.91570905667,0.499349591515568,0.243858522294395,7.45968878440016e-08,7.45968878440016e-08,0.256791736996262,0.253269512355466,0.153543245343719,0.181067717568665,0,0.49934966601543,0.243858558676574,0,0,0.256791775307997,0.253269512355466,0.153543245343719,0.181067717568665,0
532,4.59254909855872,-1185.46173256989,-1187.75800711917,0.465229047922267,0.197171637364,1.44691327677981e-25,0.0154368011209858,0.322162513592748,0.277760636273193,0.203931518313113,0.142734546973477,0.0287552049174611,0.470079713062666,0.206773167892795,0,0,0.323147119044539,0.275235024528856,0.227708280968834,0.141860307194243,0.0299798745600671
533,2.0763485825114,-1169.30441459567,-1170.34258888692,0.459766379471807,0.157630868437213,2.66023844175291e-14,0.023978856814447,0.358623895276507,0.0631123709598472,0.188388293450183,0.104426665932951,0.00510953066385903,0.432829345135039,0.209673609257504,0,0,0.357497045607457,0.0939020171747924,0.201914409302676,0.114049837821045,0.00511070271298401
534,0,-1158.2820026532,-1158.28199711302,0.566495361355603,0.136389253837367,4.17217892403632e-08,4.17217892403632e-08,0.297115301363451,0.345585393506637,0.197883773252397,0.190368869690013,0.00484549798872122,0.566495408626007,0.136389265218175,0,0,0.297115326155817,0.345585393506637,0.197883773252397,0.190368869690013,0.00484549798872122
535,2.69997737978338,-1197.88512417402,-1199.23511286391,0.416459262432255,0.16041706334327,0,0.0325887291067682,0.390534945117707,0.240214934388721,0.183176510215501,0.0931677439022836,0.011326351494808,0.411202295149117,0.20038163168667,0,0,0.388416073164213,0.366615093712991,0.196527143079504,0.0930779578105348,0.0112268876401266
536,0.0766976165259621,-1162.66547495805,-1162.70382376631,0.505713846128962,0.138726705430257,0.0024889734637568,9.42094489809059e-40,0.353070474977024,0.0979658170721344,0.200013104880382,0.120639400554069,0.00983727279628147,0.506044336117403,0.140598252420775,0,0,0.353357411461823,0.0996329377781024,0.203271343303065,0.119577797750951,0.00983813452806213
537,0,-1148.94293219711,-1148.94293029466,0.54347544051584,0.135836810077653,4.15527954123159e-08,4.15527954113299e-08,0.320687666300915,0.0437051261375035,0.183292289494756,0.178603703439441,0.0048215143575024,0.543475485618557,0.135836821350471,0,0,0.320687693030972,0.0437051261359986,0.183292289794568,0.178603703440946,0.00482156440232133
538,0,-1197.35181405102,-1197.35180665722,0.522848219681141,0.14554597208936,4.45228506018292e-08,4.45228506018292e-08,0.331605719183798,0.0527386643558734,0.230973114339542,0.178858728144507,0.0158940990064843,0.522848266238531,0.145545985049604,0,0,0.331605748711865,0.0527386643558734,0.230973114339542,0.178858728144507,0.0158940990064843
539,0,-1095.53441620786,-1095.5344063765,0.575255288644525,0.153228834888557,4.68729160107765e-08,4.68727291455298e-08,0.271515782721273,0.0668637546810013,0.193564156133715,0.13436741055595,0,0.575255342572208,0.153228849253094,0,0,0.271515808174698,0.0668637546810013,0.193564156133715,0.13436741055595,0
540,0,-1113.50316706749,-1113.50316529105,0.517006079660296,0.224592816352934,6.87034343194821e-08,6.87034280881645e-08,0.258400966579907,0.22765184239321,0.230853303861419,0.166501238172726,0.0111322409478692,0.51700658642461,0.224592677906405,0,0,0.258400735668984,0.227651335012436,0.230853118262328,0.166501299775845,0.0111323464883195
541,1.86009174285573e-05,-1148.63470796091,-1148.63471726137,0.476927966392726,0.18828210837226,5.75959356687707e-08,5.759593669006e-08,0.334789810043142,0.364941235880711,0.173162547172094,0.0961574386154423,0.00582834267742823,0.476928008451666,0.188282134186779,0,0,0.334789857361554,0.364941262070486,0.173162916083516,0.0961574006596529,0.00582837121138283
542,0,-1109.82368981956,-1109.82368582204,0.52119136306022,0.20154708205677,6.16537200915377e-08,6.16537200915377e-08,0.27726143157557,0.257832340429971,0.167948916307937,0.162836483915635,0.00457759621305876,0.521191427327001,0.201547106909028,0,0,0.277261465763972,0.257832340429971,0.167948916307937,0.162836483915635,0.00457759621305876
543,3.18713486041634,-1157.92492052777,-1159.51848795798,0.463089804452287,0.220818372093016,1.20195360968493e-14,0.0250905217170672,0.291001301737618,0.310727094379836,0.175568110104096,0.1592161955665,0,0.455221952667531,0.253339888903042,0,0,0.291438158429426,0.338528886391678,0.182264199850167,0.170476189727151,0
544,0,-1272.67426163618,-1272.67425403874,0.366382812313543,0.210343797601128,6.43446557893515e-08,6.43446557893515e-08,0.423273261396018,0.308454376166015,0.233221052638802,0.176686163972298,0.0124686706981203,0.366382859463101,0.21034382467013,0,0,0.423273315866769,0.308454376166015,0.233221052638802,0.176686163972298,0.0124686706981203
545,0,-1127.15846594911,-1127.15845821774,0.496497668489391,0.19712677058487,6.03015365549428e-08,6.03015365549428e-08,0.306375440322666,0.10616507551217,0.231378402478831,0.0766012465170721,0.00716225131580147,0.496497728368543,0.197126794358967,0,0,0.30637547727249,0.10616507551217,0.231378402478831,0.0766012465170721,0.00716225131580147
546,0,-1135.53656426493,-1135.53654920064,0.458200446506991,0.251127010834198,7.68203353548684e-08,7.68203353548684e-08,0.29067238901814,0.146480075680545,0.217847539556031,0.12813365194327,0.0112973481980921,0.458200516905226,0.251127049417526,0,0,0.290672433677248,0.146480075680545,0.217847539556031,0.12813365194327,0.0112973481980921
547,8.74673150974559e-06,-1101.63762571875,-1101.63763009212,0.462848532031889,0.241879556726462,7.3991517686543e-08,7.39915176884919e-08,0.295271763258614,0.0797938680622914,0.191107945518406,0.116021049225548,0.00500506226242511,0.462848600624442,0.241879592476043,0,0,0.295271806899515,0.0797938667351342,0.191107946207174,0.11602104961542,0.00500513625397702
548,1.22038354339384,-1167.19342420918,-1167.80361598088,0.494840500189854,0.171237701674178,0.0129737160446271,1.46791882189002e-128,0.320948082091341,0.167388816351966,0.218100939551085,0.142207448916893,0.00498759077049624,0.504361605521557,0.173801680795482,0,0,0.321836713682961,0.192183888924676,0.221429883879705,0.147185099356003,0.00498034631339684
549,0,-1132.13736993214,-1132.13735844434,0.476265198201718,0.213116799454069,6.51929234909219e-08,6.51929234909219e-08,0.310617871958366,0.244280137002013,0.197944349156615,0.103488771632223,0.0227707964533359,0.476265260299967,0.213116827241487,0,0,0.310617912458546,0.244280137002013,0.197944349156615,0.103488771632223,0.0227707964533359
550,1.3773455776336,-1254.74022171668,-1255.42889450549,0.332372386567942,0.200918566230888,1.12565872758027e-10,0.0280843864353569,0.438624660653247,0.176513550157536,0.183982466926633,0.11660814755921,0.0135320045189448,0.325328551699587,0.243392993197241,0,0,0.431278455103173,0.208754774355629,0.198804098822935,0.130477189235496,0.0135607872454251
551,0,-1148.32192982008,-1148.32191509419,0.488242879978116,0.185391764597261,5.67117709310041e-08,5.67117709386071e-08,0.326365242001081,0.129172126148227,0.179591234817322,0.13737166670259,0.0101836511910466,0.488242935417677,0.185391785522749,0,0,0.326365279059574,0.129172126825644,0.179591235494739,0.13737166941226,0.0101836789651646
552,2.7238969836344,-1178.63114069631,-1179.99308918813,0.430204323957963,0.192675904961311,0.00767579157610267,0.01227521144895,0.357168768055673,0.208435024002734,0.182261746209105,0.10529514382292,0.0252600354347683,0.425761247340032,0.214667626846608,0,0,0.35957112581336,0.214010092907462,0.190522053494396,0.11772832586825,0.0251821190846581
553,0,-1137.48341608187,-1137.48340883568,0.498648921337946,0.226439380673777,6.92683320011047e-08,6.92683320011047e-08,0.274911559451613,0.187738516599207,0.188655961019315,0.181310391552866,0.0102344441996095,0.498648990419113,0.226439412043938,0,0,0.274911597536949,0.187738516599207,0.188655961019315,0.181310391552866,0.0102344441996095
554,0,-1119.03108976325,-1119.03108862504,0.438626617600199,0.278950448964389,8.53315896432327e-08,8.53315896432327e-08,0.282422762772232,0.283790018932985,0.264837625033883,0.144000024929851,0,0.438626692457625,0.278950496570968,0,0,0.282422810971407,0.283790018932985,0.264837625033883,0.144000024929851,0
555,7.07875960870297e-06,-1170.08522642257,-1170.08522996195,0.424843414043743,0.193289965322138,5.91278489440167e-08,5.91278489485127e-08,0.381866502378421,0.14297827480121,0.195374056795421,0.104129377100739,0.00475232518006436,0.424843464253016,0.193289988238431,0,0,0.381866547508553,0.14297827480121,0.195374057827358,0.10412937533651,0.00475240112026662
556,0,-1177.90169337156,-1177.90168372411,0.484045459391892,0.180542630363707,5.52284095777613e-08,5.52284095777613e-08,0.335411799787582,0.0809942355807367,0.170613702051158,0.212208519294249,0.0102226505218985,0.484045512858019,0.180542650305874,0,0,0.335411836836107,0.0809942355807367,0.170613702051158,0.212208519294249,0.0102226505218985
557,4.63526703242678e-07,-1148.708413771,-1148.70841400276,0.515587934751082,0.189149345521618,5.78609445386819e-08,5.78609770959525e-08,0.295262604005378,0.253699318725551,0.250545836508764,0.129159210735809,0.0119940215551098,0.515589067947966,0.189148273024492,0,0,0.295262659027542,0.253696557201836,0.25054636350258,0.129159149175591,0.0119940704517902
558,0,-1133.11744780832,-1133.11744777193,0.522105693480604,0.168290221009645,4.88526028577546e-10,9.4306357246849e-10,0.309604084078161,0.262507362487029,0.177154333080307,0.141373008729489,0.0137121825800534,0.522105694801941,0.168290221894445,0,0,0.309604083303614,0.262507374821649,0.177154332897067,0.141373008652604,0.0137121834637251
559,1.42021627078702,-1173.2283672092,-1173.93847534459,0.479302876656039,0.160827703407033,1.94013642851846e-17,0.0119528931199897,0.347916526816938,0.252050829322223,0.239734520166206,0.113380158698386,0,0.470773499733613,0.176845831769726,0,0,0.352380668496661,0.267594434917695,0.245126827242385,0.117951957642103,0
560,0,-1200.78506998774,-1200.78506713828,0.488814664804703,0.144688845087141,4.42606534628854e-08,4.42606534628854e-08,0.366496401586849,0.150170291631375,0.21072048077558,0.143667271506623,0.0199328328473659,0.48881470807522,0.144688857895187,0,0,0.366496434029593,0.150170291631375,0.21072048077558,0.143667271506623,0.0199328328473659
561,0,-1181.43852007714,-1181.43851096822,0.549704794595336,0.16411772736186,5.0203993635479e-08,5.0203993635479e-08,0.286177377634817,0.5,0.216635088090812,0.220260325086778,0.0276085122698466,0.549704849790093,0.164117743840592,0,0,0.286177406369314,0.5,0.216635088090812,0.220260325086778,0.0276085122698466
562,0,-1144.8407886903,-1144.84078418823,0.508897955747451,0.184591725849063,5.64670374351586e-08,5.64670372461586e-08,0.306510205469411,0.208826238985701,0.168205299223241,0.149022916913148,0.0109231113552719,0.508898012809664,0.184591748106418,0,0,0.306510239083918,0.208826111176504,0.168205254331403,0.149022969614425,0.0109231588263911
563,0,-1142.75085826592,-1142.75085743495,0.456559859475927,0.220816543900088,6.75482931842302e-08,6.75482931842302e-08,0.322623461527398,0.167034139718695,0.183414410445346,0.124392426397929,0.018284472737436,0.456559921155614,0.220816573731653,0,0,0.322623505112732,0.167034139718695,0.183414410445346,0.124392426397929,0.018284472737436
564,0,-1205.15037693094,-1205.15036561114,0.42170341775843,0.167963951271509,5.13805624546101e-08,5.13805624546101e-08,0.410332528208936,0.227671414562127,0.117751330146363,0.146349161120398,0.0054142635480189,0.421703461093152,0.167963968531675,0,0,0.410332570375173,0.227671414562127,0.117751330146363,0.146349161120398,0.0054142635480189
565,0,-1183.08577640338,-1183.08576093266,0.456327055009289,0.21213241649487,6.48917984594406e-08,6.48917984594406e-08,0.331540398712244,0.121335300603902,0.260428841033969,0.148547583628684,0,0.456327114233064,0.212132444026182,0,0,0.331540441740755,0.121335300603902,0.260428841033969,0.148547583628684,0
566,0,-1140.44953378207,-1140.44953090043,0.511639996502791,0.189398551045816,5.79374562645987e-08,5.79374562645987e-08,0.298961336576481,0.13042252966563,0.209063483467744,0.135032412548855,0.00992976027776264,0.511640055789037,0.189398572992359,0,0,0.298961371218603,0.13042252966563,0.209063483467744,0.135032412548855,0.00992976027776264
567,0.922762781116035,-1081.68032789284,-1082.1417092834,0.568526690054812,0.146049509248872,2.25298208902517e-53,0.0132609255471944,0.272162875149122,0.0734116602842732,0.193231302290742,0.122144673365238,0.00444821836829563,0.552682643754813,0.168545849688612,0,0,0.278771506556575,0.0977654647489525,0.190926703192471,0.120503692686793,0.00444204393319374
568,0,-1116.12662909506,-1116.12661615057,0.531099390410287,0.18521991161407,5.66592007658872e-08,5.66592007658872e-08,0.283680584657241,0.353247734365121,0.169595654571627,0.135645994647856,0.0140969231869788,0.531099450593628,0.185219932602897,0,0,0.283680616803475,0.353247734365121,0.169595654571627,0.135645994647856,0.0140969231869788
569,0,-1154.7559847198,-1154.75597336747,0.505834168948386,0.203144470032853,6.21423647801635e-08,6.21423647801635e-08,0.291021236734031,0.245046298636009,0.279604691269196,0.133338222153163,0.0120914479224921,0.505834231815857,0.203144495280612,0,0,0.291021272903532,0.245046298636009,0.279604691269196,0.133338222153163,0.0120914479224921
570,0.326629722137568,-1108.84053739424,-1109.00385225531,0.521572372681594,0.136043451785906,2.17140949775682e-23,0.00418855553959407,0.338195619992906,0.113314847321852,0.150381232340235,0.0734127155448823,0,0.519823245167186,0.142153440135758,0,0,0.338023314697057,0.112995417185854,0.149755524686752,0.0796095953937684,0
571,0,-1098.22111035455,-1098.22109437668,0.467495137137253,0.258927374115802,7.92064845834683e-08,7.92064845834683e-08,0.273577330333976,0.16862623226733,0.174857816917322,0.126287005551049,0.0142087533305018,0.467495211194557,0.258927415133263,0,0,0.27357737367218,0.16862623226733,0.174857816917322,0.126287005551049,0.0142087533305018
572,0,-1084.44480797604,-1084.44479945165,0.507824441960701,0.272678109055024,6.71447379090586e-08,6.71447379090586e-08,0.219497314694799,0.294373871119847,0.226223083656973,0.178333503571818,0,0.507824510156188,0.272678145672829,0,0,0.219497344170983,0.294373871119847,0.226223083656973,0.178333503571818,0
573,0.524711217829008,-1185.9575076392,-1186.21986324812,0.501412964887851,0.166030409111051,1.05894915124553e-15,0.02724298612719,0.305313639873907,0.155511662332123,0.228614096660415,0.190105578734185,0.0105382600982868,0.476127486088912,0.214076958680265,0,0,0.309795555230822,0.230507327422409,0.237310102824637,0.185919972529955,0.01053686879257
574,0,-1138.83643503736,-1138.8364197873,0.456539141995869,0.265891195297922,8.13367336426386e-08,8.13367336426386e-08,0.277569500032742,0.198698175831373,0.228035189787144,0.157510364616422,0.0145781866350441,0.456539216262686,0.265891238551372,0,0,0.277569545185942,0.198698175831373,0.228035189787144,0.157510364616422,0.0145781866350441
575,5.96918653172906e-06,-1180.10580416357,-1180.10580714817,0.474414365091338,0.184886947234193,5.65573496835275e-08,5.65573488748989e-08,0.340698574559771,0.241300509682391,0.196049083386228,0.138270776590056,0.00513237799568498,0.474414397539944,0.184886970634139,0,0,0.340698631825917,0.241300435375981,0.196048896177128,0.138270749931496,0.00513241970458464
576,0,-1106.86063459683,-1106.86063425478,0.537929636421649,0.158174561583624,4.83859654327895e-08,4.83859654327895e-08,0.303895705222797,0.0747414327084216,0.202499543551733,0.111766505964602,0,0.537929688478143,0.158174576890483,0,0,0.303895734631374,0.0747414327084216,0.202499543551733,0.111766505964602,0
577,0.151269171904914,-1151.43691573089,-1151.51255031685,0.436891326539231,0.254047450731831,0.006578353664197,3.47182958517456e-09,0.302482865592912,0.195565887840457,0.229774791991965,0.101735861281536,0.00574430933486137,0.436840391922121,0.260755513269903,0,0,0.302404094807976,0.1980695533503,0.228633769268138,0.105513165479568,0.00574635469945279
578,0,-1132.97535969769,-1132.9753535339,0.509085063672424,0.179146698931108,5.48013909132678e-08,5.48013909132678e-08,0.311768127793687,0.161041160679593,0.140594108817825,0.17620804103697,0.00483472222540167,0.509085119469569,0.179146718566086,0,0,0.311768161964345,0.161041160679593,0.140594108817825,0.17620804103697,0.00483472222540167
579,0,-1232.61944445407,-1232.61943571654,0.396185388907664,0.208139420646729,6.367033176374e-08,6.367033176374e-08,0.395675063104944,0.10828676489514,0.25922767767075,0.16614454823889,0,0.39618543935818,0.208139447151344,0,0,0.395675113490476,0.10828676489514,0.25922767767075,0.16614454823889,0
580,0,-1247.15827740096,-1247.15827165731,0.451874903960875,0.126954128247164,3.88355624280938e-08,3.88355624280938e-08,0.421170890120836,0.120340027010104,0.235799823501918,0.118098721944239,0.0154359134344761,0.451874939058509,0.126954138107835,0,0,0.421170922833656,0.120340027010104,0.235799823501918,0.118098721944239,0.0154359134344761
581,0.036095972640851,-1115.24942888197,-1115.26747686829,0.526368501284308,0.188705325554286,1.98414965684834e-177,0.00274418051638552,0.28218199264502,0.289721279056862,0.20603807101736,0.154075573384297,0.00859794401330131,0.525772076776402,0.192276779671651,0,0,0.281951143551947,0.297441579928389,0.208098878759133,0.154016078797669,0.00859284746650799
582,0,-1135.05152678825,-1135.05151945222,0.493333303753667,0.191135474836628,5.84687852827427e-08,5.84687852827427e-08,0.315531104472135,0.195228708161529,0.157214645351432,0.131462005733453,0.0101946106630501,0.493333361442872,0.191135497187548,0,0,0.31553114136958,0.195228708161529,0.157214645351432,0.131462005733453,0.0101946106630501
583,2.73169448519184e-05,-1113.22285816928,-1113.22287182775,0.443635074660387,0.265267042972135,8.114580324665e-08,8.11458106162829e-08,0.291097720075864,0.305640104818122,0.14829447298763,0.144209998426729,0.00485124583946163,0.443635168556341,0.265267086976111,0,0,0.291097744467548,0.305640039708869,0.14829465116582,0.144209996235904,0.00485134219397845
584,1.90749314661934,-1033.31320362358,-1034.26695019689,0.564772302895883,0.224204926203358,0.00833267879458341,4.56669743035277e-17,0.202690092106175,0.172119461603889,0.142226778120202,0.151604943753618,0.00451926634372995,0.567739415067337,0.224043823390139,0,0,0.208216761542524,0.172171441855552,0.144047655369505,0.151209829104819,0.0045069084901321
585,4.77834082630579e-05,-1171.17911126812,-1171.17913515982,0.538492137274021,0.16813511147534,2.18460770563811e-08,3.42720700744389e-06,0.293369302197554,0.342160025132613,0.249669719195672,0.16490117230091,0.00802304555256953,0.538485296641151,0.168146734106265,0,0,0.293367969252585,0.34218533983037,0.249670275755898,0.164901194227725,0.00802279322907921
586,0,-1153.99967174207,-1153.99966721299,0.501329098192846,0.183910619197539,5.62586851774549e-08,5.62586851774549e-08,0.314760170092245,0.278804644126329,0.219762079843898,0.125212409534223,0,0.501329154601084,0.183910639890681,0,0,0.314760205508235,0.278804644126329,0.219762079843898,0.125212409534223,0
587,7.02634325092913,-1124.97421746603,-1128.48738909149,0.587816459288922,0.136332322243504,1.11992818319911e-09,0.0462787383506696,0.229572478996976,0.194579343327694,0.214003033119755,0.222436061517308,0.00460833444472917,0.562197011809052,0.206797450865394,0,0,0.231005537325553,0.359049950899857,0.231244730096794,0.227111707207788,0.00461609185707157
588,6.19333832219127e-06,-1173.02148199592,-1173.02148509259,0.41200792200344,0.274865786375703,8.40820104505661e-08,8.40820045378625e-08,0.313126123456841,0.299189773254885,0.219170056626073,0.122280931241556,0.0334621384995513,0.412008163054095,0.274865546916771,0,0,0.313126290029133,0.299189409170811,0.219169966598566,0.122280563875866,0.0334623928623746
589,5.71384589420632e-06,-1210.30295983748,-1210.3029626944,0.412391930132464,0.221470090841994,6.77482147103161e-08,6.77482147197503e-08,0.366137843529113,0.278777067811206,0.195624719939283,0.158081984592908,0.00567547757925033,0.412391986010105,0.221470120850405,0,0,0.36613789313949,0.278777067811206,0.195624720966516,0.158081984079291,0.00567556489413104
590,1.32353194129155,-1156.74094425701,-1157.40271022766,0.482207798909141,0.178845504914695,4.23006322307773e-11,0.0204233943341758,0.318523301799688,0.305312171313402,0.187641728000507,0.127821876613094,0.0102025840408188,0.470280633533216,0.202509511715395,0,0,0.327209854751389,0.328037786018937,0.187322338836692,0.127838093033457,0.0101994261920265
591,0,-1102.06945872561,-1102.06944592333,0.472399418654967,0.240330083429202,7.35175302073904e-08,7.35175302073904e-08,0.28727035088077,0.408785815787418,0.168541669021617,0.120545161315124,0.012998910199857,0.472399488114254,0.240330118766156,0,0,0.28727039311959,0.408785815787418,0.168541669021617,0.120545161315124,0.012998910199857
592,5.7289911661228,-1151.86500882619,-1154.72950440925,0.431214740710099,0.215737358338403,6.2325417645337e-17,0.0409331642168907,0.312114736734607,0.257445453240445,0.21715822818077,0.0863305495292082,0.0236895306103128,0.436365372230716,0.243552164612999,0,0,0.320082463156284,0.257835555973415,0.235038391129149,0.0863491143795557,0.0199803641157465
593,0,-1151.30564736006,-1151.30563870322,0.487620690567215,0.175642487918959,5.37294446331234e-08,5.37294446331234e-08,0.336736714054937,0.263826929396045,0.193212559651599,0.0874849522830715,0.0101882093237579,0.487620742966399,0.175642506793308,0,0,0.336736750240294,0.263826929396045,0.193212559651599,0.0874849522830715,0.0101882093237579
594,0,-1171.76193022053,-1171.76192443491,0.508596364191155,0.160353632647687,4.90525483278247e-08,4.90525483278247e-08,0.331049905056062,0.0615357074348572,0.164518798965159,0.174280641614191,0.012581639371044,0.508596414087055,0.160353648379197,0,0,0.331049937533748,0.0615357074348572,0.164518798965159,0.174280641614191,0.012581639371044
595,0,-1092.33450328201,-1092.33450020792,0.59462258153854,0.155972391653574,4.77123165681771e-08,4.77123165702166e-08,0.249404931383252,0.3444948309661,0.179613575858344,0.10220226728896,0.00996350137987259,0.594622637970458,0.155972406656355,0,0,0.249404955373187,0.344494831620189,0.179613576512433,0.10220226728896,0.00996353343023573
596,0,-1130.87267090548,-1130.87265774266,0.478740878112116,0.245315386655607,7.50425460327529e-08,7.50425460327529e-08,0.275943585147185,0.452426882759222,0.174036586573151,0.162000178188712,0.0189840679811481,0.478740949963995,0.245315423473795,0,0,0.275943626562209,0.452426882759222,0.174036586573151,0.162000178188712,0.0189840679811481
597,5.51400444237515e-06,-1184.9533059847,-1184.9533087417,0.395871170422858,0.272953074521582,8.34969791948136e-08,8.3496979609895e-08,0.331175588061602,0.317174203021114,0.189490784896905,0.162071193279416,0.0108947761163802,0.395871254710862,0.272953118878595,0,0,0.331175626410543,0.317174140390288,0.189490852615072,0.162071292726227,0.0108948218240513
598,2.54823234228797,-1144.26388129598,-1145.53799746713,0.567602404274985,0.113367691937347,1.58094797362415e-08,0.012109752949478,0.30692013502871,0.0684305406920271,0.143062506242591,0.162666893824983,0,0.567342590324743,0.121267109171381,0,0,0.311390300503875,0.114619416055995,0.141296066063742,0.167314631303818,0
599,1.1505602287798e-05,-1122.89547909689,-1122.89548484969,0.553170786628081,0.126648079106711,3.87419412809312e-08,3.87419412762599e-08,0.320181056781326,0.0449437598338099,0.19340166586134,0.0856751091121361,0.0045333586175748,0.553170829597518,0.126648088855986,0,0,0.320181081546497,0.0449437598338099,0.193401667836257,0.0856751095672298,0.00453340490184829
600,0.752816219024226,-1184.0890005467,-1184.46540865621,0.447945687347182,0.153094864302603,1.21815353750184e-49,0.0124946253240284,0.386464823026187,0.214032616733598,0.162561633447859,0.122090520477047,0.0114656724435288,0.448017957746038,0.167701332916469,0,0,0.384280709337493,0.221730137066358,0.173306961940578,0.124330886116877,0.0115268571526812
601,0,-1181.41997119427,-1181.41996847833,0.442525850559747,0.215178245344032,6.58235246116733e-08,6.58235260848884e-08,0.34229577244917,0.255901908030279,0.169540293586361,0.143998644783513,0.00698315185023267,0.442525927996758,0.215178276473647,0,0,0.342295795529595,0.255901520637088,0.169540175783812,0.143998526969082,0.00698325930412363
602,0,-1161.92097948989,-1161.92097061202,0.516215469022972,0.142093569373455,4.3466752599727e-08,4.3466752599727e-08,0.341690874670068,0.203647005986715,0.149219282475221,0.136160841825726,0,0.516215513899396,0.142093581726148,0,0,0.341690904374456,0.203647005986715,0.149219282475221,0.136160841825726,0
603,0,-1167.9186499467,-1167.91864491434,0.396970236846661,0.267291847815153,8.17651964978762e-08,8.17651964978762e-08,0.335737751807792,0.270288650971091,0.161767408958887,0.141461777808945,0.0215299519691371,0.396970301763371,0.267291891525501,0,0,0.335737806711128,0.270288650971091,0.161767408958887,0.141461777808945,0.0215299519691371
604,0,-1136.80688065237,-1136.80686909098,0.476153449790195,0.200461968345514,6.13217812892561e-08,6.13217812892561e-08,0.323384459220729,0.248243321902778,0.182974517638832,0.134041679053611,0.00957368972578102,0.476153508187357,0.200461992930887,0,0,0.323384498881756,0.248243321902778,0.182974517638832,0.134041679053611,0.00957368972578102
605,0,-1039.92944248102,-1039.92943697871,0.604212377181228,0.159559878120046,4.8809736968297e-08,4.8809736968297e-08,0.236227647079252,0.284420469869172,0.139262130474621,0.139887598360485,0.00819496122905116,0.604212436263307,0.159559893656215,0,0,0.236227670080478,0.284420460814526,0.139262119910867,0.139887616469778,0.00819491142849694
606,3.44857447500681,-1091.051574254,-1092.7758614915,0.476269555454603,0.257422755789443,3.40739778484317e-09,0.0254838037335457,0.240823881615011,0.286759610788127,0.166889659400165,0.140642232080283,0.0175976236958975,0.464778763125762,0.286806915542127,0,0,0.248414321332111,0.295671622651399,0.173018654880494,0.144074293365328,0.0142453284368843
607,0,-1194.1304133399,-1194.13040150409,0.367014770823765,0.266401928352442,8.14929680691732e-08,8.14929680691732e-08,0.366583137837857,0.192241447817848,0.199065640770096,0.126278222817413,0,0.367014830642021,0.266401971772217,0,0,0.366583197585762,0.192241447817848,0.199065640770096,0.126278222817413,0
608,1.91539306797495e-05,-1125.37832681095,-1125.37833638792,0.478957332838161,0.172493977537977,5.27663080014569e-08,5.27663080014569e-08,0.348548584091246,0.243832518772131,0.0887631310603713,0.106092457997607,0.0154195689566212,0.478957383383787,0.172493995741719,0,0,0.348548620874494,0.243832518772131,0.0887631310603713,0.106092457997607,0.0154195689566212
609,2.51037581129822,-1177.63083334858,-1178.88602125423,0.44364718274441,0.186584513302784,1.37197295838756e-09,0.0117030110655005,0.358065291515334,0.229797734122269,0.182065748800794,0.149564155279282,0.00547836219136039,0.447065380951897,0.193707905444136,0,0,0.359226713603967,0.2525016047843,0.18963045058301,0.154180165866281,0.00549069892113731
610,0,-1200.99137673911,-1200.99136970664,0.396633000113275,0.268557937183113,8.21524961734977e-08,8.21524961734977e-08,0.33480889839862,0.205469249945001,0.236784305015874,0.167128998652877,0.0279473031497464,0.396633065282068,0.26855798130853,0,0,0.334808953409402,0.205469249945001,0.236784305015874,0.167128998652877,0.0279473031497464
611,1.44120349432342e-07,-1172.83348385792,-1172.83348392998,0.488659747782948,0.179736983472779,5.49819603243216e-08,5.49819603243216e-08,0.331603158780352,0.122367798866925,0.191942164213678,0.169994806777669,0,0.488659801517896,0.179737003237365,0,0,0.331603195244739,0.122367798866925,0.191942164213678,0.169994806777669,0
612,0,-1209.91115881854,-1209.91114899837,0.455882626450966,0.163033439364199,4.98723074209022e-08,4.98723074209022e-08,0.381083834440219,0.323167084186286,0.169002075206646,0.156891953988835,0.0220629445281039,0.455882671922808,0.163033455625909,0,0,0.381083872451283,0.323167084186286,0.169002075206646,0.156891953988835,0.0220629445281039
613,1.7712206740016,-1172.07280400536,-1172.95841434236,0.501040635719502,0.15388052392618,2.75839675634575e-17,0.0114480967819475,0.333630743572371,0.334416443012338,0.178144991493308,0.152128445142419,0,0.496995854788511,0.17124569190207,0,0,0.331758453309419,0.348263929664587,0.184327016199271,0.152537535357216,0
614,0,-1226.99722706938,-1226.99721317721,0.394072822818718,0.221407627955445,6.77291071683756e-08,6.77291071683756e-08,0.384519413767622,0.282465312590488,0.22276564012487,0.184748326863316,0,0.394072876199126,0.221407657946931,0,0,0.384519465853943,0.282465312590488,0.22276564012487,0.184748326863316,0
615,0,-1066.80045017001,-1066.80043951802,0.591457186700963,0.175451008312244,5.36708705771005e-08,5.36708705771005e-08,0.233091697645052,0.32355880476285,0.24352007039322,0.0969303596030012,0.0102483646393338,0.591457250189014,0.175451027145463,0,0,0.233091722665524,0.32355880476285,0.24352007039322,0.0969303596030012,0.0102483646393338
616,0,-1191.72027864733,-1191.72026843238,0.452730641481287,0.181188832492059,5.54260832636735e-08,5.54260836772285e-08,0.366080415174487,0.198021397703782,0.193239130699124,0.115809847508892,0.00683089547210954,0.452730715700301,0.181188853978046,0,0,0.366080430321653,0.198021069129092,0.193239088184927,0.115809698939602,0.00683092988868694
617,2.33881941529353,-1173.16269722945,-1174.3321069371,0.456011935296143,0.185469448043528,6.28462916601298e-23,0.0151675798649257,0.343351036795404,0.114341084421844,0.179990326662346,0.133024206250135,0.00630697172285338,0.44056162097572,0.210340768104653,0,0,0.349097610919627,0.187885200363677,0.178477121501119,0.131104074697421,0.00630422624573307
618,3.47778855029901e-05,-1156.31986568878,-1156.31988307772,0.413555541000966,0.295392639868893,8.90333723713076e-08,8.90333723721607e-08,0.291051641063397,0.437499996785392,0.243719310025354,0.157943153087624,0.00470269765538618,0.413555614835621,0.295392692526553,0,0,0.291051692637826,0.437499996785392,0.243719308382457,0.157943154452911,0.004702796334855
619,0,-1166.0428489916,-1166.04284003545,0.451179558370343,0.242321755067698,7.4126787183284e-08,7.4126787183284e-08,0.306498538308384,0.383363747545162,0.170820236151009,0.211678267505176,0.0144948245934711,0.451179625259335,0.24232179099277,0,0,0.306498583747894,0.383363747545162,0.170820236151009,0.211678267505176,0.0144948245934711
620,4.12575796205147,-1137.51437822825,-1139.57725720927,0.508867231924012,0.129962809195568,0.022640880894649,0.00517254332674008,0.333356534659031,0.378925778382448,0.216349013408321,0.0759048835768472,0,0.542121081191503,0.126536509334183,0,0,0.331342409474314,0.316975493935813,0.217473436180267,0.103509977911744,0
621,0,-1102.38673993374,-1102.38673505459,0.482637132723798,0.231060342579877,7.06818949711313e-08,7.06818949711313e-08,0.286302383332535,0.171999026648558,0.182229784073494,0.122460685731615,0.0116258892713171,0.482637200951222,0.231060375243448,0,0,0.28630242380533,0.171999026648558,0.182229784073494,0.122460685731615,0.0116258892713171
622,1.71585739508555,-1140.26674903363,-1141.12467773117,0.424956710094008,0.223357406591658,0.00922918639516116,0.0105722030597279,0.331884493859445,0.254418308301542,0.17932088992853,0.0957517669428226,0.0142262176407258,0.426959551500612,0.249213409483515,0,0,0.323827039015873,0.382764970304576,0.197596058944777,0.0956326523635728,0.0141372539208039
623,0,-1131.64546693431,-1131.64546049781,0.446394622122026,0.254188517120657,7.7756857232127e-08,7.7756857232127e-08,0.299416705243603,0.183688539363411,0.186462832715473,0.165330083444474,0.00991205143533451,0.446394691542522,0.254188556650464,0,0,0.299416751807014,0.183688539363411,0.186462832715473,0.165330083444474,0.00991205143533451
624,0,-1127.92738328788,-1127.92737113384,0.47538013884586,0.215394387785012,6.58896430465052e-08,6.58896430465052e-08,0.309225341589842,0.197948659127063,0.24602795081687,0.105361301504263,0.00441658942906559,0.475380201491124,0.215394416169534,0,0,0.309225382339342,0.197948659127063,0.24602795081687,0.105361301504263,0.00441658942906559
625,1.81846035343324,-1169.20070376845,-1170.10993394516,0.490833616722998,0.150312580320512,0.0171806642052324,7.83793755271776e-19,0.341673138751258,0.134350179507129,0.181283856891365,0.175415117775901,0.00532864565824108,0.506571072608915,0.150172415247446,0,0,0.343256512143639,0.0979050503937731,0.191220938306292,0.181851067437263,0.00533873804589971
626,0,-1192.55593730059,-1192.5559275049,0.409411615872543,0.226997403022746,6.94390323325462e-08,6.94390323325462e-08,0.363590842226646,0.5,0.153644538770766,0.153289427384838,0.0104779349083302,0.409411672730844,0.226997434547711,0,0,0.363590892721446,0.5,0.153644538770766,0.153289427384838,0.0104779349083302
627,8.29890632303432e-06,-1104.91531134052,-1104.91531548997,0.467972213063691,0.233710175387928,7.14924849760559e-08,7.14924849760559e-08,0.29831746856341,0.101266187902027,0.16655337106073,0.115945514118554,0.0172992845092796,0.467972279976694,0.233710208804975,0,0,0.298317511218331,0.101266187902027,0.16655337106073,0.115945514118554,0.0172992845092796
628,0,-1157.27610234197,-1157.27608595293,0.422708722273062,0.218357712335248,6.67961309028226e-08,6.67961309028226e-08,0.358933431799428,0.108225143905123,0.113011707581533,0.167696967010764,0.0159172297643443,0.422708778743684,0.218357741506153,0,0,0.358933479750163,0.108225143905123,0.113011707581533,0.167696967010764,0.0159172297643443
629,1.74078510894742,-1146.98419666943,-1147.85458922391,0.473835587628484,0.153524728526188,0.0089796407698436,0.0114295782285256,0.352230464846959,0.0608605475176689,0.197455609880949,0.0848567517415101,0.0113457222127546,0.474025807473678,0.169243838921874,0,0,0.356730353604448,0.0814941893392869,0.201303109235773,0.0906013968930174,0.0113056187249504
630,0,-1146.35233068725,-1146.35232997461,0.477956051639778,0.201823432817703,6.17382564305797e-08,6.17382564305797e-08,0.320220392066007,0.32945623009053,0.153963664986415,0.103881287551575,0.0215937550227476,0.477956110656131,0.20182345773816,0,0,0.320220431605709,0.32945623009053,0.153963664986415,0.103881287551575,0.0215937550227476
631,0.232079923156562,-1163.0668846989,-1163.18292466048,0.497780109508724,0.159765999360019,0.00385369788551754,2.66874458728083e-24,0.338600193245739,0.408264685558469,0.228471406064383,0.125386518166961,0.00451211764253115,0.498248282257978,0.159867485094342,0,0,0.34188423264768,0.414505702790303,0.227549136634763,0.124927910260157,0.00451016100620032
632,2.95810310212073,-1166.86541102682,-1168.34446257788,0.444721527147195,0.191712711530358,1.87068031801628e-16,0.0332073215549274,0.33035843976752,0.163698972560152,0.211352168216283,0.118650375767357,0.00557642848752414,0.436990573165967,0.233885609436207,0,0,0.329123817397826,0.260734250803037,0.22038310691739,0.123378154151876,0.00561940348546391
633,15.7531747803446,-1051.73413573076,-1059.61072312094,0.524348349754848,0.226272972945313,0.0199932595199617,0.0112626965082765,0.218122721271601,0.0977562897645578,0.149627213829257,0.166188008452737,0.00426367345624171,0.541458483241291,0.232628476588869,0,0,0.22591304016984,0.0940832775844653,0.172502617147243,0.179111769210735,0.00424781824614211
634,4.15462591263349e-06,-1115.23500387694,-1115.23500595425,0.431341537831728,0.275765507706056,8.43573116942041e-08,8.43573113577539e-08,0.292892785747593,0.256088283301885,0.208795700318317,0.129856217217672,0.00478878024521544,0.431341600265838,0.275765566045282,0,0,0.29289283368888,0.256088078136929,0.208795771941807,0.129856124181286,0.00478887216906837
635,0.676653582280778,-1137.38652665104,-1137.72485344218,0.522881792434209,0.182799392224925,1.31678400343506e-114,0.00872108217767875,0.285597733163188,0.239572197463339,0.159352164546192,0.157070646605656,0.0113739020480835,0.525743258821449,0.189423831030329,0,0,0.284832910148223,0.240124930515601,0.162731093220314,0.162133154442761,0.0113338035992423
636,0,-1200.8380812042,-1200.83807812137,0.456310363565037,0.175105660093105,5.35652277554846e-08,5.35652277554846e-08,0.368583869211403,0.315504405027106,0.212348935915958,0.132173687065596,0.00527272598725938,0.456310412449779,0.175105678852256,0,0,0.368583908697965,0.315504405027106,0.212348935915958,0.132173687065596,0.00527272598725938
637,0.274164275190287,-1085.99615087264,-1086.13323301024,0.496007615366008,0.199520161132516,0.011266344302334,0.00975074985751085,0.283455129341631,0.120031859729721,0.122187562681414,0.155721568401577,0.00472297761950456,0.495497670048323,0.218732743751383,0,0,0.285769586200294,0.133019548717952,0.121504484336099,0.163738188763162,0.00470983922907319
638,7.51368361306959e-06,-1161.43201516827,-1161.43201892511,0.517083916254247,0.114106692923219,3.49055021520831e-08,3.49055021520831e-08,0.36880932101153,0.265899364280192,0.193611555133039,0.0580095262608435,0.00523828558297206,0.517083952352397,0.114106700889123,0,0,0.36880934675848,0.265899364280192,0.193611555598388,0.0580095267261923,0.00523833537530068
639,0,-1127.33654499879,-1127.33653311138,0.506556946590461,0.195501679692407,5.98044174799119e-08,5.98044174799119e-08,0.297941254108297,0.0917931348185898,0.195779897591577,0.118001146405707,0.00484678334143882,0.506557007179155,0.195501703076138,0,0,0.297941289744708,0.0917931348185898,0.195779897591577,0.118001146405707,0.00484678334143882
640,0,-1128.6935205382,-1128.69351648928,0.482586995061555,0.204085652314758,6.24302746242133e-08,6.24302746242133e-08,0.313327227763138,0.292507277644413,0.16131975444189,0.11999140987816,0.0229406902784896,0.482587055317639,0.204085677797008,0,0,0.313327266885353,0.292507277644413,0.16131975444189,0.11999140987816,0.0229406902784896
641,0,-1104.10043798216,-1104.10042755274,0.570372537064548,0.205821072548327,6.29611437007077e-08,6.29611437007077e-08,0.223806264464838,0.224818239434387,0.229188490223188,0.184513939295046,0.0046269862959391,0.570372608887171,0.20582109846579,0,0,0.223806292647038,0.224818239434387,0.229188490223188,0.184513939295046,0.0046269862959391
642,0,-1162.46121258279,-1162.46120314757,0.493952627487665,0.214631090654286,6.56561486829839e-08,6.56561486829839e-08,0.291416150545751,0.218501954448324,0.248060009200845,0.115014139506999,0.0138186699145375,0.493952692349728,0.214631118837992,0,0,0.291416188812281,0.218501954448324,0.248060009200845,0.115014139506999,0.0138186699145375
643,2.71401581812825e-05,-1138.37093779916,-1138.37095136924,0.474386641257029,0.186582609669187,5.70760533481885e-08,5.70760533397221e-08,0.339030634921677,0.151976652589537,0.205765285482829,0.119869950546525,0.00877042226666301,0.474386695544624,0.186582631129147,0,0,0.339030673326228,0.151976650823213,0.205765287716371,0.119869948087449,0.0087704873436425
644,3.45516873494489e-05,-1152.95869950481,-1152.95871678065,0.487051879097475,0.188166469370952,5.75605596212098e-08,5.75605596212098e-08,0.324781536410454,0.03992610393221,0.148113290433855,0.165861618646035,0.0199770726939299,0.487051935167439,0.188166491032889,0,0,0.324781573799672,0.03992610393221,0.148113290433855,0.165861618646035,0.0199770726939299
645,4.29786251019004,-1116.36302509,-1118.5119563451,0.488056526392547,0.148265567304519,6.98786361084083e-10,0.0507845972846889,0.312893308319458,0.120099680041971,0.176636214579296,0.100041102279216,0.0046635295956072,0.472964730270659,0.221398374007345,0,0,0.305636895721996,0.198121758945038,0.19444971967106,0.102197536454622,0.00468844642072466
646,3.23257831951196e-05,-1165.04727688878,-1165.04729305167,0.431419390821373,0.243155800677604,7.43819236707584e-08,7.43819236707584e-08,0.325424659737176,0.433529427361594,0.180701418905681,0.183100818475015,0.0221682005984975,0.431419455000991,0.243155836850402,0,0,0.325424708148607,0.433529427361594,0.180701418905681,0.183100818475015,0.0221682005984975
647,0,-1222.74915934302,-1222.74915497099,0.410429067302178,0.191038921414565,5.84392493668814e-08,5.84392493668814e-08,0.398531894404758,0.207740254823223,0.188784914630423,0.131479261116778,0.00609304542523112,0.410429115272517,0.19103894374291,0,0,0.398531940984573,0.207740254823223,0.188784914630423,0.131479261116778,0.00609304542523112
648,1.76940368499118,-1123.56447070051,-1124.44917254301,0.484956734593893,0.22311740970891,6.43735084020165e-40,0.0147740314604059,0.277151824236791,0.346802167510111,0.187292987857603,0.136173974105392,0.00961782847142487,0.461455078567864,0.259626250371917,0,0,0.278918671060219,0.367625383020901,0.191453953637526,0.138418208053045,0.00961773023200178
649,1.4160559658194e-07,-1220.84467381397,-1220.84467388478,0.441326855484492,0.185217388768545,5.66584290215868e-08,5.66584290215868e-08,0.373455642430105,0.238688424008736,0.239447178739282,0.128901081333175,0.0317904592092467,0.44132690549427,0.1852174097568,0,0,0.37345568474893,0.238688424008736,0.239447178739282,0.128901081333175,0.0317904592092467
650,0,-1203.6895004453,-1203.68949299774,0.423582129361975,0.164714824816292,5.03866471323553e-08,5.03866471323553e-08,0.411702945048439,0.0755263784738136,0.154216836608771,0.130868592403601,0.00607804838940007,0.423582172047746,0.164714841415149,0,0,0.411702986537105,0.0755263784738136,0.154216836608771,0.130868592403601,0.00607804838940007
651,0,-1171.65753308712,-1171.6575203442,0.48499601338448,0.201531532801302,6.16475877808674e-08,6.16476499343919e-08,0.31347233051898,0.20817599838619,0.20295573229557,0.130851151507225,0,0.484996073182186,0.201531557649184,0,0,0.31347236916863,0.20817599838619,0.20295573229557,0.130851151507225,0
652,1.98478658488739,-1120.47769317926,-1121.47008647171,0.514957229838496,0.164620239958544,1.44841630599551e-37,0.0187726565850539,0.301649873617906,0.197793758627323,0.130250092831861,0.148541737397401,0.0123496973935058,0.508918322866007,0.189148077250724,0,0,0.301933599883269,0.246080694109012,0.134150885940609,0.148716980083188,0.0124197846587478
653,3.16352892429222,-1122.63307963507,-1124.21484409722,0.487060383519253,0.156061315535194,0.0238079206840263,0.0210201037825078,0.312050276479019,0.334066935230344,0.163566050236853,0.0689977501629223,0.00973002495557023,0.509939689713143,0.175001932520771,0,0,0.315058377766086,0.460618742441859,0.162992146828558,0.0906992155782813,0.0096104356590938
654,8.76294188856264e-06,-1158.35579901155,-1158.35580339302,0.395459940782719,0.278314588405056,8.51370778555165e-08,8.51370775766978e-08,0.32622530053807,0.200989388420094,0.232036191224756,0.101952503020242,0.0105385792585559,0.395460011227795,0.278314632428381,0,0,0.326225356343824,0.200989368425877,0.232036200104435,0.101952538638273,0.0105386268179933
655,0,-1102.51770540763,-1102.51769863629,0.520919253112259,0.202891759161915,6.20650599383274e-08,6.20650599383274e-08,0.276188863595707,0.170034552320504,0.186841426399053,0.138820913741772,0,0.520919317774036,0.202891784346896,0,0,0.276188897879068,0.170034552320504,0.186841426399053,0.138820913741772,0
656,0,-1076.68070295128,-1076.68069628494,0.54425798831443,0.187984928693414,5.75050259066855e-08,5.75050259066855e-08,0.267756967982104,0.246984540483185,0.201509364603288,0.0675263090945357,0,0.544258050909577,0.187984950313573,0,0,0.267756998776851,0.246984540483185,0.201509364603288,0.0675263090945357,0
657,3.25213937309854,-1096.60565926623,-1098.23172895278,0.471666006624103,0.219285572564465,0.00687236374610546,0.0220607855895142,0.280115271475812,0.261634809630888,0.175474065579827,0.112428148069291,0.00857623474731005,0.47081033812695,0.253747152228064,0,0,0.275442509644985,0.286998013782103,0.202690078655141,0.117363102669056,0.00858855514981715
658,0,-1145.36988075887,-1145.36986718223,0.443040167776055,0.242066462476608,7.40486923166489e-08,7.40486923092097e-08,0.314893221649953,0.266006530300136,0.174227470095107,0.175880783973339,0.00903756409349902,0.443040234895231,0.242066497671451,0,0,0.314893267433318,0.266006508937832,0.174227470095107,0.175880780921581,0.00903746033373339
659,0,-1156.89114548792,-1156.89113924679,0.384294512760472,0.234039639300412,7.15932687514064e-08,7.15932687514064e-08,0.381665704752579,0.141915754671531,0.166860386972375,0.114378382308348,0,0.38429456778628,0.234039672811743,0,0,0.381665759401977,0.141915754671531,0.166860386972375,0.114378382308348,0
660,0,-1172.92655305899,-1172.92654045396,0.445875675088283,0.246647632639852,7.54500831708125e-08,7.54500831708125e-08,0.307476541371698,0.29529735317801,0.203135462346041,0.193108379217959,0.0102215458689692,0.445875742371007,0.246647669859026,0,0,0.307476587769967,0.29529735317801,0.203135462346041,0.193108379217959,0.0102215458689692
661,0,-1160.346944411,-1160.34693900688,0.430355585306521,0.257311111894165,7.87120662193299e-08,7.87120662193299e-08,0.312333145375182,0.414187661870492,0.182000277698294,0.153632407104598,0.00515866532706366,0.430355653054886,0.25731115240115,0,0,0.312333194543964,0.414187661870492,0.182000277698294,0.153632407104598,0.00515866532706366
662,2.52162408302866,-1166.44544163117,-1167.70625367268,0.47458831748001,0.146451942101396,3.37192720183862e-24,0.0153214382935463,0.363638302125048,0.0586807265583591,0.2033924149532,0.122527577316683,0,0.482296862691194,0.15485577655549,0,0,0.362847360753315,0.058783593992279,0.211863882839432,0.122176432182825,0
663,0,-1135.81629789695,-1135.81628404247,0.485406480665533,0.203558525001463,6.22690251558766e-08,6.22690251558766e-08,0.311034869794954,0.233990598972582,0.15363016184979,0.140335263538999,0,0.485406541117117,0.203558550352248,0,0,0.311034908530635,0.233990598972582,0.15363016184979,0.140335263538999,0
664,0.164602116331935,-1140.97367812293,-1141.05597918109,0.428514361130746,0.211427952558469,0.00147100989132927,0.0120673695673131,0.346519306852142,0.265887809071385,0.167093471274088,0.0703522441444116,0.0049532215416043,0.432998254488139,0.221959325938141,0,0,0.34504241957372,0.271447213923234,0.172127495545525,0.0706165637233167,0.00495481059616753
665,0,-1065.08819098707,-1065.08817680356,0.536885071508004,0.205431525935935,6.28419804880334e-08,6.28419804880334e-08,0.257683276872101,0.132217553178167,0.166216627264167,0.117638250353763,0.0137238390853607,0.536885138985855,0.205431551755386,0,0,0.25768330925876,0.132217553178167,0.166216627264167,0.117638250353763,0.0137238390853607
666,0,-1129.93127738736,-1129.93125877286,0.447922171170031,0.229300751985771,7.01436321252611e-08,7.01436321252611e-08,0.322776936556934,0.108124602915416,0.200952547956664,0.114844432191982,0.00929395640272033,0.447922234007816,0.229300784153751,0,0,0.322776981838434,0.108124602915416,0.200952547956664,0.114844432191982,0.00929395640272033
667,1.15051511815091,-1068.61202193315,-1069.18727949223,0.500313451188687,0.245590928103695,3.01011293252462e-28,0.0102397653204505,0.243855855387168,0.193138897743108,0.186576980161512,0.157120864498262,0.00411484591141742,0.506810431103781,0.247721576430296,0,0,0.245467992465923,0.218296446001382,0.185732504255673,0.157739467787126,0.00411552018277622
668,0,-1171.46746850241,-1171.46745872867,0.484394406769757,0.208715701669233,6.38466174250236e-08,6.3846617422893e-08,0.306889763867775,0.210859838785431,0.219972409681361,0.170197797406239,0.00534687610591322,0.484394468272339,0.208715728274839,0,0,0.306889803452822,0.210859837775505,0.219972411196249,0.170197795386388,0.00534680137140275
669,0,-1174.27142091512,-1174.27141356449,0.429522728662317,0.186900094117997,5.71731724927049e-08,5.71731724927049e-08,0.383577062873341,0.31103464725291,0.160176463122889,0.105075085058352,0,0.429522777776677,0.186900115489342,0,0,0.383577106733981,0.31103464725291,0.160176463122889,0.105075085058352,0
670,2.53305606747745e-05,-1117.01767484669,-1117.01768751197,0.489235419479983,0.227544505221493,6.96063921532471e-08,6.96063922661921e-08,0.283219936085739,0.348712871006464,0.179261447778714,0.126436231167501,0.0137434115246444,0.489235487582599,0.227544536896175,0,0,0.283219975521226,0.348712869404709,0.179261456135945,0.126436231205161,0.0137434602601839
671,0,-1188.58729263794,-1188.58728456671,0.511972214512137,0.122454832724696,3.74592174871474e-08,3.74592174871474e-08,0.365572877844732,0.138413493920518,0.18338968889101,0.187557030837193,0,0.511972252868297,0.122454841898821,0,0,0.365572905232882,0.138413493920518,0.18338968889101,0.187557030837193,0
672,0,-1116.88684295523,-1116.88683714203,0.492093070431108,0.18517098929947,5.66442353163268e-08,5.66442353163268e-08,0.322735826980951,0.0816757532432569,0.149398984391182,0.17362573137006,0.00427325265820952,0.492093126179586,0.185171010277211,0,0,0.322735863543204,0.0816757532432569,0.149398984391182,0.17362573137006,0.00427325265820952
673,0,-1203.69608400978,-1203.69606912473,0.448333628813771,0.169355231909589,5.18061584302682e-08,5.18061584302682e-08,0.382311035664323,0.0903375744807376,0.19011153117907,0.19210372988337,0.0105298715736323,0.448333675266662,0.169355249456879,0,0,0.382311075276459,0.0903375744807376,0.19011153117907,0.19210372988337,0.0105298715736323
674,0,-1183.87038988636,-1183.87038270207,0.424565154931834,0.222629855446936,6.81029893942036e-08,6.81029893942036e-08,0.352804853415252,0.2715011774764,0.215834460597279,0.125804941077086,0,0.424565212760154,0.222629885770457,0,0,0.352804901469389,0.2715011774764,0.215834460597279,0.125804941077086,0
675,1.09554384835064e-05,-1130.01608817702,-1130.01609365473,0.556514086487672,0.147877707711384,4.52361339667631e-08,4.52361339348432e-08,0.295608115328675,0.0237248667642671,0.178573314935228,0.166459245516922,0.00961714289698936,0.556514138857612,0.147877720867591,0,0,0.295608140274797,0.0237248728677827,0.178573301202318,0.16645926230159,0.0096170055678878
676,2.00921056334528,-1051.49004731734,-1052.49465259901,0.507399505748611,0.227395128882796,0.00550685379748664,3.79621100312698e-39,0.259698511571107,0.281841277520471,0.125147527407251,0.11950553611802,0,0.486548928034072,0.25851664715013,0,0,0.254934424815798,0.295805565175467,0.144267292254902,0.12376144528815,0
677,1.24025905279268e-05,-1160.18258432093,-1160.18259052222,0.434577480647488,0.252881014818024,7.73568901138669e-08,7.73568903238078e-08,0.312541349820708,0.221739527495211,0.205841701851817,0.152197964910217,0.010554227156722,0.434577550797031,0.252881055298334,0,0,0.312541393904635,0.221739531012141,0.205841781712651,0.15219803828021,0.0105542722134734
678,0,-1159.68912920086,-1159.68911883969,0.475237658493752,0.196927956416409,6.0240718839462e-08,6.0240718839462e-08,0.327834264608401,0.23161852406194,0.182250020599071,0.12223386560609,0.0153930459783719,0.475237715751075,0.196927980142576,0,0,0.327834304106349,0.23161852406194,0.182250020599071,0.12223386560609,0.0153930459783719
679,3.12740916346229,-1154.36382253654,-1155.92752711827,0.500212066445377,0.182297274222751,1.23398663449759e-18,0.0275751030400773,0.289915556291794,0.175382426815717,0.184305068242298,0.158273683678068,0.0252653085160921,0.477406753743727,0.22888063409491,0,0,0.293712612161363,0.296271013617889,0.197496867364788,0.155255771204168,0.0247869571161423
680,0,-1138.70847309801,-1138.70845954393,0.453185046410352,0.254468073666995,7.78423742283634e-08,7.78423742283634e-08,0.292346724237904,0.149887772117642,0.197661312681438,0.152754058438313,0.00517882845095785,0.453185116964363,0.2544681132838,0,0,0.292346769751837,0.149887772117642,0.197661312681438,0.152754058438313,0.00517882845095785
681,0,-1127.36100434422,-1127.36099948101,0.529010519751176,0.166094321444665,5.08086383520994e-08,5.08086383520994e-08,0.304895057186882,0.0449317668192066,0.201835523866926,0.135765511795478,0.00907108983394184,0.52901057350779,0.16609433832272,0,0,0.30489508816949,0.0449317668192066,0.201835523866926,0.135765511795478,0.00907108983394184
682,0,-1190.94158908234,-1190.94158162383,0.495803347107733,0.145241760098852,4.44297914480083e-08,4.44297914480083e-08,0.358954803933832,0.147750266790707,0.219760490798958,0.130087042337397,0.00528423003559738,0.495803391164616,0.145241773004976,0,0,0.358954835830409,0.147750266790707,0.219760490798958,0.130087042337397,0.00528423003559738
683,4.89634271616524e-05,-1208.38696951112,-1208.38699399283,0.356960888681787,0.267557554603855,8.18465241981558e-08,8.18464886339324e-08,0.375481393021345,0.449195262341609,0.227260942823171,0.135378718847655,0.0144181953145189,0.356960999114373,0.267557600943212,0,0,0.375481399942416,0.449195279106091,0.227260942823171,0.135379342661477,0.0144181975754651
684,7.40945096637506,-1157.08870208924,-1160.79342757242,0.447401389796232,0.210040383317829,3.55773133936101e-72,0.0324157013079602,0.310142525577978,0.244796511354064,0.207409678778601,0.121431149240853,0.0154057736318983,0.460399474056023,0.228219850546422,0,0,0.311380675397555,0.24778548559655,0.215522794944853,0.138628288378345,0.0154113752420936
685,0.560093137523836,-1144.67874489236,-1144.95879146112,0.448643625501342,0.184491727572619,7.80977574819493e-17,0.033241260700332,0.333623386225707,0.203182330725644,0.156924035013853,0.145087959493007,0.0045218670656059,0.44404270117125,0.221050667656171,0,0,0.334906631172579,0.199371644425107,0.15562008718537,0.170247154462395,0.00452037844232051
686,3.47420530634599,-1065.51901963699,-1067.25612229016,0.459821483717731,0.22005600881765,0.00199872712682797,0.0290414625929268,0.289082317744865,0.215165636712612,0.117946065811969,0.100015486990087,0.00463546124706688,0.43851071016897,0.263097161966537,0,0,0.298392127864493,0.30623295927042,0.120084463697539,0.100507240602548,0.00461008589273832
687,9.31223675719411,-1137.38872993749,-1142.04484831609,0.47087322789825,0.171308893292969,3.13459022895471e-07,0.0271428110753005,0.330674754274457,0.246619424317929,0.134408477383375,0.110300529284219,0.0182833177595225,0.477574584314064,0.17765731077899,0,0,0.344768104906946,0.222712045319383,0.14233784906036,0.110459575996349,0.0149460653466488
688,14.9291419239089,-1154.63045596886,-1162.09502693081,0.509598949364504,0.158542961472003,8.60976840743954e-07,0.042174314260747,0.289682913925906,0.240695677851784,0.21563830512575,0.159825428266042,0.00962165546318824,0.510833376997405,0.190865674488037,0,0,0.298300948514558,0.258001728745469,0.212645400317678,0.192311596436694,0.0125161067394136
689,10.0787341632972,-1123.36215450727,-1128.40152158892,0.47676652428616,0.197118642232797,0.00777868009520695,0.0122445388548423,0.306091614530993,0.0283501149340794,0.221622633114442,0.105104279077392,0.00880702263606576,0.480740239829987,0.208118734444846,0,0,0.311141025725167,0.0544801509817782,0.223813138375062,0.10904454142483,0.0109240243166476
690,0.000440011324826628,-1219.90931108016,-1219.90953108582,0.402488775514334,0.186461288201825,5.70389407446981e-08,5.70389407446981e-08,0.411049822205959,0.196214977547105,0.207154051132861,0.149546987955319,0,0.402488821429406,0.186461309472936,0,0,0.411049869097657,0.196214977547105,0.207154051132861,0.149546987955319,0
691,2.12321730482199,-1185.83531886125,-1186.89692751366,0.44259194167822,0.200280102255698,0.0177573513406636,2.73341828479674e-18,0.339370604725419,0.177531877095072,0.227172579373207,0.131630402502954,0.0135851946692147,0.45256041892581,0.207002585650756,0,0,0.340436995423434,0.181145559790333,0.227498968637188,0.148151340883358,0.0136473667964626
692,2.83081135421526e-07,-1075.14358583962,-1075.14358598116,0.52045308736401,0.224897305849665,6.87966077340213e-08,6.87966077340213e-08,0.254649469193109,0.137577797191534,0.19015998761968,0.169817351470045,0.00462170262475661,0.520453159042594,0.224897336762234,0,0,0.254649504195171,0.137577797191534,0.190159987913775,0.169817351470045,0.00462178410321159
693,0,-1196.1576077344,-1196.1575970407,0.495801359851816,0.176925705968633,5.41217122892397e-08,5.41217122892397e-08,0.327272825936127,0.229976240561682,0.245687410865342,0.174395904123017,0,0.495801413519059,0.176925725119679,0,0,0.327272861361262,0.229976240561682,0.245687410865342,0.174395904123017,0
694,4.13269181080977e-05,-1176.96964139494,-1176.9696620584,0.413777059264333,0.2446696868274,7.48450249569567e-08,7.48450249569567e-08,0.341553104218217,0.269829486363003,0.201792434865641,0.150951098599821,0.0124523145545453,0.413777121202651,0.244669723452023,0,0,0.341553155345326,0.269829486363003,0.201792434865641,0.150951098599821,0.0124523145545453
695,0,-1162.64914429506,-1162.64913497251,0.475794501460717,0.189549077530434,5.79835026655403e-08,5.79835026655403e-08,0.334656305041843,0.242527498489889,0.18924303549444,0.119944426074371,0.00531436715003916,0.475794556637187,0.189549099511876,0,0,0.334656343850937,0.242527498489889,0.18924303549444,0.119944426074371,0.00531436715003916
696,0,-1138.52374211015,-1138.52373283327,0.511871481173156,0.237310350755749,7.25937869752859e-08,7.25937869752859e-08,0.250818022883521,0.251258957187215,0.236897184099983,0.186167161372069,0.014125278919216,0.511871555490546,0.237310385210268,0,0,0.250818059299186,0.251258957187215,0.236897184099983,0.186167161372069,0.014125278919216
697,0,-1223.78305058103,-1223.78303864069,0.340699006774147,0.261397929565949,7.99622332285966e-08,7.99622332285966e-08,0.397902903735438,0.310307276767003,0.204702762925791,0.105865911345745,0.00585296318088052,0.340699061260262,0.26139797136988,0,0,0.397902967369858,0.310307276767003,0.204702762925791,0.105865911345745,0.00585296318088052
698,0,-1075.03463185062,-1075.03461737934,0.466452621475344,0.248900127629234,7.61391266149831e-08,7.61391266149831e-08,0.284647098617169,0.302856047579953,0.142788109087408,0.123128210658014,0.00835493249388723,0.466452692505946,0.248900165531316,0,0,0.284647141962738,0.302856047579953,0.142788109087408,0.123128210658014,0.00835493249388723
699,5.84635990955167,-1215.96679767868,-1218.88997763345,0.433010295909776,0.122098094704801,6.65858445595362e-20,0.0158724189845845,0.429019190400839,0.116823674099833,0.143600175358114,0.104687696385388,0.00581192271409406,0.436602924456131,0.130586067945417,0,0,0.432811007598452,0.142980689313965,0.153298048240504,0.104806659015441,0.00580603937350375
700,0,-1225.45302900578,-1225.45302133871,0.423155583285693,0.207772930628692,6.35582216167819e-08,6.35582216167819e-08,0.369071358969171,0.421111124786063,0.159568861456486,0.197046823147853,0.00638821371865842,0.423155637075733,0.207772957040052,0,0,0.369071405884215,0.421111124786063,0.159568861456486,0.197046823147853,0.00638821371865842
701,0,-1150.34580853546,-1150.34579580949,0.5033888521161,0.180969134040092,5.53588780420702e-08,5.53588780420702e-08,0.315641903126052,0.5,0.237220086536411,0.107049783580939,0.0129371186263542,0.50338890785019,0.180969154076591,0,0,0.315641938073219,0.5,0.237220086536411,0.107049783580939,0.0129371186263542
702,0,-1193.80168962094,-1193.80168591966,0.503143855580496,0.159016340367474,4.86434675161183e-08,4.86434675161183e-08,0.337839706765095,0.364254945756708,0.213949463740405,0.128933807021595,0.0137416808775359,0.503143904529825,0.159016355837688,0,0,0.337839739632487,0.364254945756708,0.213949463740405,0.128933807021595,0.0137416808775359
703,1.06851985037792e-06,-1243.90502095526,-1243.90502148952,0.467421712153595,0.160541330854797,4.91099656449338e-08,4.91099656449338e-08,0.372036858771676,0.272441690878242,0.295442342804229,0.155793882552551,0,0.467421758063728,0.160541346623157,0,0,0.372036895313114,0.272441690878242,0.295442342804229,0.155793882552551,0
704,4.71838876706306,-1202.10650319118,-1204.46569757472,0.446166379208437,0.158083134698293,2.72874384560394e-13,0.0328080054726003,0.362942480620398,0.235670214338252,0.137376643267419,0.172249756543487,0.0270871997641759,0.45106381176056,0.177324474836343,0,0,0.371611713403098,0.321396935897902,0.129841608405681,0.173301096103324,0.0270755730947082
705,3.36028842866654e-05,-1157.9560480331,-1157.95606483454,0.454631853338458,0.214025785216092,6.54709843448279e-08,6.54709843448279e-08,0.331342230503481,0.195049572465868,0.182562572190043,0.16923754326276,0.00602299210132423,0.454631912868856,0.214025813241054,0,0,0.331342273890091,0.195049572465868,0.182562572190043,0.16923754326276,0.00602299210132423
706,0,-1129.88013418289,-1129.88012946753,0.457383913258562,0.211906463280784,6.48226784569278e-08,6.48226789170792e-08,0.330709493815296,0.147660638722978,0.122859408107564,0.115685410831293,0.0112569544787774,0.457383972794335,0.211906490927899,0,0,0.330709536277767,0.147660649277363,0.122859408107564,0.115685424336912,0.0112569898419588
707,0,-1154.94974916611,-1154.94973423627,0.444094575903485,0.238785567083506,7.3045059073189e-08,7.3045059073189e-08,0.31711971092289,0.248913844369951,0.226242910292009,0.106178545908804,0.0134073806719284,0.444094640781324,0.238785601967723,0,0,0.317119757250953,0.248913844369951,0.226242910292009,0.106178545908804,0.0134073806719284
708,0,-1162.17717770251,-1162.17717439423,0.478633108568947,0.178548328903346,5.46183481332568e-08,5.46183481332568e-08,0.34281845329101,0.193903685441812,0.281919109929636,0.0659911705230567,0.0173142776237183,0.478633160853253,0.178548348407378,0,0,0.342818490739369,0.193903685441812,0.281919109929636,0.0659911705230567,0.0173142776237183
709,3.6405527680472e-05,-1209.26983275476,-1209.26985095752,0.392692968670406,0.241935501514728,7.40086371688124e-08,7.40086329582684e-08,0.365371381797596,0.200652993222486,0.208393946971875,0.158423086699939,0.0108708497629593,0.392693045828127,0.241935534767836,0,0,0.365371419404037,0.200652970866088,0.2083942190071,0.158423056821983,0.0108709027279495
710,0,-1121.6530634507,-1121.65305623986,0.507913423747861,0.221542322314789,6.77703102713731e-08,6.77703081853503e-08,0.270544118396732,0.22074951840431,0.22012798851829,0.151171977224853,0.00458383939656396,0.507913494873383,0.221542353556513,0,0,0.270544151570104,0.220749305757544,0.22012789140523,0.151172006823442,0.00458384852664327
711,4.10508640503576,-1191.392292659,-1193.44483586152,0.500130595931253,0.120962582683804,1.39536853645898e-15,0.0339249675531287,0.344981853831812,0.0377304047010699,0.226372475735318,0.19995873036658,0,0.473953010534397,0.186832974415856,0,0,0.339214015049747,0.264727327267826,0.229768131413049,0.222040157355648,0
712,1.41928547274165,-1224.06514481535,-1224.77478755172,0.398501948918611,0.16959156962295,5.71304743910348e-21,0.0246173506465721,0.407289130811867,0.169365007200331,0.201015560010968,0.144595523168257,0.00521006942221494,0.36870375203779,0.215836208891257,0,0,0.415460039070953,0.190260537609254,0.218547669655317,0.133655204108028,0.00521304774567542
713,0,-1109.14163167239,-1109.14162449215,0.461057891935099,0.229439527391205,7.01860838438119e-08,7.01860838438119e-08,0.309502440301529,0.242502917516371,0.184240636486784,0.0978069674645972,0.00879268917116856,0.461057956654804,0.229439559598133,0,0,0.309502483747063,0.242502917516371,0.184240636486784,0.0978069674645972,0.00879268917116856
714,0,-1177.75325405332,-1177.75324768877,0.498871953335727,0.181290293317749,5.5457121410356e-08,5.5457121410356e-08,0.319837642432281,0.115697824585927,0.212414265141038,0.228599438150068,0.0195974475121505,0.498872008667739,0.181290313425426,0,0,0.319837677906835,0.115697824585927,0.212414265141038,0.228599438150068,0.0195974475121505
715,1.53343834767747,-1139.93972992359,-1140.70644909743,0.445318796417356,0.254677441742349,6.29290384384679e-10,0.0271848538330691,0.272818907377935,0.158558074857733,0.206149464769728,0.219759010107717,0.00882173557022206,0.445730399336742,0.271091254952759,0,0,0.283178345710499,0.184254500908248,0.194533061900622,0.226135122029923,0.00881855887626815
716,2.14859983316273e-05,-1162.00546029527,-1162.00547103827,0.492250682791995,0.166386354747648,5.0897972067189e-08,5.08979720519466e-08,0.341362860664413,0.0792037246232534,0.199571857008359,0.149241599175106,0.00985134470216763,0.492250732778539,0.166386371653576,0,0,0.341362895567885,0.0792037252642155,0.199571857649321,0.149241600457031,0.00985137739123416
717,0,-1141.22395841255,-1141.22394590296,0.495582477621487,0.240239957478716,7.34899604699992e-08,7.34899604699992e-08,0.264177417919876,0.238079536227579,0.234318972856733,0.191537471674426,0.0141669634097551,0.495582550462171,0.240239992789171,0,0,0.264177456748658,0.238079536227579,0.234318972856733,0.191537471674426,0.0141669634097551
718,0,-1184.62378445508,-1184.62377563684,0.502629858354554,0.148690005508692,4.54846177205383e-08,4.54846177205383e-08,0.348680045167518,0.101511708653233,0.199486972476564,0.0887736049858245,0.0177211261796581,0.502629904078413,0.14869001903491,0,0,0.348680076886678,0.101511708653233,0.199486972476564,0.0887736049858245,0.0177211261796581
719,2.24670150841348,-1199.51059161022,-1200.63394236443,0.495099759935593,0.10848208974739,6.63075475332111e-14,0.0174419293634998,0.37897622095345,0.161491904119024,0.192924676858764,0.146269957148847,0.00508253590841135,0.49759931072057,0.127799965435691,0,0,0.37460072384374,0.157405853752919,0.210698062823716,0.151602513666371,0.0050879832050011
720,1.28533464105703,-1207.19769299509,-1207.84036031562,0.423866188633475,0.180393556663225,0.00608131363060826,0.00823805449863851,0.381420886574054,0.181878880054863,0.211714338723432,0.104453737955418,0.00705135097714572,0.42462632516044,0.193604788940576,0,0,0.381768885898984,0.208435439003326,0.21727885692212,0.109347530373896,0.00708419769602664
721,0,-1090.31167991932,-1090.3116676236,0.456657984499967,0.218296856386023,6.67775149267383e-08,6.67775149267383e-08,0.32504502555898,0.254171323255835,0.102526688605737,0.0725639757527131,0.00988414935426059,0.456658045488946,0.21829688554067,0,0,0.325045068970384,0.254171323255835,0.102526688605737,0.0725639757527131,0.00988414935426059
722,0,-1210.73607679876,-1210.73606844227,0.470798380610664,0.186876784620929,5.71660420634621e-08,5.71660420634621e-08,0.342324720436323,0.0624937449536807,0.206704663032149,0.218480529852137,0.027838155367429,0.47079843443803,0.186876805986944,0,0,0.342324759575026,0.0624937449536807,0.206704663032149,0.218480529852137,0.027838155367429
723,1.9500160771654,-1143.75885607397,-1144.73386411255,0.546290146357684,0.096883406752313,3.60560494464976e-16,0.0379975267654004,0.318828920124602,0.0230420392291322,0.194830251461778,0.127291561313346,0.0101789739392244,0.538140117490997,0.137061343897042,0,0,0.324798538611962,0.113699833066652,0.187584971701235,0.124310176530371,0.0101850747265864
724,0.38767263192085,-1234.67312152354,-1234.8669578395,0.402232829267423,0.20997570031778,1.68329614358287e-121,0.0139350193634945,0.373856451051302,0.1745726818752,0.195791338055412,0.185401440518444,0.0250576526296943,0.394860043468612,0.227255880767833,0,0,0.377884075763555,0.174901895310453,0.201274881017336,0.182096622847881,0.0250444275604552
725,0,-1164.8732790429,-1164.87327346061,0.557436773985441,0.120677742522038,3.69156014704134e-08,3.69156014704134e-08,0.321885409661318,0.0513587331153813,0.20869696582823,0.151961400395168,0.0159675255727843,0.557436815141672,0.120677751431822,0,0,0.321885433426507,0.0513587331153813,0.20869696582823,0.151961400395168,0.0159675255727843
726,0,-1260.19608279293,-1260.19608276534,0.421482374032523,0.106077976787723,9.99216770403876e-10,4.67796319634026e-10,0.472439647712741,0.277801048731836,0.234017005056277,0.0572269916161217,0.00709326380145609,0.421481854095345,0.106077843782093,0,0,0.472440302122562,0.277800025816921,0.234016892639592,0.0572270956261191,0.00709265957672161
727,0,-1155.23571187603,-1155.2356994286,0.428702412843213,0.205602935989038,6.28944152210351e-08,6.28944152210351e-08,0.365694525378919,0.322220242778938,0.128665191969301,0.129578048490872,0,0.428702466769194,0.205602961851594,0,0,0.365694571379211,0.322220242778938,0.128665191969301,0.129578048490872,0
728,0,-1178.61447566841,-1178.61446385665,0.455905506386696,0.192800506060443,5.89781221978157e-08,5.89781221978157e-08,0.351293869596617,0.235922867066309,0.202494331094705,0.170825160628823,0,0.455905560163604,0.192800528802469,0,0,0.351293911033927,0.235922867066309,0.202494331094705,0.170825160628823,0
729,15.6933096741955,-1137.72609746091,-1145.57275229801,0.511994227261414,0.15042784806141,0.0277007933596543,0.0203449562849166,0.289532175032605,0.304293635186481,0.202183619257883,0.0962121612984515,0.00546248100562451,0.551354764762985,0.154051667604828,0,0,0.294593567632187,0.233296462666163,0.219585241855308,0.103268577921624,0.0136966601049136
730,1.29067493043476,-1153.36799222616,-1154.01332969138,0.46647922855015,0.202225686251799,0,0.00966245758441432,0.321632627613636,0.5,0.18219226521571,0.129301802399908,0.00957549746395256,0.46600728015036,0.210612771133034,0,0,0.323379948716605,0.5,0.185911573449713,0.129020154900066,0.00957352986354205
731,0.969954213230722,-1052.20529643674,-1052.69027354335,0.524607828242749,0.176852291537296,0.00711343457535463,0.0147770048268982,0.276649440817702,0.275141118272432,0.097813807153883,0.0996424316701751,0.0151897144387444,0.518873538136332,0.205679770881561,0,0,0.275446690982107,0.359155298983357,0.105142311223612,0.104663666893626,0.0152800350864052
732,0,-1170.27963203076,-1170.27962879538,0.481350242906696,0.152994571450335,4.680139443084e-08,4.680139443084e-08,0.36565509204018,0.0564647255202593,0.13762048887432,0.146844075801461,0.00593767609873069,0.481350287962425,0.152994585771055,0,0,0.365655126266519,0.0564647255202593,0.13762048887432,0.146844075801461,0.00593767609873069
733,0,-1230.62428849872,-1230.62426976979,0.361276911313389,0.265095600588516,8.10933593748524e-08,8.10933593748524e-08,0.373627325911376,0.172960617768653,0.186733977924929,0.215506846428521,0.00638705283928318,0.361276969907716,0.265095643583509,0,0,0.373627386508775,0.172960617768653,0.186733977924929,0.215506846428521,0.00638705283928318
734,0,-1218.24956432879,-1218.24955770304,0.466263387797722,0.1506087048759,4.60715523093126e-08,4.60715523093126e-08,0.383127815183273,0.243005857916363,0.209568995871148,0.159312769020747,0.00611447829326388,0.466263430760682,0.150608718753455,0,0,0.383127850485863,0.243005857916363,0.209568995871148,0.159312769020747,0.00611447829326388
735,9.54846718889166,-1148.1069434367,-1152.88117703114,0.413053202123203,0.239310704196645,0.0086089199728532,0.0210862483445172,0.317940925362782,0.184262612287359,0.172244391918383,0.165689005789353,0.0168081799809527,0.416447560673956,0.257399731485377,0,0,0.326152707840668,0.223291902276079,0.188551131509906,0.16955503982997,0.0168226161336039
736,0,-1195.13872696745,-1195.13871974664,0.531750474326273,0.165905964416241,5.07510195000213e-08,5.07510195000213e-08,0.302343459755447,0.313755685852524,0.27120141244808,0.168557214927661,0.00534854624610569,0.531750528300036,0.165905981256036,0,0,0.302343490443928,0.313755685852524,0.27120141244808,0.168557214927661,0.00534854624610569
737,0,-1078.09034726821,-1078.09033640788,0.538211718877781,0.237962237241564,6.8468864322267e-08,6.8468864322267e-08,0.223825906942927,0.211705858985765,0.209824072768686,0.173070483148462,0.00819403161239578,0.538211792579281,0.237962269827577,0,0,0.223825937593142,0.211705858985765,0.209824072768686,0.173070483148462,0.00819403161239578
738,2.73481973636081e-05,-1174.94831693848,-1174.94833061258,0.529077989699038,0.210315700119914,6.4336060704648e-08,6.4336060704648e-08,0.260606181508926,0.237745483358151,0.303716638719097,0.145696341115785,0.0323150296041355,0.529078057776634,0.210315727181685,0,0,0.260606215041681,0.237745483358151,0.303716638719097,0.145696341115785,0.0323150296041355
739,0,-1168.00356320566,-1168.00355782641,0.457454465852593,0.217943329239647,6.66693701523013e-08,6.66693701523013e-08,0.324602071569021,0.188507642315196,0.165677948249272,0.149371144001086,0.0165122582242889,0.457454526849003,0.217943358299939,0,0,0.324602114851058,0.188507642315196,0.165677948249272,0.149371144001086,0.0165122582242889
740,3.06266665575095e-05,-1152.80889174522,-1152.80890705855,0.497488926517165,0.192099446691732,5.87636894599409e-08,5.87636924749709e-08,0.310411509263721,0.137824089297222,0.192989200413852,0.193201104695169,0.00665207398719522,0.497489037841675,0.192099504011019,0,0,0.310411458147306,0.137824315134736,0.192988975776251,0.193201623218558,0.00665214793469024
741,0,-1189.92581909797,-1189.92580717505,0.415442638705425,0.168019838904834,5.13976586113317e-08,5.13976586113317e-08,0.416537419594424,0.114097901268697,0.1355647147595,0.114008927941901,0.00571423345919949,0.415442681410987,0.168019856176488,0,0,0.416537462412525,0.114097901268697,0.1355647147595,0.114008927941901,0.00571423345919949
742,0,-1206.91328644032,-1206.91327556838,0.472039858915769,0.16091471055578,4.92241829732416e-08,4.92241829584178e-08,0.367045332080085,0,0.244151338785792,0.150144169277634,0.0190092410708744,0.472039910134208,0.16091472495079,0,0,0.367045364915002,0,0.244151412593249,0.150144162134977,0.0190090839324164
743,0,-1262.37100796864,-1262.37099768218,0.391780706418881,0.181305433255187,5.54617527523507e-08,5.54617527523507e-08,0.426913749402426,0.147455869125918,0.230693855557114,0.180729552961543,0.00605282541983277,0.391780749876575,0.181305453366224,0,0,0.426913796757201,0.147455869125918,0.230693855557114,0.180729552961543,0.00605282541983277
744,0,-1138.2719157009,-1138.27190558627,0.5550735992143,0.160352630007872,4.90522416179786e-08,4.90522416179786e-08,0.284573672673345,0.0774878754367046,0.21487637995032,0.196801364332454,0.0111960284943422,0.555073653669514,0.160352645739185,0,0,0.284573700591301,0.0774878754367046,0.21487637995032,0.196801364332454,0.0111960284943422
745,0,-1171.92236396038,-1171.92236147919,0.475435858743458,0.181153377351639,5.54152383826123e-08,5.54152383893721e-08,0.343410653074427,0.153979292164167,0.181215878524544,0.182303061464025,0.00986302223856012,0.475435911447761,0.18115339696707,0,0,0.343410691585169,0.153979292801902,0.181215878524163,0.182303061464025,0.00986304756505072
746,0,-1121.22776830423,-1121.2277598694,0.574148435817358,0.137595680236636,4.20908378754143e-08,4.20908378754143e-08,0.28825579976433,0.149656991992403,0.182194473794496,0.210266005897445,0.00480671147430181,0.574148484150139,0.137595691819672,0,0,0.288255824030189,0.149656991992403,0.182194473794496,0.210266005897445,0.00480671147430181
747,0.038555315355552,-1124.00771853908,-1124.02699619676,0.537794126334282,0.146699246592989,1.39702599815932e-51,0.00145411091036925,0.314052516162359,0.153185623804655,0.196956667538252,0.0855565442830146,0,0.538526410838332,0.14673424530812,0,0,0.314739343853548,0.151156115063209,0.196807281254322,0.0862210011870082,0
748,0,-1107.65084677307,-1107.65083536145,0.49739794759363,0.198592542005772,6.0749919433922e-08,6.0749919433922e-08,0.30400938890076,0.301079250431633,0.156337148796257,0.102494992968509,0,0.497398008027407,0.198592566134737,0,0,0.304009425837856,0.301079250431633,0.156337148796257,0.102494992968509,0
749,0.950085851126005,-1110.15460534438,-1110.62964826994,0.556403601342517,0.183922440664954,3.92370401170654e-79,0.00621177920388089,0.253462178788648,0.154581267043691,0.171543913667238,0.194151982328355,0.0145900599084806,0.553281168126086,0.190870619120794,0,0,0.255848212753121,0.153682532841157,0.175037390968522,0.19363345301758,0.014541893708017
750,4.00355947382377,-1166.80580387474,-1168.80758361166,0.531320776099315,0.164927208208131,6.58726407250564e-20,0.0202500993137905,0.283501916378762,0.388176480213848,0.264239271693943,0.171120863991575,0.00688254205157754,0.527136041104616,0.171250410097061,0,0,0.301613548798322,0.381119118154587,0.271297169246143,0.161947882229642,0.00455393807931011
751,2.67681413848368,-1083.81937005013,-1085.15777711937,0.557842461550147,0.160198888899311,6.59641994863892e-49,0.00785168776108673,0.274106961789456,0.1077777538478,0.112218060104132,0.224716433779897,0.00408936720666908,0.55807515071598,0.167146046505606,0,0,0.274778802778414,0.103751291870128,0.119960123843646,0.224663703953805,0.00409074461002986
752,0.681257304842802,-1161.90110004242,-1162.24172869485,0.502367908080304,0.142106193324733,0.00981732030713047,0.0078906161091906,0.337817962178643,0.158306903081564,0.162842600465384,0.133141436177448,0.0108799198645295,0.515189556000888,0.152262496394078,0,0,0.332547947605033,0.157503380673521,0.175426377707672,0.138057254900731,0.0108930178301648
753,0.539369748616991,-1136.05215254745,-1136.32183742176,0.469926881152076,0.198409773697653,5.93249172335277e-27,0.00757635020806099,0.32408699494221,0.264681651319788,0.192076023807665,0.131652594810438,0.00452955504884898,0.452269700884813,0.216566458280013,0,0,0.331163840835174,0.277063738890152,0.190299966113755,0.131150090273279,0.00452449742518451
754,0,-1113.08114926764,-1113.08114299673,0.473120630254037,0.203354209302698,6.22065245095091e-08,6.22065245095091e-08,0.323525036030217,0.0851219705777205,0.0998703711561845,0.13567036266022,0.0188814317336806,0.473120689116424,0.203354234602618,0,0,0.323525076280958,0.0851219705777205,0.0998703711561845,0.13567036266022,0.0188814317336806
755,3.1994936762203e-06,-1169.00105923408,-1169.00106083383,0.423958090884804,0.23147261046098,7.08080086726288e-08,7.08080086726288e-08,0.344569157038199,0.292477337856466,0.234361291351433,0.0795889911159709,0.0187955072965255,0.423958150924069,0.231472643241214,0,0,0.344569205834717,0.292477337856466,0.234361291351433,0.0795889911159709,0.0187955072965255
756,0,-1183.87722679509,-1183.87722651299,0.385716859126511,0.225207920372808,6.88922133960258e-08,6.88903133261508e-08,0.389075082718154,0.0903530997510798,0.180197708504365,0.0667359441371605,0.0142823993021495,0.385718537619257,0.225206537553846,0,0,0.389074924826897,0.0903524804215941,0.180198291244977,0.0667359053991369,0.0142825848846278
757,4.91069770994636,-1117.68649743627,-1120.14184629125,0.520999103075451,0.141904376152305,9.70130294887988e-10,0.0275612114496984,0.309535308352416,0.135357456649051,0.142310038171406,0.124445858108128,0.00958014115165708,0.49754560140901,0.188001481538316,0,0,0.314452917052674,0.20246623762586,0.140587687890607,0.139726729930701,0.00958305722162808
758,0,-1179.13842749546,-1179.13841849089,0.429144855392198,0.18627080221508,5.69806706434475e-08,5.69806706454593e-08,0.38458422843138,0.311726819909096,0.21554598349193,0.0992324022608264,0.00459895909088808,0.429144904265287,0.186270823453469,0,0,0.384584272281244,0.311726819909096,0.215545983223826,0.0992324019927218,0.0045989633805613
759,9.60935722105205e-08,-1182.20301779449,-1182.20301784253,0.387102698453877,0.224954270960195,6.88140334935201e-08,6.88140334935201e-08,0.387942892957861,0.147051307481528,0.165532631028768,0.114932013213898,0.00583738729923465,0.387102751864083,0.224954301871037,0,0,0.38794294626488,0.147051309175943,0.165532634417598,0.114932011519483,0.00583742683558264
760,0,-1133.63746162035,-1133.63745710062,0.517293873820445,0.187643418002761,5.74005569580081e-08,5.74005569397927e-08,0.29506259337568,0.138088210277488,0.218987630065994,0.132356186374742,0.00960230829632656,0.517293933374022,0.187643439479278,0,0,0.2950626271467,0.138088211605442,0.218987635401779,0.132356186957781,0.00960237472507231
761,0,-1185.3740903499,-1185.37408776457,0.438817830879731,0.170254946026997,5.20813830665715e-08,5.20813830665715e-08,0.390927118930506,0.0713356553551114,0.11887983099181,0.170273813333724,0.0153191881322849,0.438817876588215,0.170254963761225,0,0,0.39092715965056,0.0713356553551114,0.11887983099181,0.170273813333724,0.0153191881322849
762,0,-1238.31334885744,-1238.31334458496,0.440338404271738,0.145579437174263,4.45330876489567e-08,4.45330876489567e-08,0.414082069487825,0.259642425967777,0.246496891494544,0.161450186509796,0.00976092258210022,0.440338443490999,0.145579450140467,0,0,0.414082106368534,0.259642425967777,0.246496891494544,0.161450186509796,0.00976092258210022
763,0,-1138.91370074546,-1138.91369798593,0.523385841314817,0.182518926593833,5.58329631805561e-08,5.58329631805561e-08,0.294095120425423,0.241634260463552,0.219263958310088,0.153804658904774,0.0133503699393276,0.523385899759188,0.182518946974981,0,0,0.294095153265831,0.241634260463552,0.219263958310088,0.153804658904774,0.0133503699393276
764,0,-1136.51493299975,-1136.5149272359,0.480109265877738,0.183746055366082,5.620834475659e-08,5.62083447579595e-08,0.336144566339491,0.0290258055438154,0.184862163488512,0.133180913179139,0.00513088622875394,0.48010931978324,0.183746076135775,0,0,0.336144604080986,0.0290258069375723,0.184862164224227,0.133180913179139,0.00513090265910897
765,0,-1180.04273759862,-1180.04272792934,0.440161897344627,0.177485792935159,5.42933159149716e-08,5.42933159149716e-08,0.382352201133583,0.187188060765569,0.150640345698538,0.07854786146959,0.0163720300284012,0.44016194514033,0.177485812207745,0,0,0.382352242651925,0.187188060765569,0.150640345698538,0.07854786146959,0.0163720300284012
766,0,-1195.0995234103,-1195.09951859893,0.395465918772843,0.224657498779377,6.87232501947478e-08,6.87232501947478e-08,0.379876445001279,0.123649710874905,0.164472948746314,0.27831461732789,0.0162903326996468,0.395465973128257,0.224657529657769,0,0,0.379876497213974,0.123649710874905,0.164472948746314,0.27831461732789,0.0162903326996468
767,2.75618897192544,-1140.7186269686,-1142.09672145456,0.516618439617124,0.167592637835407,5.46484826552755e-12,0.0385567452062363,0.277232177335768,0.14221817343057,0.26467213240627,0.125115134570893,0.0224664557485067,0.511897854787335,0.206972193163508,0,0,0.281129952049157,0.269370842215925,0.261608351372868,0.124100218433206,0.0224141231522216
768,0,-1227.78341590672,-1227.78340527591,0.441463838873639,0.166608856313297,5.0966035762393e-08,5.0966035762393e-08,0.391927202880992,0.5,0.141942625260775,0.17475317859909,0.012598632914345,0.441463883872967,0.166608873296085,0,0,0.391927242830948,0.5,0.141942625260775,0.17475317859909,0.012598632914345
769,3.27368289550986,-1186.64164425847,-1188.27848570623,0.442866434451336,0.179651271422553,4.37262386296569e-19,0.0246965771738602,0.352785716952251,0.122295948259547,0.249219927892768,0.146140290307861,0,0.43665479745405,0.210591832486657,0,0,0.352753370059294,0.171129597890146,0.252041182513012,0.149111424265383,0
770,1.32963668875163e-06,-1216.25924639082,-1216.25924705564,0.446477344783367,0.192521799688382,5.88928652778886e-08,5.88928652718251e-08,0.361000737742521,0.384089214446833,0.202159640646692,0.146235004407417,0.0121313482848511,0.44647739761584,0.192521822471736,0,0,0.361000779912424,0.384089214456707,0.202159640656566,0.146235007034831,0.0121313772913722
771,3.39606537217833,-1140.1529085787,-1141.85094126479,0.463655700913887,0.190054995365735,0.0126792724751089,0.00745339030035768,0.326156640944912,0.17957194181548,0.187222142168017,0.11026466364666,0.011924696778866,0.453275427537887,0.216300670803538,0,0,0.330423901658575,0.206886682166329,0.190845295640891,0.127233771607815,0.0092859762833774
772,0,-1149.00530588103,-1149.00530194776,0.419252504706294,0.223437804605343,6.83501429166081e-08,6.83501429166081e-08,0.357309553988077,0.261966970944801,0.157832656812901,0.147280988815736,0.00436102682411277,0.419252562018239,0.223437835149359,0,0,0.357309602832402,0.261966970944801,0.157832656812901,0.147280988815736,0.00436102682411277
773,5.26471911950284,-1206.75181899796,-1209.38417855771,0.457058724624815,0.166404352866205,6.63491610112958e-27,0.026890003473576,0.349646919035405,0.101495201770752,0.277796272521445,0.129833439175137,0.020044394413248,0.44221785405611,0.200082061341848,0,0,0.357700084602043,0.231253994932726,0.27384160068106,0.132164025351017,0.0200382918756007
774,0,-1121.30017915354,-1121.30017587808,0.430591561723257,0.240939453424524,7.37039379030034e-08,7.37039379030034e-08,0.328468837444344,0.20922269473714,0.148179625780432,0.142343966966056,0,0.430591625195854,0.240939488940902,0,0,0.328468885863244,0.20922269473714,0.148179625780432,0.142343966966056,0
775,0,-1200.15987040779,-1200.15986099538,0.504652550395809,0.163951833114686,5.01532461566716e-08,5.01532461540137e-08,0.331395516183013,0.5,0.239015065679221,0.162838744443512,0.00513609599619724,0.504652601147279,0.163951849473252,0,0,0.331395549379469,0.5,0.239015065269407,0.162838742049415,0.00513612227438096
776,2.1672456053775,-1142.88605562098,-1143.96967842367,0.429948231453605,0.2348279130974,0.0123281560869343,0.00355752360923118,0.319338175752829,0.174170894661993,0.161590661834232,0.151902098295041,0.0053221901328274,0.450425529879577,0.236684393602064,0,0,0.312890076518359,0.166664647357584,0.174405649713564,0.169431321216551,0.00533484821791157
777,0,-1185.89281870366,-1185.89281661973,0.514384087940612,0.14259961252836,4.36215523750865e-08,4.36215523750865e-08,0.343016212287924,0.131332335947375,0.235263070125199,0.131790165409052,0.0109005079819723,0.51438413281708,0.142599624969194,0,0,0.343016242213726,0.131332335947375,0.235263070125199,0.131790165409052,0.0109005079819723
778,1.01086763465355,-1158.73383578154,-1159.23926959887,0.495069304074313,0.147391248941481,1.7137229718467e-50,0.0118993839670246,0.345640063017182,0.129287158861097,0.134440986188173,0.17230423919449,0.00987153421457524,0.484310002937775,0.160696078604625,0,0,0.354993918457599,0.113040886539829,0.132744259422397,0.170803549887565,0.00986204754057551
779,0.541957769509736,-1184.19120955467,-1184.46218843943,0.438553782083652,0.189987278649959,0.00461193177515134,0.0107514846359474,0.35609552285529,0.248526497397972,0.147321956661838,0.140357100099337,0.0279939989034619,0.444659684126177,0.201915937338102,0,0,0.353424378535721,0.250404287365049,0.157914155649063,0.146176608525482,0.0277096242214677
780,0,-1153.38298353509,-1153.38297279486,0.465928470990811,0.243323420869896,7.44331990765436e-08,7.44331990765436e-08,0.290747959272894,0.351183838985832,0.155039692718386,0.204929888101018,0.0144284914423573,0.465928540351915,0.243323457092583,0,0,0.290748002555502,0.351183838985832,0.155039692718386,0.204929888101018,0.0144284914423573
781,8.29423697723541e-06,-1141.15020280353,-1141.15020695065,0.438561566311049,0.222194806580659,6.79699069854368e-08,6.79699069854368e-08,0.339243491168477,0.217364167982835,0.149810195312143,0.134131741585761,0.0098535878948269,0.438561626029523,0.222194836836695,0,0,0.339243537133782,0.217364168658249,0.149810195987557,0.134131744287415,0.0098536304458859
782,0,-1164.95867347516,-1164.95866924424,0.384394170768437,0.25179888379236,7.70258628518525e-08,7.70258628518525e-08,0.363806791387477,0.153264561286917,0.204430790796345,0.142754907506868,0,0.384394229985032,0.251798922582418,0,0,0.36380684743255,0.153264561286917,0.204430790796345,0.142754907506868,0
783,0,-1183.75607769173,-1183.7560737268,0.414814197800461,0.249755694780011,7.6400846591751e-08,7.6400846591751e-08,0.335429954617835,0.118515592253161,0.24230127828065,0.22210188566141,0.00928054821637194,0.414814261184782,0.24975573294311,0,0,0.335430005872108,0.118515592253161,0.24230127828065,0.22210188566141,0.00928054821637194
784,0,-1172.0039023622,-1172.00389134744,0.4196107745439,0.210599574231809,6.44228984542069e-08,6.44228984542069e-08,0.369789522378494,0.248062995977369,0.184033919958216,0.103118684388973,0.00527344596462624,0.419610828608992,0.210599601366683,0,0,0.369789570024326,0.248062995977369,0.184033919958216,0.103118684388973,0.00527344596462624
785,0.421822620819512,-1130.70812823408,-1130.91903954449,0.50955039925837,0.12116692482562,1.175086703438e-17,0.0159863424302302,0.353296333485779,0.307274148496558,0.101666861227973,0.107879382326407,0.0049385161528538,0.496513474834866,0.153364517395899,0,0,0.350122007769235,0.364354040423169,0.113079319164027,0.108110037514469,0.00494905204069468
786,0,-1162.02397949478,-1162.0239702819,0.504783802765541,0.202459082672637,6.19327031962305e-08,6.19327031962305e-08,0.292756990696416,0.154139081707628,0.213513081383284,0.155799443498643,0.0245541694151559,0.504783865290799,0.202459107750316,0,0,0.292757026958884,0.154139081707628,0.213513081383284,0.155799443498643,0.0245541694151559
787,0,-1163.81457643483,-1163.81456599798,0.477976295507885,0.211778476612064,6.47835248113519e-08,6.47835246704961e-08,0.310245098313002,0.284040027761193,0.198583729177394,0.141344355812676,0.00553584199164256,0.47797636969177,0.211778502659531,0,0,0.310245127648698,0.28403976753312,0.198583669544069,0.14134446506843,0.00553586823241688
788,0,-1162.64761379416,-1162.64760325315,0.456652873539412,0.21151879532513,6.47040903197081e-08,6.47040903197081e-08,0.331828201727277,0.16361072556552,0.240292681033908,0.165882460920526,0.0132756594469757,0.456652932634037,0.211518822697396,0,0,0.331828244668567,0.16361072556552,0.240292681033908,0.165882460920526,0.0132756594469757
789,0,-1147.51112479555,-1147.5111224589,0.414143748540344,0.26760458294541,8.18608628999242e-08,8.18608628999242e-08,0.318251504792521,0.271623796202696,0.194175205561446,0.100149074906957,0.0101921660559029,0.414143816344684,0.267604626758101,0,0,0.318251556897215,0.271623796202696,0.194175205561446,0.100149074906957,0.0101921660559029
790,0,-1135.28197292102,-1135.28196364849,0.497747041696548,0.223060405869959,6.82346957676994e-08,6.82346957676994e-08,0.279192415964102,0.143565362296304,0.234054637112217,0.145209231536422,0.0149668449908775,0.497747109623793,0.223060436310881,0,0,0.279192454065326,0.143565362296304,0.234054637112217,0.145209231536422,0.0149668449908775
791,0,-1113.17971983926,-1113.17971912001,0.600603318088069,0.135548252919383,4.14645251080078e-08,4.14645251080078e-08,0.263848346063497,0.351662639126548,0.194235287094478,0.175749759870794,0.00433052135202203,0.600603367895536,0.135548264160272,0,0,0.263848367944192,0.351662639126548,0.194235287094478,0.175749759870794,0.00433052135202203
792,0,-1211.34400555725,-1211.3439943779,0.377995878321407,0.260207662220856,7.9598127685715e-08,7.9598127685715e-08,0.361796300261482,0.429460702845127,0.232253497912805,0.135593163476644,0.00623453427020096,0.377995938496945,0.260207703644948,0,0,0.361796357858107,0.429460702845127,0.232253497912805,0.135593163476644,0.00623453427020096
793,1.01830823294085,-1099.15071276726,-1099.65986688373,0.52071237745411,0.182607690646519,2.41544944376681e-23,0.0165170681819456,0.280162863717426,0.275547250758,0.200021231207333,0.103986230188445,0,0.507094825903824,0.208681217946563,0,0,0.284223956149612,0.288721281062451,0.207089847704439,0.103234865517749,0
794,0,-1135.99208182774,-1135.992069595,0.444376127040638,0.273820884330866,8.3762443918674e-08,8.3762443918674e-08,0.281802821103608,0.31853498304786,0.190003908233412,0.201980925329681,0.0045733213906413,0.444376201484712,0.273820930202687,0,0,0.281802868312601,0.31853498304786,0.190003908233412,0.201980925329681,0.0045733213906413
795,0,-1223.70598733823,-1223.70598614787,0.474131994846718,0.145999579382344,4.46616101253495e-08,4.46616101253495e-08,0.379868336447718,0.0496383138814638,0.159162231806567,0.211982546601517,0.00664819709661357,0.474132037197718,0.145999592423498,0,0,0.379868370378784,0.0496383138814638,0.159162231806567,0.211982546601517,0.00664819709661357
796,0,-1148.62570589243,-1148.62570074203,0.456515837521204,0.203442763562112,6.22336134629545e-08,6.22336134629545e-08,0.340041274449457,0.272672308880358,0.178442704062673,0.117868732345653,0.017772760560185,0.456515894342471,0.203442788884072,0,0,0.340041316773456,0.272672308880358,0.178442704062673,0.117868732345653,0.017772760560185
797,0,-1184.87285894563,-1184.87284523121,0.446093189958605,0.192746341945705,5.89615532694295e-08,5.89615532694295e-08,0.361160350172583,0.280443661897725,0.142382421770184,0.0842096644155371,0.0185525535303363,0.446093242563306,0.192746364674955,0,0,0.361160392761739,0.280443661897725,0.142382421770184,0.0842096644155371,0.0185525535303363
798,4.97948440170148e-06,-1142.44408046067,-1142.44408295042,0.489658901262074,0.213718051942043,6.53768479953002e-08,6.53768479972347e-08,0.296622916042188,0.159868729849015,0.208739814221174,0.129658475001047,0.00535105739869469,0.489658965461072,0.213718079868275,0,0,0.296622954670652,0.159868731172194,0.208739813780115,0.129658474559987,0.00535111958807827
799,0,-1194.53852062292,-1194.53851367075,0.412613479349594,0.205864995287167,6.2974579768442e-08,6.2974579768442e-08,0.381521399414079,0.103447103302688,0.215564649549085,0.141010314643019,0.00613510544079536,0.412613531317921,0.205865021215694,0,0,0.381521447466385,0.103447103302688,0.215564649549085,0.141010314643019,0.00613510544079536
800,3.26038687164009,-1138.85417970494,-1140.48437314076,0.510949596608681,0.128029955184278,0.00648938422234319,0.0208899664108895,0.333641097573808,0.16278039427912,0.152078157449713,0.130938667041037,0.00928391707087657,0.504644236736484,0.163701575265375,0,0,0.331654187998141,0.188066265405469,0.17065937681123,0.137803447217249,0.00929601256078137
801,3.11464639139467,-1235.91862573316,-1237.47594892886,0.38010817711223,0.158073932084579,1.84755631877672e-19,0.0249084007253474,0.436909490077844,0.299204978879037,0.167827296544102,0.120705885762755,0.0111137523572888,0.371853303443456,0.18596857792056,0,0,0.442178118635984,0.330363419899352,0.171812084109398,0.126086098985126,0.0111137766986453
802,6.55240065822591,-1199.81369554258,-1203.08989587169,0.476507550176506,0.183138410224215,2.95798323845983e-11,0.0258884328713613,0.314465606698338,0.329806227761382,0.216858758206798,0.18034621107668,0.0139085133249209,0.477490148065707,0.204747651143349,0,0,0.317762200790944,0.329051224156737,0.226252444180795,0.197197820663637,0.0139840836644068
803,4.01472243538592e-06,-1089.0809062991,-1089.08090830647,0.424993200364731,0.305521809086221,8.24360335113358e-08,8.24360335237521e-08,0.26948482567698,0.156720098554687,0.184127763033006,0.175575567734627,0.00861623752373546,0.424993270362643,0.305521859576419,0,0,0.269484870060938,0.156720098554687,0.184127764615789,0.175575568230066,0.00861632927015515
804,3.03242649821004,-1224.58027869375,-1226.09649194286,0.414740614319027,0.178245291435136,1.90504332540136e-21,0.0108963130039282,0.396117781241909,0.043257369478112,0.241244381576372,0.16833813680247,0.0205233262900497,0.389437881378276,0.208485845722859,0,0,0.402076272898865,0.066146689375839,0.259696072533904,0.162115419091742,0.0205162854536926
805,0,-1156.017074844,-1156.01706631274,0.419619290529635,0.258752489654562,7.91529870209553e-08,7.91529870209553e-08,0.321628061509829,0.106610511253461,0.186788899281968,0.158705048279849,0.0194866247737857,0.419619356957886,0.258752530616634,0,0,0.32162811242548,0.106610511253461,0.186788899281968,0.158705048279849,0.0194866247737857
806,0,-1228.56424190998,-1228.56423431522,0.418688321993006,0.187166400742202,5.72546363070144e-08,5.72546363070144e-08,0.394145162755519,0.442629823368055,0.204405605850566,0.14190891460733,0.0108145630356867,0.418688369936706,0.187166422174493,0,0,0.3941452078888,0.442629823368055,0.204405605850566,0.14190891460733,0.0108145630356867
807,3.28030303499327,-1129.83493950458,-1131.47509102208,0.501604271633855,0.182959583701827,0.00786209389321546,0.0288312717256367,0.278742779045466,0.131419135968422,0.197522114200149,0.0933255021304312,0.022268501372067,0.517365653320777,0.207530203990968,0,0,0.275104142688255,0.173700341694081,0.206415416924065,0.101933886910476,0.0217166969093553
808,8.67587791617552e-05,-1106.74693724021,-1106.7469806196,0.471714338754626,0.269562084382957,7.91440968811541e-08,7.9144096663728e-08,0.258723418574224,0.235525620599562,0.223148577889911,0.102646049356039,0.00995392244065916,0.471714414750227,0.269562125055473,0,0,0.2587234601943,0.235525620599562,0.223148597225275,0.102646646448038,0.00995392012779972
809,5.80054598807055,-1134.23618788063,-1137.13646087466,0.486423054802231,0.152073078442656,4.87798505288142e-143,0.0155544797607898,0.345949386994323,0.0817114854421036,0.161973796979199,0.122092496618565,0.00476300280674037,0.475404419358267,0.171824311951851,0,0,0.352771268689882,0.106050416998131,0.176357929856674,0.12052363208648,0.00474807572346027
810,0,-1176.27057039523,-1176.27056793587,0.473802579233118,0.173344409994152,5.30264551606429e-08,5.30264562040622e-08,0.352852904719818,0.201389844089573,0.200684632025198,0.103260323582201,0.0158692362099226,0.47380266048796,0.17334442287276,0,0,0.35285291663928,0.20138975862368,0.200684654457743,0.103260448792723,0.0158692879762558
811,0,-1163.46578287138,-1163.46577984548,0.512429096352663,0.172530815930382,5.27775771927815e-08,5.27775771767427e-08,0.315039982161801,0.0875612871863943,0.209338860295735,0.216048299077874,0.0065792328801213,0.512429148921609,0.172530835190297,0,0,0.315040015888094,0.0875611956302553,0.209338901495176,0.216048251773717,0.00657879037213206
812,2.67462983887935,-1165.24303492258,-1166.58034984202,0.444423273151529,0.181469983302616,0.00838477012839282,0.0124909937769294,0.353230979640533,0.0767741854154537,0.19444470920681,0.11404188961765,0.00572769740227562,0.458168969246847,0.191955990223516,0,0,0.349875040529637,0.121707467917339,0.200503115501778,0.122091856332678,0.00575262999073244
813,1.24049896039378,-1143.18249982858,-1143.80274930878,0.47943573146668,0.223412926605028,1.62331293510906e-08,0.0271177826938691,0.270033543001294,0.166761421103034,0.317922858213831,0.150911115872852,0.00687860507134847,0.462782122441484,0.263571442500955,0,0,0.273646435057561,0.164552981636234,0.326645074289935,0.156239129867604,0.00432314597412134
814,1.03175379990716e-05,-1172.87460666388,-1172.87461182265,0.457561256220805,0.193367240869139,5.91514876700981e-08,5.91514876589228e-08,0.349071384607081,0.46437029604491,0.170029709869003,0.119776824362118,0.00575625731561326,0.457561310402851,0.193367263654834,0,0,0.349071425942315,0.46437029604491,0.170029712761368,0.119776824940591,0.00575634350809061
815,0,-1129.07476042281,-1129.07475447021,0.535792280888518,0.174728744983702,5.34499285488861e-08,5.34499285488861e-08,0.289478867227923,0.17366812640752,0.192681283591355,0.169127241083942,0.00456770149416548,0.535792338164643,0.174728763662182,0,0,0.289478898173176,0.17366812640752,0.192681283591355,0.169127241083942,0.00456770149416548
816,0,-1106.69942413394,-1106.69941729966,0.591951861688529,0.142571207354213,4.36128631664008e-08,4.36128631664008e-08,0.265476843731532,0,0.218751146806255,0.161077808049296,0.00458848775950598,0.591951913321964,0.142571219790091,0,0,0.265476866887945,0,0.218751146806255,0.161077808049296,0.00458848775950598
817,0,-1128.51384883563,-1128.51384031464,0.506026248586109,0.226758952540975,6.93660897768478e-08,6.93660897768478e-08,0.267214660140737,0.28768678089647,0.202851887378655,0.137433363053956,0,0.506026318788243,0.226758983999743,0,0,0.267214697212014,0.28768678089647,0.202851887378655,0.137433363053956,0
818,0,-1152.66350795202,-1152.66350182671,0.479371798125886,0.166361530318616,5.08903781666996e-08,5.08903781666996e-08,0.354266569774741,0.187494369709279,0.192549562354206,0.1136368249678,0,0.479371846916715,0.166361547251021,0,0,0.354266605832264,0.187494369709279,0.192549562354206,0.1136368249678,0
819,1.54830422616214e-05,-1130.79249063327,-1130.79249837479,0.424160765784712,0.249224418367486,7.62383279043318e-08,7.62383279043318e-08,0.326614663371146,0.183267538395,0.191332699074112,0.12994765851061,0.00452946011394386,0.424160830459337,0.249224456368397,0,0,0.326614713172266,0.183267538395,0.191332699074112,0.12994765851061,0.00452946011394386
820,7.11222566616743,-1148.0717458357,-1151.62785866878,0.418036176852224,0.220148739648906,0.00518229576662474,0.0367731735636329,0.319859614168612,0.161247922747936,0.208099851999156,0.0952725350310391,0,0.442866862202544,0.226830556293061,0,0,0.330302581504395,0.158597248210106,0.212670455283521,0.097678956270207,0
821,8.73065167764071,-1168.60112338536,-1172.96644922418,0.511167474554618,0.111057629914822,0.0113964740531621,0.0414416401141818,0.324936781363217,0.126774178699,0.189880174179084,0.159687446258887,0.0119645948458686,0.526224891468169,0.154133672744505,0,0,0.319641435787327,0.240021829738496,0.20980512210076,0.171245139814845,0.0122292956482067
822,0.0016185887757274,-1145.86006126587,-1145.86087056026,0.506041142055673,0.198137546360573,4.83523979288905e-10,1.66553594222436e-09,0.295821309434694,0.109943997308807,0.24596849811432,0.163802712716175,0.00469998238854857,0.506093209688182,0.197832870060314,0,0,0.296073920251504,0.109630660899032,0.245917247685498,0.163775930688154,0.0046997138063811
823,0,-1219.04815220723,-1219.04814590652,0.437456217512093,0.203971101745331,6.23952333392108e-08,6.23952333392108e-08,0.358572555952109,0.32170387724409,0.185532240062061,0.15025520601985,0.0190798268081427,0.437456272102465,0.203971127198984,0,0,0.358572600698551,0.32170387724409,0.185532240062061,0.15025520601985,0.0190798268081427
824,2.55559643846937e-06,-1082.56616155328,-1082.56616283108,0.467136317365894,0.301231043692254,7.08569184056825e-08,7.08569184056825e-08,0.231632497228015,0.287986871876641,0.227723376377136,0.0961907260473433,0.0181181631798903,0.467136383565583,0.301231086380867,0,0,0.23163253005355,0.287986871876641,0.227723376377136,0.0961907260473433,0.0181181631798903
825,0,-1132.38218763682,-1132.3821765121,0.420961600152017,0.220328327436054,6.73989466349751e-08,6.73989466349751e-08,0.358709937614036,0.182962382092379,0.154952869512304,0.10180635493839,0,0.420961656896761,0.220328357135853,0,0,0.358709985967386,0.182962382092379,0.154952869512304,0.10180635493839,0
826,0.613112786219062,-1167.68860509628,-1167.99516148939,0.525748859315694,0.165808069664877,3.77193386018946e-10,0.0192562343377737,0.289186836304461,0.0864680932940571,0.274870383765337,0.184180995028614,0.00990036471952909,0.514406067700118,0.191673048119527,0,0,0.293920884180355,0.110770587162838,0.270611682689355,0.185478485769879,0.00990050351255671
827,0,-1150.88836039113,-1150.88835679603,0.402326769196968,0.269077337909353,8.23113820609249e-08,8.23113820609249e-08,0.328595728270915,0.207245459738912,0.197378500434869,0.134651549212507,0,0.402326835429123,0.269077382205616,0,0,0.328595782365261,0.207245459738912,0.197378500434869,0.134651549212507,0
828,0,-1167.16895251807,-1167.16894782712,0.450684630290712,0.198887320476489,6.08400928521482e-08,6.08400928521482e-08,0.350427927552614,0.143553432162261,0.183932088210183,0.139189648593308,0.00495046367475127,0.450684685130108,0.198887344677138,0,0,0.350427970192754,0.143553432162261,0.183932088210183,0.139189648593308,0.00495046367475127
829,0,-1174.27577574575,-1174.27577464681,0.430187338525015,0.226854524833677,6.93953255629608e-08,6.93953255629608e-08,0.342957997850657,0.289489850983622,0.194663922888861,0.129819598154162,0.0242673107404997,0.430187398231004,0.226854556318968,0,0,0.342958045450027,0.289489850983622,0.194663922888861,0.129819598154162,0.0242673107404997
830,1.41907625228669,-1238.10161205134,-1238.81115017748,0.407374972326097,0.18570960154748,0.00748727056162353,0.00649051047876757,0.392937645086032,0.343720034439152,0.198861962895043,0.1498643911765,0.00611407041691879,0.412604996040419,0.191800760105672,0,0,0.395594243853909,0.345288386828055,0.207232194145401,0.152737866069108,0.00610041687433015
831,3.80228720142031,-1112.17592700035,-1114.07707060106,0.471735177717703,0.148558579881957,1.94915079249356e-43,0.0719012359580826,0.307805006442257,0.132920842965516,0.116245046814817,0.134492443355437,0.00928857941384417,0.468642824282582,0.226954200685644,0,0,0.304402975031774,0.132966020238003,0.155637882665171,0.135109839886568,0.009312835443663
832,0,-1160.98387016024,-1160.98386382979,0.443163961126285,0.228315993701016,6.9842392280821e-08,6.9842392280821e-08,0.328519905487915,0.5,0.172232416579555,0.178249093391364,0,0.443164023029556,0.22831602559329,0,0,0.328519951377153,0.5,0.172232416579555,0.178249093391364,0
833,5.29289536643773e-06,-1162.23590623366,-1162.23590888011,0.479196942945858,0.178163666470763,5.45006790025197e-08,5.45006790025197e-08,0.342639281582021,0,0.205981409157716,0.132752316052975,0.00985014122226255,0.479196995178982,0.178163685890847,0,0,0.342639318930172,0,0.205981409157716,0.132752316052975,0.00985014122226255
834,0,-1168.81418903785,-1168.81418544586,0.48279451721983,0.221229738678116,6.76746904256482e-08,6.76746904256482e-08,0.295975608752672,0.148857683766137,0.215803093208165,0.20246048816115,0.0238179602256398,0.482794582565778,0.221229768621428,0,0,0.295975648812793,0.148857683766137,0.215803093208165,0.20246048816115,0.0238179602256398
835,0,-1137.80229106748,-1137.80228233943,0.490533456169743,0.212563890125762,6.50237872443656e-08,6.50237872443656e-08,0.296902523656921,0.215832392191614,0.187451455415319,0.112415456917573,0.0202424758853263,0.490533519962437,0.212563917769184,0,0,0.296902562268379,0.215832392191614,0.187451455415319,0.112415456917573,0.0202424758853263
836,0,-1174.87324345982,-1174.87323302121,0.393933148509687,0.194228978121009,5.94150951159151e-08,5.94150951159151e-08,0.411837754539114,0.0176794775338225,0.192632588643828,0.078485866992504,0,0.393933195320844,0.194229001201278,0,0,0.411837803477878,0.0176794775338225,0.192632588643828,0.078485866992504,0
837,0.305250133050322,-1147.10590408644,-1147.25852915296,0.402682334954285,0.255456508575458,0.00687099776933133,9.25707080388308e-104,0.334990158700926,0.0703122924223493,0.18457908288783,0.155923179112719,0.018807905747945,0.405673640495835,0.255822542328565,0,0,0.338503817175599,0.0675421387906835,0.183659651925331,0.157755111207626,0.0188055418772002
838,0,-1130.97925443083,-1130.97923773332,0.458845574119454,0.23605740820491,7.22105089415287e-08,7.22105089415287e-08,0.305096873254618,0.226439518302065,0.172927251178832,0.174914052860387,0.00441657512586842,0.458845640386409,0.236057442296566,0,0,0.305096917317026,0.226439518302065,0.172927251178832,0.174914052860387,0.00441657512586842
839,0,-1195.87474376962,-1195.87473483719,0.473486961246739,0.196562868203045,6.01290375078061e-08,6.01290375078061e-08,0.32995005029214,0.196072789013721,0.290483658588836,0.160471285285195,0.00513763585192647,0.473487018187377,0.19656289184132,0,0,0.329950089971303,0.196072789013721,0.290483658588836,0.160471285285195,0.00513763585192647
840,0,-1156.29459519952,-1156.29459451991,0.435082059236749,0.241381991915447,7.38393114542882e-08,7.38393114542882e-08,0.323535801169181,0.454715878271449,0.195126829821727,0.146369869055111,0.0090287162362864,0.435082123489078,0.241382027562413,0,0,0.32353584894851,0.454715878271449,0.195126829821727,0.146369869055111,0.0090287162362864
841,0.674968362691288,-1174.1887669436,-1174.52625112494,0.0173617706477617,0.00469435540445168,0.963094463554317,0.000426144483176185,0.0144232659102929,0.125155557908916,0.133184682107835,0.114362511458114,0.0100938696559718,0.47251262239401,0.132793056174991,0,0,0.394694321430998,0.0936065157685626,0.136174368618265,0.11332421232737,0.0101274050039883
842,4.44260067490222,-1212.24745210825,-1214.4687524457,0.467514876716982,0.134330366927915,0.00321715093006815,0.0133100805948853,0.381627524830149,0.180552877043982,0.219823815028554,0.0771622199186814,0,0.470889418022162,0.149590908725645,0,0,0.379519673252193,0.218683010038061,0.233251146939994,0.0806744025466007,0
843,0,-1212.23742344912,-1212.2374137364,0.362650327621054,0.265794128255562,8.13070406091365e-08,8.13070406091365e-08,0.371555381509303,0.210168828984883,0.227977636390962,0.209079819896043,0.0116493058682221,0.362650386593113,0.265794171477437,0,0,0.37155544192945,0.210168828984883,0.227977636390962,0.209079819896043,0.0116493058682221
844,0,-1213.37140300889,-1213.37139428768,0.424107968649418,0.19688271206726,6.02268784880677e-08,6.02268784880677e-08,0.379009198829565,0.5,0.176741531993447,0.193740340754186,0.0144489846207149,0.424108019734823,0.196882735782525,0,0,0.379009244482652,0.5,0.176741531993447,0.193740340754186,0.0144489846207149
845,4.2485897628967,-1155.41600666246,-1157.5403015439,0.496935856657461,0.140420454444586,0.00611310548867196,0.0171803182676689,0.339350265141612,0.104078223265664,0.167135795064075,0.196273631013024,0.00450511785337797,0.502766566789737,0.160403137207278,0,0,0.336830296002986,0.0999385951830664,0.192991896046195,0.210337643656617,0.00451687591748813
846,0,-1128.80490185699,-1128.80488869464,0.429257294791502,0.273072821864128,8.35336098742184e-08,8.35336098742184e-08,0.297669716277151,0.196368431293162,0.237286152500876,0.129342467820751,0.0136857521791925,0.429257366506336,0.273072867485653,0,0,0.297669766008011,0.196368431293162,0.237286152500876,0.129342467820751,0.0136857521791925
847,6.50456794705178,-1126.09016699636,-1129.34245096988,0.462731331398299,0.201047517311528,2.15705203147869e-12,0.0203364241289659,0.315884727159051,0.324072554973565,0.179561419151459,0.100633587200191,0,0.45844002515596,0.223972160587127,0,0,0.317587814256913,0.400861803699379,0.194658082867141,0.100255086029336,0
848,1.6008776583476e-05,-1127.14674308821,-1127.1467510926,0.465614939169132,0.223574031564768,6.83918150596111e-08,6.83918150596111e-08,0.31081089248247,0.0203754148442405,0.219010935459557,0.0954079773701668,0.0235584500306015,0.465615002857642,0.22357406214604,0,0,0.310810934996318,0.0203754148442405,0.219010935459557,0.0954079773701668,0.0235584500306015
849,0,-1145.29167990112,-1145.29166413943,0.474954487605191,0.245982654624095,7.52466648527097e-08,7.52466648527097e-08,0.279062707277384,0.204778154141518,0.247081290966588,0.113698488751475,0.0194257324492847,0.474954559082684,0.245982691642849,0,0,0.279062749274466,0.204778154141518,0.247081290966588,0.113698488751475,0.0194257324492847
850,6.32823922466605,-1154.62090637682,-1157.78502598915,0.497083465608864,0.136937129716639,0.00674934941417896,0.0180510712003293,0.341178984059989,0.226466996567568,0.131330432094192,0.106945861040778,0.0250164516620158,0.497712815820499,0.163329536985804,0,0,0.338957647193697,0.292285566942874,0.156409477420863,0.110669204781742,0.0250187371927083
851,9.77923309619655e-06,-1148.39588691097,-1148.39589180059,0.528091336038538,0.133090562075309,4.07127117599481e-08,4.07127117640294e-08,0.33881802046073,0.106935698671496,0.170200654639161,0.149366067151669,0.00496371953389642,0.528091378995256,0.133090572850206,0,0,0.338818048154537,0.106935699394921,0.170200654639161,0.149366067377339,0.00496377008988355
852,1.31869005599583e-05,-1139.48753803037,-1139.48754462382,0.426305658334006,0.253621455956941,7.75833919123111e-08,7.75833919213618e-08,0.320072730542269,0.454338962141658,0.210959893698257,0.0839859232850105,0.00903217340961758,0.426305724705167,0.253621495294811,0,0,0.320072780000022,0.454338962141658,0.210959894849456,0.0839859267007804,0.00903221815141353
853,8.23729549486416,-1118.3473681628,-1122.46601591023,0.483480519124316,0.220650557962258,2.31479133052545e-17,0.0277746146421396,0.268094308271286,0.194225187199586,0.213045567972551,0.130583784620012,0.0129182531882942,0.469034756137769,0.259614442707818,0,0,0.271350801154413,0.250996354473309,0.228894671562535,0.130519796188977,0.00962459456267774
854,0,-1171.19353790861,-1171.1935357722,0.407457264007832,0.244081910625376,7.46652228528217e-08,7.46652228528217e-08,0.348460676036346,0.156685846447789,0.207154554354822,0.101508671340064,0.0164122476669486,0.407457324853616,0.244081947074242,0,0,0.348460728072142,0.156685846447789,0.207154554354822,0.101508671340064,0.0164122476669486
855,0,-1167.20527789897,-1167.20527390736,0.531848637158588,0.154505303424773,4.7263530847477e-08,4.7263530847477e-08,0.313645964889577,0.271781446157878,0.18352777822399,0.121788688201701,0.00878530564452864,0.531848687432682,0.154505318029707,0,0,0.313645994537611,0.271781446157878,0.18352777822399,0.121788688201701,0.00878530564452864
856,0.688378837257005,-1067.03288781617,-1067.3770772348,0.500850127702223,0.23827824296019,0.000544774241029194,0.00834270273049955,0.251984152366058,0.145885054954558,0.164591798702026,0.126061628024344,0.0091253756096501,0.484488356689488,0.259041586845124,0,0,0.256470056465388,0.171976320442091,0.167670779546907,0.11997032332011,0.00912281006672237
857,0.13689727027031,-1160.53566002339,-1160.60410865852,0.503589883294229,0.171290899230974,2.25049154580568e-43,0.00659127865831875,0.318527938816478,0.276178000887732,0.275094929126308,0.151878352379306,0.00856151452833833,0.495150210891964,0.184868865423451,0,0,0.319980923684585,0.287789654669554,0.281196014344266,0.151462819874412,0.00856221346527536
858,0,-1147.49198941018,-1147.49198039923,0.482606785353587,0.177726187331777,5.43668531187327e-08,5.43668531187327e-08,0.339666918580931,0.167183193497104,0.188122891549962,0.0848500119224671,0.0101847747557641,0.482606837829217,0.177726206656606,0,0,0.339666955514178,0.167183193497104,0.188122891549962,0.0848500119224671,0.0101847747557641
859,1.43745074294065,-1185.3286100772,-1186.04733544867,0.444079835569608,0.174653380690835,1.68618871773794e-12,0.0141673075481513,0.367099476189719,0.0577010571637305,0.213726284973963,0.0953869843459814,0.0112329147579655,0.443203975665917,0.191301203476766,0,0,0.365494820857317,0.0851839214162529,0.222873664602569,0.0953738142433608,0.0112384527758077
860,0,-1157.34567627668,-1157.345661179,0.506373890856719,0.208461047511841,6.37687181681137e-08,6.37687181681137e-08,0.285164934094003,0.16237548780372,0.241528938894381,0.178838120858719,0.00961168341931959,0.506373955438355,0.208461074098432,0,0,0.285164970463212,0.16237548780372,0.241528938894381,0.178838120858719,0.00961168341931959
861,0,-1149.82313687117,-1149.82312776188,0.488222383939211,0.167474038223909,5.12306969165053e-08,5.12306969165053e-08,0.344303475375486,0.0460919617117851,0.163059954794453,0.10883497151815,0.00550120946077384,0.488222433963162,0.167474055383534,0,0,0.344303510653303,0.0460919617117851,0.163059954794453,0.10883497151815,0.00550120946077384
862,0,-1202.88347811561,-1202.88347617907,0.405096228115804,0.260949422514653,7.98250338808438e-08,7.98250338808438e-08,0.333954189719476,0.397893561165378,0.220078585237264,0.161447514705668,0.00820726629390461,0.405096292789454,0.260949464175252,0,0,0.333954243035293,0.397893561165378,0.220078585237264,0.161447514705668,0.00820726629390461
863,0,-1191.18158227227,-1191.18157403361,0.510412647324468,0.13285810302643,4.06416020132556e-08,4.06416020132556e-08,0.356729168365898,0.173894367246171,0.211024425054536,0.123493711125026,0.00528682452033097,0.510412688812447,0.132858113825563,0,0,0.35672919736199,0.173894367246171,0.211024425054536,0.123493711125026,0.00528682452033097
864,0,-1175.64104960705,-1175.64103949311,0.338245406921157,0.292334799899852,8.94258931285053e-08,8.94258931506382e-08,0.369419614327204,0.290276560591196,0.149948335225534,0.121647760799421,0.0149126739718105,0.338245468058881,0.292334851943147,0,0,0.369419679997973,0.290276552294694,0.149948327239243,0.121647751373199,0.0149126986432427
865,0,-1220.25295998795,-1220.25295402101,0.458291565445898,0.18638687630099,5.70161779715597e-08,5.70161779715597e-08,0.355321444220756,0.354040063853766,0.172869922627343,0.164769051867431,0.0241346019741814,0.458291617705971,0.186386897555127,0,0,0.355321484738902,0.354040063853766,0.172869922627343,0.164769051867431,0.0241346019741814
866,0.198676567902112,-1141.78229303434,-1141.88163131829,0.512888083256261,0.138032113732927,0.00807291456042908,0.00536553010877065,0.335641358341612,0.117415092147978,0.168391256384676,0.0597747127132406,0.0166054797531704,0.526479400449781,0.145040048075527,0,0,0.328480551474693,0.110666684865251,0.169508766725089,0.0802581782243569,0.0165068610674534
867,0,-1147.67904337369,-1147.67903772628,0.463878439309309,0.23108300617223,7.06888277499049e-08,7.0688828135575e-08,0.305038413140806,0.275555171834511,0.23636813184498,0.128395795086815,0.00469082374496404,0.46387852059514,0.231083041056651,0,0,0.305038438348209,0.275554921038611,0.236368032651926,0.128395939176967,0.00469082888953444
868,0,-1125.35534080325,-1125.35533979039,0.523887167257475,0.190165994052536,5.8172218861207e-08,5.8172218861207e-08,0.285946722345551,0.243586213123168,0.212902823271535,0.135270979931204,0,0.52388722820884,0.190166016177294,0,0,0.285946755613866,0.243586213123168,0.212902823271535,0.135270979931204,0
869,7.85976432839925,-1144.00366423138,-1147.93354639558,0.487955458999972,0.191574166706752,0.0138246113257481,0.0181238876204327,0.288521875347095,0.244015348298392,0.207570656808618,0.0888364753186695,0.0159368609497833,0.511281480368619,0.197040040398971,0,0,0.29167847923241,0.227142731583211,0.230299851881621,0.0988159109518848,0.0159355413795751
870,0,-1176.63044597575,-1176.63044586202,0.453577859550534,0.19395483613757,5.93312344470341e-08,5.93312344470341e-08,0.352467185649427,0.151837365067888,0.196865662163293,0.103218613841639,0.0116437732361245,0.453577913373209,0.193954859152733,0,0,0.352467227474059,0.151837365067888,0.196865662163293,0.103218613841639,0.0116437732361245
871,3.98009246313904,-1172.52607307218,-1174.51611930375,0.422147020155575,0.174889805176978,8.48238675673167e-10,0.0226428049742899,0.380320368844918,0.120549060343803,0.141699153169054,0.101014695021906,0.00544323709328196,0.398540743798887,0.216428318464175,0,0,0.385030937736938,0.148032832069919,0.148421041942593,0.117316764686422,0.0054485413060408
872,0,-1054.29604599477,-1054.29603759644,0.530893229362226,0.228578675625191,6.99227472909801e-08,6.99227472909801e-08,0.240527955167088,0.169889381276383,0.169375159122402,0.11782378149266,0.00461046472669372,0.530893303605263,0.228578707590894,0,0,0.240527988803843,0.169889381276383,0.169375159122402,0.11782378149266,0.00461046472669372
873,2.06867499249074,-1212.60908234007,-1213.64341983631,0.486004390976536,0.113538424453611,0.00901954319182771,0.0157137427457216,0.375723898632304,0.0345106344669344,0.160212766273575,0.199882635125567,0.015422277066986,0.487211277724558,0.133403880403966,0,0,0.379384841871476,0.164608326878771,0.164401396347609,0.197974106789966,0.0154216215149331
874,1.034661408994e-05,-1162.24424152261,-1162.24424669591,0.459206407410329,0.213536220207714,6.53212252727285e-08,6.53212252844766e-08,0.327257241739507,0.354632534441069,0.184462190588881,0.137124101411725,0.00986676223522827,0.459206467745484,0.213536247969059,0,0,0.327257284285457,0.354632535132264,0.184462187132907,0.137124106250089,0.00986680923647644
875,0,-1198.72825951787,-1198.7282473691,0.380006041519703,0.248336191084251,7.59666171172573e-08,7.59666171172573e-08,0.371657615462811,0.181031258169566,0.189425278769232,0.188224707108751,0.0206626495603508,0.380006099255259,0.248336228814778,0,0,0.371657671929963,0.181031258169566,0.189425278769232,0.188224707108751,0.0206626495603508
876,0,-1174.6553720207,-1174.65536232748,0.467965959937844,0.177976616169286,5.44434443869175e-08,5.44434405308598e-08,0.354057315005985,0.286161979567428,0.221960773602801,0.120323724000153,0.00529089732666991,0.467966128477495,0.177976600818038,0,0,0.354057270704467,0.28616216085744,0.221960993231863,0.120323753177698,0.00529090857292649
877,0,-1093.70097828014,-1093.70097072592,0.494965479172601,0.243196428480992,7.43943518100917e-08,7.43943518100917e-08,0.261837943557704,0.288883553180969,0.14903158168289,0.228514899539939,0.00474964918655554,0.494965552817884,0.243196464665878,0,0,0.261837982516238,0.288883553180969,0.14903158168289,0.228514899539939,0.00474964918655554
878,2.33723681049014e-05,-1191.20574406996,-1191.20575575614,0.487737001732291,0.174947773716109,5.35169299463861e-08,5.35169299463861e-08,0.337315117517739,0.239536440640669,0.213457502058776,0.108418058676078,0.0225034592959292,0.487737053936671,0.174947792441447,0,0,0.337315153621882,0.239536440640669,0.213457502058776,0.108418058676078,0.0225034592959292
879,0,-1210.04738023735,-1210.04737411601,0.483749130067382,0.147301355115632,4.50598263429355e-08,4.50598263429355e-08,0.368949424697332,0.0738621023473899,0.215659852661039,0.144307106939285,0.0112544435598718,0.48374917366269,0.147301368390381,0,0,0.36894945794693,0.0738621023473899,0.215659852661039,0.144307106939285,0.0112544435598718
880,0,-1138.99906079555,-1138.99904834762,0.4963069921167,0.177106907260365,5.41774139078472e-08,5.41774139078472e-08,0.326585992268107,0.205964939447326,0.212533321671836,0.151215401133599,0,0.496307045893964,0.177106926450756,0,0,0.32658602765528,0.205964939447326,0.212533321671836,0.151215401133599,0
881,10.4203472917479,-1141.63586634626,-1146.84603999213,0.462942799334128,0.18095293043622,0.016284035464833,0.0350716302885462,0.304748604476273,0.111358916617871,0.189244886406405,0.148721104627376,0.0109992320799997,0.471542757970794,0.229358463907495,0,0,0.299098778121711,0.5,0.214381387635201,0.158482560047279,0.0110858410456224
882,0,-1153.58107895622,-1153.58107488461,0.477451222376951,0.209453447668455,6.4072295678888e-08,6.4072295678888e-08,0.313095201810002,0.257705274366223,0.147417752801292,0.129755920044853,0.0238574739045147,0.477451283559751,0.209453474508785,0,0,0.313095241931464,0.257705274366223,0.147417752801292,0.129755920044853,0.0238574739045147
883,1.30019493553846e-05,-1146.50758898595,-1146.50759548693,0.474034105272725,0.201832460777676,6.1741020933146e-08,6.17410202959557e-08,0.324133310467558,0.157428704495668,0.149464152092146,0.142640177270157,0.0055240458627457,0.474034178564527,0.201832488106633,0,0,0.32413333332884,0.157428776217243,0.149464110258117,0.14264033779147,0.0055241155557924
884,0,-1124.73164564591,-1124.73163007712,0.468824436224758,0.188492154522544,5.7660187464835e-08,5.7660187464835e-08,0.342683293932323,0.132677573828049,0.115191259058397,0.111715374180922,0,0.468824490289774,0.188492176259532,0,0,0.342683333450694,0.132677573828049,0.115191259058397,0.111715374180922,0
885,0,-1119.06338672043,-1119.06337572309,0.510380356016697,0.213665252777945,6.53602888242195e-08,6.5360313319743e-08,0.275954260484756,0.0983477354707603,0.236660621674898,0.160687610624653,0,0.51038170102744,0.213663843379186,0,0,0.275954455593375,0.0983463314823951,0.236660383171192,0.160688315380072,0
886,0,-1186.91545490824,-1186.91545070915,0.544234882154989,0.106006319975099,3.24275792682417e-08,3.24275792682417e-08,0.349758733014754,0.5,0.181237244347795,0.108605461257461,0.0221239880863844,0.544234917451431,0.106006326850156,0,0,0.349758755698413,0.5,0.181237244347795,0.108605461257461,0.0221239880863844
887,0.537135901704914,-1124.52120740954,-1124.78977536039,0.465061105465403,0.211516676865809,6.14185333479301e-09,0.012581818643491,0.310840392883444,0.238232993694536,0.127273049361149,0.185487907860696,0.00526960945669644,0.461725192942106,0.232801343145377,0,0,0.305473463912517,0.236064244666675,0.136794332913704,0.184789385832883,0.00529349956960137
888,1.65302299137693e-06,-1166.92133758537,-1166.92133841188,0.517781528145144,0.134762875612297,4.12242764210573e-08,4.12242764326493e-08,0.347455513794006,0.011789930285824,0.188666110025216,0.206077266274651,0.0132582224739033,0.517781570684284,0.134762886975967,0,0,0.347455542339749,0.0117899281189209,0.188666109302915,0.206077266274651,0.0132582455875361
889,0,-1139.97834384226,-1139.97833919554,0.467475635883874,0.246226230159487,7.53211751573407e-08,7.53211751809491e-08,0.286297983314289,0.340772554084217,0.21525657690338,0.15032593108074,0.00962658921199452,0.467475706740953,0.24622626731611,0,0,0.286298025942937,0.340772555423096,0.21525657154786,0.15032593175018,0.00962664946159228
890,2.60798960880493e-05,-1129.21393564804,-1129.21394868798,0.442255716740811,0.249270336674169,7.6252374471478e-08,7.62523744609623e-08,0.308473794080271,0.172409502031848,0.201686987128652,0.123279801085737,0.00515998596735097,0.442255784300169,0.249270374752917,0,0,0.308473840946915,0.172409504937306,0.201686988788914,0.123279805651456,0.00516004324637426
891,0.909617270071067,-1174.59205108801,-1175.04685972304,0.495149052286092,0.193507526789033,0,0.0194729618251274,0.291870459099749,0.319655544595228,0.23945332500957,0.109516923817313,0.0217880691175285,0.498550175800576,0.208167523011988,0,0,0.293282301187437,0.314221571968504,0.247325309869365,0.109154413405511,0.0218543127173276
892,0,-1172.42058969418,-1172.42058264259,0.466518249487311,0.204000240692012,6.24041470106176e-08,6.24041470106176e-08,0.329481385012382,0.42073139101539,0.206302500799265,0.132210660100414,0,0.466518307712666,0.204000266152938,0,0,0.329481426134397,0.42073139101539,0.206302500799265,0.132210660100414,0
893,0.582255511533731,-1210.35529436255,-1210.64642211832,0.517945965049418,0.125838138091523,9.46669756272187e-57,0.0120071954741096,0.34420870138495,0.32414702620721,0.21522799958639,0.19843444855557,0,0.519921435087542,0.131446072775776,0,0,0.348632492136682,0.374754571713052,0.212653906837328,0.198363695161062,0
894,18.1621258099294,-1122.47734541608,-1131.55840832104,0.490518345076461,0.161142157693496,0.0097631317570323,0.0349820216283817,0.303594343844628,0.195916877136098,0.124090373051896,0.179412000377263,0.0130092587943129,0.508921773305444,0.180730301193256,0,0,0.310347925501301,0.194722978645697,0.149085678872287,0.192240512556939,0.01659827346773
895,0,-1215.9572811418,-1215.95727749526,0.390446564240483,0.225045721218916,6.88420083398734e-08,6.88420083398734e-08,0.384507576856584,0.15062279255999,0.155870264553593,0.176820322296422,0.0246069434441004,0.390446617998742,0.225045752204119,0,0,0.384507629797139,0.15062279255999,0.155870264553593,0.176820322296422,0.0246069434441004
896,0,-1161.79279738038,-1161.79278638387,0.503392306410753,0.173855508768034,5.31824110537999e-08,5.31818818966847e-08,0.32275207845692,0.0952489799808361,0.228496268531457,0.121822448100288,0.0051477187649581,0.503392374242767,0.173855679652345,0,0,0.322751946104888,0.0952496530907128,0.228496058134836,0.121822475179606,0.00514774506153737
897,0.934205043804923,-1171.33425943641,-1171.80136195831,0.484569588902727,0.1672259299323,0.00667624097949184,0.0125698642542325,0.328958375931249,0.354724641368098,0.186912517585533,0.126735972512357,0.00513184653729825,0.47136353494776,0.203957344833854,0,0,0.324679120218386,0.412019698337413,0.187250240205532,0.149938069949473,0.00514327098573235
898,0.336803473523105,-1118.98624493024,-1119.154646667,0.466522385448481,0.209749838205093,0.0020670114405078,0.0302471543561147,0.291413610549804,0.0834555966724636,0.2060274087845,0.127604537264384,0.00959760592670119,0.461495177520049,0.24287477041714,0,0,0.295630052062811,0.112999754417861,0.197230120074583,0.131676573721425,0.00960185480789493
899,0,-1138.23726350325,-1138.23726218061,0.47554043370717,0.218557679479403,6.68573013162435e-08,6.68573013162435e-08,0.305901753098825,0.160702353062603,0.248353685344627,0.14975624842655,0,0.475540497293878,0.21855770870376,0,0,0.305901794002362,0.160702353062603,0.248353685344627,0.14975624842655,0
900,3.48377570425009,-1123.05765151078,-1124.79953936291,0.546013847842008,0.155649378165034,3.38453218154635e-30,0.0151936555591109,0.283143118433847,0.0913448486299946,0.197827071168279,0.161943780107167,0.0137856903183193,0.534910250406875,0.178210080742771,0,0,0.286879668850354,0.120791960634198,0.201648502722886,0.163597531987595,0.0136976149502254
901,0,-1156.00289578432,-1156.00289293333,0.473465182233845,0.172274677362688,5.26992235673924e-08,5.26992235658514e-08,0.35426003500502,0.0916350453880351,0.182097231331054,0.118322173072827,0.00529668757668683,0.473465232136345,0.172274695520173,0,0,0.354260072343482,0.0916350453853321,0.18209723165562,0.118322173292796,0.00529675156214622
902,0,-1179.16591514791,-1179.16590841669,0.429059330433466,0.25753373910014,7.87801683898339e-08,7.87801683814232e-08,0.313406772906057,0.113907678364521,0.21358163442815,0.206672709377915,0.0105535449441569,0.429059398036209,0.257533779677249,0,0,0.313406822286541,0.113907678364521,0.21358163442815,0.206672710903794,0.0105535914834635
903,0.0616651092909706,-1173.43506106597,-1173.46589362061,0.526746428940528,0.113291390793608,0.00267910774333099,3.4192594205193e-20,0.357283072522533,0.5,0.195015015805578,0.130348101464479,0.00477987061180073,0.529459527120367,0.113181852198491,0,0,0.357358620681142,0.5,0.194726422386642,0.133363705571679,0.00478089389952084
904,4.24800006232545,-1170.13146861918,-1172.25546865035,0.443991131022188,0.196616582065301,0.00619689171718761,0.0122080232848807,0.340987371910443,0.187911869236339,0.155269267880111,0.146773323563824,0.0129470705577552,0.439841828934843,0.212755335934716,0,0,0.347402835130441,0.220153178084904,0.173605193518746,0.1413732344042,0.0129422042831635
905,0,-1173.04662315979,-1173.04661364975,0.463175934848373,0.197645469124123,6.04602076260398e-08,6.04602076312736e-08,0.339178475107088,0.128523180583286,0.225389842485974,0.117638992971141,0.0101697508217469,0.463175990855806,0.197645493023499,0,0,0.339178516120695,0.128523180583286,0.225389842485974,0.117638994994293,0.0101697798202637
906,0,-1206.12176047472,-1206.12175813716,0.425013182177689,0.188565684770245,5.76826805382336e-08,5.76826805382336e-08,0.386421017686705,0.14437051463802,0.19356660892136,0.179415491426538,0,0.425013231209494,0.188565706524195,0,0,0.38642106226631,0.14437051463802,0.19356660892136,0.179415491426538,0
907,12.4887123584203,-1132.46244535916,-1138.70680153837,0.393593977143302,0.285112863445581,0.00889325421305667,0.0163803888636923,0.296019516334368,0.194061459039438,0.206499906391468,0.125268996714389,0.0188479546323617,0.403284306386445,0.288238756618543,0,0,0.308476936995012,0.193905303757442,0.213606118937927,0.127774797804472,0.0195111517517491
908,0,-1089.94096811097,-1089.94096505796,0.502152797345895,0.209743369252905,6.41609833945182e-08,6.41609834151651e-08,0.288103705079233,0.154148636198799,0.148488905375426,0.131751642325031,0.0129639675818426,0.50215286181072,0.209743396325993,0,0,0.288103741863287,0.154148637589307,0.148488908833716,0.131751641557041,0.0129639902135645
909,0,-1113.79646582685,-1113.79645423856,0.451981374702779,0.27540974608187,8.33916377219865e-08,8.33916377219865e-08,0.272608712432075,0.29115985813442,0.162684870253574,0.180604748491802,0.00524467581623121,0.451981450085726,0.275409792015618,0,0,0.272608757898656,0.29115985813442,0.162684870253574,0.180604748491802,0.00524467581623121
910,0.436112498219245,-1264.06946708164,-1264.28752333074,0.446019675020856,0.116570597571499,2.82412344839116e-30,0.0139452174485552,0.42346450995909,0.0918983866383906,0.164429408642966,0.168279642392994,0.0263259991194888,0.44895244948258,0.132103391729367,0,0,0.418944158788053,0.086600602465028,0.175159328693163,0.168703930435888,0.0263372223056227
911,2.6035656901513e-05,-1184.75269907628,-1184.75271209411,0.450203726132121,0.197086030972347,6.02890742354813e-08,6.02890742213928e-08,0.352710122317383,0.29551517141636,0.164052179237248,0.151484192539278,0.00627865062842595,0.450203780717106,0.197086054629224,0,0,0.35271016465367,0.295515172787974,0.164052182588241,0.151484193813863,0.00627873373305214
912,0,-1217.85756826745,-1217.85755440174,0.384139057468166,0.243212508608552,7.43992707584262e-08,7.43992707584262e-08,0.372648285124741,0.21908189241947,0.246433472335187,0.0897767488730439,0.0130859719048324,0.384139114627506,0.243212544798224,0,0,0.37264834057427,0.21908189241947,0.246433472335187,0.0897767488730439,0.0130859719048324
913,0,-1195.30969067931,-1195.30968518177,0.429477643847045,0.167300652798248,5.11776579124544e-08,5.11776579124544e-08,0.403221600999391,0.37107819385688,0.124148013749961,0.149186172179745,0,0.42947768780637,0.167300669922361,0,0,0.403221642271269,0.37107819385688,0.124148013749961,0.149186172179745,0
914,2.79447701784056,-1143.38362776582,-1144.78086627474,7.61583151301108e-31,4.07953310020876e-31,1,2.10614187135409e-32,6.42505882641708e-31,0.0469090099340312,0.154085384406686,0.135187732346748,0.00550138706936986,0.418797249256766,0.228668182281251,0,0,0.352534568461983,0.0567985340213074,0.15849404718983,0.135599648844698,0.00550944063017004
915,0,-1270.60767164025,-1270.60766476723,0.417871588034217,0.212673189142563,6.50572220672337e-08,6.50572220672337e-08,0.369455092708776,0.256646125296887,0.229803118360354,0.191093609136214,0.0285654173614009,0.417871642405353,0.212673216814421,0,0,0.369455140780226,0.256646125296887,0.229803118360354,0.191093609136214,0.0285654173614009
916,0,-1167.20161608021,-1167.20160362477,0.51903913116357,0.193782307823696,5.92784576354676e-08,5.92784576354676e-08,0.287178442455819,0.169266328871949,0.241819101612345,0.177487327986682,0.0188575235082708,0.519039192699256,0.193782330797931,0,0,0.287178476502813,0.169266328871949,0.241819101612345,0.177487327986682,0.0188575235082708
917,0,-1214.62660565164,-1214.62660511802,0.444264007849833,0.172427195498884,5.27458792101607e-08,5.27458792207306e-08,0.383308691159524,0.108381598760514,0.208135942203263,0.138956763425106,0.0116285108881027,0.44426405471603,0.172427213688534,0,0,0.383308731595436,0.108381598760514,0.208135943729142,0.138956763425106,0.0116286176996261
918,7.42094974841257,-1110.3645517039,-1114.07502657811,0.570479749534382,0.145970785604956,0.0106069572497477,9.59708333537412e-07,0.272941547902581,0.177075765308325,0.167727995231893,0.112902251065832,0.0106446092710193,0.577468487010736,0.145417101086623,0,0,0.277114411902641,0.170589282986099,0.168996149151199,0.112494737186306,0.0148676368976287
919,0,-1114.6281282199,-1114.62812808829,0.512008156397641,0.189071836977366,2.109286263827e-11,1.02031061242204e-08,0.298919996400794,0.480570521974324,0.18991736881315,0.112917826681165,0.00455551362023053,0.512008372726883,0.189071490765327,0,0,0.29892013650779,0.480569416730953,0.1899173061348,0.11291806297965,0.00455503385741413
920,0.251695913086678,-1229.23488623076,-1229.3607341873,0.424379903451451,0.174121566354683,0.00257223840886681,0.0124832335052624,0.386443058279737,0.210474270704782,0.2232229827467,0.119469790735064,0.0058632268979663,0.411032981765149,0.197733052292415,0,0,0.391233965942436,0.223581926508026,0.231588464230515,0.122016958088636,0.00586474250645932
921,6.19726044921845,-1175.56886261653,-1178.66749284114,0.468783610943045,0.186210566466592,6.78404034949305e-38,0.0254111793815368,0.319594643208826,0.307745501218569,0.156263336755183,0.149895776526874,0.0166639864067217,0.469877345055314,0.213196182824862,0,0,0.316926472119824,0.309670360853166,0.173182722204979,0.163682567049476,0.0166776795248857
922,0,-1130.6164402481,-1130.61643593143,0.481885997115305,0.166834898517002,5.10351825970375e-08,5.10351825970375e-08,0.351279002297328,0.118973567801691,0.158109743520693,0.101190959337734,0,0.48188604630159,0.166834915545902,0,0,0.351279038152508,0.118973567801691,0.158109743520693,0.101190959337734,0
923,7.50444905861514e-06,-1152.91026450846,-1152.91026826068,0.448222542625277,0.257235728147757,7.86890061659006e-08,7.86890061536918e-08,0.294541571848954,0.243726155250736,0.178106533864281,0.226113029006495,0.0048521878084563,0.448222613164593,0.257235768630398,0,0,0.294541618205009,0.243726154840416,0.178106533803116,0.226113029695902,0.00485228531957794
924,0,-1116.26755850602,-1116.26754917858,0.454961500102684,0.282430603226716,8.03323158259565e-08,8.03323158259565e-08,0.262607736005968,0.200514079898121,0.199633555618495,0.208898238219283,0.00433162491179416,0.454961573198918,0.282430648603332,0,0,0.26260777819775,0.200514079898121,0.199633555618495,0.208898238219283,0.00433162491179416
925,0,-1207.6643596718,-1207.66434489083,0.438104999737861,0.206008199099336,6.30183861468892e-08,6.30183861468892e-08,0.355886675126031,0.0606056321056774,0.218895429656769,0.182595941724697,0.0159771251879697,0.438105054955208,0.206008225063948,0,0,0.355886719980844,0.0606056321056774,0.218895429656769,0.182595941724697,0.0159771251879697
926,0,-1163.24607863148,-1163.24607419531,0.531652913609994,0.137515590179096,4.20663381409635e-08,4.20663381409635e-08,0.330831412078235,0.167373870200089,0.201494037317032,0.136315435024951,0.00496863459951263,0.53165295833938,0.137515601748651,0,0,0.330831439911969,0.167373870200089,0.201494037317032,0.136315435024951,0.00496863459951263
927,0,-1130.110114788,-1130.1101031815,0.545820584574606,0.207201553561937,6.3383436362635e-08,6.33834363682517e-08,0.246977735096585,0.15721639649794,0.302514257487624,0.178519597453321,0.00840000311160427,0.545820652635411,0.20720158131521,0,0,0.246977766049379,0.157216402463541,0.302514259476044,0.178519601429887,0.00839995136227872
928,0,-1145.90040875506,-1145.90039553303,0.42007688555553,0.229469493416387,7.01952505204513e-08,7.01952505204513e-08,0.350453480637582,0.324176196085455,0.140539922181166,0.112140835246343,0,0.420076944530342,0.229469525631729,0,0,0.350453529837929,0.324176196085455,0.140539922181166,0.112140835246343,0
929,0,-1228.0573920023,-1228.05738483745,0.43199047485119,0.179823407904604,5.50083977585649e-08,5.50083977585649e-08,0.388186007227411,0.248477136365032,0.159980085040562,0.13661391911196,0.00840359994900023,0.431990522377403,0.179823427688201,0,0,0.388186049934396,0.248477136365032,0.159980085040562,0.13661391911196,0.00840359994900023
930,0,-1121.2966702246,-1121.29665692182,0.381871418511331,0.249752830718641,7.63999704687319e-08,7.63999704687319e-08,0.368375597970087,0.0577897467327528,0.131126917234584,0.0646478783970758,0.00527516209494909,0.38187147686127,0.249752868880865,0,0,0.368375654257865,0.0577897467327528,0.131126917234584,0.0646478783970758,0.00527516209494909
931,0.633594658348102,-1120.48058928914,-1120.79738661832,0.491609716063032,0.20817999129968,0.00815896458345576,3.27477295022664e-11,0.292051328021085,0.393031851072092,0.181373909657989,0.124380243020748,0.00484808230224664,0.500615971329669,0.207026033796481,0,0,0.292357994873851,0.384950360377354,0.180745031451471,0.132978826563838,0.0048501187307372
932,5.07656218647753,-1163.99776405812,-1166.53604515136,0.482226214537792,0.117666440631545,0.0115247856812123,0.0261374670054794,0.362445092143972,0.199590907110996,0.14898063710691,0.0467826866940127,0.0217935351609496,0.502619740425421,0.125012043123253,0,0,0.372368216451326,0.202612031258634,0.158530451131611,0.0467037408512468,0.0175756348063415
933,0,-1189.0696209398,-1189.06961761709,0.423484930839817,0.245738692333411,7.51720362218747e-08,7.51720362218747e-08,0.330776226482699,0.302995504777384,0.235126187854183,0.137512982987273,0.0241274907239809,0.423484994508276,0.245738729278772,0,0,0.330776276212952,0.302995504777384,0.235126187854183,0.137512982987273,0.0241274907239809
934,1.90726343196911,-1141.08103509958,-1142.03466681557,0.47918900468805,0.177382517464792,6.93746910463824e-24,0.016975337297638,0.32645314054952,0.382940063315244,0.174674606115535,0.121309522241397,0.00540140610988384,0.479499348148971,0.193064383604776,0,0,0.327436268246253,0.399740453325284,0.180969473436989,0.125481260234649,0.00540200997300671
935,0,-1104.16974112577,-1104.16973884556,0.563344491622773,0.161455940098417,4.93897466256752e-08,4.93897466602343e-08,0.275199469499317,0.14893700806225,0.162073889382133,0.115006211307035,0.00537492788637846,0.563344549262644,0.161455955698954,0,0,0.275199495038402,0.148936991953641,0.162073770856069,0.115006139541774,0.00537506089298509
936,9.19699596124701e-06,-1152.77200771127,-1152.77201230977,0.516109312945474,0.177531759057517,5.43073770584657e-08,5.43073770584657e-08,0.306358819382255,0.334660820706986,0.214071232366894,0.176831595096632,0.0101708570691429,0.516109369002566,0.177531778340088,0,0,0.306358852657346,0.334660820706986,0.214071232366894,0.176831595096632,0.0101708570691429
937,5.87379508942831e-06,-1128.62240449674,-1128.62240743364,0.453088885704153,0.241187512187876,7.37798196136122e-08,7.37798196073882e-08,0.305723454548332,0.428027711226567,0.159597783515165,0.118430149752872,0.00962089600761735,0.453088952789145,0.241187547591361,0,0,0.305723499619494,0.428027711225794,0.159597784106301,0.118430153529591,0.00962093002757245
938,2.97914812108502e-06,-1142.55124205812,-1142.55124354769,0.47250098904085,0.171194144918873,5.23686861870091e-08,5.23686861870091e-08,0.356304761302905,0.269771429195595,0.206257764436731,0.0802262920417626,0.00473702129689882,0.472501038529367,0.1711941628493,0,0,0.356304798621334,0.269771429195595,0.206257764436731,0.0802262920417626,0.00473702129689882
939,0.202943500412402,-1148.94734004205,-1149.04881179226,0.473942704482525,0.207239292097553,0.00812177900385573,1.91224339085078e-13,0.310696224415875,0.279562709526242,0.177440479495684,0.154920223860083,0.00498943252186864,0.469699535958895,0.2156668674009,0,0,0.314633596640205,0.278261240372305,0.178712285320934,0.155842479564354,0.00498793609673135
940,0.0584297453883664,-1169.97825698653,-1170.00747185923,0.514908909565074,0.171380653937188,0.00232769825316154,1.48752205784942e-15,0.311382738244575,0.157085814845236,0.222530317772171,0.149394523766872,0.00653098319077934,0.517933209281329,0.171136201684137,0,0,0.310930589034534,0.15581923595757,0.224333032037341,0.150966410008405,0.00653939522721522
941,0,-1173.65032084541,-1173.65031203711,0.455960571010342,0.210595877616332,6.44217676509546e-08,6.44217676509546e-08,0.33344342252979,0.381234023386011,0.241909063195863,0.13623646206436,0,0.455960629757921,0.210595904750253,0,0,0.333443465491825,0.381234023386011,0.241909063195863,0.13623646206436,0
942,3.57750532784439,-1262.45888473258,-1264.2476373965,0.381396588882363,0.166061823672482,0.00851170377856321,0.0111890025265312,0.432840881140061,0.233676247076419,0.196457684083969,0.102783911212332,0.0254513273812566,0.371300446419576,0.1935268632715,0,0,0.435172690308925,0.283889835519068,0.19866296732974,0.125020276486971,0.0254623627565499
943,0,-1208.69225292473,-1208.69224843786,0.467983623268594,0.200954282156039,6.14723812263109e-08,6.14723812263109e-08,0.331061971630605,0.272052775975602,0.185655096069872,0.195336923408828,0.0232034130546281,0.467983680804737,0.200954306862318,0,0,0.331062012332945,0.272052775975602,0.185655096069872,0.195336923408828,0.0232034130546281
944,0,-1078.27337397553,-1078.27336317321,0.488674255401156,0.255623034634439,7.81956794683933e-08,7.81956794683933e-08,0.255702553573046,0.14889035987171,0.226390480356346,0.0959855361342649,0.0133491363958896,0.488674331825599,0.255623074611679,0,0,0.255702593562723,0.14889035987171,0.226390480356346,0.0959855361342649,0.0133491363958896
945,0,-1170.65842069211,-1170.65841714682,0.415413004232124,0.215139470171973,6.58116631571398e-08,6.58116631571398e-08,0.369447393972577,0.256297564641995,0.190196833872981,0.101020719957344,0,0.415413058910173,0.215139498489349,0,0,0.369447442600478,0.256297564641995,0.190196833872981,0.101020719957344,0
946,0,-1191.60651224079,-1191.60650870497,0.463846947501219,0.171695653559095,5.25220988438047e-08,5.25220988438047e-08,0.364457293895489,0.196658712197921,0.217639964044313,0.156714555747705,0.0140445471564355,0.463846996225654,0.171695671594729,0,0,0.364457332179617,0.196658712197921,0.217639964044313,0.156714555747705,0.0140445471564355
947,0,-1162.26995967063,-1162.26995140213,0.434774448541151,0.224895590194107,6.87960764980104e-08,6.87960918985457e-08,0.340329823672574,0.18952406175558,0.19392506808389,0.172348979880025,0.00465174124860141,0.434774756466899,0.224895687784482,0,0,0.340329555748619,0.189524279840243,0.193925085602083,0.172348986376089,0.00465174651677561
948,0,-1191.05046756579,-1191.0504633943,0.45211504820509,0.213234010580069,6.5228778646354e-08,6.5228778646354e-08,0.334650810757284,0.5,0.142547392899553,0.177804204428511,0.0159742168229465,0.452115107186923,0.213234038398061,0,0,0.334650854415017,0.5,0.142547392899553,0.177804204428511,0.0159742168229465
949,0,-1183.16070799668,-1183.16069875799,0.402334024101753,0.231905528477843,7.09404392985744e-08,7.09404392985744e-08,0.365760305539526,0.287316958994915,0.191101121860678,0.128101531676943,0.00983577266188762,0.402334081185265,0.231905561380808,0,0,0.365760357433927,0.287316958994915,0.191101121860678,0.128101531676943,0.00983577266188762
950,0,-1117.9047207537,-1117.90470606111,0.429201404498863,0.223343442435816,6.83212773099821e-08,6.83212773099821e-08,0.347455016422767,0.113084661818218,0.212212975647899,0.0754203569304557,0,0.429201463146047,0.223343472954039,0,0,0.347455063899914,0.113084661818218,0.212212975647899,0.0754203569304557,0
951,2.79055810787895,-1153.86704333309,-1155.26232238703,0.48067836482694,0.184115390491709,0.0028426355305476,0.0187341598926467,0.313629449258157,0.197945442935878,0.179549307968028,0.155257813484216,0.0187289538499048,0.477295821896874,0.203780666849318,0,0,0.318923511253808,0.205709123205951,0.19012808724383,0.159539171598577,0.0154595086246393
952,0,-1107.83596867452,-1107.83595742813,0.423123051745529,0.25867611653765,7.91296243072681e-08,7.91296243072681e-08,0.318200673457572,0.335233630319059,0.153338300927305,0.0977820665095739,0.00440449521094412,0.423123118708676,0.258676157475545,0,0,0.318200723815779,0.335233630319059,0.153338300927305,0.0977820665095739,0.00440449521094412
953,2.42695678025484e-05,-1198.0430270806,-1198.04303921538,0.391682364316055,0.24278074349484,7.42677906987742e-08,7.42678104883216e-08,0.365536743653504,0.361976229738822,0.27860472987145,0.163875398544408,0.00448474355164396,0.391681883218275,0.242780438261335,0,0,0.365537678520389,0.361974352455784,0.278603317635113,0.16387507886498,0.00448484506550863
954,0,-1109.65033554832,-1109.65032439859,0.514857691138711,0.204044952443364,6.24178244391098e-08,6.24178244391098e-08,0.281097231582276,0.210914490526575,0.122616522630592,0.14445222817821,0.0208883743179386,0.514857755411313,0.204044977915451,0,0,0.281097266673235,0.210914490526575,0.122616522630592,0.14445222817821,0.0208883743179386
955,1.05480857881093,-1146.36901792307,-1146.89642221248,0.44771392235198,0.174441548902766,3.07288618114309e-11,0.0430362963199568,0.334808232394568,0.230211297503574,0.106670089966521,0.136467336530052,0.00904717766545488,0.389446635018594,0.264790255317371,0,0,0.345763109664035,0.280885004643514,0.120245158432624,0.146704972398832,0.00529944616816185
956,0,-1205.98354716167,-1205.98353909103,0.411086400274892,0.254913946363814,7.79787677209687e-08,7.79787677209687e-08,0.333999497403759,0.21449402943359,0.260115759472067,0.182176589508378,0.0170059889902824,0.411086464386923,0.254913986119571,0,0,0.333999549493506,0.21449402943359,0.260115759472067,0.182176589508378,0.0170059889902824
957,0,-1084.33973184392,-1084.33972483613,0.60811193367547,0.161246601934417,4.93257096764075e-08,4.93257096976811e-08,0.230641365738693,0.208254814940616,0.218838427282612,0.0795451644215555,0.0246524304860191,0.608111992921851,0.161246618358164,0,0,0.230641388719985,0.208254814940616,0.218838440566831,0.0795451710636646,0.0246523596368558
958,0,-1087.99752829922,-1087.99751908496,0.510688883935933,0.246064373200411,7.44096975723051e-08,7.44096975723051e-08,0.243246594044261,0.144493522658758,0.180648158401295,0.202020378512556,0.00422989381595704,0.510688959936355,0.246064409819567,0,0,0.243246630244078,0.144493522658758,0.180648158401295,0.202020378512556,0.00422989381595704
959,0,-1134.55331927248,-1134.55330638404,0.506951267627674,0.228798559199207,6.9990010186512e-08,6.9990010186512e-08,0.264250033193098,0.248559409317102,0.288161102525194,0.129332449959311,0.0133416287913298,0.506951338590733,0.228798591226439,0,0,0.264250070182828,0.248559409317102,0.288161102525194,0.129332449959311,0.0133416287913298
960,2.8858404482703,-1166.70902048513,-1168.15194070927,0.525325493620545,0.116697850953944,0.0129078636506525,0.0327853444185616,0.312283447356298,0.051720120163854,0.18364870218775,0.214878864518699,0.0105226386658919,0.51598637514335,0.166012193463976,0,0,0.318001431392674,0.136077504530803,0.191934028019614,0.210502345202955,0.0102097715128803
961,0.53159376980193,-1150.33779037663,-1150.60358726154,0.482527109406938,0.17499924818559,1.60274634123277e-287,0.00469733392270655,0.337776308484765,0.11443081582657,0.184239374005183,0.13341780440765,0.0144358830808902,0.483727686797017,0.177328191255418,0,0,0.338944121947565,0.128305852606171,0.182649220527334,0.133257835441674,0.0144608913209598
962,0,-1145.97804672702,-1145.97804655844,0.436391823642618,0.241445762873261,7.38588191382642e-08,7.38588191382642e-08,0.322162265766482,0.324183593994963,0.156592980885405,0.158385611222346,0.00482001343833419,0.436391888105397,0.241445798539064,0,0,0.322162313355538,0.324183593994963,0.156592980885405,0.158385611222346,0.00482001343833419
963,0,-1212.83521106031,-1212.83520550209,0.410581367839897,0.191006845913857,5.84294373404337e-08,5.84294373463196e-08,0.398411669387371,0.427467574727264,0.189874644000818,0.115188524011609,0.0104479348122291,0.410581415570375,0.191006868118586,0,0,0.398411716311038,0.427467574727264,0.189874644000818,0.115188524774549,0.0104479790627174
964,0,-1156.89740665863,-1156.89740176902,0.461715250230868,0.221189769693392,6.7662463820473e-08,6.7662463820473e-08,0.317094844750813,0.371286340457242,0.187789168219761,0.125398755757421,0.0201045698377197,0.461715312712459,0.221189799625886,0,0,0.317094887661655,0.371286340457242,0.187789168219761,0.125398755757421,0.0201045698377197
965,0,-1188.04513011639,-1188.04512457166,0.503058310945633,0.161675858499732,4.94570202841929e-08,4.94570202841929e-08,0.335265731640595,0.292522662180253,0.209117635432162,0.134399509193456,0.005502798475964,0.503058360705168,0.161675874491746,0,0,0.335265764803086,0.292522662180253,0.209117635432162,0.134399509193456,0.005502798475964
966,0,-1074.80036483118,-1074.80034941544,0.492745572688676,0.260469772414634,7.54919524249383e-08,7.54919524312835e-08,0.246784503912785,0.181364433996489,0.215590920123805,0.121851520497102,0.00447254533609885,0.492745646737945,0.260469811763499,0,0,0.246784541498556,0.181364433996489,0.215590926698389,0.121851520895918,0.00447251736011305
967,0,-1185.85383793551,-1185.85383392995,0.496625302674949,0.114367238617226,3.49852036823955e-08,3.49852036823955e-08,0.389007388737418,0.0353376148225388,0.163622986712586,0.122342052212595,0,0.496625337424026,0.114367246619549,0,0,0.389007415956425,0.0353376148225388,0.163622986712586,0.122342052212595,0
968,0,-1112.9259300261,-1112.9259237707,0.497592712927471,0.23791043518686,7.27773541952597e-08,7.27773541952597e-08,0.26449670633096,0.213365532858492,0.149405777336635,0.178459551180145,0.0192220690785047,0.497592785354444,0.237910469815849,0,0,0.264496744829707,0.213365532858492,0.149405777336635,0.178459551180145,0.0192220690785047
969,1.19208054938281,-1193.98840980306,-1194.58445007776,0.464513327842144,0.187293684874945,1.20312653143352e-08,0.0130638473746081,0.335129127877038,0.191783526743646,0.167261349373822,0.234668450387433,0.0072795311332831,0.467183699696061,0.19313510169864,0,0,0.339681198605299,0.197909025948268,0.168829727433311,0.234921329703466,0.00530878236972725
970,1.46493925057484,-1247.66549570259,-1248.39796532788,0.401054467251748,0.199641533081192,5.10424020503054e-91,0.0102355313208335,0.389068468346226,0.172617921173111,0.176168157375918,0.230500417749434,0.0183951042621338,0.393648313001379,0.208422954616038,0,0,0.397928732382582,0.170023552245448,0.176616238755302,0.233228801064398,0.0182851382075582
971,4.11652197042349,-1217.17603248363,-1219.23429346884,0.392741320309523,0.17200596015485,4.65608970937016e-09,0.0235338865067755,0.411718828372761,0.103876408082279,0.13191069658448,0.162866561236964,0.00605756003084279,0.382753269787536,0.195874758707297,0,0,0.421371971505167,0.118463268406684,0.130078933205516,0.17060851193535,0.00605790453188281
972,0,-1194.7463393397,-1194.74632994488,0.461717519370751,0.216337896987923,6.61782647010907e-08,6.61782647010907e-08,0.321944451284796,0.179360740653599,0.209120543349629,0.15841844907603,0.0279087073509976,0.461717580482087,0.21633792562166,0,0,0.321944493896252,0.179360740653599,0.209120543349629,0.15841844907603,0.0279087073509976
973,2.36137682260505,-1151.83997614768,-1153.02066455898,0.506436073080671,0.189790351784849,3.58821920817751e-27,0.0188845979518517,0.284888977182628,0.46492677697478,0.188180529201628,0.16295616453818,0.02496620248507,0.512411889298201,0.19926056438408,0,0,0.28832754631772,0.490912996673072,0.188966546135104,0.163845366596493,0.0249876354956882
974,0.545768148500429,-1204.75043937431,-1205.02332344856,0.39003333127051,0.192690048787052,2.65145279685909e-26,0.0114040297197183,0.40587259022272,0.256867664715515,0.177846304023861,0.0872408070339194,0.0112330159965426,0.37947444724453,0.212550016509715,0,0,0.407975536245754,0.280250029743801,0.181015891309053,0.0868713676495398,0.0111975510326688
975,2.34629870743538,-1130.70365146348,-1131.8768008172,0.481682969763072,0.186627626757799,3.35374235596926e-107,0.0179219237841899,0.313767479694939,0.183228152265831,0.130890069471117,0.141526400347992,0.0105676005825146,0.483328093115809,0.211906145512143,0,0,0.304765761372048,0.239711116216955,0.146674060987989,0.143331983865966,0.010584396990632
976,0,-1174.56935123856,-1174.56934370328,0.422138215692664,0.219407252720462,6.71171877421199e-08,6.71171877421199e-08,0.358454397352499,0.15722761775378,0.172295421658257,0.121077197033919,0.0105004675631817,0.422138272358131,0.219407282172462,0,0,0.358454445469407,0.15722761775378,0.172295421658257,0.121077197033919,0.0105004675631817
977,0.169860354014418,-1153.20085061782,-1153.28578079482,0.491473793655206,0.204449120431719,0.00451654542984085,0.0103387994630655,0.289221741020168,0.395498520170749,0.167102403535818,0.165925280098043,0.0253285911214533,0.477527241834368,0.234392429054862,0,0,0.28808032911077,0.441324450401312,0.178177465447312,0.168672416894858,0.0253485359885198
978,0,-1156.68297073999,-1156.68296650381,0.504494640582431,0.156983939196692,4.80217512817856e-08,4.80217512817856e-08,0.338521324177375,0.191948747862141,0.179124662254201,0.10216323508455,0.0201802378280007,0.504494689035868,0.156983954273981,0,0,0.338521356690151,0.191948747862141,0.179124662254201,0.10216323508455,0.0201802378280007
979,0,-1164.96755597431,-1164.96754230588,0.430717456455113,0.204112574799467,6.24385102747595e-08,6.24385102747595e-08,0.365169843868399,0.150170402724344,0.110883243272179,0.133342440289905,0.0130959288495656,0.430717510241832,0.204112600288441,0,0,0.365169889469727,0.150170402724344,0.110883243272179,0.133342440289905,0.0130959288495656
980,0,-1191.36821865973,-1191.36821355605,0.476458444281631,0.165121874534747,5.05111645857904e-08,5.05111645857904e-08,0.358419580161293,0.148686687549118,0.215616057949394,0.11868063509985,0.0205749867837909,0.476458492414578,0.165121891215745,0,0,0.358419616369677,0.148686687549118,0.215616057949394,0.11868063509985,0.0205749867837909
981,0.125954488233219,-1080.59898995705,-1080.66196720116,0.568832099017169,0.130771790213623,6.86006408157513e-41,0.00433252252288863,0.29606358824632,0.0983368617927735,0.150259987088631,0.111636571732031,0,0.564181530531356,0.140074927626226,0,0,0.295743541842418,0.100105727254052,0.15331641948959,0.112595611567852,0
982,0,-1188.7806678406,-1188.78066498196,0.408061726451282,0.231931768204861,7.09484660919584e-08,7.09484660919584e-08,0.360006363446925,0.5,0.226996472928837,0.109771314619866,0.00985552124731857,0.408061784353997,0.231931801115272,0,0,0.360006414530731,0.5,0.226996472928837,0.109771314619866,0.00985552124731857
983,0,-1153.0964024878,-1153.09639326936,0.456932516631418,0.231272010451842,7.07466446643409e-08,7.07466446643409e-08,0.311795331423451,0.233886289868069,0.160672350511248,0.135999935119151,0.0215516686193273,0.456932581284312,0.231272043175284,0,0,0.311795375540404,0.233886289868069,0.160672350511248,0.135999935119151,0.0215516686193273
984,0,-1178.30860391757,-1178.30859803268,0.463439297753784,0.203737722645654,6.23238421310629e-08,6.23238421310629e-08,0.332822854952878,0.391615383436181,0.16446772622104,0.209862352437422,0.00583809547707002,0.463439355520426,0.203737748041092,0,0,0.332822896438481,0.391615383436181,0.16446772622104,0.209862352437422,0.00583809547707002
985,0,-1159.15261636348,-1159.15260192723,0.423912998577198,0.240497178662199,7.35686450269089e-08,7.35686450269089e-08,0.335589675623313,0.113429344141097,0.204279961939762,0.233279544737693,0,0.423913060950617,0.240497214048307,0,0,0.335589725001075,0.113429344141097,0.204279961939762,0.233279544737693,0
986,0.376375058249323,-1196.10467560081,-1196.29286312994,0.492542898479085,0.140533780816576,7.21464690553333e-32,0.0078616545530829,0.359061666151256,0.0704490549121399,0.192370423324535,0.152118696179392,0.0185534416666934,0.486959705421556,0.149998948091223,0,0,0.363041346487221,0.0678193981910289,0.194067758972772,0.156413712680184,0.0163981656193847
987,2.30415651827389,-1261.12519771204,-1262.27727597117,0.384418192937487,0.175767408328983,0.0020499783550963,0.0142074618283796,0.423556958550055,0.140093659643832,0.191807375006069,0.136629009691937,0.0141343081707558,0.386613246878287,0.180912982621272,0,0,0.432473770500441,0.114690903911913,0.190802479503507,0.142843042447568,0.0141290106708894
988,0,-1159.12527048414,-1159.12526259821,0.510753819622313,0.180579945840296,5.52398244686407e-08,5.52398244686407e-08,0.308666124057742,0.249604598614756,0.155007490816577,0.172317418731181,0.0159172687336894,0.510753876050222,0.180579965790707,0,0,0.308666158159071,0.249604598614756,0.155007490816577,0.172317418731181,0.0159172687336894
989,0.235275383668522,-1123.61545043011,-1123.73308812194,0.518532783197981,0.199661979988843,2.12842091180828e-109,0.00477642574569815,0.277028811067478,0.139757156692008,0.211077056334147,0.122347228185228,0.00991554458728976,0.517404918232756,0.205242395965904,0,0,0.277352685801341,0.135746740740851,0.211957179491992,0.125768322777261,0.00991638329923464
990,0,-1255.02138156355,-1255.02137836618,0.424947962620992,0.150783046323764,4.61248837627736e-08,4.61248837627736e-08,0.424268898805476,0.236786180987266,0.223184298109523,0.112499320793645,0.0183132650808131,0.424948001822347,0.150783060233466,0,0,0.424268937944187,0.236786180987266,0.223184298109523,0.112499320793645,0.0183132650808131
991,0,-1222.52479551828,-1222.52479548268,0.371304073337918,0.208481227041574,2.14941913748965e-09,4.75990556226183e-10,0.420214696995099,0.223451292478178,0.182568763049127,0.129037970208544,0.011575743963431,0.371304083905063,0.20848121282997,0,0,0.420214703264967,0.223451328178607,0.182568786756478,0.129037945072213,0.0115757470410384
992,0,-1155.67209011813,-1155.67207753838,0.465281815617788,0.221240839345645,6.76780861456046e-08,6.76780861456046e-08,0.313477209680395,0.168049063829833,0.190756578231592,0.164555013939649,0.00498914367570058,0.465281878596562,0.221240869291963,0,0,0.313477252111476,0.168049063829833,0.190756578231592,0.164555013939649,0.00498914367570058
993,0,-1175.40175268692,-1175.40174817616,0.50526883997096,0.164286143769473,5.02555126053785e-08,5.02555126053785e-08,0.330444915748541,0.180738208628254,0.218501748092669,0.230188495153366,0,0.505268890756054,0.164286160282044,0,0,0.330444948961902,0.180738208628254,0.218501748092669,0.230188495153366,0
994,0,-1119.51066950116,-1119.51065631296,0.495548404180723,0.203728523017097,6.23210279433397e-08,6.23210279433397e-08,0.300722948160124,0.136549191248595,0.191614160391673,0.119768278516293,0.00469515961419139,0.495548465946903,0.203728548410242,0,0,0.300722985642855,0.136549191248595,0.191614160391673,0.119768278516293,0.00469515961419139
995,0,-1112.89026351734,-1112.89026348886,0.514855154355218,0.175702086980287,3.16706562355362e-09,2.27620768438752e-09,0.309442753221222,0.0581026715156068,0.151568039913243,0.11166332481406,0.014492775658638,0.514854716469327,0.175702619404565,0,0,0.309442664126107,0.0581104618984664,0.151568051017443,0.111663295939341,0.014492779444236
996,5.54689145246812e-05,-1212.24090444192,-1212.24093217638,0.385023346055548,0.23219306012711,7.1028396000951e-08,7.10283959807648e-08,0.38278345176055,0.133576312946518,0.145352743867942,0.164149064532347,0.00665455020193852,0.385023401020569,0.232193093111348,0,0,0.382783505868083,0.1335763136365,0.145352744506997,0.164149072927742,0.00665466225681469
997,3.83387407383361,-1218.48671672265,-1220.40365375957,0.433466568757997,0.142214808281795,0.00379003244989065,0.0165792175617021,0.403949372948616,0.147978117257215,0.160609166168326,0.138812935171831,0.00629830221617617,0.430844510569154,0.16523200071239,0,0,0.403923488718456,0.146585889984337,0.176796181007449,0.147508080639027,0.00630792198536684
998,0,-1160.39474788426,-1160.39473425289,0.442426070808894,0.210771492290746,6.44754885873718e-08,6.44754885873718e-08,0.346802307949383,0.441503803706398,0.150015167998705,0.122674417638248,0.00495467290069728,0.442426127860176,0.210771519469939,0,0,0.346802352669885,0.441503803706398,0.150015167998705,0.122674417638248,0.00495467290069728
999,0,-1138.08201534718,-1138.08200924334,0.426702861068813,0.255966839142137,7.83008500650972e-08,7.83008500650972e-08,0.317330143187349,0.0300215350117546,0.213558731987023,0.108046872948694,0.00761702371851464,0.426702927891217,0.255966879226986,0,0,0.317330192881797,0.0300215350117546,0.213558731987023,0.108046872948694,0.00761702371851464
1000,1.32981172666723,-1213.8374553578,-1214.50236122114,0.482200373690517,0.0861120866407626,4.88537412210989e-33,0.0161004260698968,0.415587113598824,0.165332133614194,0.154628323158982,0.110682329127027,0.0158689330015465,0.477336014648748,0.102530288822281,0,0,0.42013369652897,0.153359914662209,0.159650997123611,0.113977824605323,0.0158678610125348
