"V1","V2","V3","V4","V5","V6","V7","V8","V9"
0.443474465317401,0.27267506629234,0,0,0.283850468390259,0.397690573392513,0.262028138851999,0.180024029008678,0
0.495360138963245,0.19817611937348,0,0,0.306463741663274,0.314650852159895,0.259702690742708,0.227397610496047,0.0528892957187299
0.400981287342036,0.280709041433946,0,0,0.318309671224018,0.326874159836473,0.25264004889449,0.11080292480679,0.00504316608565412
0.465621355883974,0.216608285887291,0,0,0.317770358228734,0.114276392773699,0.132197583185411,0.141654991544243,0.0207330380366826
0.576594050504198,0.111347134298529,0,0,0.312058815197273,0,0.100713200644234,0.117098541387074,0.0342950476436063
0.521757415655702,0.216645631947527,0,0,0.261596952396771,0.224155959319143,0.262843822011018,0.101652936509161,0.00678200261989124
0.428140073510133,0.238737806157191,0,0,0.333122120332676,0.209123020004512,0.178578738145579,0.0967572850163213,0.0115460979698615
0.478895939786444,0.20150242697024,0,0,0.319601633243316,0.133062919717527,0.158486749564956,0.142562856201862,0.0178171386761519
0.519966800022884,0.171959346086717,0,0,0.3080738538904,0.5,0.204392241203011,0.0843251393070991,0
0.47455662579543,0.202853940455308,0,0,0.322589433749262,0.214688534118144,0.13944134737899,0.119664128215944,0.00845202252479701
0.499205946864388,0.197310248578354,0,0,0.303483804557258,0.287648923092909,0.183218454352304,0.109461014462752,0.034473298823601
0.362670594622792,0.221979839084647,0,0,0.415349566292561,0,0.197248987055535,0.152238462387433,0.0326334012082026
0.569935624207313,0.102446740931844,0,0,0.327617634860842,0.0815304468426891,0.0640446776719399,0.164893494230639,0.0279165333411395
0.473829640345489,0.16332660104599,0,0,0.362843758608521,0.218487511467728,0.111344201729955,0.164678149410079,0.0108419740064261
0.493830863993446,0.186380635668777,0,0,0.319788500337777,0.111440810052381,0.211377384613632,0.122166429897525,0
0.497330570995938,0.200057566645327,0,0,0.302611862358736,0.30287919811845,0.123210123248353,0.142296398045854,0
0.58960729295776,0.203951305618074,0,0,0.206441401424167,0.100052285620122,0.252449976457297,0.145003536310061,0.0124205922118117
0.540136086731017,0.170109982453489,0,0,0.289753930815494,0.281805587961662,0.200033861135363,0.160446394465083,0.0279589241543893
0.481700082692816,0.261744171781089,0,0,0.256555745526095,0.330188448862179,0.172823144321497,0.165307685826784,0.0366510519794619
0.465802216544813,0.235424740390416,0,0,0.298773043064771,0.221387966117391,0.232189485168573,0.196774176897685,0.00611175318947712
0.376607139147972,0.274985336967143,0,0,0.348407523884885,0.355664211076144,0.260433155658195,0.159169674451253,0
0.410375398610287,0.209292440363666,0,0,0.380332161026046,0.151606531297723,0.195990949748564,0.102290263715689,0.00585260969131218
0.504783898042198,0.221641649009602,0,0,0.273574452948201,0.167174119234786,0.192383255670033,0.134116730783108,0
0.467495340833443,0.23316861244235,0,0,0.299336046724207,0.407496298813588,0.129314362349073,0.194200777815828,0.00959881201956988
0.409122748993771,0.203205185807451,0,0,0.387672065198778,0.19121911008096,0.247183577709259,0.0753884493860837,0.0603322707534948
0.43852730132531,0.29420715340423,0,0,0.26726554527046,0.234884535323249,0.188907975657606,0.157898968972828,0.00992045660884538
0.469474119208275,0.205577122166653,0,0,0.324948758625073,0.113143461904565,0.207463632327562,0.15731738531404,0.0254384594683473
0.455077769991258,0.181541380816328,0,0,0.363380849192414,0.238949162196404,0.214175632583625,0.151303511736935,0
0.491727058575558,0.207033755456134,0,0,0.301239185968308,0.169721146219247,0.268016929195123,0.152354449814178,0.00932968558497125
0.443431711264745,0.241146593490865,0,0,0.31542169524439,0.330868598978585,0.154168977626361,0.146602269773656,0.010402493123738
0.413126353178371,0.181061372821383,0,0,0.405812274000246,0.14710500670258,0.192607773806814,0.176452634860059,0.0503650081338701
0.452268153083344,0.228688149410798,0,0,0.319043697505859,0.316564555706942,0.227315235687952,0.122498919353172,0.00558260298919895
0.440053698966654,0.242953999967949,0,0,0.316992301065397,0.380018920559278,0.166513700675635,0.161666122608921,0.067854462532568
0.495573300839436,0.180161009079153,0,0,0.324265690081411,0.390773137956073,0.229994292678849,0.159674234709746,0.0058075414834067
0.496729553364437,0.179492684484653,0,0,0.323777762150909,0.388251886322506,0.175402771751966,0.0801556995146919,0
0.401968894313217,0.276759114035711,0,0,0.321271991651072,0.308680472662803,0.24826042287585,0.174993327498615,0.0445593437055816
0.516036422696107,0.21243274648026,0,0,0.271530830823632,0.188991289406427,0.11394921444005,0.210980104434218,0
0.517990375218919,0.202376670532216,0,0,0.279632954248865,0.0740331022748241,0.179483309856771,0.096211871484343,0.0242573994053806
0.44117938478555,0.286418661714781,0,0,0.272401953499669,0.373712467585132,0.294122945832105,0.199505817279904,0.0252657627333685
0.512271058288202,0.180594701594883,0,0,0.307134240116915,0.214917779773865,0.248368054300654,0.141017161585789,0.0249829740157558
0.404411145027402,0.24694214013335,0,0,0.348646714839248,0.299582877560976,0.163954032658367,0.166061951606267,0
0.354790604709138,0.223698967384519,0,0,0.421510427906343,0.155641029498202,0.153837456810854,0.131428420033064,0
0.52254046610804,0.189533854706486,0,0,0.287925679185474,0,0.286364077428509,0.201823933059112,0.0447326395594729
0.449381300224239,0.2081534426374,0,0,0.34246525713836,0.395289237589372,0.164159039369541,0.122851942798598,0.0398140059127308
0.47643153777937,0.160624456302396,0,0,0.362944005918235,0.09793930576519,0.104337908858256,0.107247827113856,0.00632591915266736
0.465179217945525,0.209404049109268,0,0,0.325416732945207,0.368716634643051,0.176782494458883,0.135679515558756,0.0659771652391978
0.526252178992158,0.191089255784697,0,0,0.282658565223144,0.282220267077899,0.138896510660915,0.133763979339508,0.0157320948844405
0.456385334424269,0.104476163028785,0,0,0.439138502546945,0.0195842821432374,0.0459524493360423,0.101095440295471,0.010801743112362
0.540459037101973,0.197911824193697,0,0,0.26162913870433,0.17116953759219,0.206158390945968,0.2275206312877,0.0244191798901874
0.513141051202631,0.179240407817472,0,0,0.307618540979897,0.173895523294526,0.219738687945783,0.124106586927269,0.052144083849021
0.480515061030765,0.230955104449637,0,0,0.288529834519599,0.363301303616984,0.190276526437624,0.173882135963557,0
0.348684791275931,0.195446365923539,0,0,0.45586884280053,0.0642904217685873,0.026729132903315,0.126379583009184,0.0119030272486257
0.50010921980668,0.205547845626369,0,0,0.294342934566951,0.321367236108088,0.259457969851095,0.106585336345148,0.00442873762237386
0.514444300454622,0.167494725474856,0,0,0.318060974070521,0,0.223079655846326,0.178213706371356,0
0.458527643119206,0.225810505194728,0,0,0.315661851686066,0.128613033146737,0.214239715315724,0.16084495591368,0
0.526873586374496,0.143312509864338,0,0,0.329813903761166,0.00184532603939631,0.0996084727473888,0.159805157926991,0.00718682460221494
0.437804561759678,0.224095014231244,0,0,0.338100424009078,0.00360224841839713,0.229965567227974,0.151294714819661,0.0140437465365896
0.489260026136226,0.139424146548362,0,0,0.371315827315412,0.252214575698173,0.183704553563565,0.0817603024062185,0
0.44970070105819,0.227027715496708,0,0,0.323271583445101,0.168588984165753,0.191694257933391,0.126602010655173,0.0367833311053524
0.500690459150587,0.225289558289345,0,0,0.274019982560068,0.433103843694655,0.203303611066523,0.174823810140279,0.0246745288184472
0.494100660489159,0.186757828148974,0,0,0.319141511361867,0.124268055040096,0.225309664021852,0.127198995138249,0.00590938552161495
0.456226778062663,0.263648324377229,0,0,0.280124897560108,0.412949664479084,0.199948198434499,0.156035610261963,0.00782537539041003
0.448000663791306,0.266729889818305,0,0,0.285269446390388,0.280564948740036,0.191528764558808,0.152095648009201,0
0.559032723072459,0.124305916233061,0,0,0.31666136069448,0.311335819137214,0.138741158001433,0.113009709270799,0.106872379133513
0.476319426025988,0.215817683195073,0,0,0.307862890778939,0.169004605564349,0.164977168497983,0.152249080265635,0.0308643993673166
0.439461426587533,0.20784451980123,0,0,0.352694053611237,0.224948957539528,0.242092353284341,0.108596107368265,0
0.439413840610109,0.27055203253932,0,0,0.290034126850571,0.247348144356985,0.161582327099539,0.172084872436789,0
0.495136745550864,0.215449234378719,0,0,0.289414020070417,0.253815692029307,0.281376418077876,0.148696465917838,0.00591506317548789
0.501075219677757,0.224446216081898,0,0,0.274478564240345,0.345733231463114,0.248209137714812,0.182230265805132,0.00591869896143556
0.44724136322989,0.164659916990724,0,0,0.388098719779386,0.245992091309296,0.182268566704802,0.0445507892664693,0
0.48936866545952,0.157389907016508,0,0,0.353241427523972,0.36709311600772,0.194469982660723,0.223042684087697,0.00871878658005916
0.461890799723592,0.25437345124563,0,0,0.283735749030778,0.153416562600037,0.173288989825358,0.145968147902658,0.0635835075103176
0.450632135503279,0.238406593093634,0,0,0.310961271403086,0.166800345591812,0.215837201183309,0.121798690003191,0
0.555311498946258,0.158270950781345,0,0,0.286417550272397,0.0726986046824884,0.24821962421583,0.0977513564662788,0
0.557094081510888,0.104142195280644,0,0,0.338763723208468,0,0.212593256305826,0.130300794296886,0.00849271785824885
0.51482331489832,0.152423094682434,0,0,0.332753590419247,0.211590049466738,0.190720552535028,0.0892131285235931,0.0501222731505878
0.435550549640106,0.151846099816773,0,0,0.412603350543121,0.207358824101708,0.0653144223811685,0.135378155846259,0.0248806908024772
0.467713486631191,0.15951578233073,0,0,0.372770731038079,0.257504475899884,0.217804276300066,0.145952750370457,0.0259501720292899
0.525252331355461,0.231427271291466,0,0,0.243320397353073,0.157885999593712,0.19987301844743,0.103596349424617,0.0319466928044076
0.48266661230927,0.269948225245002,0,0,0.247385162445728,0.288178722716321,0.215159529338248,0.176456965792741,0.00677250756326582
0.466800748552585,0.219210071980314,0,0,0.313989179467101,0.237649631657038,0.147343215497052,0.126592294152653,0.00505749126702418
0.507396072420787,0.244069331955071,0,0,0.248534595624143,0.303186919766257,0.211197304827076,0.104791010087098,0.041276864995419
0.533914904657176,0.188657367564576,0,0,0.277427727778248,0.338470941182574,0.232914347171641,0.236232966718992,0
0.450647761056017,0.256325910145267,0,0,0.293026328798717,0.214002702493274,0.167057700839746,0.117981396976448,0
0.470493449518551,0.23677758209504,0,0,0.292728968386409,0.208338787593321,0.213719784689748,0.212003077398207,0.0504911800126161
0.454873652688262,0.141747613649361,0,0,0.403378733662378,0.195753405838313,0.149335342335234,0.213742024719767,0.00553982340668472
0.557178572501848,0.172185743755017,0,0,0.270635683743136,0.0122695894538957,0.262937068284091,0.102427531316852,0.0326759238096061
0.441350684418708,0.218090030079093,0,0,0.340559285502199,0.169976517114831,0.232936882949744,0.0948382590988461,0.021165433894226
0.458592944308091,0.268961262901715,0,0,0.272445792790195,0.387327508257494,0.358438783151087,0.132695536117637,0.0497743951246376
0.526638695497808,0.244692115278763,0,0,0.228669189223428,0.27008564632566,0.225748213490079,0.151543671032919,0.040441505018218
0.387738584847397,0.269824128098545,0,0,0.342437287054058,0.255569468281025,0.13464437167396,0.137308663407135,0
0.423708719718112,0.168949228719956,0,0,0.407342051561933,0.144514375152876,0.139019215126893,0.138168724002549,0
0.497597850443926,0.183138480963003,0,0,0.319263668593071,0.0774779553522246,0.181988181775969,0.110079993807831,0.0539870211472109
0.506774710511581,0.126387299719092,0,0,0.366837989769327,0.132222752816056,0.182050224924323,0.0344296751595478,0.013343689975707
0.494574317287358,0.156911713611501,0,0,0.348513969101141,0.342335306154912,0.164817971928481,0.145874690123164,0
0.426925355130752,0.287164865440227,0,0,0.285909779429022,0.249343888337635,0.314091706848884,0.153075786325151,0.0176186124678394
0.423330094335628,0.22009581602334,0,0,0.356574089641032,0.181892090808548,0.165393894123223,0.138768365045895,0.00676300745432863
0.477136613651253,0.199666078162036,0,0,0.323197308186711,0.369882382450305,0.190810631398438,0.197953945056821,0.0236678903389171
0.632621783612873,0.164627255284449,0,0,0.202750961102678,0,0.261231974576146,0.173146917435223,0.0292339700218876
0.453297151510073,0.227427783466001,0,0,0.319275065023926,0.233830185452331,0.212774380451027,0.182865590078911,0.0248715197504601
0.494997171480878,0.205391956207473,0,0,0.299610872311649,0.212166892737073,0.20402381026427,0.097533751379729,0.0093760477243379
0.384787017994711,0.282672876330101,0,0,0.332540105675188,0.217666766476035,0.176242016537676,0.187275701123278,0
0.438175652540419,0.223455198698476,0,0,0.338369148761106,0.324097682886159,0.208817743426699,0.147619604017472,0.0062719924134023
0.517064579227071,0.134072586314566,0,0,0.348862834458362,0,0.170348683670028,0.13479771347582,0
0.465659677445239,0.181672010351408,0,0,0.352668312203353,0.305378411542103,0.18084524771979,0.108026785774949,0.0130510945666871
0.479335252705802,0.24892762818537,0,0,0.271737119108829,0.44177958238982,0.236966260493125,0.168609163643046,0.00860315805327658
0.525212352636221,0.151504915312722,0,0,0.323282732051057,0.0814395414103641,0.21789244489243,0.096874955373219,0.0108238408458909
0.451888432832935,0.246433562047704,0,0,0.301678005119361,0.332568247703583,0.156439668870124,0.156797126079572,0.0359859214065493
0.391974098476943,0.265156519843764,0,0,0.342869381679293,0.182724900413583,0.239321999045482,0.190053697031494,0.0284685802479248
0.558996298675836,0.186285510254507,0,0,0.254718191069658,0.155813444780492,0.186244782041199,0.164182464105675,0.0532339171077513
0.53010532168821,0.208734279059136,0,0,0.261160399252654,0.0498086980055959,0.185186383714538,0.156516271642675,0.0944120395061872
0.456586844742032,0.2045182455446,0,0,0.338894909713368,0.0497695238368904,0.220112403542625,0.129753716328459,0.0386160820791432
0.480130395762876,0.266130120677298,0,0,0.253739483559826,0.217873197294108,0.190564390284406,0.126864646433245,0.0291714439004202
0.465765820723838,0.293903860286038,0,0,0.240330318990124,0.368020579947178,0.199973998448756,0.143696178832812,0
0.523547721064697,0.192460612638427,0,0,0.283991666296875,0.110894671388741,0.202579729553933,0.164643308605145,0.0207794058980292
0.454227050133392,0.291743547604562,0,0,0.254029402262045,0.182243970825052,0.307290669195988,0.117678148913494,0.0212948799613815
0.40931565753525,0.223699024146335,0,0,0.366985318318414,0.174961635672663,0.179264180383275,0.124526988582739,0.00739477443890781
0.498642129525226,0.255753610370099,0,0,0.245604260104675,0.264616973440036,0.266424837059486,0.182042480072374,0
0.505802554907495,0.140620293099715,0,0,0.35357715199279,0.225960420577746,0.152744728790356,0.140761090903039,0
0.509941083666797,0.202642150277407,0,0,0.287416766055796,0.257900174945217,0.19664255399784,0.110834131504504,0
0.493178098301076,0.190141479248584,0,0,0.316680422450339,0.261195985367215,0.186275143719099,0.159908578121162,0.0102543663466866
0.473018670095363,0.16583639717692,0,0,0.361144932727717,0.0255000464256739,0.310120965604042,0.231267278960491,0
0.485320257449568,0.205431554044459,0,0,0.309248188505974,0.24048975420603,0.228676209806054,0.178607412769198,0.00596426365025807
0.390159181680089,0.286041357165035,0,0,0.323799461154876,0.258840097063982,0.270324264658231,0.208459847342552,0.0056372868668867
0.493527009655643,0.187248140660293,0,0,0.319224849684064,0.173137782535968,0.152070159062511,0.138312290443203,0.0276508845806327
0.463998728148965,0.134693480526781,0,0,0.401307791324254,0.232202331248435,0.0883339707615105,0.0825913727553464,0.0279055136172038
0.470159566361643,0.302572430216914,0,0,0.227268003421443,0.364547686265022,0.314682616341591,0.113789463793946,0.0265838295853196
0.474535965908201,0.200407882015922,0,0,0.325056152075877,0.335174881937758,0.17073225365799,0.163302212892987,0
0.371812839030726,0.242170958872804,0,0,0.38601620209647,0.218356777275608,0.214386915317974,0.123509335489395,0.0132257208687269
0.349932774662838,0.245864389944934,0,0,0.404202835392228,0.152408050687493,0.264422237329785,0.217921561087923,0.00630244150840239
0.596340198877685,0.119670361350117,0,0,0.283989439772198,0.00995976647834457,0.151451551269132,0.187017340685661,0.0127904838099682
0.516976271785373,0.127813973756461,0,0,0.355209754458166,0,0.18363654490893,0.0798463194092942,0
0.496102167185909,0.183689205156033,0,0,0.320208627658058,0.181365480299993,0.16228684967653,0.142611313865971,0
0.419026905837026,0.258192294064122,0,0,0.322780800098851,0.146347025442453,0.327210057457314,0.167671525141478,0
0.537997669376121,0.139613111020234,0,0,0.322389219603645,0.196884766635298,0.240384046150724,0.124580069383646,0
0.45075987664223,0.275010825852609,0,0,0.274229297505161,0.238467004934832,0.331413781320636,0.109089913068614,0.037389009911162
0.429677564542694,0.264480144405443,0,0,0.305842291051863,0.447975689774489,0.196017497283127,0.0955549022084621,0
0.403833637750996,0.237321117495801,0,0,0.358845244753204,0.190184598279123,0.257134718878838,0.245436790623159,0.0328533250561173
0.526727524629591,0.147976972337668,0,0,0.325295503032741,0.00245784856057837,0.147913027226102,0.19086043754313,0.030173631919799
0.541814141561689,0.151807531546343,0,0,0.306378326891969,0.13875712585766,0.187751312986595,0.120672002056556,0.00499821458644532
0.538513918326032,0.194308803678522,0,0,0.267177277995446,0.273466007626771,0.217376683169903,0.150818990771584,0.0184713124990523
0.487910430042944,0.162145088399214,0,0,0.349944481557843,0.0755603424051483,0.223099052341511,0.115098214102561,0
0.527976358307831,0.200053036375894,0,0,0.271970605316275,0.0903724395141275,0.162893372612879,0.220875688749251,0.0469475661456655
0.575493510066849,0.177447826948535,0,0,0.247058662984616,0.251558373918337,0.165578565676417,0.147672910959759,0.0585121973147578
0.447749750933941,0.223937095094957,0,0,0.328313153971102,0.180747037645285,0.182904810194358,0.113651270192925,0.0409501479103085
0.45104014963369,0.238912916702865,0,0,0.310046933663444,0.244881076314255,0.243878052629506,0.185665739505868,0
0.466011849501846,0.252055812715743,0,0,0.281932337782411,0.229368256094274,0.255836906132815,0.207015436615115,0
0.442341547773612,0.1765673485907,0,0,0.381091103635688,0.179364200880998,0.200240800694585,0.10948960139168,0
0.560335063667043,0.206196177933369,0,0,0.233468758399588,0.307747926833425,0.187648742492327,0.145959084734018,0
0.520156549268389,0.216460484751195,0,0,0.263382965980417,0.271350442167286,0.195546957181653,0.1390568762723,0.0306990076276646
0.415350902830304,0.302173863085877,0,0,0.282475234083819,0.299690026042443,0.20352858920465,0.121395297967376,0.0735169419533245
0.346234613911532,0.298132087496368,0,0,0.3556332985921,0.283710206357414,0.279752415252687,0.149104724922312,0.0186261824328945
0.466495818050237,0.181930670353934,0,0,0.351573511595828,0.156220746106049,0.209636587107288,0.159676885615383,0
0.421278727848579,0.187459844430527,0,0,0.391261427720894,0.234462279532962,0.166806932886991,0.143225933908704,0.0283457053267974
0.486817469398945,0.158092585310637,0,0,0.355089945290418,0.498704218039277,0.174463453306655,0.112766082050011,0
0.432038644548195,0.17762471281858,0,0,0.390336642633225,0.0768891356500751,0.203827027209831,0.126483343606958,0
0.514085951217626,0.105260566932687,0,0,0.380653481849687,0.0607995945108566,0.130991432843785,0.157340210058519,0.00519820806420115
0.465397834781981,0.170724631223054,0,0,0.363877533994965,0,0.16201614951691,0.112371506108122,0
0.419109429751733,0.234100592121338,0,0,0.346789978126929,0.215037702346504,0.157430672397753,0.129558397668488,0
0.409099818756853,0.216714883325201,0,0,0.374185297917947,0.284209745918041,0.166627653338199,0.215513297115455,0
0.556344614318871,0.175925461061705,0,0,0.267729924619423,0.29092267907576,0.157578121048826,0.169751154057622,0.057274512763992
0.488409468694853,0.221310225582391,0,0,0.290280305722756,0.402554542045698,0.163871655333497,0.0818195487421687,0.00561270224162207
0.519386185457912,0.154490459924612,0,0,0.326123354617475,0.272481990428442,0.155838059126257,0.126972548675797,0.00939543489956349
0.460175661937987,0.18013132872562,0,0,0.359693009336393,0.085783893582074,0.225546750373278,0.156986767895695,0.031318019660746
0.450528504208921,0.170452855647672,0,0,0.379018640143407,0.263115118622951,0.202397283789889,0.164733651886005,0
0.475643470063431,0.246685925694088,0,0,0.277670604242481,0.355039387335691,0.307971472304562,0.168489687254271,0
0.457736366420662,0.246264590806774,0,0,0.295999042772564,0.188320249908942,0.243157513321151,0.0959657270594022,0.00533055254501094
0.500284559166931,0.202427430893984,0,0,0.297288009939085,0.418930926143483,0.16416523205874,0.127835589512774,0
0.44552695793417,0.203744432953676,0,0,0.350728609112154,0.401389184673212,0.231224538337852,0.140710695698351,0.0628289292379422
0.396241706757148,0.228005437580518,0,0,0.375752855662334,0.427003566294112,0.323573979336913,0.117656169848079,0.00624275437685255
0.499045958630637,0.214020683622374,0,0,0.286933357746989,0.222224742069554,0.263950991526163,0.24158055973888,0.00456673088223364
0.481090287007547,0.223147914583676,0,0,0.295761798408777,0.180791899928573,0.249447339498087,0.250144377705151,0.0173224708038651
0.437774494662127,0.261459339321564,0,0,0.300766166016309,0.399749758150221,0.233889443548447,0.173668495169983,0.0339198761082111
0.52247320443716,0.244055981961568,0,0,0.233470813601272,0.381022826836736,0.25338637487798,0.214803044340313,0.0264812293143819
0.477156426334761,0.274352149569286,0,0,0.248491424095952,0.460817742952591,0.205971109782424,0.119107392546656,0.0545612167680116
0.419536529568254,0.224584533693799,0,0,0.355878936737947,0.343778200575116,0.21706170246524,0.0944086944266376,0.0140129048886065
0.464235124469637,0.187681620307626,0,0,0.348083255222737,0.126479130515391,0.204483575174558,0.120109917164397,0
0.506861350384068,0.210654644591753,0,0,0.282484005024179,0.252677062365842,0.203576750818209,0.148530457961128,0.00482960667719024
0.429433591576409,0.229912211554176,0,0,0.340654196869415,0.15852500196262,0.22125335154696,0.0972959537355208,0
0.462200475360467,0.237977891079917,0,0,0.299821633559617,0.289106774813536,0.269424284573004,0.217383901376397,0.060451784110913
0.465394968881038,0.226805888343376,0,0,0.307799142775586,0.249170459893626,0.17963845530025,0.175140972715612,0
0.508775321108697,0.144394661836312,0,0,0.346830017054991,0,0.186637870189196,0.177465383164587,0
0.506941973699733,0.140301659799206,0,0,0.35275636650106,0.0045208218356381,0.124687970600269,0.121000801068423,0.0191190096420872
0.40069934139141,0.318870195425571,0,0,0.280430463183019,0.285449777706493,0.219758517894425,0.254468136585975,0.0063875482753092
0.448141271632358,0.1766405500742,0,0,0.375218178293442,0.282438489130428,0.116762896768937,0.162673069926166,0
0.421182781074028,0.196897600399223,0,0,0.381919618526749,0.132934331337285,0.18681467591508,0.123894044557062,0.0288707682196245
0.40819413573472,0.217957101489805,0,0,0.373848762775475,0.380176839446079,0.123345111658719,0.168802792320807,0.0328028874026106
0.480529293724826,0.173995466554161,0,0,0.345475239721013,0.121065475776596,0.158279965646406,0.170178033329909,0
0.421265410363084,0.199867418447961,0,0,0.378867171188955,0.255541760782101,0.159476402664375,0.134228084112037,0
0.432037895826653,0.138963293964484,0,0,0.428998810208863,0.0501606385010935,0.109896792625232,0.0946267247409538,0.00604483447538704
0.541540543010276,0.164501465453761,0,0,0.293957991535964,0.136768519418861,0.241159040025326,0.168662842702799,0.0274199540184024
0.37184167749597,0.261976079969555,0,0,0.366182242534475,0.262208947605088,0.243896400746833,0.134114176867442,0.06646456990164
0.471344519275064,0.171021935146285,0,0,0.357633545578651,0.130298321301163,0.171610996391257,0.0865626356848517,0
0.439048620009716,0.182157033110557,0,0,0.378794346879727,0.053488138181958,0.177958092725375,0.154157519494109,0
0.436709513740935,0.213006159369033,0,0,0.350284326890032,0.257003152767147,0.144479833931294,0.180726622339414,0
0.498538043274104,0.212113994270164,0,0,0.289347962455733,0.188198170450842,0.15946336067375,0.208467885876505,0.00962400817176064
0.469757555450316,0.24923933166624,0,0,0.281003112883444,0.360180551409136,0.20892383195461,0.220822906130949,0.0063683121307005
0.473455172073199,0.223097379636275,0,0,0.303447448290526,0.0108901045419656,0.240169776108316,0.131231062078103,0
0.459532351239066,0.154527011401748,0,0,0.385940637359186,0.01284228034542,0.126027674028835,0.0881004949254123,0.013115355766197
0.476347639102225,0.274539801041285,0,0,0.24911255985649,0.101430814376503,0.157364207707219,0.155513565346511,0
0.402260140655338,0.188834813201637,0,0,0.408905046143026,0.254191052417383,0.179296060016983,0.157668310826049,0.00509858093637343
0.475160088432447,0.173511664121074,0,0,0.351328247446478,0.23226560605663,0.168163250365962,0.207734265829474,0.0251754471464636
0.404208994775643,0.250317647335394,0,0,0.345473357888963,0.250648493743498,0.151278419552246,0.204041222285472,0.00560024420577699
0.458599613426347,0.219194527705512,0,0,0.322205858868141,0.357575102786855,0.263308662897844,0.186670598221327,0
0.438151389097659,0.260367014896323,0,0,0.301481596006018,0.13617738872245,0.147606583239096,0.190140692245714,0.0322656942486433
0.536512320068084,0.159230077124629,0,0,0.304257602807288,0.215256013250812,0.209998614787792,0.122910761687391,0.0176219589832049
0.5989336078925,0.192357319323261,0,0,0.208709072784239,0.257585213672635,0.176161391377773,0.159229847019069,0.052953948473893
0.471994415925482,0.278205689762388,0,0,0.24979989431213,0.328250538233152,0.242567149835177,0.142277062022376,0.0203600460570302
0.453384450398298,0.215207431792523,0,0,0.331408117809178,0.137302067845599,0.221985503222747,0.138216517123155,0
0.432023302152115,0.233675176387209,0,0,0.334301521460676,0.230607988302718,0.142504529796776,0.122991812371562,0.00631451095261829
0.504380538154159,0.205808740184758,0,0,0.289810721661083,0.327586435757854,0.221673020893791,0.0733927704141578,0.0100664666986589
0.488937547679214,0.186974789251085,0,0,0.324087663069701,0.186992024726204,0.221040202316065,0.134808494566997,0.00763509231727316
0.433136481608188,0.232145728302862,0,0,0.33471779008895,0.281134866478021,0.253233906372505,0.20628043994813,0.0271638975595028
0.448714868170672,0.120111528772011,0,0,0.431173603057318,0.0513204992540502,0.19917323648733,0.0738347425115125,0
0.41373170356628,0.266820616236183,0,0,0.319447680197537,0.305235921598388,0.242653059229026,0.12335124102631,0
0.434432945502912,0.282828447799753,0,0,0.282738606697335,0.222883730878383,0.193357467899664,0.156018229918812,0
0.449357207070129,0.253310604388913,0,0,0.297332188540958,0.347140226690273,0.241382303435831,0.12455318677348,0.00943441408886943
0.464798904949448,0.217072438104853,0,0,0.318128656945699,0.38261628181318,0.215641331215296,0.156079073766184,0
0.553495712311238,0.120274031373374,0,0,0.326230256315388,0.244562125173643,0.125890013194671,0.158286607128222,0.0446613195932857
0.508064728125579,0.129312274774608,0,0,0.362622997099813,0.183012845087463,0.149738071313494,0.0804748906439655,0
0.508711837044838,0.186006935552339,0,0,0.305281227402822,0.244150930398165,0.211511420374252,0.152477677939664,0
0.398116265334631,0.201635494250776,0,0,0.400248240414593,0.414612553975989,0.202284973610341,0.187474420111286,0.00867975603913493
0.532395874455378,0.178853173544738,0,0,0.288750951999884,0.0818743003642506,0.177716942708159,0.107285709592085,0.00664709514295227
0.502496184488031,0.178530030672637,0,0,0.318973784839332,0.266383314714521,0.260822410028396,0.126178870405516,0.0343850566253209
0.553016681999612,0.138999570759576,0,0,0.307983747240812,0.0695375933845861,0.214909988330828,0.0837359202613407,0.0222742411800958
0.471704834138718,0.217190821742788,0,0,0.311104344118494,0.28923193254148,0.20122781336783,0.10284790728671,0
0.494173570424234,0.19154488841612,0,0,0.314281541159646,0.215029370557156,0.228147972872943,0.14969327075414,0.0128514307371652
0.451195994751253,0.252735257889405,0,0,0.296068747359342,0.228407528836441,0.126525141472809,0.290574247449118,0.0425169378924611
0.424922572675224,0.216149560652881,0,0,0.358927866671896,0.39689313798292,0.240692463050872,0.134188746996514,0
0.502907540525617,0.186820149108442,0,0,0.310272310365941,0.207186145408091,0.170129523841453,0.0962094336975084,0
0.509037396779905,0.252705385021065,0,0,0.23825721819903,0.327676465635924,0.168401290550147,0.155742368974903,0.0128419535091071
0.499247266346728,0.200267934590748,0,0,0.300484799062524,0.307582220015473,0.0920990791309189,0.18587243922247,0.00784008080826833
0.450878779894613,0.229833543523059,0,0,0.319287676582329,0.252875197827568,0.248872452660642,0.136091389033674,0.00959203224600399
0.426516363007169,0.269979913325532,0,0,0.3035037236673,0.301402798853621,0.210436777372093,0.159095363963624,0
0.49839743730745,0.166482891492048,0,0,0.335119671200501,0.196289283026622,0.159987379774224,0.0829377303975341,0.0066798714883726
0.430054516388731,0.198700598671783,0,0,0.371244884939486,0.190532687657164,0.233587600207638,0.0873040994442503,0.0390674559900388
0.41900361816821,0.20923416541539,0,0,0.371762216416401,0.244069030748266,0.248778100751632,0.14455922200787,0.0212325303960023
0.424884773805556,0.204095074065162,0,0,0.371020152129282,0.206493751345213,0.172295744568821,0.184907031177972,0
0.528267846964084,0.213882338449768,0,0,0.257849814586148,0.176825848592246,0.232171389639891,0.128239711199938,0.0310751350209353
0.531477037366417,0.193407002303138,0,0,0.275115960330445,0.250702888321789,0.161010741528234,0.160423925589188,0.00580135655762025
0.476990305292776,0.246457747569813,0,0,0.27655194713741,0.285471820727554,0.17102713108281,0.193338130601067,0.0123019946982184
0.516954664131731,0.170847319870751,0,0,0.312198015997518,0.105673540552459,0.200261725236824,0.161313587968613,0.0275137806382004
0.390002638762418,0.21005939978346,0,0,0.399937961454122,0.221890367159818,0.152215321008507,0.158862750963405,0.0527461154166205
0.398411198956393,0.238906905732912,0,0,0.362681895310696,0.308899583152018,0.137940752688719,0.226829947704346,0.0109179895689545
0.550250376935117,0.134719046524708,0,0,0.315030576540175,0.0991545007030444,0.209775396388126,0.126160831128857,0
0.466721038603921,0.209731782002008,0,0,0.323547179394071,0.156824224645829,0.257993543724174,0.152211331799164,0.0626138137245631
0.455938358088526,0.186860927874369,0,0,0.357200714037105,0.0829480869525882,0.194855546859325,0.090166938716876,0.0268629655122265
0.501857740301387,0.239373401864405,0,0,0.258768857834208,0.104595774335033,0.218272910173557,0.141603029795538,0.00734835185694664
0.472844275080234,0.169125039548876,0,0,0.358030685370889,0.0323928095378198,0.196932340856546,0.149589106711562,0
0.436372136642393,0.162078191182374,0,0,0.401549672175233,0.197425785274068,0.186917597533281,0.136792081819569,0
0.503346079173556,0.183638337075501,0,0,0.313015583750944,0.140122266531402,0.170135343031019,0.149314819986237,0.0209505771799451
0.514986974740313,0.157936725157584,0,0,0.327076300102104,0.0371086401293201,0.18983249243946,0.0823850121100123,0.0146103073486399
0.458350366260495,0.221615700113772,0,0,0.320033933625733,0.132995613840212,0.270538454597439,0.1556991845723,0.0185802088670697
0.417785982737813,0.192337768924916,0,0,0.389876248337271,0.245351888239067,0.116223097115285,0.0992326575118848,0
0.437413476722894,0.179398549006138,0,0,0.383187974270968,0.084774790982181,0.162242194544509,0.107510204055084,0.0247093774562043
0.464964245952294,0.215767708053182,0,0,0.319268045994524,0.212182126695722,0.175592492738134,0.134321546906085,0.00797209123497327
0.498798647777803,0.241933058584151,0,0,0.259268293638046,0.227175199511927,0.262701769027478,0.182828899471512,0.0280236342746912
0.481129573620667,0.176666463442426,0,0,0.342203962936907,0.283182317824095,0.205402054366882,0.0825738726037769,0.00537915345404398
0.497838182660384,0.194499448948973,0,0,0.307662368390642,0,0.218612754515037,0.188665589018004,0.00508540529039175
0.468059790826803,0.211709822003219,0,0,0.320230387169978,0.19615986492584,0.160533842186161,0.141642916285972,0.00859895325372255
0.497224153166106,0.188114528185402,0,0,0.314661318648493,0.0199835751397366,0.200687258393328,0.108168885844181,0.0384788231198049
0.497993684076901,0.187850925825913,0,0,0.314155390097186,0.108932592107643,0.184705033620574,0.094757158205395,0.054812357808952
0.570607966481033,0.144201486410712,0,0,0.285190547108255,0.307202520147298,0.14649302216732,0.166433910833442,0
0.470246968524896,0.121647022133702,0,0,0.408106009341403,0.205736004707502,0.0872013552039348,0.145197997905813,0
0.433678788786919,0.222108401615411,0,0,0.34421280959767,0.358738122535913,0.186092258158558,0.205715175757538,0.0105357618732712
0.527963351128806,0.169970627501794,0,0,0.3020660213694,0.0429664749096567,0.181527008800487,0.171470089207341,0
0.392672703336855,0.238272628831617,0,0,0.369054667831528,0.293521072089937,0.219608231303218,0.200919006922696,0.0453319604242551
0.443147510214684,0.197417211576002,0,0,0.359435278209314,0.143739523594523,0.17049783448146,0.173079868824414,0.0438963128513172
0.432756603398531,0.256803800061569,0,0,0.3104395965399,0.261906362623611,0.248288368918549,0.124708890982126,0
0.452018358876256,0.246715411746976,0,0,0.301266229376768,0.179525454500241,0.290594093066894,0.226819166503564,0.0351379390219623
0.545068494351568,0.198258280977709,0,0,0.256673224670723,0.331018640924127,0.198313878343191,0.162518717833696,0.0718840064562458
0.483876273818355,0.199112250409237,0,0,0.317011475772408,0.358475028642529,0.172761206642903,0.137431362438549,0
0.490102973404964,0.167381942923192,0,0,0.342515083671844,0.208965778788703,0.125684114240465,0.166785779703093,0
0.534094809672704,0.211210240930702,0,0,0.254694949396594,0.241821745142994,0.181998280058441,0.238727969320178,0.0422923774767428
0.517595765414673,0.263818952283154,0,0,0.218585282302174,0.356195957252148,0.184378777710503,0.174765452118306,0
0.441273030203806,0.255587147333495,0,0,0.303139822462699,0.113944376934271,0.174015706235925,0.222516543289846,0.00604658588321059
0.409603644808492,0.298849996952038,0,0,0.29154635823947,0.317945821912081,0.186015689132498,0.185417219425706,0.00851320123047463
0.344828222537547,0.266541136296139,0,0,0.388630641166314,0.225740207512394,0.215025913577126,0.247996009002881,0.037290379894397
0.428095639041894,0.163975433176393,0,0,0.407928927781713,0.29074630663469,0.075227940671238,0.151987040791877,0
0.486843360475359,0.137003562740102,0,0,0.376153076784539,0,0.170142849355271,0.122649508898904,0.0107651040070564
0.531904463599196,0.145647944417367,0,0,0.322447591983436,0.389576883358369,0.227933867432017,0.215843736776581,0.0173232594042737
0.500258044593295,0.123428654469684,0,0,0.376313300937021,0.211807682023089,0.112094616827279,0.0795521142245625,0
0.434915613636188,0.2803579913823,0,0,0.284726394981512,0.355727022503029,0.238301389263014,0.154722437019143,0.045725733464091
0.442234288836722,0.252717488196029,0,0,0.305048222967249,0.0177469018864369,0.228601725748691,0.246899379363686,0
0.509585176401912,0.178061958130686,0,0,0.312352865467402,0.125407066448647,0.166868671941188,0.135780907006289,0
0.543022173108606,0.14438109848687,0,0,0.312596728404524,0.300452370787782,0.146649856204789,0.152921166835455,0.0498472787203173
0.469170930453315,0.19637125835269,0,0,0.334457811193996,0.407534420792453,0.275818269390944,0.141147334070307,0.0164078971649806
0.496417597487563,0.164888620305975,0,0,0.338693782206462,0.273916615385576,0.131671237537708,0.102249959388655,0.00965835221872608
0.442774294994344,0.212547527885605,0,0,0.344678177120052,0.346692689508458,0.183586164285538,0.193586321644519,0.0497157475927251
0.483334401645919,0.110938987075679,0,0,0.405726611278402,0.00758565935162108,0.154564114782047,0.181529294077752,0.00583185266379202
0.485191010480874,0.201790690036675,0,0,0.313018299482451,0.205472387814167,0.243571023405862,0.171348383036226,0.0544539353617825
0.454807259920812,0.212777450649431,0,0,0.332415289429758,0.064513922120635,0.178223923705119,0.157404250548887,0
0.434482910225703,0.237926963126062,0,0,0.327590126648235,0.222204342989723,0.191229632882348,0.0944219064550678,0
0.483078949141333,0.171010263304401,0,0,0.345910787554267,0.322585220906614,0.245837384838131,0.192450557823628,0.0529965052526341
0.522535870708166,0.141159013128946,0,0,0.336305116162887,0.0858326203488229,0.234688900928772,0.159826073548181,0.0146366461112978
0.38196524870378,0.288853589346895,0,0,0.329181161949325,0.156705233975468,0.263989484957803,0.137987817046882,0
0.414221131561393,0.226356910438607,0,0,0.359421958,0.206005675118334,0.191395295028229,0.146393343678984,0
0.471492536065329,0.261785752527006,0,0,0.266721711407665,0.483657788141886,0.227380495217191,0.0983435732818072,0.0579929811862067
0.430872902514596,0.239987377924744,0,0,0.32913971956066,0.142623692055587,0.193527123405571,0.177556432132362,0.0157945293903464
0.490838760561478,0.216235602929539,0,0,0.292925636508983,0.251896969623247,0.271284725332332,0.168025399245592,0.00745029492296918
0.494342041460342,0.0873908290179377,0,0,0.41826712952172,0.00532399457705049,0.126135864736453,0.105917370912746,0.0306589843656289
0.449146346115913,0.233414331183415,0,0,0.317439322700672,0.191387801934345,0.18727214140748,0.133875628385973,0
0.514579335598956,0.251436989852804,0,0,0.233983674548241,0.293002133978259,0.242074842935687,0.109441035793847,0.0582735513465111
0.512535745824022,0.137707436009824,0,0,0.349756818166154,0.0259834910550243,0.129263555458848,0.170843748949359,0.010260361509822
0.405607546984259,0.269675964241231,0,0,0.324716488774511,0.381270266824589,0.218495521071744,0.160976566539472,0
0.508121804584286,0.17037270006427,0,0,0.321505495351444,0.0181203589287971,0.186583551150092,0.133150441600272,0.0361642618248665
0.540698272233343,0.149092008083732,0,0,0.310209719682924,0.215421128515161,0.199153994137253,0.0968223325385012,0
0.40773639382632,0.276854241647007,0,0,0.315409364526673,0.268954564816683,0.202136639559746,0.193198614073223,0.0104019400689422
0.443172010203353,0.208400369870904,0,0,0.348427619925743,0.187912239311387,0.26339833922913,0.113305064717936,0
0.510984767027771,0.149626974423436,0,0,0.339388258548792,0.167433168367669,0.166335153052709,0.0912540939355411,0.0595946287638774
0.39266204671968,0.235422849431207,0,0,0.371915103849113,0.173573863774593,0.206411529972529,0.175010560239563,0.0149134309860375
0.517290150556281,0.176058772358319,0,0,0.3066510770854,0.137558636129364,0.0860720831487607,0.13877170743029,0.0458956338804579
0.475494621335651,0.126967864501205,0,0,0.397537514163145,0.131416588528291,0.0844290507615036,0.11899413533346,0.00854481505354388
0.48082757227303,0.236832502219328,0,0,0.282339925507642,0.169221928473403,0.223725034264071,0.188971811640876,0.0357590588344646
0.475141069218911,0.187998790418068,0,0,0.336860140363021,0.26387153824171,0.232383636003387,0.149791173582307,0
0.539935367700377,0.161780852054566,0,0,0.298283780245058,0.251088518270946,0.160687662973128,0.050874839928186,0.0189846265440931
0.501304932631771,0.251472077610365,0,0,0.247222989757865,0.348634940914695,0.179259918637497,0.135111463115729,0.0310816766360147
0.416108432951116,0.22361176582678,0,0,0.360279801222104,0.122951671254964,0.134654124505549,0.122022451466397,0.0522590641232784
0.514107266880005,0.225799944674264,0,0,0.260092788445731,0.341188025022946,0.221069955988736,0.129989499467419,0.0324220803687096
0.540816339587279,0.160682341617222,0,0,0.298501318795499,0.131291309399007,0.274163973019017,0.146576941026136,0.00610851311768697
0.508995523262325,0.21505914041051,0,0,0.275945336327165,0.29893174493565,0.166524940025801,0.100629243297091,0.0459725217975118
0.521458783157151,0.1522183489657,0,0,0.326322867877148,0.166004233981053,0.158745028862379,0.0697144539231263,0
0.495887204501434,0.232493216029858,0,0,0.271619579468708,0.240889805008116,0.22865072319741,0.159521346724429,0
0.524838210158102,0.166976974546033,0,0,0.308184815295865,0.14842881390088,0.226832170940933,0.0980789454018931,0
0.588790370726818,0.103633143580915,0,0,0.307576485692267,0.490238054071285,0.149914723064019,0.128948021423043,0.0130527525066325
0.558207050700276,0.17015595677141,0,0,0.271636992528314,0.0895897308331146,0.148531318930913,0.100257934270415,0
0.503738203455525,0.156675742097205,0,0,0.33958605444727,0.142774946283072,0.136796991477974,0.155408238061459,0.0512610393709331
0.449000098013545,0.269522291625024,0,0,0.281477610361431,0.439503617682746,0.23547704035728,0.243192248753568,0
0.511759153922147,0.194031209808845,0,0,0.294209636269008,0.24757304167135,0.158453460302865,0.164513938634613,0.0273712480983437
0.511174461539597,0.154589866241544,0,0,0.334235672218859,0.222401451494704,0.0945343454602823,0.170056332553575,0.00544366724097216
0.437941048729489,0.192936141690886,0,0,0.369122809579625,0.223863622122579,0.139082977064398,0.0109295666224462,0.0508729476124866
0.615431956187074,0.188487476381379,0,0,0.196080567431547,0.0122901460477033,0.187071568960099,0.143608282265551,0.0483157665685436
0.501214054150465,0.231664001888227,0,0,0.267121943961307,0.409980725419107,0.201268378768062,0.174108727139366,0
0.467753833008816,0.197084803180441,0,0,0.335161363810743,0.051898814698447,0.227101974495329,0.1547154576982,0.0292481883206233
0.486789743283503,0.167703773890914,0,0,0.345506482825583,0.0646504574775454,0.187035343953799,0.117310353097793,0
0.357526026814243,0.287412904554633,0,0,0.355061068631124,0.381429808771428,0.297597695564666,0.153983741135455,0.0401374607446061
0.506941234171239,0.191322089507468,0,0,0.301736676321293,0,0.141382523001615,0.178988002686206,0.0060649979990142
0.395946594291048,0.281586770568486,0,0,0.322466635140467,0.360089981655614,0.230312802562432,0.17148898319521,0
0.4567630042416,0.233944532579479,0,0,0.30929246317892,0.333478767621365,0.169197052208727,0.140404979900657,0.0382181539750612
0.52201057327394,0.226902313496563,0,0,0.251087113229497,0.161691002368761,0.13343107274776,0.151365717596827,0.004741725700211
0.520919580504679,0.189345742965242,0,0,0.289734676530079,0.0583026904562857,0.177945175597862,0.163040611844944,0.0149779403212813
0.424691980335276,0.251921956200805,0,0,0.32338606346392,0.285885038780478,0.251274816812681,0.235225925800198,0.00963846993234184
0.482940915720991,0.213451133978761,0,0,0.303607950300248,0.198871548718627,0.187279082402172,0.196739837630262,0.0212016283510421
0.539863498963798,0.159472685977135,0,0,0.300663815059066,0.354989543002185,0.206020673678291,0.166876257023712,0
0.56642757243573,0.126283228240999,0,0,0.307289199323271,0.308817309358547,0.148578947500608,0.136251629833434,0
0.376088276827874,0.277565111031678,0,0,0.346346612140448,0.457447267829453,0.258189741311576,0.135776114405854,0.012397672583285
0.539665805994544,0.120915736957518,0,0,0.339418457047938,0,0.204138913497918,0.0934779109877122,0.0145297041637631
0.344369582643518,0.319051310743539,0,0,0.336579106612943,0.401088262288818,0.199066401522411,0.222664598434545,0
0.43372036328859,0.239745232962803,0,0,0.326534403748607,0.333182120713632,0.156103528094354,0.191430932765993,0
0.519721146433112,0.17425640570036,0,0,0.306022447866529,0.0306781666937357,0.119187776874495,0.167742423578578,0.0326556828804529
0.388742759857768,0.223224667564005,0,0,0.388032572578227,0.310251274568007,0.212914385768637,0.117724790708481,0
0.468548893577978,0.19701599606119,0,0,0.334435110360832,0.129348281424246,0.198148647043608,0.209404657936454,0
0.49381138935196,0.210867202826112,0,0,0.295321407821928,0.388137099023,0.237425334536562,0.198083381177757,0.0161732516135189
0.495742842689631,0.170965270832447,0,0,0.333291886477923,0.0489092291408985,0.237716073877496,0.1204998642953,0.0468986401982772
0.418060660821,0.26247127467815,0,0,0.31946806450085,0.421429262517551,0.123980419071208,0.143299820495177,0.0152480716061036
0.428321311201887,0.268643071343283,0,0,0.30303561745483,0.407123365696076,0.248027787313563,0.119582224598452,0.0316517905074031
0.505471590091673,0.240223744865956,0,0,0.254304665042371,0.209384859367576,0.192631601607991,0.17411937206041,0.0498792152107135
0.5099517819697,0.128473681878929,0,0,0.361574536151372,0.0763234930351603,0.164641108052512,0.121512159421168,0.0502624424114598
0.502817275855609,0.228728365485849,0,0,0.268454358658542,0.347192304946317,0.194269035546302,0.164692227923422,0.0062257474810407
0.412107243536637,0.234502551832478,0,0,0.353390204630886,0.29203470822822,0.20161733333784,0.186830932228527,0
0.538694933481534,0.151084826525426,0,0,0.31022023999304,0.180695664278212,0.208463315447912,0.0916799307753353,0
0.386993754661695,0.3201150210726,0,0,0.292891224265705,0.169707895378873,0.226571067123537,0.260155577296555,0.00557076773791641
0.473126064634875,0.142930546801268,0,0,0.383943388563857,0.00889999668772113,0.20627240741701,0.166817949086441,0
0.448499639106768,0.215850327744122,0,0,0.33565003314911,0.373999524168489,0.216249537222028,0.215515682081151,0.00543567187572897
0.464639522507025,0.229026485456748,0,0,0.306333992036227,0.341392996525711,0.231755105655516,0.0991070766141883,0.037394529222084
0.492924036657758,0.178184575712849,0,0,0.328891387629393,0.0684380664313463,0.204290978920201,0.0895310490869758,0.00675432231214503
0.452202635105222,0.153938491279684,0,0,0.393858873615094,0,0.0919964449537531,0.148726347498051,0
0.503737140317842,0.188502304609805,0,0,0.307760555072353,0.153011155147438,0.224568590809827,0.181181883467036,0.00668599991623761
0.480579985831503,0.2263606062423,0,0,0.293059407926197,0.229511979563161,0.237336734718877,0.20069868133048,0
0.457648387770676,0.33865145752275,0,0,0.203700154706573,0.42189892045002,0.308842053976229,0.158117565783096,0.0267470150761786
0.472541418827366,0.255156085015262,0,0,0.272302496157371,0.213919112169281,0.166025384636072,0.110431485489547,0.011016469379105
0.511566823835982,0.142869167442137,0,0,0.345564008721881,0.346550971090393,0.191773121549698,0.158791842867532,0
0.506597098745688,0.167388327100766,0,0,0.326014574153547,0.240358712204417,0.188742353186463,0.160505104227538,0
0.448382917516331,0.170933768312555,0,0,0.380683314171115,0.115379258736402,0.14929317194859,0.148209565045188,0.0321987018161327
0.520844761921648,0.162601958661912,0,0,0.316553279416439,0.122350841871739,0.155949122257751,0.0686460709555492,0.00467897188207194
0.479586904914297,0.150666485706389,0,0,0.369746609379314,0.0060542411285189,0.195768575485171,0.129370303672884,0
0.44633458459538,0.237910299464951,0,0,0.315755115939669,0.220885543413915,0.198202817729361,0.153521653863281,0.0163675396765171
0.556909596462078,0.108097520016408,0,0,0.334992883521514,0.0176528537165615,0.169477961621845,0.173987153605459,0
0.474322895476196,0.235811369696367,0,0,0.289865734827437,0.0945956931202888,0.207059728293257,0.147137592932783,0.0451879254248952
0.434362835868263,0.225253220940667,0,0,0.340383943191071,0.162818095280357,0.229512178427841,0.0978868317555428,0.00496185561077569
0.50550301264522,0.154262826312882,0,0,0.340234161041898,0.23661554425167,0.205252398989991,0.0900393239567715,0.00959058848111233
0.542289067783637,0.126040337181602,0,0,0.331670595034761,0.0211176380621607,0.147516822277906,0.0893541207676673,0.0379078386221548
0.475121154554743,0.261230267519683,0,0,0.263648577925574,0.27996256095447,0.15750228929313,0.186469212575928,0.0285289406502869
0.46304848263851,0.256251118424927,0,0,0.280700398936563,0.336020316598275,0.19006918208595,0.168525561761651,0.028581093561623
0.514881036602879,0.134102600755701,0,0,0.35101636264142,0.202945940116289,0.213014524577977,0.161353873501997,0.00684757897305183
0.466129218214331,0.234422615392613,0,0,0.299448166393056,0.165430003387522,0.124895380880301,0.197547578057628,0.00908788097443624
0.567236337716937,0.161055147916546,0,0,0.271708514366516,0.17966114705614,0.146523668917348,0.240667561473353,0.00654993778954642
0.489083886674288,0.22579105065888,0,0,0.285125062666832,0.305361079463696,0.237595555551686,0.170907463316238,0.00518049115065303
0.497631883399802,0.200418498793916,0,0,0.301949617806282,0.184379920633483,0.204624992342533,0.138103400897887,0.0251599270764971
0.456680347091556,0.173550701152902,0,0,0.369768951755541,0.207330808136424,0.15885677525174,0.218620819718434,0
0.47497906062377,0.222124687354381,0,0,0.302896252021849,0.188014555566667,0.256842523760994,0.199745977054098,0.0110713014828231
0.519183663386137,0.157374968429013,0,0,0.32344136818485,0.222249413798324,0.152548698912437,0.117545852619469,0
0.47484511037407,0.163902149444359,0,0,0.361252740181571,0.227976684140508,0.206668006236405,0.153517230300404,0.0355570829950173
0.417343385467447,0.197628279079148,0,0,0.385028335453405,0.193498690541113,0.187221958732064,0.126817742648215,0.0330754031257861
0.403161060682795,0.162365353516663,0,0,0.434473585800542,0.0163356147976944,0.182883698388954,0.0641473780289076,0.0703130302960072
0.585942688536479,0.0798185721902125,0,0,0.334238739273308,0.101767913498579,0.124650572484191,0.218415504299216,0.0549315543755427
0.460042107321316,0.190092739787129,0,0,0.349865152891555,0.38418583407087,0.186165537251801,0.219996706136928,0.00796845452655921
0.472379849905558,0.132493342754137,0,0,0.395126807340305,0.0562317843651094,0.134505668465328,0.138860323185162,0.00633680464709799
0.452030398181253,0.191706983833093,0,0,0.356262617985654,0,0.230220591253609,0.221709394288243,0.00899255891984318
0.42459046735569,0.304264320082423,0,0,0.271145212561887,0.134009087779173,0.176353252833536,0.20482862501414,0.0562142895700938
0.459819723882808,0.181243679384818,0,0,0.358936596732373,0.31458665749292,0.151938610714972,0.163205320237102,0
0.436999482904673,0.167369643846893,0,0,0.395630873248434,0.233364410117839,0.0466738378274098,0.136496054159168,0
0.516188495317521,0.250729204842477,0,0,0.233082299840002,0.386897218811331,0.279454114251588,0.137746853834057,0.0276742043302866
0.458629987794932,0.200692187666098,0,0,0.34067782453897,0.200302753503753,0.174456288751297,0.0973408889958503,0.00438014522128982
0.478693600774216,0.268071004877116,0,0,0.253235394348669,0.122921221684313,0.198717966195771,0.196864785650563,0.0948093676369844
0.464130902751197,0.15812317507044,0,0,0.377745922178363,0.00804789231321284,0.175263777234442,0.168816031641943,0
0.487246260316938,0.218910306453174,0,0,0.293843433229888,0.21768986351342,0.110370063333368,0.126887466661864,0.0110872297679718
0.490569427173192,0.200887625507632,0,0,0.308542947319176,0.146374649190159,0.19336480565993,0.140136754545314,0.007614784644652
0.523767531013609,0.197843959012431,0,0,0.27838850997396,0.136409366362614,0.24737724461047,0.148386005888817,0
0.443363565601592,0.193848081321348,0,0,0.36278835307706,0.129532064894422,0.132499433057891,0.0914946931953952,0
0.534838920441466,0.106733015161438,0,0,0.358428064397096,0,0.1470203960047,0.239296255006242,0
0.525855167777847,0.173901643966257,0,0,0.300243188255896,0.202971943580287,0.119947704633293,0.183226320952626,0.00469386127938752
0.483853949767269,0.111316468371196,0,0,0.404829581861535,0.0173719847571176,0.169837006986795,0.068574994178631,0.0326846790658694
0.459165059281552,0.193993101142403,0,0,0.346841839576045,0.285633438507305,0.145532755548646,0.163297991564517,0.0270544093320651
0.432072352680838,0.190272188771555,0,0,0.377655458547608,0.155818565902533,0.271657359644488,0.133773893869925,0.047134612542876
0.47792070238465,0.0690421029502481,0,0,0.453037194665102,0,0.087372800626733,0.0688539975686407,0.00669599962873727
0.488773363381878,0.197768810715321,0,0,0.3134578259028,0.231544147993297,0.152220003983581,0.137616119515984,0.0137412429746935
0.52365315246003,0.133442989219488,0,0,0.342903858320482,0.243814744952702,0.217578476362874,0.212083038093359,0
0.519443175256328,0.154904394699993,0,0,0.325652430043679,0.34949368736653,0.193837833353434,0.0490309844019944,0
0.546411849865613,0.153621711782299,0,0,0.299966438352088,0.163059967309645,0.172460921590296,0.130361895539169,0.0256838009658962
0.420113114295305,0.256865244076833,0,0,0.323021641627862,0.273287942280964,0.220211803377271,0.128036329154445,0.00734301233574762
0.485873260860348,0.200781943209766,0,0,0.313344795929886,0.0784316321789444,0.177254726191153,0.157469367159375,0
0.480696602540192,0.270854550599313,0,0,0.248448846860495,0.316055847309219,0.262858156390786,0.207742877132084,0.0392124062488965
0.442082415776089,0.26473887161104,0,0,0.293178712612871,0.303171235526496,0.174806854131136,0.143125087968348,0
0.528101574288145,0.192158500582133,0,0,0.279739925129722,0.21313108508685,0.253441894572076,0.086764751933777,0.0538852239146031
0.499128803588133,0.225032467503134,0,0,0.275838728908733,0.1761388700604,0.121285339092565,0.147627758221698,0
0.46231954335006,0.199346770155225,0,0,0.338333686494715,0.151404236737999,0.158436561180006,0.148158887944473,0.00957028320795007
0.456506156487267,0.233283725107402,0,0,0.310210118405331,0.147870447916354,0.267319572856914,0.149238143470313,0.0306491441164596
0.460556613701916,0.221966378415095,0,0,0.317477007882989,0.0588972233059159,0.242999086157249,0.127106710714187,0
0.479236647102302,0.273911991871913,0,0,0.246851361025785,0.108812144832129,0.207693763357822,0.117050935993792,0.00422684524231169
0.600249896942346,0.199173564272375,0,0,0.20057653878528,0.169039102919934,0.21547997134015,0.145740122357747,0.0259114491263603
0.438344910095278,0.200472572988592,0,0,0.36118251691613,0.263358520456158,0.167070292434972,0.176384592210437,0
0.549698850001138,0.213426999619404,0,0,0.236874150379457,0.247689200661011,0.234059087625935,0.113743285748684,0.0175120985764828
0.401967874979506,0.266716335055693,0,0,0.331315789964801,0.2386910623742,0.218727784116847,0.237787038029297,0.0115957102658166
0.415314303750195,0.274974083125998,0,0,0.309711613123807,0.244272989851155,0.220937825904108,0.179758873909034,0.0668925230871633
0.4697423543318,0.264830581750506,0,0,0.265427063917693,0.311799510043766,0.184667695941167,0.203880329423022,0
0.569614511753878,0.145981022160086,0,0,0.284404466086036,0.153763947978279,0.162163869375623,0.17625892455159,0
0.464512794771281,0.213486822152432,0,0,0.322000383076286,0.210105246454324,0.187412463846173,0.100326130726754,0.00521950317270324
0.532588377698315,0.16999241541993,0,0,0.297419206881754,0.28216895408438,0.197185100576286,0.172442323947412,0
0.404619941141955,0.213777996121158,0,0,0.381602062736887,0.418873935724295,0.174804306645831,0.179404028116236,0
0.442409202365355,0.201102995686123,0,0,0.356487801948522,0.161567425474479,0.253328187835389,0.161854482734665,0
0.462920476370137,0.192272823749951,0,0,0.344806699879912,0.0510171618372748,0.184293499609702,0.219372787364483,0.0275384086113092
0.39343503185837,0.215272939890768,0,0,0.391292028250862,0.116667548600524,0.153818832819956,0.170686525795086,0.00797483088928421
0.537403954004797,0.133608464115534,0,0,0.328987581879669,0.00743297258367338,0.117472693616691,0.127867049880561,0.00575489711619344
0.517800438279154,0.175736731092885,0,0,0.306462830627961,0.0727995054071146,0.195885195070668,0.124042524407012,0
0.473116182908439,0.147513057536348,0,0,0.379370759555213,0.221360873027274,0.262197600156301,0.172573916853321,0
0.442843357517314,0.229269013616178,0,0,0.327887628866507,0.314897147693069,0.151336656397643,0.151230147002257,0.0641891375864209
0.561794872094368,0.188387172725435,0,0,0.249817955180196,0.152852526473166,0.228727952530769,0.127109810397689,0.0730694321613456
0.492818305840374,0.149479770077764,0,0,0.357701924081862,0.218561967549395,0.215981317750979,0.115638706463083,0
0.462718633041237,0.250331226650448,0,0,0.286950140308315,0.202951554362959,0.292105435674709,0.142711766394103,0
0.549225229534131,0.174890301426153,0,0,0.275884469039716,0.178512281765162,0.24001742062702,0.111081521743197,0
0.395602286017235,0.290568711381842,0,0,0.313829002600924,0.183439746428296,0.171262024597563,0.175287222056608,0.0274450035468139
0.500935371655551,0.171175562193678,0,0,0.327889066150772,0.1040872997988,0.214868618982509,0.103516796146345,0.00930069622431863
0.457540607008654,0.206058536748507,0,0,0.336400856242839,0.143396001425687,0.157474085514869,0.165621055136772,0
0.430959208641587,0.218900330847739,0,0,0.350140460510675,0.390411378571502,0.156476256253737,0.143156149205377,0.00795712180592881
0.505335633868657,0.126924960281627,0,0,0.367739405849716,0,0.241374356706628,0.108792090392203,0
0.4797206572941,0.26128023831936,0,0,0.25899910438654,0.359932377803756,0.164210793541523,0.135445224324046,0.0044617950245819
0.448250393853156,0.187769355689294,0,0,0.36398025045755,0.293759642995085,0.291444422705366,0.183009426888621,0
0.409848298738444,0.329806113967351,0,0,0.260345587294205,0.180322414022249,0.263545604909178,0.317692472142515,0.0502669992961064
0.588383753093551,0.171404447886885,0,0,0.240211799019564,0.0174282182080226,0.207184282786199,0.145266576844922,0.0370564633748432
0.488496563385937,0.225312539083057,0,0,0.286190897531006,0.275225448901005,0.2436116184623,0.134315016087983,0
0.482781179068239,0.242648339755068,0,0,0.274570481176694,0.257964427581608,0.286994790397471,0.162026918830018,0.057642865658745
0.311297616055407,0.311812621734615,0,0,0.376889762209978,0.385115650562958,0.242896816824533,0.246042834373664,0.0113794067424057
0.466083883282824,0.200859060230526,0,0,0.33305705648665,0.15642783248856,0.293706072499445,0.0728986561391272,0.037175068458388
0.487294903918868,0.218844339260113,0,0,0.293860756821019,0.435545439226722,0.242051248281787,0.166414042984315,0.0203179508636395
0.50453794415403,0.176963118206082,0,0,0.318498937639888,0.290837472663509,0.245680252258383,0.114271445483782,0.00615449278621481
0.468207023457806,0.267228987354593,0,0,0.264563989187601,0.202934288395133,0.204297043531143,0.162696434910489,0.0423426354390168
0.548546033362193,0.218071228710929,0,0,0.233382737926878,0.176114485717254,0.21253238640926,0.210965864808682,0.0402071915794865
0.414404077694948,0.16776034763908,0,0,0.417835574665972,0.146042472651184,0.131777549987406,0.11941463716339,0
0.43098829156585,0.230042338357972,0,0,0.338969370076178,0.144950696190876,0.233530355983311,0.1487050682045,0
0.468187271369233,0.220479136435589,0,0,0.311333592195178,0.378951045153347,0.201103253754856,0.180930311470711,0.00706442340094813
0.448016665965775,0.284974204003884,0,0,0.267009130030341,0.392480916734242,0.215960073450107,0.139199561222964,0.0498778750222647
0.412797704645484,0.317694715592541,0,0,0.269507579761976,0.220124349713964,0.229375540738697,0.249567623956238,0.047635701705353
0.393254474729542,0.188228922627451,0,0,0.418516602643007,0.17463005871645,0.179451189545437,0.146138344745425,0
0.530057092367616,0.172345519842486,0,0,0.297597387789898,0.288554613219529,0.19755341994081,0.116871151011829,0.0259929346696252
0.423675629755554,0.262503646766194,0,0,0.313820723478252,0.195366652672433,0.273542264608029,0.132172519378356,0
0.485099798949765,0.177631950977173,0,0,0.337268250073062,0.275052980451749,0.181436830116212,0.0895761509829121,0
0.553933256398569,0.16180093499459,0,0,0.284265808606841,0.318375650967529,0.309095218744522,0.102463191195999,0
0.480393937766618,0.262562485577957,0,0,0.257043576655425,0.173860971668567,0.200242070929154,0.196402780328682,0
0.449028370959598,0.209013879076491,0,0,0.34195774996391,0.317252874301519,0.201138997490973,0.163208410475532,0.0299368544318767
0.434222031642287,0.174596778520967,0,0,0.391181189836746,0.210465174800079,0.17368622632937,0.163617622471058,0.0465970017144661
0.563599487593817,0.180541524445083,0,0,0.2558589879611,0.31239042471448,0.218019195515283,0.13431217708295,0.0388226675875638
0.457731014288811,0.221119491793592,0,0,0.321149493917597,0.318680248660355,0.230800101849043,0.136963950187043,0
0.452214849365498,0.259175430628537,0,0,0.288609720005965,0.162971882529984,0.216673718874514,0.162707408633806,0.0582795704517993
0.422594509738206,0.332474020289657,0,0,0.244931469972136,0.174799610532353,0.226639629856013,0.225689114384465,0
0.427864237161869,0.227238601923549,0,0,0.344897160914582,0.262178392475763,0.187221640679215,0.160466211356111,0.0388696356256201
0.459687871211025,0.278051530727423,0,0,0.262260598061553,0.333199594490357,0.233324407091689,0.125736397178008,0.0791189873254068
0.517596322384475,0.129519378690771,0,0,0.352884298924755,0.00174813360501415,0.170838219513103,0.24361446418314,0
0.479744500189153,0.207946651550104,0,0,0.312308848260743,0.229859596692314,0.196619056211836,0.13179605061814,0
0.41794927090388,0.252059229531764,0,0,0.329991499564356,0.138777493958021,0.225506212797601,0.202143699695354,0.015977882880053
0.601534428467213,0.152524801012886,0,0,0.245940770519902,0.124928067931476,0.171504581810985,0.135856247485862,0.00466187003954042
0.495155706456407,0.242104087791608,0,0,0.262740205751984,0.254201875832382,0.133676860275142,0.143530785822301,0
0.501102500907117,0.237129058248155,0,0,0.261768440844729,0.190261760678129,0.221835491700247,0.180963545025527,0.00885132095832107
0.519049225551439,0.166273441697818,0,0,0.314677332750743,0.0224013798012796,0.16293899005866,0.210005484339989,0.035395042726014
0.341763730199554,0.25903816135812,0,0,0.399198108442326,0.309630112453301,0.207211735381191,0.250677601766139,0.0691644729588349
0.505409300408569,0.192071018906653,0,0,0.302519680684778,0.00700142821966184,0.216097217855962,0.190537492540211,0.0380032590207958
0.468359247070927,0.282370010851284,0,0,0.249270742077789,0.20648041447941,0.182626134284201,0.140827100142328,0.0443568135254016
0.464194002153125,0.230412451527924,0,0,0.305393546318951,0.203873956277329,0.180003113922294,0.20590946054217,0.0430693867852307
0.477925605346157,0.208690953278584,0,0,0.313383441375259,0.126920966955129,0.198737656266278,0.175344695114185,0
0.441139367374852,0.265768036250199,0,0,0.29309259637495,0.293320687358131,0.287875268060468,0.132740715833626,0
0.464369753741655,0.247087647486455,0,0,0.28854259877189,0.160931760805796,0.170014160773901,0.0876698626420179,0.0430403321300857
0.444351050260072,0.184501507536011,0,0,0.371147442203916,0.208968877906102,0.142312844674947,0.112553825187701,0
0.447878367573203,0.248912876358873,0,0,0.303208756067924,0.368330870288642,0.252036985700121,0.149422310628884,0.00603920744573122
0.420114772140449,0.259514094335937,0,0,0.320371133523614,0.280025031371909,0.177952416754366,0.172728432630273,0
0.494370516537652,0.205262258554415,0,0,0.300367224907933,0.307299407925524,0.193098121919392,0.136577407004026,0.0461922473338765
0.442423254875617,0.251959377594814,0,0,0.305617367529569,0.175641022345199,0.32422720713483,0.154187506661018,0.0463885206196867
0.484570470331164,0.265633503966456,0,0,0.24979602570238,0.28896794259612,0.217463726236773,0.187292953426188,0
0.552903392786157,0.139890972960131,0,0,0.307205634253711,0.0194086990920082,0.212960425043599,0.191071878024493,0.0471609534915486
0.411101038798349,0.217897279247583,0,0,0.371001681954069,0.347651760216311,0.221194702298863,0.172868457496182,0.0405466466854042
0.446399258838054,0.214732573462979,0,0,0.338868167698967,0.0729925616373944,0.205999651759729,0.0956485894735375,0
0.447886473049672,0.211550659583297,0,0,0.340562867367031,0.305174487528324,0.161106732658303,0.159960664367807,0.00872795430733728
0.515679954146138,0.169366045742489,0,0,0.314954000111373,0.190230232310537,0.186747875069937,0.190565268454763,0.065451614683116
0.413492002792505,0.25513182831729,0,0,0.331376168890205,0.210849689405091,0.23189127216935,0.133185430942025,0.0285065729397956
0.495765374005044,0.174991055190238,0,0,0.329243570804717,0.188670992307817,0.159946018380184,0.111875159470856,0
0.496105908420701,0.215589557760431,0,0,0.288304533818868,0,0.17626208202262,0.103020061430894,0.0256537566300764
0.398743914318698,0.254509996239401,0,0,0.346746089441901,0.0112683569934756,0.199585923296342,0.143161624747094,0.0506959797018377
0.448985737703337,0.20634785455853,0,0,0.344666407738132,0.274526661678193,0.194490175641426,0.167879803824261,0.00925354698205909
0.454741661895607,0.0938364296759749,0,0,0.451421908428418,0.0225892470047434,0.0552459178858407,0.0750874078482015,0
0.496226828933897,0.170229591056229,0,0,0.333543580009873,0.20247513576798,0.201158552159774,0.111290108695454,0.00631731629113188
0.452706989987331,0.216632330433178,0,0,0.330660679579491,0.184976959328066,0.249599327866921,0.194897322921089,0
0.479703364583704,0.209360176760406,0,0,0.31093645865589,0.147514692777147,0.124647392610164,0.121552679939025,0.0344301497587794
0.441218030122577,0.238929143007693,0,0,0.31985282686973,0.154372872201197,0.217122715673512,0.149109864588226,0.039319275503745
0.404354811724323,0.216392490774963,0,0,0.379252697500714,0.172705130677895,0.183702914742058,0.136024348198623,0
0.522356461276003,0.101389666009285,0,0,0.376253872714712,0.00312492828607639,0.195953919413199,0.125014196706979,0.00653116911114117
0.401527660281428,0.217051484291691,0,0,0.381420855426882,0.267901168203658,0.201106180825709,0.15885164650242,0
0.502649417825387,0.224314632047045,0,0,0.273035950127568,0.153965122539073,0.158807910815108,0.119288170795096,0.0300259331105052
0.416874188517286,0.240016466159174,0,0,0.34310934532354,0.275126702582869,0.229257106023683,0.16896454835359,0
0.468916949186463,0.207658281162511,0,0,0.323424769651027,0.33640597291428,0.170836869933054,0.138803642975046,0
0.430468149729075,0.24033373777262,0,0,0.329198112498305,0.212616599063977,0.21583791056733,0.187001040006204,0.00637198119692047
0.490926205880785,0.150497725044714,0,0,0.358576069074501,0.0387485660237501,0.121301920313555,0.161466446327269,0
0.532038457891411,0.16386881849418,0,0,0.304092723614409,0.326608937302073,0.197973630527759,0.1567414711057,0.0137205164350669
0.486122415344082,0.146219228912526,0,0,0.367658355743392,0.0228703361426353,0.200334293422162,0.0948030138812176,0
0.518734869547428,0.162096691401767,0,0,0.319168439050805,0.166158298089486,0.0897284363517978,0.165430201868167,0.0356923202162124
0.474631756076769,0.224670990963448,0,0,0.300697252959783,0.290851324630295,0.232942058510058,0.194461265970243,0
0.510917774583651,0.184532572708847,0,0,0.304549652707502,0.0492371759069203,0.202749591708193,0.0539385065841046,0.0380590002988887
0.432508236497426,0.231719465773511,0,0,0.335772297729063,0.257697129560709,0.221789371682541,0.177123877438038,0.00779088130342177
0.513441287674436,0.187347393226959,0,0,0.299211319098605,0.137368147774635,0.152202370115377,0.196363808191618,0.0490371360588693
0.475049595122006,0.217960173130717,0,0,0.306990231747277,0.0553781953924701,0.177236097833609,0.130845497517998,0
0.482523702638689,0.209959196041695,0,0,0.307517101319615,0.201724083005395,0.141182833512608,0.145311452446405,0.0325977643907573
0.424664615862047,0.283429265588723,0,0,0.29190611854923,0.364293728904103,0.126892853651268,0.100527047577842,0
0.435510546386242,0.198043049337506,0,0,0.366446404276252,0.219321942444585,0.16176714222967,0.11006496720012,0
0.494755357600059,0.209731176544191,0,0,0.29551346585575,0.16045724541379,0.229956038550506,0.195461971494966,0.0115174166959315
0.426491266214973,0.248303381300226,0,0,0.325205352484802,0.11432211639908,0.188057163350498,0.124154990403108,0
0.436725244910083,0.215330108704158,0,0,0.347944646385759,0.224385038626776,0.155275892430356,0.201796113819462,0.0381130154275277
0.390433504322049,0.239460066634714,0,0,0.370106429043237,0.187063348780351,0.181474633919142,0.170321669133543,0
0.444914936779096,0.221550339476464,0,0,0.33353472374444,0.151245076348426,0.277199314801997,0.183022968964061,0.00521737727472099
0.537853355384975,0.264995194218713,0,0,0.197151450396311,0.3107398201216,0.175619752111915,0.112619923301796,0.0266704946179864
0.451073272762225,0.266440663812633,0,0,0.282486063425142,0.273036693116935,0.197345042025319,0.200448790721545,0.0426963033676719
0.415573201176721,0.307170758844297,0,0,0.277256039978983,0.23900089282892,0.244604061934738,0.158105079290686,0.00733854553042801
0.499322321147608,0.236569518115936,0,0,0.264108160736456,0,0.189929724336863,0.0991914325871237,0.0269151026531978
0.569065698148088,0.107117233631256,0,0,0.323817068220656,0.00434032355439538,0.128591602585415,0.155783319955513,0.00646039144201803
0.510462467053786,0.213932310819899,0,0,0.275605222126315,0.199390577078875,0.266697269037182,0.152731228878268,0.0509791188648154
0.511482655587052,0.171581457690095,0,0,0.316935886722853,0.128759628917776,0.0398762991087232,0.145209577193834,0.0495513239998542
0.44531405721862,0.269296038824541,0,0,0.285389903956839,0.227047141425214,0.166610134833559,0.15344087289347,0
0.4434023612226,0.238541776511482,0,0,0.318055862265918,0.26344013444367,0.212525293334356,0.203408339453427,0.0106045873316924
0.487956944344008,0.155301077924448,0,0,0.356741977731545,0.311309186289639,0.167602760753344,0.115062934433564,0.0141238924969546
0.494878407875944,0.175097499328618,0,0,0.330024092795438,0.203136298368069,0.110180664562531,0.208405804068317,0
0.430134714754179,0.243067046761099,0,0,0.326798238484722,0.272755265685852,0.18965406029302,0.128450430788346,0.0374248641815479
0.566430239392051,0.191298160374232,0,0,0.242271600233717,0.142430142230826,0.189584212492537,0.170258103937024,0.0113221168549427
0.50414038861631,0.177514949426936,0,0,0.318344661956755,0.215458123642969,0.232093626243105,0.168077257436736,0.0117105984087503
0.544823248362354,0.135524238539314,0,0,0.319652513098332,0,0.209256267621894,0.141027303712993,0
0.408231051582007,0.204473185040718,0,0,0.387295763377275,0.155073171084731,0.136540284696232,0.167159585436786,0.0501206600887223
0.432676866679248,0.168082991804204,0,0,0.399240141516548,0.0652615709500414,0.273333709583245,0.0738950722789861,0.00955569957383389
0.435975692403415,0.218687683159712,0,0,0.345336624436873,0.298288024287955,0.224511120171495,0.129213382714797,0
0.538361153115339,0.161687312117736,0,0,0.299951534766926,0.163455444565245,0.112334703259535,0.110780652028587,0.0231209808347046
0.544182122881723,0.157310214214024,0,0,0.298507662904253,0.190113186943444,0.28717594219336,0.0781370721299087,0.00500198669796227
0.51337921472111,0.178294701133966,0,0,0.308326084144924,0.131909500595361,0.277711598419784,0.108013948991124,0.0356035097197643
0.475201239914315,0.158646856184937,0,0,0.366151903900748,0.0263669048529297,0.173596562467091,0.143585657869603,0.0157986937679134
0.516889543497678,0.147414595592847,0,0,0.335695860909476,0.0470845968020696,0.154113605297921,0.249204068204761,0
0.409343468396322,0.276287052676925,0,0,0.314369478926754,0.329624745773525,0.196945505906814,0.131902008333012,0
0.499334077142868,0.202007072038362,0,0,0.29865885081877,0.329042828920222,0.155013514863706,0.0833260408852212,0.073618483583878
0.470047779944384,0.184539449524171,0,0,0.345412770531445,0.224838381684173,0.202969018605871,0.113544657215148,0
0.4897169881708,0.21723862618997,0,0,0.29304438563923,0.254675380172621,0.157735501762602,0.170734143794888,0.00462873306304136
0.49460596491423,0.230057301141616,0,0,0.275336733944154,0.180914679673717,0.202515945306165,0.11264522269631,0.00979318437524381
0.463914899036612,0.208514710120662,0,0,0.327570390842726,0.00939862449915029,0.197485678329745,0.1638526406673,0.0109046331450057
0.472593503709327,0.256792364595623,0,0,0.27061413169505,0.243846427157805,0.236713803415749,0.146719853841711,0.010539987043518
0.395726119530658,0.25670002312229,0,0,0.347573857347052,0.190360280220328,0.188506521620186,0.167843256178232,0.00875226021689532
0.472388982978759,0.140757811902655,0,0,0.386853205118586,0.0139603873810222,0.183500434211965,0.0827001630830227,0.0230879231636117
0.47853364956769,0.19068479787914,0,0,0.330781552553169,0.20792468480891,0.239275635070104,0.0939501054584164,0.0289864655687346
0.431666506139424,0.236440642147407,0,0,0.331892851713169,0.186044786798668,0.269728905689936,0.255858359210375,0.00523577855947803
0.442564882896905,0.244182415791376,0,0,0.31325270131172,0.255084657436912,0.222196414344795,0.0757622336172875,0.00961299457009793
0.442361922827383,0.197989739920344,0,0,0.359648337252273,0.202150955048185,0.129905900251985,0.194645690785827,0.0270348676414328
0.500866602163538,0.128711270362176,0,0,0.370422127474286,0.263035990165248,0.242974689577979,0.0800935078990112,0.00865861218433863
0.53732363535345,0.192562160190329,0,0,0.270114204456221,0.37677306159456,0.238569130439882,0.153017346597832,0.0296489990407822
0.455528670525223,0.230751847270817,0,0,0.31371948220396,0.15428803905326,0.193707196922294,0.127344997709362,0.00498673386968781
0.425524684639685,0.241733230216705,0,0,0.33274208514361,0.0434791394710582,0.176281791283315,0.111189090640909,0.0212833405937408
0.534823164587805,0.154619995124728,0,0,0.310556840287467,0,0.248167514908391,0.111302597012949,0.0570845191370249
0.569370643735053,0.208327272610346,0,0,0.222302083654602,0.1193729676573,0.209005084403967,0.153011118429459,0.0330922874206855
0.431545061765066,0.304812083973517,0,0,0.263642854261416,0.349600386629237,0.232122911940314,0.174698429991642,0
0.450582842847759,0.212990336973005,0,0,0.336426820179237,0.33347133607357,0.175811091393747,0.0309631897097355,0
0.483570802867363,0.191605829464829,0,0,0.324823367667808,0.259930125906928,0.165690124037925,0.173787339909169,0.014955332124434
0.47975440639576,0.238175974506084,0,0,0.282069619098156,0.150595286114189,0.186141211855752,0.160013831217319,0.015956242220459
0.42601824723705,0.247364134489981,0,0,0.326617618272969,0.363392407530399,0.196250176008841,0.064506793862451,0.00577854180825518
0.358642201786754,0.25384521535741,0,0,0.387512582855836,0.293461752226647,0.209812787331794,0.162460008316449,0.0274965961754741
0.459620430733662,0.201301143494664,0,0,0.339078425771675,0.236988361957222,0.158819499547757,0.154696090822888,0
0.489366203783248,0.157731226369598,0,0,0.352902569847154,0.0255953413084321,0.206691009767022,0.189812489233921,0.0609064538894407
0.592729712334669,0.164571572718401,0,0,0.24269871494693,0.154275483008634,0.246616182290843,0.143280799972682,0.0383089160018205
0.543898680388217,0.175135671807124,0,0,0.280965647804658,0.267191656279079,0.193425444530194,0.119929181466621,0
0.516840052347378,0.185009601380063,0,0,0.298150346272559,0,0.280047365468924,0.142187113867467,0
0.521642147642231,0.165234201460676,0,0,0.313123650897092,0.195438767886152,0.14644823989677,0.171087364297758,0
0.581538025854667,0.112716565168523,0,0,0.305745408976811,0.126615995231078,0.146201888693267,0.141233289553275,0
0.489919568903514,0.0889183217568235,0,0,0.421162109339662,0,0.145321860441815,0.181035765143126,0
0.497011658506862,0.166808847446264,0,0,0.336179494046874,0.00653166876422348,0.227686025749297,0.203460025474488,0.010655005800567
0.484884285916773,0.156962413306358,0,0,0.358153300776869,0.307651083470969,0.222526284499616,0.152530192535654,0.0595929025963606
0.459844468683387,0.204623908404364,0,0,0.33553162291225,0.166897469636407,0.198482572077906,0.14157516324722,0
0.482935030809867,0.21412496572422,0,0,0.302940003465913,0.192162201582823,0.181776206611965,0.160294582676291,0
0.45447462529991,0.206746992711565,0,0,0.338778381988526,0.235634891726431,0.180737902982453,0.0929235734261895,0
0.500345233714405,0.206067138502423,0,0,0.293587627783172,0.216590408577191,0.21290641066749,0.10991063709966,0
0.475454610759306,0.205359298082214,0,0,0.31918609115848,0.0860766382400158,0.282775949677826,0.153347003845193,0
0.520469763706087,0.16523941551747,0,0,0.314290820776444,0.0838318410806135,0.149774524177908,0.114794759555016,0.0387192314677133
0.450965124315354,0.202745648653857,0,0,0.34628922703079,0.370025092656406,0.182969420021111,0.0611877062288565,0
0.448845558744543,0.213963914687705,0,0,0.337190526567752,0.333622565918707,0.137884723258749,0.101960567826256,0
0.536363809520175,0.179134688746393,0,0,0.284501501733431,0.298804365618613,0.220171224042057,0.167149207101012,0.0408850877422941
0.503994828441492,0.106700651561814,0,0,0.389304519996693,0.0944414527689721,0.13951991673027,0.113219103389398,0.00802265440449786
0.55705195042553,0.203925114663086,0,0,0.239022934911385,0.126840748546599,0.242035515998808,0.158968260646043,0.040391952777658
0.402935783444759,0.260974780859088,0,0,0.336089435696153,0.202715578224902,0.172868496470633,0.144280834687091,0.00516108450962176
0.521642066797225,0.242634039618633,0,0,0.235723893584142,0.228379508467532,0.260377569123338,0.195225542374144,0.0171878309598763
0.437559691151104,0.276814762259115,0,0,0.285625546589781,0.412127081463002,0.195606724347194,0.14314561498931,0.0353246301785048
0.543367151999775,0.186208731306556,0,0,0.270424116693669,0.0640204927633727,0.254127203108346,0.163191468153397,0.0118397043777621
0.484434168751414,0.264218279612688,0,0,0.251347551635899,0.389346973544061,0.274959576197978,0.0897949119259876,0.0475996592789031
0.53914842188717,0.200283808188805,0,0,0.260567769924026,0.114956755721254,0.176944417372498,0.180643251599742,0
0.517491001062904,0.183223260423151,0,0,0.299285738513945,0.220337806632048,0.143548248412605,0.104736845911471,0.0970515184036131
0.539344702986177,0.22595807328414,0,0,0.234697223729683,0.0067931455799869,0.192900543081106,0.168597556357953,0.019315649900141
0.525145275122936,0.246772125062968,0,0,0.228082599814096,0.0385831853192867,0.248795671266228,0.260345878791176,0.0183500030621624
0.456142765861376,0.220400887416515,0,0,0.323456346722109,0.348016600045685,0.284272900818139,0.188968009907933,0
0.482516288587798,0.235367075046746,0,0,0.282116636365457,0.199350717763297,0.241995495514937,0.182374984485848,0
0.425216065293884,0.198862086229356,0,0,0.37592184847676,0.27968125287289,0.231970514564105,0.166124726522014,0.0292234529356762
0.457092498380204,0.265179849673684,0,0,0.277727651946113,0.282108141201839,0.254311321922166,0.224923346413418,0.0529636224983786
0.342331832307271,0.323801663756913,0,0,0.333866503935816,0.181732246987215,0.213702440812516,0.159750257638933,0.0288840658636058
0.486473422253467,0.241567353383697,0,0,0.271959224362836,0.101556190838213,0.249001413495334,0.106644367682805,0.0876614433781922
0.509638793590031,0.106286980368461,0,0,0.384074226041508,0,0.100247486960847,0.115046992654298,0.00460082305826769
0.531187476427809,0.131343792023594,0,0,0.337468731548598,0,0.155522959758386,0.107710320361987,0.0187679536595673
0.46719911737469,0.211634637474036,0,0,0.321166245151274,0.308692581247489,0.144087144773769,0.138529886082533,0
0.419337861967761,0.164815749642533,0,0,0.415846388389706,0.220795469468722,0.13165763087637,0.131721953385996,0
0.493374256221555,0.207400834983966,0,0,0.299224908794479,0.317072271218774,0.284293282510206,0.151970352074493,0
0.518144819498522,0.164542954762949,0,0,0.317312225738529,0.0564771743310364,0.19998726944963,0.0783710450057424,0.066063575702578
0.496880260912825,0.153964388936694,0,0,0.349155350150481,0.227150321498205,0.17608391324952,0.158690827159601,0
0.44214099209832,0.286384345139063,0,0,0.271474662762617,0.275821314372941,0.185845358647597,0.186622444528733,0.00697256913313074
0.49744022955325,0.204456035920829,0,0,0.298103734525921,0.188828603162335,0.190304349989857,0.0750393954145013,0.0464497098599836
0.478190663235039,0.203596309749942,0,0,0.318213027015018,0.379650932137056,0.174709149611923,0.14671051070906,0.0300241097743436
0.524986350642426,0.156760507911669,0,0,0.318253141445905,0.0551778269226037,0.179538314831605,0.101872734009999,0.054007428463135
0.47671691851645,0.187915625136813,0,0,0.335367456346738,0.296812013761376,0.260201109769595,0.110460859332973,0
0.502245388992057,0.226316524334646,0,0,0.271438086673297,0.195154299581268,0.157129639138819,0.125957092549188,0
0.51453488619143,0.246240068303901,0,0,0.239225045504669,0.11031785018428,0.192971006384422,0.101491243386417,0.0492340122798348
0.532070455605625,0.203884619536761,0,0,0.264044924857613,0.275654190511727,0.229633270914182,0.114002807603331,0.045594041122912
0.538735093500946,0.134011772050763,0,0,0.327253134448291,0.183490877194324,0.144281417289419,0.201137304928364,0.0666520493323972
0.398639962816249,0.205339325029405,0,0,0.396020712154346,0.220848063903369,0.163101208186583,0.17050994614258,0
0.593766323790017,0.163756921532789,0,0,0.242476754677195,0.0496184366381435,0.169495970609109,0.1647704256256,0.0162704179869526
0.482803577802893,0.17085177214543,0,0,0.346344650051677,0.164100280884615,0.0661541249191952,0.268152477684655,0.0537501357587618
0.43673285046205,0.235899320981958,0,0,0.327367828555992,0.288636488388728,0.263824138469829,0.119812405428416,0.0281526992390435
0.394851896448246,0.257586555669105,0,0,0.347561547882649,0.30185917940513,0.256928945952848,0.219821590219152,0.00688855105919012
0.488170844241301,0.202869129564442,0,0,0.308960026194257,0.191985301120131,0.178442011387622,0.09205075292377,0
0.492225323647959,0.248226498670204,0,0,0.259548177681837,0.193056797753647,0.115622037836545,0.23566281065628,0
0.488562008660538,0.21657853465453,0,0,0.294859456684932,0.144154964071138,0.203575370465479,0.154114613376707,0.00470102188051883
0.439541634933756,0.204093318804787,0,0,0.356365046261457,0.086933954133333,0.218288567863186,0.185269794056523,0.0141116255553594
0.413238069763025,0.273333325560207,0,0,0.313428604676768,0.260082908523994,0.267326371699184,0.148946958652968,0
0.437934898056513,0.163026412007613,0,0,0.399038689935873,0.347462025388479,0.105536667780194,0.132836685090994,0.00629537785229382
0.457880141133063,0.163269238988875,0,0,0.378850619878062,0.0685718081387148,0.179592576939682,0.124101138161636,0.00540553700397484
0.477191551712924,0.224776329192598,0,0,0.298032119094477,0.216882431186397,0.171118578780693,0.171833596633729,0.0168528516102107
0.558050395575723,0.150546793939943,0,0,0.291402810484334,0.257454659741905,0.153101755262334,0.148748426935762,0.0115626151408007
0.492143401575898,0.210791611690969,0,0,0.297064986733133,0.0783426060757866,0.137116026277032,0.137246240586903,0.0167939745950866
0.543559434184163,0.198437488734696,0,0,0.258003077081141,0.41735815923744,0.163547230955038,0.164279369432794,0.0439581247538331
0.512757788254525,0.289060839711981,0,0,0.198181372033494,0.22270494841853,0.203153065543997,0.167477689709625,0.0283916125592898
0.460625079558337,0.283609152439784,0,0,0.255765768001879,0.332462033657564,0.269381968396396,0.134154335595723,0
0.417274886687043,0.26991174420504,0,0,0.312813369107917,0.12648529903646,0.176786750330098,0.136764510671424,0.00879968951614386
0.524341729641614,0.173470893523203,0,0,0.302187376835183,0.370211655691906,0.19541798667442,0.134112300842539,0.0257091254842402
0.488160155416622,0.193594275651932,0,0,0.318245568931446,0.185596355426063,0.236242094441833,0.176413720179798,0
0.497318741308051,0.124231624097864,0,0,0.378449634594086,0.0685020087648185,0.163810390890418,0.0965663911451691,0
0.443743485086243,0.246044343840565,0,0,0.310212171073192,0.221390780858419,0.195479396498424,0.181447461317387,0.0352847603396113
0.446398049315948,0.246783257451235,0,0,0.306818693232817,0.128877269459207,0.184755002367285,0.126948126155619,0.0346443178436607
0.55611206993885,0.198756566424479,0,0,0.24513136363667,0.298915396475843,0.202181672695488,0.154192467710871,0.0445826289748593
0.463502292925056,0.226945568432873,0,0,0.309552138642071,0.243992599704339,0.213205321240755,0.175049573976865,0
0.414446575456698,0.247992130211202,0,0,0.3375612943321,0.186220161791931,0.160521973735433,0.141642059833696,0.0760242141536278
0.465138329321256,0.208370591642621,0,0,0.326491079036123,0.263621242219918,0.200529674410082,0.140761609664017,0.00823049798710081
0.442513311241391,0.215758070015832,0,0,0.341728618742777,0.347213266570553,0.183980141268629,0.148017679926473,0
0.457649583429075,0.213443583717438,0,0,0.328906832853487,0.250365515435617,0.169964891020687,0.135586309577729,0.0275469931275007
0.467257774608059,0.227173286314872,0,0,0.305568939077069,0.0740181704504476,0.224759190562404,0.17137359279305,0
0.476427084242622,0.162339993561717,0,0,0.361232922195661,0.106174848986161,0.163910933453876,0.12246845996058,0.00548125737387261
0.423164032880586,0.21846406462429,0,0,0.358371902495124,0.266396653400503,0.226997196308171,0.143835945893373,0
0.492501604224396,0.263234024324893,0,0,0.244264371450711,0.360807160545467,0.171283880311602,0.12083806819615,0.0428514473045577
0.452454022079924,0.228162199570715,0,0,0.319383778349361,0.360995156707979,0.224963618247321,0.112079670756932,0.0246040761990909
0.430617184236354,0.166716102771853,0,0,0.402666712991793,0.231380655683954,0.161756435404979,0.129516430172337,0
0.469810604637183,0.219918630071153,0,0,0.310270765291664,0.266555658574992,0.243785846026287,0.0705514834286553,0.0396373879824514
0.540186202291133,0.129660915715657,0,0,0.33015288199321,0,0.195201378750777,0.152394263358917,0.00903117421550361
0.491232251207866,0.18201248493065,0,0,0.326755263861483,0.365399000408847,0.196316885387277,0.135426644233146,0.0287437058765968
0.442799615816137,0.161632012418351,0,0,0.395568371765511,0.0188468479864705,0.160574178070272,0.0859823935649262,0
0.486717577374126,0.199638098762341,0,0,0.313644323863533,0.277799325890109,0.241454775067472,0.106767595824345,0.0356109930530231
0.465138383353887,0.214528331337639,0,0,0.320333285308474,0.232909993082242,0.270999484964451,0.124954359121654,0.0176917246318079
0.438943253017397,0.267727601906254,0,0,0.29332914507635,0.469384215917956,0.252813267660034,0.16369695114639,0.00533286807108636
0.472132055868346,0.173720496776189,0,0,0.354147447355465,0.200998495468258,0.160300779255252,0.117086233360175,0.00842739041335352
0.483136604951706,0.156594540230913,0,0,0.360268854817381,0.0443321302035475,0.244199320047884,0.148560368025663,0.00713480346440987
0.588005723609814,0.123638904757317,0,0,0.288355371632869,0.0301858960172755,0.14083433989238,0.20042587002122,0.0203656805457099
0.454261920174283,0.24878758263114,0,0,0.296950497194577,0.28275683802429,0.156353251117496,0.122761154365491,0.0405399488906897
0.454100383125819,0.253692204898543,0,0,0.292207411975638,0.322799051918727,0.212799572604539,0.171316212429552,0.0374275911886899
0.470554394808026,0.150140031683618,0,0,0.379305573508356,0.0479893684552693,0.124058479135198,0.179548917200805,0.00563217072608817
0.524620530857669,0.152345959248421,0,0,0.323033509893911,0.450950172568547,0.221320788323696,0.124891773393974,0.0378622397958884
0.468194915042503,0.0647209577528724,0,0,0.467084127204625,0.0484339941201686,0.0681828293185902,0.0512388131281164,0.0245574013675687
0.454498122021197,0.256241970909317,0,0,0.289259907069486,0.306365297318682,0.218752608721069,0.201992244726428,0
0.435577082026831,0.167967757123566,0,0,0.396455160849603,0.0163903273094418,0.218581231561029,0.0759642024029716,0.0574949636425183
0.403839875050194,0.177044615700509,0,0,0.419115509249297,0.171891596289587,0.139041867825913,0.136559936742342,0.0244707297003869
0.494021118087101,0.139207148317608,0,0,0.366771733595291,0.0749828708038656,0.26650785803509,0.0916411374141873,0.0565406958311604
0.511149303673087,0.175858492909414,0,0,0.312992203417498,0.183004380112035,0.286873218654123,0.143534042364909,0.0274339835188767
0.515596552460762,0.161525464357933,0,0,0.322877983181305,0.0511397819564121,0.150193845767205,0.112470977226486,0.0157227601583528
0.504513154126649,0.170805845529138,0,0,0.324681000344214,0.0382740218683927,0.218852666648931,0.170870611339595,0.0443966339780604
0.598568186130744,0.118484650685922,0,0,0.282947163183333,0.191256201245642,0.138202620024976,0.0973518019252278,0.0151069221725043
0.552167957898168,0.194411230552574,0,0,0.253420811549259,0.0503124740221904,0.192792173535888,0.146732165004544,0.00556406253497105
0.532782434042068,0.154262254789198,0,0,0.312955311168734,0.16225257740189,0.198230759875532,0.14566181395295,0
0.498597016256344,0.162037956389978,0,0,0.339365027353679,0.300975638118142,0.104073214557638,0.115581399955302,0
0.469713239374522,0.182572078792456,0,0,0.347714681833022,0.0209896516419721,0.187768014885941,0.16454625802952,0.00597984957592793
0.484222911830511,0.227804830398056,0,0,0.287972257771433,0.295949292039791,0.191978299403712,0.219574848250264,0
0.467884139012623,0.169887534234744,0,0,0.362228326752632,0.247599095035618,0.149801554219071,0.0960075456222681,0.0111817326921389
0.448881952538566,0.24451157319041,0,0,0.306606474271024,0.284789804424542,0.264397727626401,0.144713298742947,0.0142216496888647
0.415319236431025,0.241617289679393,0,0,0.343063473889581,0.363099666055025,0.149036863373138,0.153256962296864,0
0.539919833836843,0.185555570188647,0,0,0.27452459597451,0.118513335407557,0.143706011878391,0.181086108213259,0.0221260953573176
0.425789202629156,0.171437905002798,0,0,0.402772892368045,0.172580015805721,0.265752337492553,0.0907301410824256,0.00630931625031827
0.417143792941655,0.260989102641448,0,0,0.321867104416897,0.30585027175779,0.162386528667065,0.116474110448904,0.0449131684613702
0.450620945835274,0.316782284735729,0,0,0.232596769428998,0.391719413456813,0.210634410036384,0.163609980751212,0.0465982617675337
0.512251609907074,0.161145159325002,0,0,0.326603230767924,0.0310129956680895,0.188079081587823,0.165839404140873,0.00520353694796922
0.366555245518281,0.349050549464859,0,0,0.28439420501686,0.356589233999016,0.302014727178567,0.225129779671074,0.0308715995506999
0.530901070802883,0.166203954429303,0,0,0.302894974767814,0.104743540067196,0.117712307772359,0.21478232413744,0.00879133599569208
0.483658253299799,0.320152619869896,0,0,0.196189126830305,0.475836036737244,0.292854322540281,0.208949608040295,0.0195859723337888
0.373427740786322,0.308347828658341,0,0,0.318224430555337,0.29025997921963,0.235723110207992,0.123302468768622,0
0.397410179603925,0.245708494990327,0,0,0.356881325405748,0.31382297823311,0.262168508680186,0.0932114293239916,0
0.458361779685834,0.195911962712945,0,0,0.345726257601221,0.0443921143506436,0.221741096955265,0.096847364912396,0
0.508990298954066,0.187497317661727,0,0,0.303512383384207,0.338725712868772,0.163499563506123,0.191085963022382,0.00706430569076625
0.529227523648981,0.116143376429999,0,0,0.35462909992102,0.21396803986656,0.103088772021193,0.118559105056469,0
0.525227123212426,0.160451331410295,0,0,0.314321545377278,0.169427893402852,0.211925811379409,0.161980381596914,0
0.421688895789915,0.242670457297689,0,0,0.335640646912397,0.355203454728877,0.217925757925969,0.195707932088482,0.00708535248556423
0.536617766421975,0.192860555757964,0,0,0.270521677820061,0.229009164333954,0.354140545103145,0.15150120357999,0.0326843910584433
0.409548991677897,0.277699046635281,0,0,0.312751961686823,0.332094346438186,0.247477372457892,0.199208035999093,0
0.530113281565956,0.209584280106394,0,0,0.26030243832765,0.158651085935211,0.181243927341232,0.0972164599021996,0
0.489107793892719,0.240664293607738,0,0,0.270227912499543,0.363411085270011,0.265722297045812,0.119257156890922,0.0412373143099996
0.375209323184785,0.246415577059636,0,0,0.378375099755579,0.338157195878741,0.25783113879764,0.135955903748684,0.0652184280182037
0.509745507343638,0.212407309215639,0,0,0.277847183440723,0.167338392741943,0.218094093723207,0.179829647029676,0.0312500582343773
0.44259652946015,0.230834547044263,0,0,0.326568923495587,0.208151256627828,0.212450223620985,0.134307495901958,0.0365454345484684
0.397730118237109,0.338678824621701,0,0,0.26359105714119,0.166486331836266,0.222630367555186,0.121229667807141,0
0.478941578009196,0.211191378376505,0,0,0.309867043614299,0.15000705292608,0.223188038253997,0.154419514172052,0.0346253591198784
0.500833414586445,0.184061232766865,0,0,0.31510535264669,0.0668839256884166,0.212251467867164,0.195974191743092,0
0.540476159873337,0.129692824576194,0,0,0.329831015550469,0.00189195150904821,0.194509055273873,0.182436196085127,0.0156561166133686
0.459341172718902,0.132462465076687,0,0,0.408196362204411,0.317371513643146,0.124953982126579,0.114156369649464,0.0120730335709742
0.504501727995473,0.257637131248992,0,0,0.237861140755536,0.319555965147881,0.230122667451093,0.137585083666484,0.0302751290430563
0.4658338609901,0.231583173506942,0,0,0.302582965502958,0.377423787799613,0.141422340109005,0.188580071658782,0.0204503895959058
0.431948055758987,0.268767215538556,0,0,0.299284728702457,0.221702703588884,0.143619286501566,0.103650398093342,0.0158662082830906
0.357558649832094,0.294570973525543,0,0,0.347870376642362,0.269143312876683,0.197657177530956,0.17366130818486,0
0.418062925950756,0.170004298898962,0,0,0.411932775150282,0.29187690008608,0.134527196663476,0.122366813968782,0.0358094512277413
0.390806932039841,0.299771547524787,0,0,0.309421520435372,0.269150753204882,0.296447563451602,0.151766330819977,0.0189062995513088
0.414217627063637,0.322056080228928,0,0,0.263726292707435,0.264796989555858,0.216581070207629,0.159747924599904,0.0244240460564957
0.435863542901928,0.286287929067219,0,0,0.277848528030853,0.0322714624446451,0.23732003750731,0.115646892935817,0
0.506059755685409,0.136889266560221,0,0,0.357050977754371,0.0308586204609967,0.202962491985531,0.0262918075082319,0.0541503912913283
0.474492577375771,0.208366143135649,0,0,0.31714127948858,0.208007320064458,0.217567905643828,0.149100786939101,0
0.444219338590214,0.215456127952033,0,0,0.340324533457753,0.100707912283285,0.273042734923697,0.129044537023701,0.0055616408413743
0.541576196274022,0.119130685666278,0,0,0.3392931180597,0.0907967451933367,0.257878676104013,0.195364081349135,0
0.434401404716313,0.177661656057839,0,0,0.387936939225848,0.0387319060497259,0.126046335992235,0.180060242987786,0
0.508472325693826,0.233055246348144,0,0,0.25847242795803,0.435612669845348,0.253921915657688,0.226636948699048,0.0186494454192361
0.51307442087731,0.13393054108722,0,0,0.35299503803547,0.0948683242318627,0.222393528710091,0.124367970633797,0.0120500663545303
0.463845388341279,0.220973023816523,0,0,0.315181587842198,0.344119262451388,0.203557749013679,0.18613912030032,0.0738859648468992
0.513595047031169,0.169433340598096,0,0,0.316971612370735,0.12016435783127,0.260779121694515,0.17997084480732,0.0349402032266761
0.512420351137768,0.171253353208231,0,0,0.316326295654002,0.193256992263451,0.190794733915394,0.109699580801371,0.0350949753518542
0.458561670588649,0.251065252365986,0,0,0.290373077045365,0.293672606533241,0.190212377836817,0.125135468323995,0.00660650215461159
0.608618350869999,0.106645442370091,0,0,0.284736206759909,0.085737140117062,0.19666262004605,0.189664176133384,0
0.483529412531958,0.224116104473735,0,0,0.292354482994307,0.29670968296045,0.190304219298758,0.172307857121171,0.0452944227056195
0.486341610149637,0.185440589328271,0,0,0.328217800522093,0.201580773069373,0.176213327064547,0.112109921395494,0
0.536569533226095,0.117514285343133,0,0,0.345916181430772,0.0582194201299725,0.205059319698924,0.0608553467362469,0
0.470878091616118,0.207772355017452,0,0,0.32134955336643,0.306801471696465,0.1741210437346,0.174883696350623,0.00648601899352619
0.4092956207913,0.277954861664744,0,0,0.312749517543957,0.235471272538396,0.226716022970167,0.199039656253809,0.0155103172866866
0.500636386438344,0.160866299151592,0,0,0.338497314410064,0,0.210313921321198,0.0910397026651961,0
0.421250367261572,0.159589936069645,0,0,0.419159696668783,0.345028790119892,0.148294083424715,0.153507170286107,0
0.445246472696866,0.261459794481527,0,0,0.293293732821607,0.124136823247793,0.211293082349697,0.17184060793548,0.064684923105775
0.466232678481639,0.204912417769435,0,0,0.328854903748926,0.19568230927614,0.212411833635718,0.108400759130259,0.0340692707119214
0.444048782674968,0.211700332315417,0,0,0.344250885009615,0.32617083834601,0.14741904019081,0.17439943448813,0.0049504246235087
0.381581637231451,0.296148212369371,0,0,0.322270150399178,0.323295088505409,0.203064680851035,0.207933040849271,0.0464296011603414
0.474772658075163,0.172937890749428,0,0,0.352289451175409,0.336992645033765,0.149504192860475,0.178898665284782,0.00877243523654087
0.448485057846985,0.180571733388957,0,0,0.370943208764057,0.26761747661762,0.190489100853535,0.0767969832696936,0
0.568257802751198,0.150171369737972,0,0,0.28157082751083,0.277864160260466,0.18642828624116,0.155111089832776,0.018218049971937
0.563471286280699,0.183830412922964,0,0,0.252698300796336,0.209628112525357,0.210351435839877,0.179977823343022,0.00583550990517896
0.388882622659717,0.232421489096205,0,0,0.378695888244079,0.276681471185385,0.125540802343414,0.215303874042076,0
0.536548143203326,0.204808753029089,0,0,0.258643103767585,0.142965339543657,0.217813050009712,0.154861333338822,0
0.511561858174958,0.194600565712084,0,0,0.293837576112958,0.170107868728442,0.165355905507494,0.146180782388775,0.00748021821393808
0.440896519069116,0.268555769684473,0,0,0.290547711246411,0.27598665184351,0.174183895088751,0.143445130097541,0.0284149375029319
0.497558396514998,0.217608525922058,0,0,0.284833077562944,0.258964486499808,0.20961568800382,0.19388839185155,0.0218445800199263
0.478257302201381,0.246503081631551,0,0,0.275239616167068,0.460386935775208,0.232328222159227,0.170410051772179,0.00420460182057886
0.427676694086418,0.145447509101756,0,0,0.426875796811826,0.109498094456284,0.140140648585031,0.163236787706292,0.00567430842192745
0.381883833490403,0.223428595163402,0,0,0.394687571346196,0.215876194474442,0.187119755095225,0.104964507168334,0
0.522735550502572,0.152135458568289,0,0,0.325128990929139,0.13873053820537,0.184758317543436,0.0771630763576184,0.0341738204276437
0.482289491007849,0.189124902863735,0,0,0.328585606128416,0.432669314927183,0.118887074532217,0.0979925992572011,0.0487280213213305
0.505019106439074,0.21096403750384,0,0,0.284016856057085,0.353581804615447,0.171762302580383,0.143662430586663,0.0317271708552724
0.493334857967061,0.212096904988679,0,0,0.294568237044261,0.322840353021481,0.19300057606457,0.0719206178235646,0.0505529845569775
0.534396608308399,0.132244211838416,0,0,0.333359179853185,0.271827115800041,0.25444571517383,0.17328772080536,0.0179692211114995
0.39991989457023,0.285262576906091,0,0,0.314817528523678,0.325038576567363,0.18034328548344,0.0944294943623454,0.0059160419718193
0.502731728432465,0.190451608601999,0,0,0.306816662965536,0.209786664910393,0.200692887169344,0.269007754203365,0
0.540262674158317,0.145550724232465,0,0,0.314186601609218,0.149407870115012,0.233329925832861,0.163302113960256,0
0.45739411291912,0.230838816349819,0,0,0.311767070731061,0.247806098565998,0.175129503622369,0.152235196553845,0.0456098982752793
0.579455923027724,0.140156797920429,0,0,0.280387279051847,0.11282415001088,0.216477714790413,0.177744715597482,0.0115122811565147
0.492206749427909,0.148893227083033,0,0,0.358900023489058,0.233843080057173,0.143921991514079,0.150249100630261,0.0104585315271584
0.579896186758194,0.121511451525716,0,0,0.29859236171609,0.222591979231686,0.237345054959808,0.210911538067633,0.0115426480848958
0.398102281117395,0.170536487746646,0,0,0.43136123113596,0.141076287006425,0.165773976624708,0.141070408972448,0
0.447745887310464,0.201946948148788,0,0,0.350307164540749,0.190210793255172,0.274753621060997,0.165491890989697,0
0.436030372781641,0.254468475597064,0,0,0.309501151621295,0.364481577616258,0.209224963186405,0.14824477731338,0
0.412899148572146,0.172693393497042,0,0,0.414407457930812,0.249327578374492,0.180582422197055,0.0593553148675699,0
0.419975695472838,0.235431579978126,0,0,0.344592724549036,0.138680007764636,0.158535242851778,0.197798891550345,0
0.535342552549223,0.154883471492369,0,0,0.309773975958408,0.319869937719319,0.0849610902134022,0.195308019870957,0.00979307175649928
0.56046237142437,0.155876172423788,0,0,0.283661456151842,0.325369222128035,0.165892295702367,0.112774894832872,0.00542731951429162
0.452125896615676,0.200750551223647,0,0,0.347123552160676,0.17891199533864,0.173981141305836,0.0569395176678266,0
0.479305087327471,0.13814539001008,0,0,0.38254952266245,0.016679234010141,0.139611356520183,0.104146767337176,0
0.446722786268857,0.146279679407741,0,0,0.406997534323402,0.24609464057732,0.214021843620843,0.11805673341924,0.00979159875947986
0.496331453899628,0.190702967702648,0,0,0.312965578397724,0.220527763538439,0.189772769910312,0.14000593072855,0.00660206487230877
0.498818775144705,0.126164602071032,0,0,0.375016622784263,0.014462086048832,0.158784944667221,0.155603524634483,0.00865776257172052
0.518529791482191,0.169743870047377,0,0,0.311726338470432,0.0272659079087619,0.206057923895966,0.175365115280157,0.0053960680159982
0.515343943866567,0.175209201823982,0,0,0.309446854309451,0.0114140462722614,0.148191465453076,0.178435937667846,0.0596176326776365
0.499070252391223,0.168877960699904,0,0,0.332051786908873,0.0311295290632675,0.199543606312375,0.0848328322281221,0.0290277597535987
0.538699339215508,0.129300829116232,0,0,0.33199983166826,0,0.148776704769393,0.0821700131189333,0
0.488528309737994,0.15203120960067,0,0,0.359440480661336,0.129150542099702,0.192242680673605,0.0548187049104272,0
0.422432119198509,0.202902679543344,0,0,0.374665201258147,0.347844271395696,0.22083247209854,0.0911908579882456,0
0.542872047223992,0.094350203249443,0,0,0.362777749526565,0.0652461832275257,0.191322977642899,0.0995111275295872,0.044631988265356
0.504562055156182,0.226496548372401,0,0,0.268941396471416,0.277592996218751,0.256319092227389,0.166845263033128,0.0374982383398822
0.459255198261875,0.210582672852596,0,0,0.33016212888553,0.225448121218809,0.250488321486109,0.105383805359798,0.0166562985357502
0.479061270038368,0.200100655748007,0,0,0.320838074213625,0.152296752848092,0.192297927802791,0.18786057783256,0
0.56196606301637,0.138510002781387,0,0,0.299523934202242,0.0931992022589806,0.20843153419326,0.190177317533616,0.0053174205767504
0.440877648173211,0.264796538241562,0,0,0.294325813585226,0.144611865147584,0.218971343697116,0.183616130645195,0.0115463556345087
0.445366661985821,0.158263620140344,0,0,0.396369717873835,0.153524158046739,0.129183311537075,0.0869892519628462,0.00572746120075162
0.500153977287475,0.235738377867543,0,0,0.264107644844982,0.384038478615728,0.234331788072485,0.185590113972331,0.0248988633937218
0.444979994042272,0.240236345248139,0,0,0.314783660709589,0.322865429609077,0.168309279582115,0.11705661758767,0.0430196567513541
0.497146581965129,0.215344983479441,0,0,0.28750843455543,0.0911303857915591,0.231763383761541,0.0762298610325275,0.0247868320225646
0.490511052688978,0.19566042275759,0,0,0.313828524553432,0.258492726389897,0.162400388079279,0.115379028548518,0.0182939036013627
0.435926246593239,0.277325519601911,0,0,0.28674823380485,0.418457008803521,0.226331081588927,0.164214124072434,0
0.516755063332372,0.183098941667301,0,0,0.300145995000327,0.169028790485945,0.181028055409273,0.242029297128962,0
0.54057952879609,0.167695253856275,0,0,0.291725217347635,0.0956498916870513,0.293127944584432,0.120702491234716,0.00430868727587864
0.498512535424769,0.159692068292148,0,0,0.341795396283083,0.381325085144383,0.131771702446153,0.170756439897792,0.0578709308955556
0.517218839144707,0.140797307815724,0,0,0.341983853039569,0.153220443009772,0.213475333107977,0.139384322896759,0.00696483656627546
0.440394749985778,0.213130404230842,0,0,0.346474845783381,0.194309088966828,0.250842451765173,0.10004194220227,0.0287275331976617
0.504742084040047,0.194865961838644,0,0,0.300391954121309,0.407509034635794,0.141116652145659,0.126618233674783,0.0518478303230199
0.455107329542308,0.23170905909996,0,0,0.313183611357732,0.0871211970941759,0.216110426959656,0.126146488824662,0.0157600080241138
0.455062550119742,0.145134825953816,0,0,0.399802623926442,0.0526404907334395,0.12527221235696,0.114026442320746,0
0.451193581941688,0.200581630789474,0,0,0.348224787268838,0.195188340061567,0.169368090860046,0.0722308433130525,0.0261890298807279
0.53357651092592,0.172074491452807,0,0,0.294348997621273,0.191438544512689,0.198543825813528,0.155280286673432,0.0548233241824835
0.442187856994308,0.244372033285614,0,0,0.313440109720078,0.242331267529636,0.210024073286536,0.166703754680761,0
0.43748263199685,0.217175149084725,0,0,0.345342218918425,0.297957995260816,0.218262927820253,0.0921682303991956,0
0.531422619043065,0.1878123483573,0,0,0.280765032599635,0.259700128331829,0.211962566607256,0.148478939128496,0
0.481927415339656,0.19926506621643,0,0,0.318807518443914,0.247973138548814,0.151220479958812,0.145207130166663,0
0.418592547861717,0.22465941265972,0,0,0.356748039478563,0.290150293743128,0.183006847491845,0.146620903431589,0.0113304965823475
0.475845498982844,0.247986323973277,0,0,0.276168177043878,0.229561046627819,0.169709340108961,0.158274508757873,0.00432081605417628
0.430006330265468,0.183175527177444,0,0,0.386818142557088,0.187783525004304,0.134516095122691,0.126424118562674,0.0122395194761101
0.477512967211095,0.18976658666042,0,0,0.332720446128485,0.314936827436876,0.238930745450484,0.190848686634374,0
0.491159454995395,0.175812744548324,0,0,0.333027800456281,0.212885787335008,0.21299337002623,0.130601344498795,0.0639214261150512
0.485504931827726,0.247699397168251,0,0,0.266795671004023,0.323497780266936,0.27497552477921,0.192582616901567,0
0.478569950666015,0.210372933360611,0,0,0.311057115973375,0.0516753229176461,0.224464760476106,0.186957378904606,0.0367796811316321
0.491284256898855,0.204483786955816,0,0,0.304231956145329,0.317088159603576,0.188312197911585,0.181223100160079,0
0.491313257599031,0.211786294231134,0,0,0.296900448169835,0.267805008202645,0.170666961564966,0.0354444006691336,0.0507260228581841
0.565878439887684,0.161241018776752,0,0,0.272880541335563,0.114889082052687,0.208766675574782,0.140912304888877,0.0497550165382379
0.455002494091791,0.162421796976808,0,0,0.382575708931401,0.133696580086337,0.228641387110017,0.0841948549515791,0
0.522254483082509,0.173975652486258,0,0,0.303769864431233,0.0877984405791415,0.236029826306164,0.162420331736155,0.00721712395558468
0.457553873278738,0.277321159730251,0,0,0.265124966991011,0.234253978316715,0.145713103824315,0.166727219925328,0.0341527824169352
0.502694661357187,0.2030386041654,0,0,0.294266734477414,0.212224657023291,0.200315317754966,0.140638781496638,0
0.48105335649249,0.20015532978703,0,0,0.31879131372048,0.165123747053879,0.147456396132612,0.211550604237628,0.0101065031178404
0.399420563974843,0.236798192391398,0,0,0.363781243633759,0.14897342043596,0.178844454550544,0.167001350988733,0.02329227244453
0.573213109346578,0.129447097258114,0,0,0.297339793395309,0.189125816461448,0.21723753316326,0.134553544765225,0.00936098604555217
0.42779043444803,0.256697967805972,0,0,0.315511597745998,0.326159572551952,0.201567289376223,0.186974511465056,0
0.469389332123684,0.153018623240163,0,0,0.377592044636153,0.140210772386268,0.166027009780962,0.0880353894662824,0.0244661544838338
0.428818359187736,0.238152445299991,0,0,0.333029195512274,0.369117021256199,0.139345550217207,0.152470695021181,0.00571579641970611
0.473505176410897,0.161576904574484,0,0,0.364917919014619,0.101344472607667,0.153711395869084,0.0828832117219979,0.00462468004127941
0.47208919655452,0.1888185345387,0,0,0.33909226890678,0.0343418295499309,0.14654480304583,0.196393015414053,0.0365584106272537
0.548397530128131,0.185449656629464,0,0,0.266152813242405,0.227249929091813,0.210723558194471,0.114983588361983,0.00490463320901209
0.587281755586405,0.121036821956831,0,0,0.291681422456763,0.0885946872641252,0.200852711002935,0.193597046251661,0.0577275015349582
0.409774918145607,0.235076229379137,0,0,0.355148852475256,0.306467853305308,0.178647122935403,0.127242512658092,0
0.416466596707161,0.191126218727698,0,0,0.392407184565141,0.191630632951776,0.280853304236981,0.127014722558242,0.00586328791579165
0.474004973898696,0.184393624709168,0,0,0.341601401392136,0.132746839773656,0.164278619633763,0.0723011518348077,0.0119676222788036
0.438616533483604,0.187743374057061,0,0,0.373640092459336,0.5,0.138776893848498,0.132792775456935,0.0626146772666585
0.475264483243304,0.183933953410199,0,0,0.340801563346497,0.105530104763638,0.242624299043987,0.227539006355097,0
0.440706038286772,0.239138282472454,0,0,0.320155679240773,0.215895561505344,0.27564608118139,0.109242889569222,0.00864368421421095
0.394872309201629,0.238304218069922,0,0,0.366823472728449,0.169984375155073,0.211439916501651,0.120184267019752,0
0.385629912315584,0.274354811781427,0,0,0.340015275902989,0.273581794424459,0.260574407715127,0.0974465906362404,0.0176773169123631
0.469762422125334,0.186549752996413,0,0,0.343687824878254,0.186332572523178,0.202051697065119,0.152249456492805,0
0.419195358344332,0.190750546729429,0,0,0.390054094926239,0.179544861654459,0.156499693863685,0.0868403083751786,0.00675863012925454
0.413593754045348,0.243761088121293,0,0,0.342645157833359,0.130045254260191,0.164954752027421,0.17819432163128,0.00513640200352028
0.454270866423767,0.210055448531285,0,0,0.335673685044947,0.163760117144496,0.191189360523832,0.144575872511791,0.0369180566867452
0.448771929256935,0.295179006580045,0,0,0.25604906416302,0.370346437776676,0.203977551554082,0.0844856377872841,0
0.462324588672845,0.184576722580486,0,0,0.353098688746669,0.126171956543757,0.189382173926165,0.0985081160457436,0
0.516689107135412,0.191857420821851,0,0,0.291453472042737,0.280628914285114,0.122717928640173,0.110603139319579,0.0330804107811774
0.445237395834524,0.211131333129396,0,0,0.34363127103608,0.391476206079205,0.12994831739644,0.131870857739913,0
0.4263626540955,0.226564908902119,0,0,0.347072437002381,0.410573821665621,0.182050117130782,0.081838571869626,0.0464002735852698
0.420192462388234,0.31152102766823,0,0,0.268286509943536,0.222399822932491,0.270406837531492,0.145826809881489,0.0117697483393495
0.461447008596995,0.256575850432801,0,0,0.281977140970204,0.234189808327112,0.216481978845457,0.181332720077085,0.00738297534536995
0.59452097822972,0.095997648475409,0,0,0.309481373294871,0.0804304619132803,0.213943534269705,0.112251877535581,0.0289324647230322
0.445166079446037,0.238691504522423,0,0,0.31614241603154,0.195806141965286,0.324247875642301,0.124569847246791,0
0.484194101916361,0.175269730974227,0,0,0.340536167109412,0.13390924964752,0.208074521182129,0.107843370145805,0.0207105107910519
0.447731330432128,0.11676087364567,0,0,0.435507795922201,0.0717160588030632,0.116233935119978,0.148765642514562,0
0.439979781985454,0.215719983520014,0,0,0.344300234494532,0.255549738566844,0.210305711618875,0.123216502402995,0.0132915943309766
0.459007146627322,0.221177647703266,0,0,0.319815205669412,0.320284736076552,0.263882885381873,0.211495077319601,0
0.497112617642473,0.168998835001995,0,0,0.333888547355532,0.439617308276994,0.172321625203935,0.184399075611342,0.0371042585691904
0.493981609840516,0.212201627436597,0,0,0.293816762722888,0.070280175730689,0.293377864168306,0.136944076344717,0.0528445072104552
0.433199844543229,0.261462584528973,0,0,0.305337570927798,0.29097554990302,0.212174037869026,0.0912510945548262,0
0.461894519193667,0.253943879631329,0,0,0.284161601175004,0.314092938104788,0.290057091875374,0.0851474689900389,0.0308701782749637
0.388664844060382,0.199132790559861,0,0,0.412202365379757,0.142554403121099,0.194306530702938,0.154412179165941,0.0856589499512865
0.456008587823377,0.247072002516234,0,0,0.296919409660389,0.365260495768552,0.182992728148392,0.159184053340421,0.0369987748205634
0.466911149874402,0.243256982202475,0,0,0.289831867923123,0.153650994395601,0.248701763418928,0.1268249772376,0.0312444024251291
0.451110925019194,0.263442190553079,0,0,0.285446884427727,0.314136793364873,0.242061238499424,0.152608242580745,0
0.440651712996638,0.143929987982667,0,0,0.415418299020695,0.160568643139287,0.117076372189088,0.0887583425223484,0.0416762701545972
0.410831394049373,0.230850294832746,0,0,0.358318311117881,0.247542244343287,0.171352052026308,0.177739100433414,0
0.422752841372888,0.264496037486919,0,0,0.312751121140193,0.202622381614447,0.227282784962313,0.208828795879518,0
0.520613233191701,0.191134091308846,0,0,0.288252675499453,0.211441128970947,0.152726788858261,0.115141094654756,0
0.503587024812725,0.18889330827624,0,0,0.307519666911036,0.180718820057787,0.214781114008113,0.208163009846096,0.0447929920791278
0.446541893184932,0.230171347040351,0,0,0.323286759774716,0.267522786698084,0.193072340349365,0.150186229833821,0
0.534749597564252,0.133009186111562,0,0,0.332241216324186,0.0341896112503145,0.149095378827416,0.214785147999531,0.0267681249262946
0.535044917699334,0.142356095939697,0,0,0.322598986360969,0.0328051430583453,0.203190629981763,0.148826711296419,0
0.510575119815717,0.153220129471678,0,0,0.336204750712605,0.0673527150271984,0.16130065437889,0.0919323555344233,0.0473582857803213
0.433211841628999,0.286774125504584,0,0,0.280014032866417,0.378254219920822,0.232117245841077,0.102684074920341,0
0.459768756137198,0.259144640131852,0,0,0.28108660373095,0.321216549884832,0.146723403619782,0.199950940406266,0.00603131618366146
0.536839489625492,0.132265403942087,0,0,0.330895106432421,0,0.18476434029567,0.116815168682728,0.00636449254655207
0.553204191054641,0.147747747896826,0,0,0.299048061048533,0.0704878020402428,0.126053557487424,0.166421835697815,0
0.394765623009564,0.282486040481538,0,0,0.322748336508898,0.414919982022429,0.219832075239899,0.157629520289988,0
0.512790828854336,0.210368557015483,0,0,0.276840614130181,0.22309009218961,0.193509768162989,0.163419237066535,0
0.44361336760401,0.181120780380454,0,0,0.375265852015536,0.356313251725705,0.190833918812341,0.105326338984618,0
0.486570232049455,0.272403542950938,0,0,0.241026224999607,0.298767754891398,0.200606671531738,0.15082206314263,0.00641960246261976
0.402409070455619,0.234941638992081,0,0,0.362649290552299,0.407602849915002,0.167702744365782,0.108695281237814,0
0.476197202338007,0.186539688679329,0,0,0.337263108982665,0.136902895469886,0.2547268408796,0.148956061618723,0.0390172292597218
0.556826431661213,0.192387338596231,0,0,0.250786229742556,0.280349371657863,0.138576803415821,0.134986128380343,0.0169223531869614
0.424056515479521,0.237723015217501,0,0,0.338220469302978,0.165704354277587,0.219062413616219,0.205192139221663,0.00463430822728794
0.488475737303718,0.229843708821527,0,0,0.281680553874756,0.456390151392217,0.265352923433651,0.144520478372415,0.0648388040998536
0.426714889569516,0.215921762564041,0,0,0.357363347866443,0.217223689788702,0.200889317526147,0.12933680586591,0.00528619264440094
0.515972353928395,0.137882868660832,0,0,0.346144777410772,0.189852687511053,0.144255887546578,0.152046548447581,0.0423001606750433
0.477804646965441,0.221862048584552,0,0,0.300333304450007,0.185997086648134,0.228768625578144,0.167327351767016,0
0.344305854899384,0.342355406963568,0,0,0.313338738137048,0.271695449536938,0.25681718006726,0.169435304114215,0
0.430422019231097,0.209120972415536,0,0,0.360457008353366,0.405146818651904,0.215998059587636,0.106570800936225,0
0.480882709824809,0.178180162848524,0,0,0.340937127326668,0.00479071822347754,0.148656227926392,0.203261403849313,0.03757879656904
0.412447975169883,0.268783112747224,0,0,0.318768912082893,0.317294189078406,0.321504123527902,0.175067317373112,0
0.46915258771966,0.202356233337147,0,0,0.328491178943193,0.0571644180733843,0.210596491086513,0.193416699179977,0
0.477028969246055,0.210784203701278,0,0,0.312186827052667,0.0102931473274839,0.18172892720601,0.164563534926293,0.0383829344084308
0.387373592107968,0.35372834102367,0,0,0.258898066868362,0.286199641072308,0.170927931850248,0.157505191778453,0.0265841472150717
0.43835900163138,0.209026023469967,0,0,0.352614974898653,0.15491367593066,0.180003935777689,0.149540625522515,0.0283414801558901
0.451028912611928,0.168804358146879,0,0,0.380166729241192,0.277906374092659,0.147014350042762,0.090091268075297,0.00616706597600979
0.520418381177845,0.165558384535511,0,0,0.314023234286644,0.266430718665891,0.125499530355108,0.0896918370038287,0.00590786972331037
0.460539690685677,0.279604221807564,0,0,0.259856087506759,0.282117226638819,0.105456363023853,0.203470049425485,0
0.505118911962455,0.126265620273639,0,0,0.368615467763907,0,0.226716560157153,0.106525759495655,0
0.473758612326157,0.21519641982903,0,0,0.311044967844813,0.21708644842082,0.249317330784141,0.149201180082189,0.0510686727283615
0.455306128664597,0.104591043207121,0,0,0.440102828128282,0.054587859084095,0.119408270114344,0.0680982945443995,0
0.468255247818685,0.23410270416435,0,0,0.297642048016965,0.335586646545613,0.198488757947483,0.103141822732922,0.0298920148845661
0.525243738185399,0.152432900083663,0,0,0.322323361730938,0.209982731247706,0.251037215872406,0.12031507776056,0.0431580066290404
0.543053972624553,0.137834967795005,0,0,0.319111059580442,0.00357394900833436,0.133963318236508,0.151194351608971,0
0.451141718933475,0.248658694017819,0,0,0.300199587048706,0.29071167222753,0.25948147082239,0.207073636264801,0
0.495357856754232,0.18876400327429,0,0,0.315878139971479,0.221175032438487,0.167805439272601,0.2368657286911,0
0.432691679017088,0.20064465858229,0,0,0.366663662400621,0,0.179390365417132,0.202471769901495,0
0.462850328725945,0.217666580045877,0,0,0.319483091228178,0.104148791849257,0.217530476323095,0.190225604760657,0.0112962548523659
0.447886221032929,0.260907273450881,0,0,0.29120650551619,0.299704332907755,0.20554353073876,0.224130526973325,0.0342568185787842
0.469708681030352,0.195126943527503,0,0,0.335164375442145,0.294455083363418,0.211382616884103,0.0972845853945475,0
0.495752622263555,0.27790111389886,0,0,0.226346263837586,0.145766222061779,0.227662623287325,0.160065760241032,0
0.450228074904612,0.189176869249134,0,0,0.360595055846254,0.423179270637892,0.161162688644709,0.0981553978488291,0.0288088694332539
0.469818491476491,0.244866423797697,0,0,0.285315084725812,0.276224613377409,0.221138577317978,0.20577302360528,0.0798717056345864
0.512847940608477,0.164983104735732,0,0,0.322168954655791,0.227846972663844,0.0928235479266393,0.14550177765246,0
0.56376061452579,0.125902367881358,0,0,0.310337017592852,0.118161401713805,0.228695681268097,0.0862731095185789,0
0.500254823841189,0.294160525219493,0,0,0.205584650939319,0.154832833561477,0.195473353893776,0.156443488196838,0.0372753353840854
0.344153194012723,0.373211843677308,0,0,0.282634962309969,0.340588588989757,0.364340288806033,0.265501418491135,0.00483149610035971
0.50501295655047,0.113913694327508,0,0,0.381073349122021,0,0.152375335235668,0.108235166707318,0
0.477277867733722,0.290855462286449,0,0,0.231866669979829,0.182998240398388,0.177100041064824,0.132937338161965,0.034061666977693
0.470906758704553,0.197337187093961,0,0,0.331756054201485,0.353140633932631,0.248188736005238,0.13821301253292,0.0328788664824633
0.461638941199749,0.235392150902365,0,0,0.302968907897886,0.371489162765236,0.238068001439663,0.113922546964287,0
0.459178109227601,0.111815074456212,0,0,0.429006816316188,0.0439805004275869,0.192426986187596,0.135428993243775,0
0.546690663261744,0.111896112480699,0,0,0.341413224257557,0.229227852784383,0.162732067678097,0.126016564861614,0.0053462290888026
0.45268286159241,0.245239311671175,0,0,0.302077826736415,0.253745325022384,0.268928664626046,0.188077622562397,0
0.564371688492776,0.151969807163734,0,0,0.28365850434349,0.224665893662591,0.167398205780372,0.141142424615243,0.0048248962449263
0.500791168679709,0.14155588716269,0,0,0.357652944157601,0.363914344020126,0.200597801730676,0.132629337196442,0.0291637419049142
0.464740089137504,0.222726035544156,0,0,0.31253387531834,0.190428054163942,0.205055049084223,0.232671946115938,0
0.593879638951743,0.196995237321012,0,0,0.209125123727244,0.172429401849484,0.202734096769246,0.129042538243716,0.0114615772781853
0.469269226921355,0.226426630872199,0,0,0.304304142206446,0.267327231400912,0.189159000136485,0.0767420932981675,0.0146301554236767
0.516756634573077,0.128650162106821,0,0,0.354593203320101,0.0418808619547302,0.13954773876541,0.149096395136604,0
0.52244042432542,0.23786747175037,0,0,0.23969210392421,0.273681097678132,0.207996453248036,0.144544148924656,0.01976703611563
0.457524150704092,0.261871368024198,0,0,0.28060448127171,0.314939995184546,0.230569705214563,0.209841532379897,0
0.450980048179853,0.111250094504561,0,0,0.437769857315586,0.00110770992562145,0.170508037477447,0.0741403395648445,0
0.483434684351808,0.170225079320331,0,0,0.346340236327861,0.219765898794797,0.135965962087657,0.122684180141037,0
0.518074871137327,0.160595700793929,0,0,0.321329428068743,0.120603142119068,0.180497157761383,0.132367528329794,0.0494090328315252
0.454863644775155,0.245868497261918,0,0,0.299267857962926,0.158818015374255,0.171450224367085,0.181010456153646,0.00576777202924543
0.519571675622614,0.256900355153796,0,0,0.22352796922359,0.216596081000805,0.169335435652956,0.160831474557155,0
0.533623019900926,0.135657446730713,0,0,0.330719533368361,0.135464415446983,0.148514486008533,0.148158837819993,0.00673573603413544
0.424350879570767,0.208661105777414,0,0,0.366988014651819,0.0924426307581094,0.133202690402042,0.143638409470259,0.0226897884192183
0.570974990191666,0.177810334513251,0,0,0.251214675295083,0.336258326254141,0.217762253655105,0.186410657951451,0.0329946325274706
0.49539956727182,0.187499497098715,0,0,0.317100935629465,0.134548322693797,0.194511889897925,0.0922571524676582,0
0.53826859335831,0.174845042357818,0,0,0.286886364283871,0.196110285068317,0.219642385647769,0.178687828304659,0.0178485625682322
0.407681220328156,0.19650128313139,0,0,0.395817496540454,0,0.195238256449257,0.109799375950554,0
0.552350687829833,0.152934362175643,0,0,0.294714949994524,0.186954305121171,0.175059015559333,0.182536767836763,0.0510687147628404
0.499102287794529,0.19425414462997,0,0,0.306643567575501,0.364226446436823,0.194717151545459,0.169430774452703,0
0.51078827004559,0.181724537975661,0,0,0.307487191978749,0.129106439588956,0.132052690958142,0.0395542764519435,0.00572320988566832
0.511015704830163,0.137574293271127,0,0,0.35141000189871,0.316613368659998,0.148174728471259,0.108439278708347,0
0.533925081307081,0.223431826237831,0,0,0.242643092455089,0.240392791112913,0.205433805263457,0.154042847019756,0
0.50355719317747,0.219897429129032,0,0,0.276545377693498,0.34595900581617,0.154421687646463,0.230404265640684,0
0.413304793634962,0.221423450951307,0,0,0.365271755413731,0.186750603522339,0.23329534786322,0.195079522448406,0.067362832809062
0.512264320170953,0.178886715888716,0,0,0.308848963940331,0.269331832620432,0.188198751742023,0.179473308300879,0.0297379711332441
0.479963999578165,0.185551251975896,0,0,0.334484748445938,0.102095748602601,0.149798397027155,0.167462151930149,0.0071757091153436
0.431328643114796,0.254257086434169,0,0,0.314414270451035,0.338325522028955,0.181645041198162,0.203212097964693,0
0.464478560930649,0.230418777872303,0,0,0.305102661197048,0.255486005816085,0.183820399524232,0.19655100057759,0
0.488751624968893,0.216440695973082,0,0,0.294807679058025,0.211226794817371,0.258849230856008,0.172426315237871,0.026136248246106
0.498557906473284,0.164870851741814,0,0,0.336571241784903,0.237736524295742,0.199856446085788,0.123031082263733,0
0.499903511973019,0.185626604445255,0,0,0.314469883581725,0.0362904360370435,0.228520467129705,0.12808520140876,0.0137510733074026
0.465688046705858,0.172103501731221,0,0,0.36220845156292,0.125337292273737,0.159352017041578,0.131570644850071,0.0134517263256423
0.52886548789886,0.225586123340848,0,0,0.245548388760292,0.408527138200304,0.251263245811681,0.155370443307215,0.0288985776768977
0.505218164481155,0.140441097880382,0,0,0.354340737638463,0.321595890984675,0.161715763167091,0.152645571547734,0.0331673875275963
0.475448089432467,0.288896066956886,0,0,0.235655843610647,0.419119487153378,0.233037956623247,0.137737950127295,0.0309479775825899
0.477097825451977,0.160400657387205,0,0,0.362501517160817,0.25668528494051,0.142484306457737,0.164391427541316,0
0.545996386106104,0.18558832632731,0,0,0.268415287566586,0.122145255111809,0.064646839667415,0.115938161891225,0.0497864526632984
0.399769616270666,0.226241389730973,0,0,0.37398899399836,0.295295566775648,0.280408838479123,0.124882921696864,0
0.485351617162528,0.226618134049299,0,0,0.288030248788173,0.14401779436034,0.146034557216572,0.103093767512394,0.0228395030144608
0.486172087508104,0.173046077978431,0,0,0.340781834513464,0.234151446850244,0.191313967655558,0.118508033563145,0.00700136372066975
