"replicate","lr","ll_full","ll_restr","pi_full_self","pi_full_self_mob","pi_full_self_mer","pi_full_self_mob_mer","pi_full_rand","tr_full_spec","tr_full_high","tr_full_medium","tr_full_low","pi_restr_self","pi_restr_self_mob","pi_restr_self_mer","pi_restr_self_mob_mer","pi_restr_rand","tr_restr_spec","tr_restr_high","tr_restr_medium","tr_restr_low"
1,0,-1117.71617175491,-1117.71616768197,0.578707173908098,3.57859177388256e-08,0.116984786778079,3.57859177388256e-08,0.304307967741988,0.0683143605206405,0.163175674516384,0.0869178068840329,0.0137190570297988,0.578707215327235,0,0.116984795150896,0,0.304307989521869,0.0683143605206405,0.163175674516384,0.0869178068840329,0.0137190570297988
2,12.1727875613042,-1163.22512842176,-1169.31152220242,0.536356002437591,0.00740035959151296,0.050233630243225,0.0540743830084802,0.351935624719191,0.0670724791231554,0.13843810372903,0.0802756460934967,0.0127228370826553,0.519720365428219,0,0.118697510484174,0,0.361582124087607,0.251288793602352,0.145480176222027,0.0814839067790808,0.0125370888404814
3,1.26560223034494,-1166.44944981494,-1167.08225093011,0.551591214078475,1.0272626836724e-18,0.107498203195223,0.0221239752179055,0.318786607508396,0.117569904495,0.159680735633544,0.111693822596113,0.0213558657141103,0.543232016214038,0,0.14074925376126,0,0.316018730024702,0.213122054136867,0.156393436623372,0.117818843254076,0.0213482257148805
4,0,-1254.06414790293,-1254.06414510742,0.461687853036559,3.53169687746942e-08,0.115451784467531,3.53169687746942e-08,0.422860291861973,0.315889271388222,0.12768984379553,0.121975632712319,0.0227729872233573,0.461687885647392,0,0.115451792622345,0,0.422860321730263,0.315889271388222,0.12768984379553,0.121975632712319,0.0227729872233573
5,0,-1185.31090901031,-1185.31090373996,0.503874474350102,3.77516721193585e-08,0.123410871998054,3.77516721193585e-08,0.3727145781485,0.189184361431548,0.13888974794816,0.067499545656216,0.0284151885060185,0.503874512394312,0,0.123410881315988,0,0.3727146062897,0.189184361431548,0.13888974794816,0.067499545656216,0.0284151885060185
6,2.96665784195875,-1210.74317723314,-1212.22650615412,0.482681679768182,0.00350641064785008,0.0615972524341687,0.0442452881886701,0.407969368961129,0,0.149482148251689,0.0467132921667638,0.0375939714516077,0.471704080906306,0,0.114256597533672,0,0.414039321560022,0,0.157830879306915,0.0454100413585127,0.0375852518648248
7,9.67738718557121,-1152.83358323239,-1157.67227682518,0.486380709271071,0.0135630493448328,0.14709775685079,0.00911903304634948,0.343839451486957,0,0.12747508099839,0.0708376154049109,0.0291702525257699,0.495316512880073,0,0.153142261447759,0,0.351541225672168,0,0.13240202768492,0.0701000827865435,0.0291511674824939
8,4.23254140274048,-1135.93177563178,-1138.04804633315,0.596296678239248,8.19367529249854e-49,0.0761808525256332,0.0238671944838288,0.30365527475129,0.226650292002111,0.192612852500429,0.0780621299216832,0.0212813786844262,0.59215753333855,0,0.0991623589320554,0,0.308680107729395,0.418249460602861,0.192433762210115,0.0787169931418547,0.0212630331610993
9,4.88593682948931,-1139.17444184747,-1141.61741026222,0.572582650793592,1.61153443541089e-09,0.0529874007057093,0.0451412996802786,0.329288647208885,0.324277871436242,0.12960093610572,0.0856724034571596,0.0132206152342807,0.570913552551938,0,0.0908254967362073,0,0.338260950711855,0.5,0.128432026093126,0.0845220747390072,0.0128344481483993
10,0.917094833771444,-1248.27699779795,-1248.73554521484,0.473249836766037,4.44237326969557e-45,0.066238155017271,0.0421764481051429,0.418335560111549,0.077696275634158,0.178706174036563,0.0724853396845214,0.0444401747252959,0.455549054842463,0,0.11773138649168,0,0.426719558665857,0.122708967699873,0.160535010619203,0.0735969706871924,0.0450685692700566
11,0,-1216.9422168291,-1216.94220709751,0.437538403798636,5.00536892793259e-08,0.163626379810437,5.00536892793259e-08,0.398835116283548,0.11945820407681,0.14337419834222,0.0815329325643727,0.0284321688426547,0.437538447599463,0,0.163626396190647,0,0.39883515620989,0.11945820407681,0.14337419834222,0.0815329325643727,0.0284321688426547
12,0,-1239.18880553703,-1239.18879737344,0.421912798384265,5.04165213359647e-08,0.16481248410688,5.04165213359647e-08,0.413274616675812,0.217899014660303,0.172456377829169,0.122677444549693,0.0165994964433264,0.421912840927021,0,0.164812500725425,0,0.413274658347554,0.217899014660303,0.172456377829169,0.122677444549693,0.0165994964433264
13,0,-1244.04663009477,-1244.04662679943,0.502651623839116,2.47729476228269e-08,0.0809831961463628,2.47729476228269e-08,0.416365130468626,0.0717457135397385,0.221094180565242,0.0881772412471569,0.0188771882985974,0.502651648743442,0,0.080983200158748,0,0.41636515109781,0.0717457135397385,0.221094180565242,0.0881772412471569,0.0188771882985974
14,0,-1202.79646202817,-1202.79645651105,0.507724185945774,3.60159465317025e-08,0.117736754898162,3.60159465317025e-08,0.374538987124171,0.0831268839279109,0.161139857362979,0.0945505982067281,0.0278274345471517,0.50772422251811,0,0.117736763378964,0,0.374539014102925,0.0831268839279109,0.161139857362979,0.0945505982067281,0.0278274345471517
15,5.04606201407978,-1244.51762092702,-1247.04065193406,0.485821310332775,0.00308747809148341,0.0627628728972013,0.0327950185607164,0.415533320117824,0,0.17942779752362,0.0763621206336425,0.0200643290509954,0.486920553805476,0,0.085766720649606,0,0.427312725544918,0,0.181897424206564,0.0769662865750831,0.0199158257547403
16,0.27380180861519,-1167.21834017218,-1167.35524107649,0.498669929804321,2.6803617653695e-281,0.120967825878939,0.015755153461929,0.36460709085481,0.0571832142348282,0.121328446596087,0.0637138465889248,0.0316732723969524,0.486338030821417,0,0.148913233794254,0,0.36474873538433,0.126361840384356,0.122448401081234,0.0651878933572996,0.0314927707227075
17,0,-1174.99090625441,-1174.99090103647,0.528257218835115,2.92134624007116e-08,0.0954993161159706,2.92134623979609e-08,0.37624340662199,0.0381783495643186,0.131933630053199,0.0794042625838379,0.011574635795251,0.528257248939058,0,0.0954993218496585,0,0.376243429211284,0.0381783419348954,0.131933662096617,0.0794042854717988,0.0115744740502338
18,0,-1208.7713087784,-1208.77130154133,0.473403760355503,5.06891797374208e-08,0.16570380915799,5.06891797374208e-08,0.360892329108148,0.125118188107578,0.163363542778397,0.0723580828425917,0.036768007762908,0.473403808348404,0,0.165703825956772,0,0.360892365694824,0.125118188107578,0.163363542778397,0.0723580828425917,0.036768007762908
19,2.25860160258026,-1199.5956549581,-1200.72495575939,0.512312537079777,1.45620802305394e-10,0.0557343476380585,0.0170170743995897,0.414936040736954,0.186985457110583,0.122910968170559,0.0456401536789806,0.0292612384652566,0.518555161103495,0,0.0598123977598217,0,0.421632441136683,0.124482525835637,0.122044989535638,0.0454187126559964,0.0291421552024387
20,5.57431759923247,-1154.73241935495,-1157.51957815457,0.530612076657035,0.00525924666866991,0.116473824893044,0.0088936412262317,0.33876121055502,0,0.0943346347894283,0.091452607467951,0.0390338311273464,0.531312429843797,0,0.126484350107674,0,0.342203220048528,0,0.101958615919131,0.0915326905507817,0.0389572034517736
21,0,-1163.30278194534,-1163.30277375611,0.506312759341835,4.1616533314515e-08,0.136045172640239,4.16165333277906e-08,0.357641984784859,0.01860974466197,0.122641817781396,0.0542976262841672,0.0221167877924199,0.506312809652793,0,0.136045180729266,0,0.35764200961794,0.01860974466197,0.122641862673606,0.0542978856871218,0.0221165682657538
22,0.224662724437621,-1222.08917243237,-1222.20150379458,0.484030643234234,0.00622174452281868,0.0864548933194582,7.9758260116715e-15,0.423292718923482,0,0.106351596029396,0.0952988048214756,0.0213535499889919,0.476219916260883,0,0.0995032569374056,0,0.424276826801712,0,0.104624470273161,0.0957931217922878,0.0217241164922204
23,0,-1222.44181607183,-1222.44181403052,0.437255650050201,3.92510883990652e-08,0.128312487167705,3.9251088550503e-08,0.434431784279917,0.154626101473552,0.142982454494401,0.0587299511233464,0.0135731084741367,0.437255709768423,0,0.128312500174258,0,0.434431790057319,0.154626014592545,0.142982524100541,0.0587304160900381,0.0135730974039098
24,2.17418547403895,-1129.7773719539,-1130.86446469092,0.601023704745451,3.99287245941091e-14,0.0613908380659357,0.0271468435527101,0.310438613635864,0.366107533637867,0.157173301978898,0.0628702797555209,0.0298112049015964,0.604049938006438,0,0.0744337251561557,0,0.321516336837406,0.300109923212298,0.148678355091792,0.0636074948356836,0.0296512286098871
25,0,-1166.51949931741,-1166.5194930518,0.535898991010753,3.26077830954885e-08,0.106595409416955,3.26077830954885e-08,0.357505534356726,0,0.149412020818166,0.0540118207394872,0.0279993837583038,0.535899025959712,0,0.106595416368635,0,0.357505557671653,0,0.149412020818166,0.0540118207394872,0.0279993837583038
26,0,-1180.21482642199,-1180.21482441452,0.468363370082725,4.63804974502813e-08,0.151618651908868,4.63804974502813e-08,0.380017885247412,0.308127021532816,0.134024562895523,0.0550981492137293,0.0183274445101138,0.468363413528582,0,0.151618665973166,0,0.380017920498252,0.308127021532816,0.134024562895523,0.0550981492137293,0.0183274445101138
27,1.50146352294814,-1146.21099628938,-1146.96172805085,0.569551367007584,4.18727446714609e-17,0.129305642385744,0.0121511675637767,0.288991823042895,0.0355905823645206,0.157680918452189,0.0963030922258067,0.0476976604901264,0.565244779778349,0,0.145558507923555,0,0.289196712298096,0.113676858164083,0.156916757137701,0.0975551111767582,0.047772943125273
28,3.54821814579736,-1211.57792193792,-1213.35203101082,0.526522041579944,0.0026261559333852,0.0814060232070173,0.0610345506709296,0.328411228608724,0.5,0.218745806808731,0.104987720974315,0.0399776422615676,0.512462576701485,0,0.136295433834724,0,0.351241989463792,0.5,0.195943052308912,0.103099547812455,0.0390822071645423
29,0,-1183.1107877675,-1183.1107811716,0.520787635061435,2.80132695898965e-08,0.0915758649491165,2.80132695898965e-08,0.38763644396291,0,0.132297556364293,0.0546669301003926,0.0371700790330355,0.520787664239365,0,0.0915758700797956,0,0.387636465680839,0,0.132297556364293,0.0546669301003926,0.0371700790330355
30,4.00423420423294,-1144.03199141596,-1146.03410851808,0.528859188964811,2.95929738502058e-13,0.115689108014254,0.050716206778359,0.30473549624228,0.0808670019533523,0.126498667749664,0.0860852289370014,0.025090522425217,0.502987020220662,0,0.185863095627534,0,0.311149884151804,0.162586221941258,0.123322935289733,0.0846120939356569,0.025097019628279
31,0,-1220.38396609458,-1220.38396281182,0.494242614047945,3.97964721523274e-08,0.130095359052874,3.97964721561975e-08,0.375661947306236,0.306872104633394,0.209827378090726,0.136840831502871,0.0155667138920298,0.494242654998933,0,0.130095369435041,0,0.375661975566026,0.306872104633394,0.209827376564848,0.136840831502871,0.0155666284428111
32,0,-1186.59905802509,-1186.59905209883,0.464560647762182,5.32551299456812e-08,0.174091944965692,5.32551299456812e-08,0.361347300761867,0.00712318380654163,0.124774024903933,0.139044027539006,0.0118391044675731,0.464560697242662,0,0.174091963508272,0,0.361347339249066,0.00712318380654163,0.124774024903933,0.139044027539006,0.0118391044675731
33,1.0716339602368e-06,-1184.96133875232,-1184.96133928814,0.49122454016003,4.76436155093592e-08,0.155747806787477,4.76436155093592e-08,0.353027557765262,0.5,0.124497287138001,0.0954326036070277,0.0370320599667559,0.491224586967461,0,0.155747821628256,0,0.353027591404284,0.5,0.124497287138001,0.0954326036070277,0.0370320599667559
34,5.15018099071995,-1189.14625621144,-1191.7213467068,0.495117995307656,6.04837240846589e-11,0.0653291984325115,0.0550490760755543,0.384503730123794,0.054365736141543,0.130018982510428,0.0734825727774544,0.0223487873549247,0.474039032750848,0,0.125681305290952,0,0.400279661958199,0.0205438586615658,0.125962793186962,0.0757478911664075,0.0222815973985727
35,2.7279360438115e-05,-1133.43344814698,-1133.43346178666,0.507453410452015,4.92981950880816e-08,0.161156656174458,4.92981950880816e-08,0.331389834777137,0.0388618840281664,0.140315457069548,0.0516216074930524,0.0166461605179233,0.507453460485094,0,0.161156672063924,0,0.331389867450981,0.0388618840281664,0.140315457069548,0.0516216074930524,0.0166461605179233
36,2.54380611387387,-1175.11225746577,-1176.3841605227,0.56163756635353,3.58119201777873e-32,0.0797822493383563,0.0333611987321937,0.32521898557592,0,0.170627493430038,0.0949173037508775,0.0311440405411895,0.542721549499746,0,0.13060253912525,0,0.326675911375003,0.122526402269841,0.165479622537734,0.0986455372052666,0.0309832880389921
37,0,-1138.39586135384,-1138.39584954106,0.510715588557981,4.8877614923271e-08,0.159781772309175,4.8877614923271e-08,0.329502541377614,0.0941495338883369,0.112839530951056,0.109231333063312,0.0133122573326957,0.510715638483106,0,0.159781787928681,0,0.329502573588214,0.0941495338883369,0.112839530951056,0.109231333063312,0.0133122573326957
38,0,-1182.96011734456,-1182.96011013282,0.493447154538578,3.7654940208716e-08,0.123094653701691,3.7654940208716e-08,0.383458116449851,0.188328429370421,0.0908666992078723,0.114960692570063,0,0.493447191700027,0,0.123094662971936,0,0.383458145328038,0.188328429370421,0.0908666992078723,0.114960692570063,0
39,0,-1175.69542247719,-1175.69541531732,0.492979638603434,4.19996895122561e-08,0.137297714654,4.19996895122561e-08,0.369722562743187,0.0090596404254545,0.128794164585098,0.0735150946852369,0.0233037881996935,0.492979680013421,0,0.137297726186924,0,0.369722593799656,0.0090596404254545,0.128794164585098,0.0735150946852369,0.0233037881996935
40,0,-1219.53393067388,-1219.53393037247,0.479734740770908,4.38539515609911e-08,0.14335932950443,4.38539515609911e-08,0.376905842016758,0.197035762291144,0.196815963715257,0.0863727415264956,0.0222204217370743,0.47973478284744,0,0.143359342078178,0,0.376905875074382,0.197035762291144,0.196815963715257,0.0863727415264956,0.0222204217370743
41,3.07851269099046e-06,-1239.84781968805,-1239.84782122731,0.406924283666185,5.77833522004057e-08,0.188894782182801,5.77833522004057e-08,0.40418081858431,0.5,0.165833021780487,0.0864513433353891,0.0244363162148139,0.406924330693089,0,0.188894804012751,0,0.40418086529416,0.5,0.165833021780487,0.0864513433353891,0.0244363162148139
42,0.182062816212238,-1110.86888730527,-1110.95991871338,0.615658395864313,2.01290359798567e-16,0.0587200422394294,0.0229390333775537,0.302682528518704,0.0746295333645283,0.179799505176697,0.0724127564920205,0.0162197432765736,0.593557366142237,0,0.0968282681644622,0,0.309614365693301,0.129790930475464,0.166553237912974,0.0713885549427475,0.016112853643841
43,0,-1195.5540565798,-1195.55405283953,0.490863183706719,3.97156065673324e-08,0.129831007826877,3.97156065673324e-08,0.37930572903519,0,0.131817963714921,0.0886997539966707,0.0283822075948697,0.490863222696581,0,0.129831018139512,0,0.379305759163907,0,0.131817963714921,0.0886997539966707,0.0283822075948697
44,6.16281387925028,-1195.14388633787,-1198.2252932775,0.510283928502746,5.21211790808327e-16,0.0838295845343793,0.0241967543659877,0.381689732596887,0.0346948723622034,0.155233521958129,0.102644726279872,0,0.513634420841528,0,0.102134467899251,0,0.384231111259221,0.163706357271172,0.153373477210058,0.102327158408169,0
45,0,-1209.32208737403,-1209.32208334847,0.511518977757059,3.52452535748731e-08,0.115217346233445,3.52452535748731e-08,0.37326360551899,0,0.204595646509981,0.0921542673179924,0.016935241701673,0.511519013814293,0,0.115217354355174,0,0.373263631830532,0,0.204595646509981,0.0921542673179924,0.016935241701673
46,0,-1103.88780128406,-1103.88779645405,0.576993490698662,3.08303238762683e-08,0.100784864350462,3.08303238762683e-08,0.322221583290228,0.0652244026930778,0.10414245261535,0.0469939728421309,0.0227894712553803,0.576993526276457,0,0.100784870564923,0,0.32222160315862,0.0652244026930778,0.10414245261535,0.0469939728421309,0.0227894712553803
47,2.95321751764277e-06,-1193.66628240212,-1193.66628387873,0.47827308282797,4.68111491547022e-08,0.15302645989741,4.68111492199404e-08,0.368700363652321,0,0.161838865138994,0.11206740344037,0.0259876642770561,0.478273127445806,0,0.153026474506015,0,0.368700398048179,0,0.161838878189571,0.112067405615244,0.0259874293649639
48,3.3728826491174,-1177.83730199479,-1179.52374331935,0.523859358355734,6.04839778117995e-28,0.0913427577069611,0.04688158458422,0.337916299353084,0.148031711420214,0.176294110253941,0.111554494497792,0.010936578503862,0.518185590744291,0,0.13129184910076,0,0.35052256015495,0.100626298871911,0.167929082075577,0.115281361569104,0.010921617121727
49,0,-1162.75596900548,-1162.75596621366,0.476856133759245,5.3151137397283e-08,0.173751991518371,5.3151137397283e-08,0.34939176842011,0.162369961702013,0.121050574889822,0.0510845681352466,0.0252179247277859,0.476856184450142,0,0.173752009988605,0,0.349391805561253,0.162369961702013,0.121050574889822,0.0510845681352466,0.0252179247277859
50,3.80686547032383e-05,-1243.69176122161,-1243.69178025594,0.437812891780822,5.54132205294379e-08,0.18114678057536,5.54132205294379e-08,0.381040216817377,0.123601534563408,0.151553891929477,0.120757438723885,0.0504815869399266,0.437812940302072,0,0.181146800651215,0,0.381040259046712,0.123601534563408,0.151553891929477,0.120757438723885,0.0504815869399266
51,7.37241926182469,-1240.99753772203,-1244.68374735294,0.483074674256028,0.0089390788116064,0.055172488731893,0.0524906607239876,0.400323097476485,0.425541436667533,0.181927260789379,0.149384334472043,0.01840758877524,0.480765397785203,0,0.102705089074291,0,0.416529513140506,0.376982345405355,0.162249295603459,0.159353667837502,0.018219230110839
52,1.05376047526852,-1159.78916319663,-1160.31604343427,0.530016687287693,2.73053395777595e-35,0.0974846743009161,0.0113054099674693,0.361193228443922,0,0.119184845057619,0.0541795115015599,0.0367130309800487,0.520981940715974,0,0.110469806344391,0,0.368548252939635,0,0.114535764490904,0.0550348730328569,0.0365464765527861
53,0,-1217.8791216225,-1217.87911637476,0.430400508002844,4.79693219604701e-08,0.156812546834485,4.79693219604701e-08,0.412786849224027,0.0225455594323468,0.125181840066201,0.0734881899455939,0.0298434025302711,0.430400549294889,0,0.156812561878869,0,0.412786888826241,0.0225455594323468,0.125181840066201,0.0734881899455939,0.0298434025302711
54,0,-1274.88503833478,-1274.88503359704,0.437370074907,2.21424494583639e-08,0.0723840869823595,2.21424486593199e-08,0.490245793825743,0,0.126085590575879,0.0578357985160094,0.0396921122347005,0.437369882809332,0,0.0723840436624501,0,0.490246073528218,0,0.126085321585659,0.0578357777091911,0.0396922259138567
55,0.381600160272228,-1142.59389621032,-1142.78469629045,0.599166820124823,4.85094547988931e-26,0.0785197041502296,0.00836619018151392,0.313947285543433,0,0.130137655671574,0.0912978039601355,0.0368104662570578,0.592440245904906,0,0.0912644550208015,0,0.316295299074293,0,0.13068384188961,0.0921241540537941,0.0367658415663606
56,0,-1222.86014360552,-1222.86013803886,0.508765227722027,2.5500736649751e-08,0.0833623511188724,2.5500736649751e-08,0.407872370157628,0.0219093278707176,0.185687171629808,0.0893213197046754,0.0199069950100659,0.508765253669804,0,0.0833623553704754,0,0.40787239095972,0.0219093278707176,0.185687171629808,0.0893213197046754,0.0199069950100659
57,4.52695899871514,-1220.95231377232,-1223.21579327168,0.509983159771817,0.00444500549288528,0.0735168055624806,0.019452358718524,0.392602670454293,0,0.164257820485823,0.0651937604242254,0.0264998021327147,0.49377773329351,0,0.10411555266043,0,0.40210671404606,0.0733456956896306,0.151403445211889,0.0706034745082806,0.0267295496358818
58,0,-1164.15066882263,-1164.15066500289,0.553432134750528,3.48518575890136e-08,0.11393132792141,3.48518575890136e-08,0.332636467624347,0.0959929076774438,0.142879742386741,0.105304081176211,0.0214606577292722,0.553432173326806,0,0.113931335862847,0,0.332636490810346,0.0959929076774438,0.142879742386741,0.105304081176211,0.0214606577292722
59,6.37174654317369,-1180.19971663053,-1183.38558990212,0.498939039652211,0.0137616209656215,0.117348553535569,0.0280685344754435,0.341882251371155,0.385599454854715,0.133251569495555,0.121446009988769,0.0147004814138915,0.483103889136592,0,0.149998944372067,0,0.366897166491341,0.399662359004132,0.123403540469806,0.117180783110916,0.0146466468745856
60,0,-1159.48538467363,-1159.48537901313,0.504787989865373,3.0104953544834e-08,0.0984136161355282,3.0104953544834e-08,0.396798333789192,0.0611910158725252,0.096047304282647,0.0465958168069639,0,0.504788020258612,0,0.0984136220610032,0,0.396798357680384,0.0611910158725252,0.096047304282647,0.0465958168069639,0
61,0,-1112.00779394653,-1112.00778792897,0.627994305426862,3.26361912087571e-08,0.106688276032748,3.26361912087571e-08,0.265317353268007,0.0115823095347822,0.136680440590208,0.141237810982843,0.0345117335912995,0.62799434641755,0,0.106688282996547,0,0.265317370585904,0.0115823095347822,0.136680440590208,0.141237810982843,0.0345117335912995
62,2.24226083009125,-1186.1085474792,-1187.22967789425,0.537771455594365,4.69899367444041e-14,0.104078700451806,0.0191715525177803,0.338978291436001,0,0.176597258639876,0.0669911826237506,0.0350327781159946,0.533048175494706,0,0.121676321353251,0,0.345275503152044,0,0.174757126385405,0.0667147513351938,0.0348604935271602
63,0,-1152.82260472271,-1152.82259976472,0.51632390443176,3.60713818270597e-08,0.117917973841733,3.60713818270597e-08,0.365758049583744,0.201817247142505,0.112119361297746,0.0739953470462002,0.00939317560061743,0.516323941680796,0,0.117917982348662,0,0.365758075970542,0.201817247142505,0.112119361297746,0.0739953470462002,0.00939317560061743
64,0,-1279.77358796708,-1279.77358186034,0.416936785240362,3.59766342964759e-08,0.117608242518256,3.59766342964759e-08,0.465454900288114,0,0.169837921697303,0.0689821966967035,0.0293885320752582,0.416936815240328,0,0.117608250980554,0,0.465454933779118,0,0.169837921697303,0.0689821966967035,0.0293885320752582
65,0,-1104.65873775207,-1104.65873179983,0.592226535296077,3.71833237081548e-08,0.121552931168212,3.71833237081548e-08,0.286220459169063,0.0680240491535752,0.156534024531592,0.0701772540933257,0.0147292170279692,0.592226579337982,0,0.121552940207697,0,0.286220480454321,0.0680240491535752,0.156534024531592,0.0701772540933257,0.0147292170279692
66,0,-1125.74369297726,-1125.74368729194,0.556932737429927,3.76760416951131e-08,0.123163746769096,3.76760497169066e-08,0.319903440448885,0.457449723624795,0.140943569088347,0.0391645653789715,0.0313521075173546,0.556932557620456,0,0.123163735628768,0,0.319903706750776,0.457445665257704,0.140943418325433,0.0391644154661265,0.0313522354156309
67,3.24266367609744,-1184.67031067359,-1186.29164251164,0.51558015100666,2.73329532852598e-11,0.0954060376809134,0.0353644628940885,0.353649348391005,0.016145921899058,0.21337767644463,0.0372564281159772,0.018626669212792,0.512725059114749,0,0.130369553883722,0,0.356905387001529,0.0735116687879408,0.208293047776365,0.0365707730081979,0.0186151676826768
68,0.15564265842886,-1211.6035997886,-1211.68142111782,0.534045254266543,1.46034283669147e-36,0.0665972138744538,0.0207169377114146,0.378640594147588,0,0.144760018349309,0.111133545528936,0.0271834717835489,0.520282387870563,0,0.100528272533328,0,0.37918933959611,0.0464332905726448,0.142053583512731,0.111186818404179,0.0272514890842368
69,4.07470520258357e-05,-1224.76567136358,-1224.7656917371,0.452086531680678,3.7181263582262e-08,0.121546196580879,3.7181263582262e-08,0.426367197375916,0,0.138789960269395,0.0783040435276182,0.0178168007950577,0.452086565298977,0,0.121546205619362,0,0.42636722908166,0,0.138789960269395,0.0783040435276182,0.0178168007950577
70,0,-1177.7456461995,-1177.74563994121,0.513538793853058,3.93338060514999e-08,0.128582895307802,3.93338060514999e-08,0.357878232171528,0.175663153485676,0.107921988589364,0.113650623415711,0.0313208965457875,0.513538834251932,0,0.128582905423112,0,0.357878260324956,0.175663153485676,0.107921988589364,0.113650623415711,0.0313208965457875
71,1.36234857563977e-05,-1146.48160169192,-1146.48160850366,0.562829849663553,3.11961768583539e-08,0.101980843339935,3.11961768177033e-08,0.335189244604158,0.0682280029123347,0.179201837329733,0.116981561041243,0.00920302891576647,0.562829882325318,0,0.101980850550281,0,0.335189267124401,0.0682279998605218,0.179201855640222,0.116981565618427,0.00920288547334796
72,0.300515495637683,-1216.94012296344,-1217.09038071126,0.457267909806725,9.77592100469186e-31,0.125728404600964,0.0118381285828377,0.405165557009473,0,0.142467595578878,0.0898200340000337,0.0227035820544966,0.446743283758857,0,0.143346176390201,0,0.409910539850942,0,0.13719401443945,0.102341570231661,0.0227062434897822
73,1.82391070533458,-1168.39476035011,-1169.30671570278,0.514983046904296,0.00457342045712931,0.103952037715715,0.0102559825696275,0.366235512353232,0.0103572533053096,0.118626038774262,0.109872353639861,0.0215125176391416,0.511738980945195,0,0.111194904582677,0,0.377066114472128,0,0.113887720796257,0.110011806013651,0.021386977545892
74,3.125023923551,-1247.04699079398,-1248.60950275576,0.496642342667471,0.00527177632526561,0.0900598633870447,0.0330552032449299,0.374970814375289,0.0422254504641788,0.200402821107851,0.125743707790943,0.0131864835255345,0.488257028099061,0,0.132845914548668,0,0.37889705735227,0.172439969368833,0.196079691694654,0.129577203813543,0.0132334803130405
75,5.15324075835179,-1160.29108628471,-1162.86770666388,0.495675554499932,6.21502339920489e-14,0.123621293790273,0.0133072690555298,0.367395882654202,0,0.165356538758284,0.0257220650914793,0.0117400885156367,0.4989387136003,0,0.133923292092363,0,0.367137994307336,0.0708954557992478,0.16258614596917,0.0342284775294388,0.0117303890365965
76,0,-1192.26286207827,-1192.2628590321,0.534259311318727,4.223648351143e-08,0.138071798350996,4.223648351143e-08,0.32766880585731,0.5,0.188582304538851,0.137398944660123,0.0373030191903783,0.5342593564492,0,0.138071810014332,0,0.327668833536468,0.5,0.188582304538851,0.137398944660123,0.0373030191903783
77,1.38276027100437,-1163.91831139665,-1164.60969153215,0.564473374550632,0.00963979760040647,0.0972355635879686,0.0162776590795556,0.312373605181438,0.488621456846337,0.155850126332704,0.117092321586121,0.0117594029200056,0.561324138882238,0,0.11996642538429,0,0.318709435733472,0.5,0.155636818548382,0.116306958014635,0.0117664318057308
78,5.58769770577783e-05,-1143.44593791001,-1143.4459658485,0.479302814066287,5.30628452568878e-08,0.173463362977566,5.30628452568878e-08,0.347233716830457,0.0725195451455534,0.120507507844239,0.0634957971036067,0.0107455943487918,0.479302864932634,0,0.173463381386487,0,0.347233753680879,0.0725195451455534,0.120507507844239,0.0634957971036067,0.0107455943487918
79,0.14298318793135,-1140.7088063002,-1140.78029789416,0.53997389497695,0.000283882010677011,0.100470891558536,0.0349038946988791,0.324367436754958,0.250345610675827,0.171491388985751,0.0691194411658085,0.0131725155892702,0.539207378749756,0,0.130118300074838,0,0.330674321175406,0.241716429785092,0.168283801451686,0.0670959352966548,0.0131447796418251
80,0,-1186.72915795496,-1186.72915518628,0.545872840283508,3.28174251119292e-08,0.107280732810699,3.28174251119292e-08,0.346846361270943,0.00495238857049838,0.170848810835118,0.113307805392287,0.0250602037634208,0.545872876111792,0,0.107280739852054,0,0.346846384036153,0.00495238857049838,0.170848810835118,0.113307805392287,0.0250602037634208
81,0,-1170.26350412802,-1170.26349757967,0.495356233604701,3.44615357276559e-08,0.112655358975776,3.44615357276559e-08,0.391988338496452,0.131048367450548,0.129876584068335,0.0321446767996695,0.0178902804903857,0.495356267746177,0,0.11265536674033,0,0.391988365513494,0.131048367450548,0.129876584068335,0.0321446767996695,0.0178902804903857
82,7.4719555414049e-06,-1154.39909573713,-1154.3990994731,0.544543222978226,4.22486903260899e-08,0.138111702688466,4.22486903192582e-08,0.317344989835927,0.274397019263098,0.197659870028429,0.0870534102627118,0.00505576066255721,0.544543269117516,0,0.13811171432009,0,0.317345016562394,0.274397021308284,0.197659872073615,0.0870534112853047,0.00505572691698961
83,0,-1145.33302272476,-1145.33301791345,0.506747713741966,4.65888854040664e-08,0.152299875750005,4.65888854040664e-08,0.340952317330258,0.179893777266929,0.118823378507535,0.138418557992009,0,0.506747760959592,0,0.152299889940969,0,0.340952349099438,0.179893777266929,0.118823378507535,0.138418557992009,0
84,0,-1199.98670216164,-1199.98669789727,0.487802441314883,3.97362752822023e-08,0.129898574214854,3.97362752822023e-08,0.382298904997712,0.5,0.144708354716177,0.0560813486998987,0.0349673710179214,0.487802480081791,0,0.129898584538226,0,0.382298935379984,0.5,0.144708354716177,0.0560813486998987,0.0349673710179214
85,8.28288542787004,-1090.52708308978,-1094.66852580371,0.597894646166128,0.00525374603155789,0.0717385777852848,0.0306279100384849,0.294485119978544,0,0.165561384839525,0.0321632950093313,0.00663415817489698,0.591471677124864,0,0.0991407137482655,0,0.30938760912687,0.0170100574106006,0.162338886161605,0.0308608125079354,0.00614045078922691
86,3.72068314292528,-1127.969924358,-1129.83026592946,0.535622888428793,1.44627714431699e-11,0.107122092872949,0.0317700083868734,0.325485010296922,0.0824623977869216,0.132221314204104,0.0707539362897824,0.0185749698763251,0.532088525919311,0,0.132843363264806,0,0.335068110815882,0.147374472719989,0.117470449061084,0.0702444532616915,0.0185469131949968
87,0,-1244.64726041002,-1244.64725506426,0.437764508602111,3.84681360371451e-08,0.125753004992048,3.84681360371451e-08,0.436482409469569,0.05543194753054,0.155628134994656,0.120877198034386,0.0119109573513111,0.437764542282083,0,0.125753014667016,0,0.436482443050901,0.05543194753054,0.155628134994656,0.120877198034386,0.0119109573513111
88,0,-1090.10385366563,-1090.10384792834,0.64454992863209,3.03381537522027e-08,0.0991759516646806,3.03381537522027e-08,0.256274059026922,0,0.134723125745565,0.141798574439685,0.0191774277761115,0.644549967741002,0,0.0991759576823115,0,0.256274074576687,0,0.134723125745565,0.141798574439685,0.0191774277761115
89,0,-1162.81199877935,-1162.81198873837,0.441925730540821,5.71143096919942e-08,0.186707670599881,5.71143096919942e-08,0.371366484630679,0.0651268319014796,0.136194313047904,0.0289342516374117,0.0250334371854159,0.441925781021393,0,0.186707691927243,0,0.371366527051364,0.0651268319014796,0.136194313047904,0.0289342516374117,0.0250334371854159
90,6.88098070895649e-05,-1159.73819129505,-1159.73822569996,0.388076817919721,7.86740503936935e-08,0.257186823240444,7.8674047706995e-08,0.354736201491737,0.5,0.0818608461547702,0.0983381469783677,0.00892900752750667,0.388076879311351,0,0.257186863310104,0,0.354736257378544,0.5,0.0818615387835437,0.0983381961994068,0.00892900440594384
91,9.35290934516024,-1216.2770063369,-1220.95346100948,0.510844009391076,6.10615289156395e-13,0.0757127371067972,0.0333928154028827,0.380050438098633,0,0.164792212373425,0.0860893167830843,0.0305909632598708,0.500040903569287,0,0.103198235078322,0,0.39676086135239,0,0.161152176931704,0.0853424346715772,0.0305030328614164
92,0,-1193.84537421037,-1193.84536906417,0.450044741091306,5.78501057207092e-08,0.189113000600347,5.78501057207092e-08,0.360842142608136,0.364798505172057,0.146772408721985,0.101856467853404,0.0209664756872198,0.450044793161583,0,0.189113022480763,0,0.360842184357653,0.364798505172057,0.146772408721985,0.101856467853404,0.0209664756872198
93,0.491045918743112,-1143.98442478648,-1144.22994774586,0.541207751969804,1.60600782356081e-24,0.0749135093085277,0.0135750424081652,0.370303696313503,0.0425145348369651,0.10560912557652,0.0309075803621133,0.0232841587870972,0.531616763102639,0,0.0919346490137533,0,0.376448587883608,0.0324342504044941,0.101509387590155,0.0323784796376488,0.023260955388875
94,0,-1170.84808370695,-1170.84807777143,0.485590903850013,3.80024270442803e-08,0.124230594203856,3.80024270442803e-08,0.390178425941277,0.0143729602102461,0.0978215646453914,0.0977938149712883,0.0159385265943326,0.485590940757281,0,0.124230603645985,0,0.390178455596733,0.0143729602102461,0.0978215646453914,0.0977938149712883,0.0159385265943326
95,0,-1204.43228584304,-1204.43228464611,0.441874591618854,5.4923374813321e-08,0.179545466419544,5.4923374813321e-08,0.378579832114853,0.370036720668503,0.123784414400943,0.122611889320453,0.0257131909591677,0.441874640157347,0,0.179545486142032,0,0.378579873700621,0.370036720668503,0.123784414400943,0.122611889320453,0.0257131909591677
96,2.24751845150195,-1127.09888516804,-1128.22264439379,0.542264296583405,4.08162045719887e-16,0.12459456044121,0.0119863171761829,0.321154825799201,0.123684396038622,0.146496271996026,0.0537002881460703,0.0146327039617464,0.531533585266343,0,0.137701040012932,0,0.330765374720725,0.116167500268813,0.143817781226852,0.0517916977468075,0.0146187373014061
97,4.28483296953482,-1236.57571364983,-1238.7181301346,0.494589481742993,3.78648915908792e-10,0.0788174877345781,0.0146760466891301,0.411916983454649,0,0.178946306995075,0.085117028413452,0.021063004729542,0.49560112998156,0,0.0849247408162754,0,0.419474129202165,0,0.176763382199274,0.0830355306220285,0.0208610540465736
98,0,-1202.61264148228,-1202.6126370446,0.495707103329579,2.9097988100134e-08,0.0951218286033248,2.9097988100134e-08,0.40917100987112,0.00587397532363721,0.107233440353286,0.120828177886573,0.0116666316390974,0.49570713217774,0,0.0951218341390328,0,0.409171033683227,0.00587397532363721,0.107233440353286,0.120828177886573,0.0116666316390974
99,0,-1140.41540506557,-1140.41540306592,0.503377369582022,5.99844329150031e-08,0.196090153277033,5.99844329150031e-08,0.300532357172079,0.277093415619296,0.196536237215278,0.0753984926200744,0.0266030862289631,0.503377429971641,0,0.196090176801749,0,0.30053239322661,0.277093415619296,0.196536237215278,0.0753984926200744,0.0266030862289631
100,5.46193918049585,-1156.31798324412,-1159.04895283437,0.568298956740151,6.41540759861787e-10,0.0917081951252089,0.0187161195773394,0.32127672791576,0,0.199917827637785,0.0697944333076799,0.0160740243461734,0.572829148185345,0,0.0976410729992971,0,0.329529778815357,0,0.199388614575179,0.0671859791287285,0.0159999699237659
101,1.17195017992344e-05,-1162.70239613158,-1162.70240199133,0.523460281052901,3.74259818861679e-08,0.122346191988136,3.74259824417382e-08,0.354193452106998,0,0.121430582818695,0.0958181732880477,0.0150291825575203,0.523460332202581,0,0.122346191889699,0,0.35419347590772,0,0.121430903253265,0.0958187073456649,0.015029106263575
102,0,-1205.75142923753,-1205.75142417458,0.461148263136008,3.93620856452695e-08,0.128675342184617,3.93620856594546e-08,0.410176315955203,0.0878854212914646,0.116712513084945,0.0560983176899686,0.015012393812775,0.461148299325542,0,0.128675351710359,0,0.410176348964099,0.0878854272473192,0.116712484748047,0.0560983233762328,0.0150122271185165
103,12.8142487800492,-1154.29404575278,-1160.70117014281,0.530734572533364,4.79275663097695e-13,0.0872178102133659,0.0302814331953756,0.351766184057416,0,0.0768980725090087,0.120230997508721,0.00590917698089791,0.52843495263282,0,0.112845025438391,0,0.358720021928789,0.104373064697434,0.0790063915009501,0.123482372285545,0.00589577582300747
104,0,-1244.93041079021,-1244.93040208162,0.427990995889268,4.87783452686361e-08,0.159457258083614,4.87783452686361e-08,0.412551648470428,0.200936316888564,0.158272145369204,0.142364540103411,0.0101546700246925,0.427991037642657,0,0.159457273639738,0,0.412551688717605,0.200936316888564,0.158272145369204,0.142364540103411,0.0101546700246925
105,0,-1167.51178046641,-1167.51177297238,0.501382319133215,4.44786404379229e-08,0.145401448096192,4.4478640462727e-08,0.353216143813312,0.0526638208906957,0.121093300216376,0.0875678331028634,0.0152634582772197,0.501382365459369,0,0.145401461209884,0,0.353216173330748,0.0526638275126194,0.121093313460223,0.0875678264809397,0.0152633677775961
106,0,-1142.22849535664,-1142.22848399256,0.542110596389442,4.75549365781706e-08,0.155457913820849,4.75549365781706e-08,0.302431394679835,0,0.121490455968178,0.116203357166964,0.0426875285681028,0.542110647949517,0,0.155457928606433,0,0.30243142344405,0,0.121490455968178,0.116203357166964,0.0426875285681028
107,0,-1205.07089944779,-1205.07089303234,0.4888610408551,3.61480525186905e-08,0.118168611664633,3.61480525186905e-08,0.392970275184162,0,0.105208286136704,0.168634515744424,0.0156892821086022,0.488861076197852,0,0.118168620207764,0,0.392970303594384,0,0.105208286136704,0.168634515744424,0.0156892821086022
108,2.39212784025449,-1135.4899873245,-1136.68605124463,0.53973688192103,1.31971488936778e-18,0.0940746752923898,0.0214963121298742,0.344692130656705,0.158867966005621,0.0710046312716222,0.108754720412824,0.0135955084370386,0.543521708572179,0,0.103231034154345,0,0.353247257273477,0.0712364944744703,0.0668257865141181,0.10732056319814,0.0134845936760559
109,2.35565530601889e-05,-1129.68564153144,-1129.68565330972,0.525209082972942,6.04047478649341e-08,0.197464170150267,6.04047478649341e-08,0.277326626067295,0.152982937523073,0.16751254776355,0.0974522959855283,0.0366529029476529,0.525209146423194,0,0.197464194005817,0,0.277326659570988,0.152982937523073,0.16751254776355,0.0974522959855283,0.0366529029476529
110,0,-1137.30780387008,-1137.30779876254,0.537291966980706,4.24338700444786e-08,0.138717058648796,4.24338700499595e-08,0.323990889502757,0.440932632908952,0.117846295613837,0.0787481443430407,0.0213090215374436,0.537292012707567,0,0.138717070216053,0,0.32399091707638,0.440932639193572,0.117846268380481,0.0787481569122819,0.0213089398373755
111,2.39934349623081,-1162.1719843341,-1163.37165608222,0.564620502317071,0.00285636158955577,0.0713561100008113,0.0169467744341501,0.344220251658412,0,0.123082312697442,0.0929031338761212,0.0187796966438158,0.55754435916119,0,0.0891311666675057,0,0.353324474171304,0,0.115575344749357,0.0940978503589226,0.0187571953426996
112,1.39305375199137,-1191.72022535139,-1192.41675222738,0.480656213740233,1.78189799012097e-20,0.119560726390658,0.013162922909082,0.386620136960027,0.201992383324715,0.140710711113033,0.105061684145032,0.00509470957265036,0.483872659477323,0,0.128257188681622,0,0.387870151841055,0.181357212542025,0.140841535733331,0.118176473549619,0.00509203152305509
113,0,-1154.88828193312,-1154.88827679817,0.594536873647101,2.09711034148634e-08,0.0685549013557887,2.09711034148634e-08,0.336908183054904,0,0.23507071600327,0.07976826500175,0.00498995903682703,0.594536898342038,0,0.0685549042976044,0,0.336908197360357,0,0.235070727974887,0.0797682611589256,0.00498987152504085
114,0,-1218.18764743328,-1218.18764441909,0.550685024256781,1.70170619908116e-08,0.0556290712763981,1.70170619908116e-08,0.393685870432697,0.18807766899314,0.142271057564523,0.0747755276932692,0.0608708339867528,0.550685042998864,0,0.0556290731696849,0,0.393685883831451,0.18807766899314,0.142271057564523,0.0747755276932692,0.0608708339867528
115,1.20417308030346,-1181.43938563931,-1182.04147217946,0.532333078047026,4.04497550519593e-17,0.0982252156192823,0.0504676381791434,0.318974068154548,0.000603983961871958,0.14086044723109,0.158638058720231,0.0317462307446473,0.49600015627019,0,0.157075652640873,0,0.346924191088936,0.0390864844272462,0.125927011799596,0.151337511548937,0.0315427508407034
116,10.3580312666868,-1159.56804735365,-1164.747062987,0.543518101682697,0.0125046688518423,0.121150510629756,0.0185675732259213,0.304259145609783,0,0.203489851344949,0.107850025361915,0.027064359053865,0.546326606022231,0,0.140605238461636,0,0.313068155516133,0,0.222021085738931,0.111192706922957,0.0269280471334297
117,5.18600363638689,-1188.4955933153,-1191.08859513349,0.48986693609195,0.0231028398144106,0.112505237150462,3.01741130831269e-17,0.374524986943177,0.0369541162110162,0.120870638452179,0.0746704225966448,0.0263048194278146,0.474775555938199,0,0.13884020660683,0,0.386384237454971,0.163211200415622,0.112974212453183,0.0750016101200172,0.0259319641805512
118,4.91174787384807e-05,-1158.29385840525,-1158.29388296399,0.421966438457511,6.49366277811678e-08,0.212278964074505,6.49366278201071e-08,0.365754467594728,0.16428700898668,0.1520059057788,0.0779825050648849,0.00433310249443109,0.421966492741875,0,0.212278991887155,0,0.36575451537097,0.164287007800092,0.152005902219036,0.0779825153486471,0.00433305582197164
119,0,-1150.78561931876,-1150.78561459827,0.557432824160326,3.33082712873661e-08,0.108885317485414,3.33082712873661e-08,0.333681791737717,0.5,0.130706169096569,0.0696781962441269,0.0291900957922757,0.557432861294576,0,0.108885324738978,0,0.333681813966446,0.5,0.130706169096569,0.0696781962441269,0.0291900957922757
120,0,-1144.68703340484,-1144.68702147179,0.488003692441439,5.4764806483584e-08,0.17902710379491,5.4764806483584e-08,0.332969094234038,0.196716417520909,0.0828570842307527,0.0999722947889913,0.0264804262495028,0.488003745892301,0,0.179027123403681,0,0.332969130704018,0.196716417520909,0.0828570842307527,0.0999722947889913,0.0264804262495028
121,3.38791060569292,-1281.62846953379,-1283.32242483664,0.4743802697459,0.0144047414200228,0.095502401432859,3.67103081298441e-10,0.415712587034115,0,0.183640731273164,0.122089252879998,0.0624929850194298,0.46597542466778,0,0.106246050559768,0,0.427778524772453,0,0.180792949548478,0.120935305422668,0.0625812250145893
122,0,-1224.3554011386,-1224.35539736728,0.489290026245721,3.58233460807037e-08,0.117107140677901,3.58233460807037e-08,0.393602761429686,0.0539316953409396,0.133138856464004,0.139773393066486,0.0135811751450772,0.489290061301735,0,0.117107149068241,0,0.393602789630024,0.0539316953409396,0.133138856464004,0.139773393066486,0.0135811751450772
123,0,-1152.9950209835,-1152.9950150878,0.517064530542367,4.49070569147322e-08,0.146802726903522,4.49069585651746e-08,0.336132652740096,0.0280742041418248,0.111257255065081,0.145801896504806,0.0169674335110037,0.517064856993695,0,0.146802677136426,0,0.336132465869879,0.028074599823093,0.111256938385921,0.145802508266145,0.0169675763553181
124,0,-1159.63772072711,-1159.63771624671,0.553122182649254,2.46251063258152e-08,0.0804999176212177,2.46251065340147e-08,0.366377850479316,0,0.16065551897761,0.0422325518867222,0.0342225966621865,0.553122145400703,0,0.0804999039832878,0,0.366377950616009,0,0.160655738697191,0.0422325064442673,0.0342227048137801
125,0,-1181.54295430975,-1181.54294849981,0.442117788605978,4.83155276250696e-08,0.157944299166508,4.83155276250696e-08,0.399937815596458,0.0875365064377698,0.09195804541468,0.0325446365096316,0.0329712550483464,0.44211783132829,0,0.157944314428834,0,0.399937854242875,0.0875365064377698,0.09195804541468,0.0325446365096316,0.0329712550483464
126,0,-1225.84430498394,-1225.84429848754,0.462732373685958,5.13356285484185e-08,0.16781705974931,5.13356286351282e-08,0.369450463893474,0.495239853993603,0.202493502149725,0.0967057713108919,0.016973054095901,0.462732442609744,0,0.167817080823331,0,0.369450476566925,0.495239825949329,0.202493662549131,0.0967054624712655,0.0169730727746252
127,3.73525210068237,-1158.85311892228,-1160.72074497263,0.563373783771756,6.29531641734242e-21,0.0451547484930865,0.0200327868864794,0.371438680848678,0,0.152713652128474,0.0627542979658553,0.0135375273263166,0.563187185483862,0,0.0664493702908651,0,0.370363444225273,0.019058310509739,0.15251357839963,0.0746820208643068,0.0137066648545354
128,7.17803002518031,-1228.20781947969,-1231.79683449229,0.455731207141798,4.50565521184494e-11,0.103630247238967,0.0605852869913501,0.380053258582828,0,0.205377017397342,0.109300368094739,0.00456518082629041,0.445521203854042,0,0.157138694470643,0,0.397340101675314,0.0103999933463944,0.18954938555234,0.107826583894454,0.00443438130633984
129,0,-1193.48556052738,-1193.48555504883,0.506862112547292,3.56802775834463e-08,0.1166394510128,3.56802776926832e-08,0.376498365079353,0,0.178134617584098,0.0565182817644104,0.0122331868833785,0.506862160672321,0,0.116639455168865,0,0.376498384158815,0,0.178134544768105,0.0565180915461743,0.0122333764483832
130,0.847158379322082,-1223.71880325511,-1224.14238244477,0.49775471244548,1.00628763858616e-25,0.0726493128295372,0.0183808444277377,0.411215130297245,0,0.144975733475043,0.0714340081030425,0.0348495340973857,0.480611514482071,0,0.104344799673689,0,0.415043685844239,0.117964994471827,0.137629838903923,0.0707943253519614,0.034961270641797
131,2.23486199502076e-05,-1116.58267436126,-1116.58268553557,0.528435744816698,4.38553062167032e-08,0.143363757897487,4.38553062167032e-08,0.328200409575203,0.0497390121308161,0.0896690105015887,0.076574354686438,0.0214462967712713,0.528435791166125,0,0.143363770472011,0,0.328200438361865,0.0497390121308161,0.0896690105015887,0.076574354686438,0.0214462967712713
132,0,-1191.21199708738,-1191.21199234265,0.435239352740431,5.28904671808573e-08,0.172901167163934,5.28905431151596e-08,0.391859374314624,0,0.0979644789784483,0.126392070054096,0.0191410424415672,0.435239753810777,0,0.172899887321736,0,0.391860358867487,0,0.0979651165294157,0.126392821949715,0.0191405954498338
133,2.40434819440088,-1257.3569180443,-1258.5590921415,0.500228410404453,0.00555657373595907,0.0647824617059445,0.00836615946462452,0.421066394689019,0,0.166581637658549,0.11528882340994,0.042474248725683,0.504179975649348,0,0.0686059695965169,0,0.427214054754135,0,0.166083618266277,0.116557477543184,0.0422546468258268
134,0,-1171.91712335754,-1171.91711570096,0.440883393131046,4.43907638733051e-08,0.145114178279141,4.43907638733051e-08,0.414002339808285,0,0.109842317653447,0.0135053722106947,0.019917492920713,0.44088343227335,0,0.145114191162601,0,0.414002376564049,0,0.109842317653447,0.0135053722106947,0.019917492920713
135,0,-1233.12279978763,-1233.12279240466,0.462919820724995,4.29083921805934e-08,0.140268279463206,4.29083921805934e-08,0.396811813995015,0.0682530125314378,0.187834506908831,0.0728185099939014,0.0440395322317876,0.462919860451289,0,0.14026829150058,0,0.396811848048132,0.0682530125314378,0.187834506908831,0.0728185099939014,0.0440395322317876
136,4.76079032513462,-1187.45904975546,-1189.83944491803,0.503988976362384,3.32260418960806e-13,0.0976803520362094,0.0293937074165117,0.368936964184563,0.0682853488772346,0.185661492948543,0.0503536306770327,0.0153598787758576,0.481727723357285,0,0.14971606785774,0,0.368556208784975,0.257482365643379,0.186582192028329,0.0503318324090029,0.0155813815947938
137,3.58195766239078e-05,-1107.55686143751,-1107.5568793473,0.531859149113347,4.80939845780332e-08,0.157220071096996,4.80939845780332e-08,0.310920683601688,0.00885785046220752,0.0974877429347438,0.0794594408088777,0.0267813264908558,0.531859200271803,0,0.157220086219677,0,0.31092071350852,0.00885785046220752,0.0974877429347438,0.0794594408088777,0.0267813264908558
138,1.99512374631604,-1161.4390481432,-1162.43661001635,0.489220862601424,3.32007567954018e-26,0.139596047880146,0.015922751506161,0.355260338012269,0.0242002790929447,0.162707651535371,0.0593551815071733,0.0167398317088707,0.476776254994822,0,0.162535507075742,0,0.360688237929436,0.0577537194273449,0.158095203349362,0.0587716444364547,0.01681964784932
139,0,-1203.08898455719,-1203.08897742726,0.443155284820554,5.13221118236795e-08,0.167772875143565,5.13221118236795e-08,0.389071737391658,0.092254291023944,0.167243476264927,0.0689755244352885,0.0124215440599806,0.443155330307889,0,0.167772892364483,0,0.389071777327629,0.092254291023944,0.167243476264927,0.0689755244352885,0.0124215440599806
140,0,-1146.51192974903,-1146.51192133874,0.523675971283731,4.3748565973886e-08,0.143014822189376,4.3748565973886e-08,0.333309119029761,0,0.172088469641771,0.093040615711007,0.00831994103943411,0.52367601710388,0,0.143014834702764,0,0.333309148193355,0,0.172088469641771,0.093040615711007,0.00831994103943411
141,1.68473934536451e-06,-1187.53171333307,-1187.53171417544,0.478654508902422,4.97054274501702e-08,0.162487905840758,4.97054274501702e-08,0.358857485845965,0.123382813371039,0.189353192031168,0.0937763598735146,0.0171986580737068,0.47865455648588,0,0.162487921993822,0,0.358857521520298,0.123382813371039,0.189353192031168,0.0937763598735146,0.0171986580737068
142,1.08139230559527,-1159.3024808805,-1159.84317703329,0.538501249352859,7.6807016763618e-15,0.100454673387138,0.0147504730779388,0.346293604182056,0.0489221794418429,0.135640167835047,0.0461520831581723,0.0425761800172166,0.529729830196386,0,0.12434979380695,0,0.345920375996663,0.102482147699406,0.132585388695389,0.0569463783986273,0.0425279827373148
143,0,-1196.84924985281,-1196.8492424357,0.45478084491067,4.26760183926504e-08,0.139508645513514,4.26760183926504e-08,0.40571042422378,0.106010484499582,0.080468694628979,0.0667409746361486,0.0333865505229123,0.454780883727144,0,0.139508657420862,0,0.405710458851994,0.106010484499582,0.080468694628979,0.0667409746361486,0.0333865505229123
144,3.36595955206485,-1259.3322171873,-1261.01519696333,0.474336237498,0.00618069734499205,0.0993111058715834,0.0128312624419557,0.407340696843468,0,0.182672627067139,0.0770448010802134,0.0585149800781029,0.466912352248415,0,0.117188512332811,0,0.415899135418774,0,0.166041906648241,0.0868141884709637,0.0584020764819706
145,0.889761235765945,-1166.73769556233,-1167.18257618021,0.492565552153522,0.00693078776318492,0.160414553976728,2.53648249297027e-09,0.340089103570083,0.145340354593846,0.103685691055828,0.113955115972595,0.0341298981876444,0.490011709324947,0,0.163794226390471,0,0.346194064284582,0.130264553555704,0.103161671670818,0.112420124311798,0.0341242219385914
146,0,-1154.69503122554,-1154.69502524227,0.555105707091338,3.6024435907352e-08,0.117766367830046,3.60246278964171e-08,0.327127853029553,0.217817804487014,0.166043511340969,0.0793447028125816,0.0302685689992676,0.555101897478499,0,0.117768306191449,0,0.327129796330053,0.217821586007016,0.166042957126627,0.0793439436494558,0.0302687182267004
147,0,-1202.82162864844,-1202.82162635783,0.485652189814371,3.72135493458405e-08,0.121651738954971,3.72135493529773e-08,0.39269599680356,0.5,0.157144545462608,0.0937432047234819,0.0102979774522556,0.485652226361777,0,0.121651748481045,0,0.392696025157177,0.5,0.157144545462608,0.093743200143841,0.0102979025546954
148,0,-1239.19168996403,-1239.19168871684,0.414382768145176,4.95950948763643e-08,0.162127226740237,4.95950948763643e-08,0.423489905924397,0.27602245198146,0.156112592489412,0.0754362955524629,0.0121293664145114,0.414382809247886,0,0.162127242821669,0,0.423489947930445,0.27602245198146,0.156112592489412,0.0754362955524629,0.0121293664145114
149,0.647378650357041,-1146.58393686217,-1146.90762618735,0.521122551523794,1.11728143396404e-119,0.157348881703361,0.0141894270038113,0.307339139769034,0.0525299901963119,0.170486619313168,0.110554682840755,0.0153157073587924,0.516699739415119,0,0.169623922415091,0,0.31367633816979,0.0376187528977234,0.165356940006002,0.118269814279724,0.0152748450773735
150,2.96272439282757,-1196.68794707568,-1198.16930927209,0.487653839481334,4.76489290537324e-22,0.100953929854149,0.0218549951852889,0.389537235479229,0.109193285915096,0.12514463677113,0.0677944786516961,0.0194593779202636,0.462433108240865,0,0.135189885035578,0,0.402377006723558,0.030708388428997,0.115409379568595,0.0669057388261498,0.0194225998210528
151,0,-1191.25580250496,-1191.25580020312,0.467958752547306,3.9885994591615e-08,0.130388009238318,3.9885994591615e-08,0.401653158442387,0.0812878887854783,0.191140884394874,0.059109811477385,0.0111950018641822,0.467958789877309,0,0.13038801963963,0,0.401653190483061,0.0812878887854783,0.191140884394874,0.059109811477385,0.0111950018641822
152,0,-1163.51674576767,-1163.51674537772,0.509022659835419,4.42654021370459e-08,0.144704368585467,4.42654021370459e-08,0.346272883048309,0.240672428079376,0.110832598722137,0.0812684859144706,0.0354809587807486,0.509022704899609,0,0.144704381396262,0,0.346272913704129,0.240672428079376,0.110832598722137,0.0812684859144706,0.0354809587807486
153,0,-1151.73943673567,-1151.73943489381,0.47787398337503,4.02707258406819e-08,0.131645709062061,4.02707246452782e-08,0.390480227021458,0.487745662179893,0.10961799013033,0.0339087969297694,0.00491019782517899,0.477873958079819,0,0.131645712013093,0,0.390480329907089,0.487745662179893,0.109618219562737,0.0339085838413389,0.00491019563067067
154,3.00146426675792,-1166.47138497112,-1167.9721171045,0.564740119607673,2.06073961420538e-23,0.0867389662073337,0.019938873853633,0.328582040331361,0,0.168600754805485,0.0754364748033745,0.0295761457307302,0.564080519082232,0,0.102949526496505,0,0.332969954421263,0,0.166462890749092,0.0769314768630348,0.0295571307996088
155,4.09045337824182,-1129.68844615649,-1131.73367284561,0.56239608077375,2.19848686450323e-17,0.0818403339578482,0.0310764924108597,0.324687092857542,0,0.105845034499954,0.0790421631102986,0.0316545736093218,0.546525719412283,0,0.131907412851036,0,0.321566867736681,0.315469721970625,0.106022678552416,0.0812164225723293,0.0318657675651848
156,0,-1169.78445155024,-1169.78444830005,0.527732116879275,4.07096463396225e-08,0.133080541111422,4.07096463396225e-08,0.33918726059001,0.0706317686631799,0.155320385574489,0.100091663442337,0.0172198431879622,0.527732159846854,0,0.133080551946746,0,0.339187288206399,0.0706317686631799,0.155320385574489,0.100091663442337,0.0172198431879622
157,4.93132422219378,-1196.62848315747,-1199.09414526857,0.47818824961988,1.75369601755848e-13,0.101431904480862,0.0530659088796319,0.367313937019451,0.456888630334575,0.15645365612802,0.0684926503703587,0.0380948086954435,0.460709279208539,0,0.164710577681424,0,0.374580143110037,0.481514122388662,0.161278930612636,0.0673715445718929,0.0381798291033328
158,1.76099945747001,-1133.56382424061,-1134.44432396935,0.616014897442702,7.66422845559964e-12,0.100834770053489,0.00762722067844102,0.275523111817704,0,0.166381921720977,0.0867489545449135,0.0373780643353408,0.613746755864713,0,0.104267904288819,0,0.281985339846468,0,0.164264572321582,0.0885635410994599,0.0371636500106526
159,1.97389752030494,-1203.68221179558,-1204.66916055573,0.514610471294563,1.77798747736231e-163,0.0987406603089286,0.0100373849336655,0.376611483462843,0,0.20435614936128,0.0471409496470987,0.0327416167914684,0.508597153049598,0,0.111173357875623,0,0.380229489074779,0,0.199786276478807,0.0480589135059406,0.0325446001997619
160,0.679184582949347,-1201.68911038187,-1202.02870267335,0.479876351246096,9.68068035067867e-13,0.106683146240064,0.0245725509451899,0.388867951567683,0,0.0881739189634667,0.0973701236962471,0.0366175110980994,0.4630209717708,0,0.13915044565541,0,0.39782858257379,0,0.0842505777499528,0.098370989226623,0.0362767424029734
161,6.76678955531179,-1194.60101413316,-1197.98440891081,0.482681095513188,1.09651154597706e-12,0.107634371721259,0.0432976742730984,0.366386858491358,0.304342195969899,0.149023477604775,0.0777167167205666,0.0286305821552284,0.4854193464076,0,0.137883671038466,0,0.376696982553934,0.294066576231531,0.148858564163433,0.0772959412961512,0.0282960112780379
162,8.36331855680328e-06,-1197.97890347648,-1197.97890765814,0.552578358491158,2.88406175794488e-08,0.0942804779855136,2.88406178451292e-08,0.353141105842093,0,0.188062117996003,0.111577332686413,0.0309047677036371,0.552578394883517,0,0.094280485852492,0,0.353141119263991,0,0.188062221821714,0.111577874323672,0.0309047643472051
163,3.11489984596847e-05,-1223.11260531931,-1223.11262089381,0.484576285139016,3.75907124212381e-08,0.122884691948631,3.75907124212381e-08,0.392538947730928,0.051928668547553,0.23823952466672,0.0413587941768214,0.0304550632249749,0.484576321570154,0,0.122884701187278,0,0.392538977242568,0.051928668547553,0.23823952466672,0.0413587941768214,0.0304550632249749
164,0,-1221.57447144918,-1221.57446503844,0.476638900705806,3.48513369698158e-08,0.113929626008207,3.48513369698158e-08,0.409431403583313,0,0.134837027815361,0.114701470510537,0.0411973427552265,0.476638933928814,0,0.113929633949407,0,0.409431432121779,0,0.134837027815361,0.114701470510537,0.0411973427552265
165,4.28248463322234e-05,-1190.42562165012,-1190.42564306254,0.482822571687542,4.2335064069935e-08,0.138394059909337,4.2335064069935e-08,0.378783283732993,0,0.148804406961508,0.100589586089336,0.0113641755844664,0.482822612568194,0,0.138394071627181,0,0.378783315804625,0,0.148804406961508,0.100589586089336,0.0113641755844664
166,0,-1140.26051997434,-1140.26051927814,0.510151400591733,3.86483818763011e-08,0.126342231771565,3.86483818763011e-08,0.363506290339939,0,0.0793644570496794,0.0666466153801826,0.00650973782006604,0.510151440024788,0,0.126342241537411,0,0.363506318437801,0,0.0793644570496794,0.0666466153801826,0.00650973782006604
167,0,-1183.80636788009,-1183.80636264251,0.555504376763914,2.78848572382071e-08,0.0911560827406037,2.78848572382071e-08,0.353339484725768,0.24062834969935,0.174559337567971,0.0752260110677968,0.0331069574739081,0.555504407744236,0,0.0911560878243527,0,0.353339504431411,0.24062834969935,0.174559337567971,0.0752260110677968,0.0331069574739081
168,9.52868363677135,-1191.27792194755,-1196.04226376594,0.524087788977157,5.43549861379276e-33,0.108973996846783,0.036432583700745,0.330505630475315,0.15086564271412,0.214219698383763,0.0807771387429811,0.0301766212485765,0.525107952320809,0,0.128419252779244,0,0.346472794899947,0.0825038875049602,0.223106515424245,0.077763077782245,0.0301423498849311
169,0,-1216.63350074254,-1216.63349454662,0.44907472836011,5.4765828783783e-08,0.179030445712019,5.4765828783783e-08,0.371894716396213,0.176010399422485,0.115977569250355,0.149456304951042,0.0468990336627277,0.449074777548015,0,0.179030465321523,0,0.371894757130462,0.176010399422485,0.115977569250355,0.149456304951042,0.0468990336627277
170,1.57184808957345,-1202.18378865671,-1202.9697127015,0.522414098282424,4.24409003455774e-19,0.132924950915914,0.0144600250376412,0.330200925764021,0.0527635003155275,0.159903427428765,0.113384727466301,0.0492467299703232,0.509912704874415,0,0.150255973786899,0,0.339831321338686,0.0510365087614818,0.161365102263895,0.117992953361802,0.0490485550385586
171,8.20634448335659,-1197.91993357818,-1202.02310581986,0.477080655882364,0.00655166901704829,0.0779930455679937,0.0186993841882479,0.419675245344346,0,0.0933812547651174,0.0698037943739449,0.0137621930429149,0.479289679772258,0,0.0894197749879308,0,0.431290545239811,0,0.0907961141429665,0.0695492941286025,0.0136638449986747
172,0,-1191.68006608695,-1191.68006056837,0.50491561967529,4.67592294498113e-08,0.152856733394843,4.67592294498113e-08,0.342227553411408,0.312853391319145,0.171218235561556,0.0633933915325582,0.0394031837755085,0.504915666894225,0,0.15285674768977,0,0.342227585416005,0.312853391319145,0.171218235561556,0.0633933915325582,0.0394031837755085
173,0,-1253.05946503282,-1253.05945833438,0.41888951307371,4.41643641294781e-08,0.144374074568922,4.41643641220031e-08,0.43673632402864,0.18435629775708,0.194249524119984,0.0651051958541239,0.0224474538245785,0.418889543700967,0,0.144374085835262,0,0.436736370463771,0.184356325430143,0.194249585000722,0.0651052484329432,0.0224473071573459
174,0,-1204.61225034046,-1204.61224465632,0.485087748846223,3.99042050854079e-08,0.130447539658889,3.99042050854079e-08,0.384464631686478,0.141169435074329,0.137483210887284,0.0699441744649128,0.0382732203067824,0.485087787560308,0,0.1304475500697,0,0.384464662369992,0.141169435074329,0.137483210887284,0.0699441744649128,0.0382732203067824
175,2.64984843485308,-1187.29460036055,-1188.61952457798,0.508244737780166,0.00227980554476656,0.0747090304938209,0.0678865987083316,0.346879827472915,0.438954802753094,0.202365300866589,0.0621562447829004,0.0164496742916428,0.480111290787537,0,0.161689763765866,0,0.358198945446596,0.5,0.185717475010999,0.0796764913450669,0.016788649583529
176,3.03167101042254,-1205.84371631231,-1207.35955181752,0.49344889296183,6.51824863653696e-12,0.0795986842991253,0.0238409889341909,0.403111433798335,0.111624807852953,0.113207454141755,0.0816004842926593,0.0284774635256746,0.48461157155791,0,0.0977161465530651,0,0.417672281889025,0.0659923637218407,0.109056929554956,0.0828952722312783,0.0283637834657242
177,1.55500453231571,-1249.7350448162,-1250.51254708236,0.409085881930741,3.45192811723724e-10,0.112520722402663,0.0335662996217669,0.444827095699636,0.0305768772859437,0.113352022322669,0.104280722349384,0.0213213700067029,0.373926611654408,0,0.16268314765245,0,0.463390240693142,0.0505586275232676,0.0971816443198137,0.100864604866547,0.0212378226624902
178,0.679778106017693,-1238.71045875436,-1239.05034780737,0.458979338932019,2.20141210787228e-26,0.0890029956258635,0.00748724616116065,0.444530419280957,0.143789613607434,0.109760901311543,0.0796938431528233,0.0175555063817694,0.457358605051604,0,0.0927025650017068,0,0.44993882994669,0.133708361817356,0.108052916029235,0.0812550397564773,0.0173588735622904
179,0,-1170.96844307177,-1170.96843766134,0.540023730156104,3.78165562218632e-08,0.123622979256339,3.78165562218632e-08,0.336353214954445,0.31548542060673,0.150170105310227,0.109479280824583,0.0258511228064278,0.540023770999782,0,0.123622988606331,0,0.336353240393887,0.31548542060673,0.150170105310227,0.109479280824583,0.0258511228064278
180,0,-1122.8734521808,-1122.8734449626,0.55546895131458,4.86490634124216e-08,0.159034892159959,4.86490773386349e-08,0.285496059227321,0.166369735608661,0.112920224804589,0.123202001360834,0.0361996189107084,0.555467926386573,0,0.159034824838761,0,0.285497248774665,0.166368082387457,0.112920091202821,0.123201952342892,0.0361999724588608
181,0,-1231.13758331127,-1231.13758015571,0.465831043003801,3.90203303372887e-08,0.127558137752197,3.90203303372887e-08,0.406610741203341,0.213391732240599,0.148355449236431,0.104387607220362,0.0194637782178246,0.465831079357566,0,0.127558147706919,0,0.406610772935514,0.213391732240599,0.148355449236431,0.104387607220362,0.0194637782178246
182,0,-1232.97244427032,-1232.9724385995,0.446473950285194,3.98589610899452e-08,0.130299636251721,3.98589610899452e-08,0.423226333745164,0.00112393186752184,0.14941221720798,0.127817458739504,0.0128177831396193,0.446473985877172,0,0.130299646638938,0,0.42322636748389,0.00112393186752184,0.14941221720798,0.127817458739504,0.0128177831396193
183,0,-1154.68635630271,-1154.68634685203,0.511335125634512,4.88427850199302e-08,0.15966791312883,4.88427850254632e-08,0.328996863551088,0.328447310503164,0.157512830580142,0.100334876760736,0.0173672460913635,0.511335177241977,0,0.159667928378654,0,0.328996894379369,0.328447306891656,0.157512834191649,0.100334862314705,0.0173671738612106
184,1.04199404920337,-1185.30168591224,-1185.82268293684,0.513881946817749,1.99147614703007e-20,0.111132098994866,0.0108896201129213,0.364096334074464,0.0986329175163246,0.146167915998402,0.0822331975038472,0.019691831661072,0.511382622579669,0,0.124365922891547,0,0.364251454528784,0.177721054567038,0.144273087875542,0.0823712896779509,0.0197332219474401
185,3.76586862801105,-1163.43242010862,-1165.31535442263,0.590030982886089,1.0058777374826e-11,0.0795779307991599,0.0298418504819389,0.300549235822753,0.00916063481835643,0.19903336753511,0.0615851702018301,0.0369729516599762,0.565667409296907,0,0.130263798435646,0,0.304068792267447,0.157859962594633,0.191763998546401,0.0684667979367354,0.0369501453051998
186,0.000128961480186263,-1152.13514345452,-1152.13520793526,0.516801965471756,5.79587814701482e-08,0.189468248826624,5.79587778856007e-08,0.29372966978406,0.384950309084218,0.142787902530327,0.0750361458284173,0.0503230185386078,0.516802010861612,0,0.189468271146742,0,0.293729717991646,0.384950309084218,0.142788360293999,0.0750363899690423,0.0503228812095062
187,2.30313162319362e-06,-1227.66063511693,-1227.66063626849,0.462571926689919,4.04723442197517e-08,0.13230479635904,4.04723442197517e-08,0.405123196006353,0.0618504024782166,0.153061669756839,0.09707751445478,0.0230563699085006,0.462571964132662,0,0.132304807068411,0,0.405123228798927,0.0618504024782166,0.153061669756839,0.09707751445478,0.0230563699085006
188,0,-1212.52556856121,-1212.52556779247,0.503722973882277,2.86973951234856e-08,0.0938122832033709,2.86973951234856e-08,0.402464685519562,0.00260757833930287,0.131581443153207,0.135446112341379,0.0205126130876549,0.503723002793353,0,0.0938122885877076,0,0.402464708618939,0.00260757833930287,0.131581443153207,0.135446112341379,0.0205126130876549
189,0,-1194.31979347302,-1194.31978563404,0.496251681923899,4.06335183054349e-08,0.13283167724513,4.06335183054349e-08,0.370916559563934,0.105394434237387,0.13974842546275,0.0808574932243227,0.0412713608728985,0.496251722252806,0,0.132831688039968,0,0.370916589707226,0.105394434237387,0.13974842546275,0.0808574932243227,0.0412713608728985
190,0,-1147.34331891199,-1147.3433188206,0.525028335269407,4.00074733605466e-08,0.130785125444342,4.00074733605466e-08,0.344186459271304,0,0.167876779259414,0.0971129912987638,0.00467544588090448,0.525028377279525,0,0.130785135909108,0,0.344186486811367,0,0.167876779259414,0.0971129912987638,0.00467544588090448
191,0,-1185.50044049164,-1185.50043380444,0.49926547268636,3.62432608679431e-08,0.118479849444698,3.62432608646331e-08,0.38225460538242,0,0.107424674682026,0.0970933968458014,0.0129968834675403,0.499265508494735,0,0.11847985812345,0,0.382254633381815,0,0.107424685236999,0.0970934059166386,0.0129968186719094
192,0.193586162158681,-1154.85835971666,-1154.95515279774,0.5491030082541,3.11209566493759e-17,0.0926477437671824,0.011435769514267,0.34681347846445,0.0511660356960452,0.102397465808364,0.0831415139905889,0.0408099676131457,0.530242722366073,0,0.120037111774467,0,0.34972016585946,0.160542593833627,0.0962557637256104,0.0827335700021068,0.0409189307620662
193,0.587957168766934,-1132.75739087544,-1133.05136945983,0.556350408073228,5.7703630193529e-12,0.0827342318094926,0.0318999141610791,0.32901544595043,0.145416402638842,0.153689436258605,0.0507656543522022,0.0158598140914736,0.529628023759341,0,0.13003729223268,0,0.340334684007979,0.135744750646942,0.140218416449334,0.0500260621061505,0.0158361389282751
194,2.02443106900319e-06,-1162.69156717692,-1162.69156818914,0.549614275681269,3.84504948494016e-08,0.125695335642844,3.84504948494016e-08,0.324690311774897,0.14878199187112,0.143622342670093,0.100147443790367,0.0387659322688827,0.549614317947154,0,0.12569534530894,0,0.324690336743905,0.14878199187112,0.143622342670093,0.100147443790367,0.0387659322688827
195,0.407632683610245,-1139.54507735125,-1139.74889369306,0.589998138273026,1.50002546833099e-63,0.0708411599669199,0.00843334135049326,0.330727360409561,0,0.137949978697341,0.0511300492973941,0.0269206025581295,0.588503764646595,0,0.0802507479162071,0,0.331245487437198,0,0.136069149316629,0.0507367799483746,0.0269187204688302
196,1.51428452062919,-1196.21562077457,-1196.97276303488,0.504345719825184,0.0106198950682261,0.0800973251179934,0.0393452745469081,0.365591785441689,0.07379081831323,0.108654849278958,0.13086106268153,0.033614036430715,0.488620155411976,0,0.131825928899031,0,0.379553915688993,0.0803083688695562,0.0980539354583383,0.125356346284789,0.0335371477059892
197,1.55483238161105,-1135.33178111908,-1136.10919730989,0.584642952133157,1.25343583786635e-21,0.0966041841456769,0.00790878059962934,0.310844083121537,0,0.1344037797844,0.101739179523424,0.0269174305301104,0.582205670859128,0,0.104002767674857,0,0.313791561466015,0,0.133936214838891,0.104634605346867,0.0269103731836386
198,0.356144860551012,-1246.48333538174,-1246.66140781201,0.483647518285451,6.43950876937337e-11,0.0809754305705868,0.0382714447123546,0.397105606367213,0.253601483540783,0.204386684879686,0.0991295137672085,0.0335526184384635,0.475006424142616,0,0.123614795937403,0,0.401378779919982,0.26010794476255,0.197908047469053,0.102213145482244,0.0335444730163865
199,0,-1127.98920103731,-1127.98919433563,0.544742272477689,4.40992651989085e-08,0.144161264048487,4.40992651989085e-08,0.311096375275294,0.251730986889371,0.118370185384049,0.0734577405944513,0.0274198185324341,0.544742320523161,0,0.1441612767633,0,0.311096402713539,0.251730986889371,0.118370185384049,0.0734577405944513,0.0274198185324341
200,0,-1150.57194541215,-1150.57193990677,0.501233619900621,4.82857836729897e-08,0.15784706570866,4.82857836612963e-08,0.340919217819152,0.5,0.196779715004069,0.0400333961260352,0.0192560044607356,0.501233666671648,0,0.157847081050437,0,0.340919252277914,0.5,0.196779753825079,0.0400333631281766,0.0192559132313617
201,0,-1215.36358372923,-1215.36357455279,0.441083986069677,3.94759908499055e-08,0.129047699883891,3.94759908499055e-08,0.42986823509445,0.0512166919186993,0.0732868637264928,0.0737798068190185,0.0273677527060446,0.441084020894135,0,0.129047710072463,0,0.429868269033402,0.0512166919186993,0.0732868637264928,0.0737798068190185,0.0273677527060446
202,4.53632603036249,-1202.13951035536,-1204.40767337054,0.524980108254842,6.21054581570784e-15,0.0457119505021486,0.0221513432158704,0.407156598027132,0.101911943440109,0.120105611630927,0.0708389166234684,0.0283999980227948,0.526846668350143,0,0.0617131284210579,0,0.411440203228799,0.258063012566144,0.117991398338501,0.071016781015852,0.0283966997816252
203,0,-1186.52294709785,-1186.52293936287,0.483003854766898,3.86502174875518e-08,0.126348232416632,3.86502174875518e-08,0.390647835516035,0.0619999042315592,0.123542489373408,0.0771228868260713,0.0112542067764373,0.483003892103309,0,0.126348242183406,0,0.390647865713285,0.0619999042315592,0.123542489373408,0.0771228868260713,0.0112542067764373
204,1.41983862589632,-1152.95637256462,-1153.66629187757,0.527868511791675,1.02361606604103e-12,0.113150101164205,0.037460788460542,0.321520598582555,0,0.167236328130654,0.10386773988992,0.0101219287486376,0.500287868216874,0,0.178306898151746,0,0.32140523363138,0.126050897533305,0.1641568788418,0.107476772214507,0.0101187649751139
205,0,-1177.07690124914,-1177.07690124437,0.514204582036892,9.52373581220103e-10,0.126593584995545,1.5817426954789e-10,0.359201831857015,0.5,0.129591871245676,0.0835674384198073,0.0170698501335881,0.514203156648882,0,0.126595503528179,0,0.359201339822938,0.5,0.129591497280765,0.0835671709041695,0.0170694023842729
206,2.44492276110941,-1160.45619428428,-1161.67865566484,0.541173994344369,1.2269324480491e-13,0.118535486905793,0.0195251091753575,0.320765409574357,0.0868597314696285,0.158216468383481,0.115014876135996,0.0200950183371941,0.523555844018704,0,0.148841824388804,0,0.327602331592492,0.10397471539689,0.152738323742002,0.123251566238741,0.0200796972625573
207,0,-1162.54243125792,-1162.54242630628,0.552601997121231,3.04167881742687e-08,0.0994330110589502,3.04167881980107e-08,0.347964930986243,0,0.145191980023685,0.084647518849519,0.0286704774446448,0.552602022695034,0,0.0994330155808582,0,0.347964961724108,0,0.145192376732394,0.0846475672474446,0.0286705680910115
208,1.69001760683022,-1129.35467985896,-1130.19968866237,0.577243189448747,1.24629311822168e-15,0.0894217701673222,0.013883374664115,0.319451665719815,0.100270869108439,0.122453629960212,0.102280877261015,0.0272463990843229,0.572463032329694,0,0.101882327804789,0,0.325654639865517,0.0814351152173339,0.120708475255047,0.105051219007072,0.0272231531111079
209,1.67616554598499,-1261.74641145353,-1262.58449422652,0.486680510921969,1.50791476374572e-17,0.0590607924315921,0.033792750980009,0.42046594566643,0.164779547118932,0.198070210846385,0.0561512119252186,0.0539514573815535,0.455511762136973,0,0.113723575063833,0,0.430764662799194,0.140322428954664,0.168326061799869,0.085243476709344,0.0538714188554409
210,0,-1159.793950211,-1159.79394591476,0.553945277764084,4.14261076047332e-08,0.135422587524443,4.14261060462796e-08,0.310632051859259,0.161613996328509,0.167957990872229,0.124439985921647,0.0248555232488442,0.553944775426582,0,0.135422747839841,0,0.310632476733576,0.161616171570334,0.167957733892014,0.124439377181411,0.0248556352248134
211,0,-1178.22749197817,-1178.22748686489,0.506896061064086,4.92909324949246e-08,0.161132914631259,4.92909324949246e-08,0.33197092572279,0.0578949829048939,0.200316270580365,0.0795565901473362,0.0170536037786269,0.50689611103485,0,0.161132930516043,0,0.331970958449106,0.0578949829048939,0.200316270580365,0.0795565901473362,0.0170536037786269
212,5.22757658054343,-1159.07689206958,-1161.69068035985,0.517437388120639,0.0055771482230808,0.131773392051545,0.0166424851631437,0.328569586441591,0.0676869154671626,0.140358873604447,0.0536399575496638,0.0405770891868956,0.528867162471152,0,0.141872057674403,0,0.329260779854446,0.0650139675710352,0.139423940226981,0.0714288983238197,0.0406128445900178
213,0,-1147.30885973943,-1147.3088557352,0.516683286763796,3.94867597646677e-08,0.129082903850409,3.94867598090873e-08,0.354233730412275,0.222861884376363,0.121990916578184,0.0624267479474062,0.0122988653480766,0.516683327226384,0,0.129082914352519,0,0.354233758421098,0.222861884376363,0.121990936231802,0.0624267617456251,0.0122989738385262
214,4.56761144960183e-05,-1224.5763195926,-1224.57634243066,0.435209067596935,4.27816141613092e-08,0.139853839915719,4.27816141613092e-08,0.424937006924118,0.5,0.121581194232794,0.0826398574153502,0.0222907771284927,0.435209104834831,0,0.139853851882066,0,0.424937043283103,0.5,0.121581194232794,0.0826398574153502,0.0222907771284927
215,0,-1144.95381935829,-1144.95381146615,0.604699785837364,4.03199193612386e-08,0.131806516848564,4.03199193612386e-08,0.263493616674233,0,0.174167671154072,0.148802391644588,0.0467974450742066,0.604699834600261,0,0.131806527477421,0,0.263493637922318,0,0.174167671154072,0.148802391644588,0.0467974450742066
216,0,-1184.12780195834,-1184.12780054495,0.503951091934488,4.19019739226903e-08,0.136978280694148,4.19019739226903e-08,0.359070543567417,0.146073372374374,0.132302767144732,0.103994061014921,0.026575406590679,0.503951134167582,0,0.13697829217347,0,0.359070573658948,0.146073372374374,0.132302767144732,0.103994061014921,0.026575406590679
217,0.154515167012505,-1250.32835211463,-1250.40560969814,0.431578414738494,3.75360112387062e-31,0.112506833207893,0.00948749508922059,0.446427256964393,0.208352314391698,0.0957057425704372,0.0839164798667841,0.0213289238280708,0.43034846447049,0,0.122444093304068,0,0.447207442225441,0.221050602034137,0.0931537900933092,0.0838549976247817,0.0213323123358757
218,0,-1244.05915278564,-1244.0591491059,0.471889433724559,2.14597153229469e-08,0.0701521814106761,2.14597153310188e-08,0.457958341945334,0.348238841341653,0.0829581935457483,0.0931933854232306,0.0325880383267121,0.471889450579366,0,0.0701521852344952,0,0.457958364186139,0.348238912002279,0.0829583027452826,0.0931934560832494,0.0325878584501282
219,0.592286609579787,-1187.78570601313,-1188.08184931792,0.516292939174893,8.46346364890153e-12,0.106574616860087,0.0259846881013076,0.35114775585525,0.205722466527874,0.140108275300701,0.141259415673132,0.0158859718595443,0.494645261939502,0,0.145236857708249,0,0.360117880352249,0.208103349467288,0.131573321851172,0.142564977045008,0.0159213953092634
220,5.45803523846826,-1201.0778652878,-1203.80688290703,0.453130702399246,0.00511091049289145,0.108986776203566,0.0179026628513874,0.414868948052909,0.0862138629699519,0.115865762583152,0.0339751991047471,0.0172199831157863,0.455868629572761,0,0.121996111480605,0,0.422135258946634,0.0904112589468842,0.110504255491573,0.0445530780617476,0.0169764329188919
221,0,-1215.55144147346,-1215.55143804755,0.460373034423757,4.29072337267329e-08,0.14026451775788,4.29072336177186e-08,0.399362362003896,0.198705748049328,0.148385392817655,0.0807142118019588,0.0122185501037272,0.460372921472393,0,0.140264504253984,0,0.399362574273622,0.198705978466064,0.148385305202301,0.0807139746005572,0.0122187542892862
222,0,-1216.13938946388,-1216.13938929258,0.485339263521366,3.50838578472288e-08,0.114689740795933,3.50838578472288e-08,0.399970925514986,0.124861047792216,0.123046043046574,0.157191472597185,0.0218529740228641,0.485339297576515,0,0.114689748843451,0,0.399970953580034,0.124861047792216,0.123046043046574,0.157191472597185,0.0218529740228641
223,0,-1254.96456166092,-1254.96455375716,0.415099543494049,4.73809279152927e-08,0.154889076478941,4.73809279152927e-08,0.430011285265154,0.0706836571077233,0.127093979563616,0.0772087276870805,0.0410656917930221,0.415099582829656,0,0.154889091156518,0,0.430011326013825,0.0706836571077233,0.127093979563616,0.0772087276870805,0.0410656917930221
224,0,-1158.0117261572,-1158.01171994003,0.467501587972638,5.43575247523795e-08,0.177695692740111,5.43575247523795e-08,0.354802610572201,0.0969951233701424,0.0783334009988732,0.0911342111527199,0.0455982617383997,0.467501638797102,0,0.177695712058309,0,0.354802649144589,0.0969951233701424,0.0783334009988732,0.0911342111527199,0.0455982617383997
225,0,-1138.75842852693,-1138.75842308937,0.560863083342559,2.80815147150321e-08,0.0917989594487711,2.80815147150321e-08,0.34733790104564,0.0545624503347469,0.159385867700773,0.0325676456737474,0.0177852533219918,0.560863114842331,0,0.0917989646044791,0,0.34733792055319,0.0545624503347469,0.159385867700773,0.0325676456737474,0.0177852533219918
226,2.14974540122967,-1210.48341723844,-1211.55828993905,0.511735887362606,6.05876341100244e-20,0.116490105852699,0.0157797295122331,0.355994277272462,0.164826543753732,0.133313105273407,0.131911270898086,0.0338196194811607,0.515461824174854,0,0.120690479761559,0,0.363847696063587,0.121316608162733,0.130614285361835,0.130663781476383,0.0334145632150925
227,0.49386792507994,-1201.50226460156,-1201.7491985641,0.46683353255679,0.00458695271868937,0.144435219644696,0.00822190481185407,0.375922390267971,0,0.12848837483667,0.112072220423904,0.0215482853877995,0.449000941026877,0,0.16117804683786,0,0.389821012135263,0,0.118900618853306,0.107666282761091,0.0211983968046612
228,1.52830343722599e-05,-1193.30960945494,-1193.30961709645,0.474647497028984,5.30621964083088e-08,0.173461241880288,5.30621964083088e-08,0.351891154966335,0.18360419509677,0.153673419709057,0.101631706326346,0.0224427474262405,0.474647547400666,0,0.173461260288759,0,0.351891192310574,0.18360419509677,0.153673419709057,0.101631706326346,0.0224427474262405
229,0.684517074509586,-1220.38918429919,-1220.73144283644,0.496669105003327,1.6528920643547e-14,0.0790407062909424,0.0304042266395938,0.393885962066121,0.5,0.13179799720786,0.098552114656996,0.0261510718324802,0.475311433608212,0,0.122730730326742,0,0.401957836065045,0.5,0.137624613164145,0.0985894102678487,0.0263390984446593
230,9.16523958469361,-1181.10805099881,-1185.69067079116,0.526620970038207,3.44116782275235e-11,0.106238302171146,0.0531417944033553,0.31399893335288,0.109138328805327,0.234620347103594,0.0746857758863725,0.0415781721704966,0.507200361915391,0,0.164167266543767,0,0.328632371540843,0.217294832446188,0.223626396842164,0.0773101019404029,0.0413524681855936
231,3.20417608413754,-1185.3224760183,-1186.92456406037,0.474599212715046,0.00804247339534368,0.138164327511505,0.0335819347525147,0.34561205162559,0.0960190874854639,0.15944131046214,0.0762881122433649,0.0309937535589883,0.470443492098993,0,0.174582770583184,0,0.354973737317822,0.0946514974187606,0.147835154542105,0.074182051404831,0.0306797530654524
232,3.12909560307162e-05,-1184.35782070117,-1184.35783634665,0.525906870973751,3.49902919709578e-08,0.114383871076251,3.49902918226564e-08,0.359709187969414,0.141614199378088,0.103769242782377,0.148734990287137,0.034238652465505,0.525906908908086,0,0.114383880086394,0,0.35970921100552,0.141614179157624,0.103769323431299,0.148734986121659,0.0342389592211569
233,0,-1175.74249657877,-1175.74249091852,0.470502291573195,3.91146977307096e-08,0.127866626400685,3.91146977307096e-08,0.401631003796725,0.102222967734177,0.0791027283359782,0.0481894399983258,0.0279381469477127,0.470502328380307,0,0.127866636403615,0,0.401631035216078,0.102222967734177,0.0791027283359782,0.0481894399983258,0.0279381469477127
234,0,-1191.55353490464,-1191.55352873254,0.522630825242291,4.20980417853454e-08,0.137619229943351,4.20980417853454e-08,0.339749860618275,0.110673344130121,0.235082722639928,0.0806762506967326,0.0366503235085392,0.522630869245763,0,0.137619241530352,0,0.339749889223885,0.110673344130121,0.235082722639928,0.0806762506967326,0.0366503235085392
235,5.90507268524016,-1155.4702214293,-1158.42275777192,0.509958591990101,3.4934506178249e-12,0.132999821944829,0.0439432311590297,0.313098354902547,0.256189021772624,0.143628473543258,0.111570670394314,0.0197070974041514,0.496518893418296,0,0.178383082336005,0,0.325098024245699,0.363257874388265,0.13415848129071,0.109594864671656,0.0196835407585123
236,0.310621779556641,-1193.85842977671,-1194.01374066649,0.489155300542116,7.9731312560976e-26,0.110154037527015,0.00853666713257172,0.392153994798297,0,0.151773316315783,0.0528820453778595,0.0238863007525209,0.488331056198519,0,0.118017497130868,0,0.393651446670613,0,0.149926092943697,0.0529526902936573,0.0238651337511642
237,0.220317941778376,-1220.01027521732,-1220.12043418821,0.487919461800143,3.31036943149715e-23,0.0514891094661155,0.00360111323280088,0.456990315500941,0,0.125985183434997,0.031437699974074,0.0285014713962207,0.484233847788906,0,0.0541179029400467,0,0.461648249271047,0,0.119668690829805,0.0309517692660208,0.0283222577753033
238,3.89222879873978,-1176.74742881974,-1178.69354321911,0.488928177101806,2.67886811556002e-28,0.12580766770988,0.0271203363137785,0.358143818874535,0.056970091375336,0.135683745800557,0.0468332752274192,0.0436854482012284,0.48874717203183,0,0.156280581368144,0,0.354972246600026,0.0773658123185529,0.125939440141122,0.0648984592170227,0.0438225929117893
239,7.45192149932154,-1179.52044158139,-1183.24640233106,0.513824892725247,0.00807537251248909,0.0766622598391832,0.0419106274860189,0.359526847437062,0.12121422843478,0.177597003477801,0.0804162001879005,0.010425030096021,0.511466572007951,0,0.122150607640312,0,0.366382820351737,0.216315384487704,0.174798088649001,0.0809498752190616,0.0104130476183634
240,0,-1127.41943355216,-1127.4194269847,0.606379711921723,3.35081443017771e-08,0.109538706720476,3.35081443274888e-08,0.284081514341512,0,0.151185073746358,0.100817174990507,0.042823287025672,0.60637975587774,0,0.109538712655354,0,0.284081531466906,0,0.151185226299499,0.100817138345979,0.0428231343510797
241,0,-1150.48758025148,-1150.48757195406,0.508994304572363,3.76815072984482e-08,0.123181501979562,3.76815072984482e-08,0.36782411808506,0.0255868073723716,0.0815605021481099,0.0881573094441253,0.0260899645799757,0.508994342931712,0,0.123181511262892,0,0.367824145805397,0.0255868073723716,0.0815605021481099,0.0881573094441253,0.0260899645799757
242,8.05184483661833,-1156.09222422919,-1160.1181466475,0.544146570341321,9.72261873657433e-23,0.0791483758132475,0.051715141782435,0.324989912062997,0.0414757566449953,0.173420034930458,0.0664012927265603,0.0325156789011972,0.538694471870551,0,0.123829473418075,0,0.337476054711374,0.0550711979189169,0.165145395326116,0.0683623749166814,0.0317090873708956
243,3.68905333323755,-1198.45697247407,-1200.30149914069,0.505391983725025,4.63820125705115e-42,0.069570415247792,0.0482426226899962,0.376794978337187,0.219898808449253,0.116693811074909,0.12997120680261,0.0114317428758132,0.491933508605076,0,0.122541595597706,0,0.385524895797218,0.212238203066837,0.106451599769822,0.132710521121003,0.0114108554787536
244,0,-1198.32870695522,-1198.32870354416,0.502596795463931,3.438557105282e-08,0.112407029134043,3.438557105282e-08,0.384996106630884,0,0.141322556399828,0.0702507760034694,0.0200506258446955,0.502596830028089,0,0.112407036864403,0,0.384996133107508,0,0.141322556399828,0.0702507760034694,0.0200506258446955
245,3.11509538732935e-05,-1196.33973764106,-1196.33975321654,0.457529549399348,5.5635773842723e-08,0.181874311222791,5.5635773842723e-08,0.360596028106314,0.381677682406643,0.135150114778952,0.131611011584415,0.0217494988564324,0.457529600309375,0,0.181874331460229,0,0.360596068230396,0.381677682406643,0.135150114778952,0.131611011584415,0.0217494988564324
246,2.87945556583554,-1145.73568999846,-1147.17541778138,0.542689955880653,6.95721381751991e-10,0.0994305730154565,0.0336798563303325,0.324199614077836,0.0963645569467036,0.127089056948867,0.0884827798794624,0.0323395582101044,0.538809162482101,0,0.133906007255988,0,0.327284830261911,0.219642198191803,0.12389426284556,0.0901041539110172,0.0322817396079376
247,6.9471933698178,-1147.13693878597,-1150.61053547088,0.515088933932387,5.31745294537209e-11,0.0592359209618406,0.0666462268711236,0.359028918181474,0.034244746548792,0.14362690195819,0.0435917307485662,0.0197205101203285,0.501244501135517,0,0.133923984885496,0,0.364831513978988,0.14104415988273,0.124764334710448,0.043952528381502,0.0197039338004292
248,0,-1228.2252113275,-1228.22520485042,0.466771729468219,4.66994901143864e-08,0.152661444469519,4.66994901143864e-08,0.380566732663282,0.38150678735459,0.151712903381264,0.154560265076387,0.0253994199702291,0.466771773064226,0,0.152661458727943,0,0.380566768207831,0.38150678735459,0.151712903381264,0.154560265076387,0.0253994199702291
249,0.181477633534996,-1196.29717209357,-1196.38791091034,0.492555242016606,0.00613476541331522,0.0805849994893836,0.0436346247594037,0.377090368321291,0,0.144710857642196,0.0605028626979567,0.0302333908293456,0.468666438406223,0,0.141229999889698,0,0.390103561704079,0.0475339722814438,0.1298988160507,0.0586274520513333,0.0304444251354852
250,2.67605685794251,-1097.82649573533,-1099.1645241643,0.551619612535644,7.52541825793212e-27,0.123781674821552,0.0133610016049613,0.311237711037842,0,0.151645156010508,0.0258434917282185,0.0153458459213248,0.552725661829515,0,0.134123101570609,0,0.313151236599877,0,0.150292645880726,0.0259229126227629,0.0153221185846699
251,0,-1159.73469615486,-1159.73469207147,0.518018262546378,4.06260423236306e-08,0.132807395796617,4.06260367448891e-08,0.349174260404926,0.5,0.141297753264239,0.073204317398468,0.0103241177467534,0.518018385832314,0,0.132807502074422,0,0.349174112093265,0.5,0.141297726634499,0.0732045142731635,0.0103241508194341
252,0.0129295057231502,-1161.32522781392,-1161.33169256678,0.509591647810499,4.48033123807678e-22,0.101490365452278,0.00833474373084908,0.380583243006374,0,0.122758764908463,0.0506154497517847,0.0157235978080367,0.495585477589609,0,0.119386803352142,0,0.385027719058249,0,0.118029983920595,0.0495445198221975,0.015814994900315
253,0,-1140.98172412838,-1140.98171829026,0.561133344644761,4.53394684225316e-08,0.148215509931906,4.53394684225316e-08,0.290651054744396,0.421604919530968,0.164929555620359,0.141098150266709,0.0162188220794369,0.56113339552774,0,0.148215523371932,0,0.290651081100327,0.421604919530968,0.164929555620359,0.141098150266709,0.0162188220794369
254,3.33613261221763,-1191.40322653948,-1193.07129284559,0.516942975137786,0.00752196490828827,0.0701471519514401,0.0166119869355659,0.38877592106692,0.0331943977077316,0.149444670622425,0.0402953504139387,0.0250116404664658,0.495685282032033,0,0.100772307929171,0,0.403542410038796,0.0541130762206029,0.134718298412407,0.0390623522849241,0.0250517428781394
255,0,-1188.36773203208,-1188.36772916446,0.525740066977628,3.36940575988126e-08,0.110146458580057,3.36940576086007e-08,0.3641134070542,0.161212292475303,0.130422636275171,0.146848551229034,0.0173297826065265,0.525740103679958,0,0.110146467377002,0,0.36411342894304,0.16121230459448,0.130422636275171,0.146848626367937,0.0173296735339257
256,0,-1136.97894590618,-1136.97894300659,0.518505720546072,4.18330842035458e-08,0.13675307900548,4.18330842035458e-08,0.34474111678228,0.104694469235395,0.109875951286424,0.049072340626907,0.03181309651459,0.518505763927462,0,0.136753090447087,0,0.344741145625451,0.104694469235395,0.109875951286424,0.049072340626907,0.03181309651459
257,6.57974970199575,-1243.95027684057,-1247.24015169157,0.504535264679968,0.00125735300553608,0.046047276863658,0.029676105028654,0.418484000422184,0,0.167172860599121,0.085352459228907,0.027869889186335,0.48556340993568,0,0.0855071894576877,0,0.428929400606632,0.5,0.150523953816609,0.0846170616979494,0.027920400661234
258,0,-1208.57786806572,-1208.57786220421,0.477484254654365,3.76179237619498e-08,0.122974663453889,3.76179170094012e-08,0.399541006655905,0.132288646274742,0.183560527648616,0.0621631823527688,0.0175231113802033,0.477485183720023,0,0.122973425763804,0,0.399541390516173,0.132280992597477,0.183560392359495,0.0621630344330725,0.0175233203384713
259,4.69807159788616e-05,-1087.49834285513,-1087.49836634549,0.581301941542325,3.56965207634412e-08,0.11663876698951,3.56765390479695e-08,0.302059220095105,0,0.102160084870233,0.0692598852498435,0.0173161717360802,0.581303607905032,0,0.116636905336223,0,0.302059486758745,0,0.102160669172822,0.0692598576604187,0.017316214596883
260,9.61351382748717,-1132.25032880781,-1137.05708572156,0.533189343555721,1.38460380331071e-11,0.123883149748908,0.0338041508172662,0.309123355864259,0,0.210078626679237,0.0507011220307482,0.0153673101193436,0.527811467450919,0,0.157244417612828,0,0.314944114936253,0,0.216838060288862,0.0497544715783394,0.01533598071068
261,2.18900559048052e-05,-1207.22523304969,-1207.22524399472,0.520607003458168,3.40069874545168e-08,0.111165296545488,3.40060020668496e-08,0.368227631983355,0.0741291543751904,0.17940147788332,0.0900097711186548,0.023360034000678,0.520607242682105,0,0.111165112154381,0,0.368227645163513,0.0741306703159126,0.179401276685184,0.0900104023460104,0.0233602530725154
262,0,-1183.96551511077,-1183.96550796255,0.418748223538019,6.23083160059459e-08,0.203686967472919,6.23083160059459e-08,0.37756468437243,0.265973538531482,0.105894083904719,0.104329032528116,0.0168506610414454,0.418748275721019,0,0.203686992855706,0,0.377564731423275,0.265973538531482,0.105894083904719,0.104329032528116,0.0168506610414454
263,7.06502439733686,-1185.26818384657,-1188.80069604524,0.521628769020429,1.20034931029259e-15,0.0662564343938217,0.0289000749877601,0.383214721597988,0,0.120194171270179,0.112427239518286,0,0.521159856302353,0,0.0888746481208661,0,0.389965495576781,0.0364475816964771,0.116643863125525,0.111600479881908,0
264,4.34237141810308,-1238.3729902782,-1240.54417598725,0.496223561668765,3.9968496101386e-13,0.099843045591843,0.034684398446286,0.369248994292706,0.012894500755868,0.206418204211373,0.0983239789344946,0.0535960301253593,0.466453862036125,0,0.15590637879502,0,0.377639759168855,0.0936273366976092,0.197102243940279,0.100196679540006,0.0535992990264815
265,5.67704392134465,-1184.45202883827,-1187.29055079894,0.582334047591882,2.40260415089236e-14,0.0531698047409807,0.0278105945859691,0.336685553081144,0.00247337908001449,0.177327997107343,0.124030524487793,0.0280939506497356,0.553176951116826,0,0.102039462232753,0,0.344783586650421,0.354941981857782,0.156361691522514,0.125101550691696,0.0277499643242729
266,0,-1167.31787734391,-1167.31787733362,0.539713953844268,3.88725576842561e-08,0.127075066382257,3.88725576842561e-08,0.333210902028359,0.280539959983111,0.157939250740857,0.132112125735094,0.0104749594899977,0.539713995804395,0,0.127075076261724,0,0.333210927933881,0.280539959983111,0.157939250740857,0.132112125735094,0.0104749594899977
267,0,-1221.8133284927,-1221.81332017729,0.432430060919622,5.0312506742342e-08,0.164473039460821,5.03125074827748e-08,0.403096798994542,0.000876455399804572,0.124729416181285,0.129451114994792,0.0119169788312456,0.432430802861499,0,0.164472373415895,0,0.403096823722606,0.00087546203499179,0.124729479666799,0.129451216758949,0.011917031349127
268,0,-1211.58647466938,-1211.58646804008,0.525445751347805,3.23652018364878e-08,0.105802407067045,3.23652018364878e-08,0.368751776854746,0.0115925613198737,0.168987666529017,0.114776269783955,0.0372369067004616,0.525445785360123,0,0.105802413915678,0,0.368751800724199,0.0115925613198737,0.168987666529017,0.114776269783955,0.0372369067004616
269,4.01878455026372,-1210.02015891621,-1212.02955119134,0.495984287821151,1.59646261102877e-17,0.0665180247016569,0.022747373724589,0.414750313752603,0.0428703890928983,0.148614007876659,0.0661630939879213,0.0139052599695934,0.499531527781986,0,0.0779843425419835,0,0.422484129676031,0.0407418894952809,0.144243061679235,0.0654600104195951,0.013860914200736
270,0,-1165.12424326234,-1165.12423766722,0.540842863326216,3.84881449354966e-08,0.125818402909343,3.84881447505799e-08,0.333338656788151,0.0187771534934184,0.157760137934225,0.101615091953622,0.0172020553110207,0.540842875992855,0,0.125818428894074,0,0.333338695113071,0.0187771229758403,0.15775957335903,0.101615091953622,0.0172019332407082
271,0.737778080924727,-1210.34351617005,-1210.71240521052,0.486794504766466,9.51507195325194e-14,0.0915216555004751,0.018154406680217,0.403529433052747,0.047511767509488,0.137475586132238,0.0815627656870442,0.0124241349488515,0.476657081162825,0,0.117800601174447,0,0.405542317662727,0.135940722824349,0.127977739345422,0.0794718768786976,0.0124136101415709
272,2.84649751160441,-1168.91194909368,-1170.33519784948,0.521598666829064,1.26166739578487e-11,0.103195326404234,0.0307188680652087,0.344487138688877,0,0.1722422457985,0.0782954386816604,0.0246932231384409,0.51507900393827,0,0.137387727701285,0,0.347533268360446,0.0697515715408427,0.164481131437663,0.078148088597669,0.0246269922958494
273,0,-1208.82339160096,-1208.82338413259,0.436154078666213,4.75014437147652e-08,0.155283044721073,4.75014437147652e-08,0.408562781609827,0.103488213455541,0.102769980637377,0.0914117923623065,0.0281127638818623,0.436154120102113,0,0.155283059473412,0,0.408562820424474,0.103488213455541,0.102769980637377,0.0914117923623065,0.0281127638818623
274,0,-1204.7217124013,-1204.721706953,0.466236531540766,4.47035245504389e-08,0.146136598366118,4.47035245504389e-08,0.387626780686067,0.055478977476337,0.119205329987,0.08837738907079,0.0513009417517875,0.466236573225602,0,0.146136611431761,0,0.387626815342637,0.055478977476337,0.119205329987,0.08837738907079,0.0513009417517875
275,1.35329173645005e-07,-1244.45429858461,-1244.45429865227,0.466619832747358,3.48085072782762e-08,0.113789615002507,3.48085072782762e-08,0.419590482633121,0,0.162481083334214,0.0953927704554739,0.0344907435765049,0.46661986523204,0,0.113789622924201,0,0.41959051184376,0,0.162481083334214,0.0953927704554739,0.0344907435765049
276,0.692011117210313,-1243.33912539065,-1243.68513094925,0.452371958743693,3.10381916955751e-38,0.0966849890928168,0.0156456704682477,0.435297381695243,0.439877697730799,0.152977965430009,0.136177893498649,0,0.450585537382045,0,0.118955282489118,0,0.430459180128837,0.454717102736253,0.141583701673061,0.163262592475452,0
277,1.70496750837583,-1197.84366184246,-1198.69614559665,0.546984611636134,8.62879421919096e-12,0.0890667087351464,0.0274056047665463,0.336543074853545,0.0195362737886891,0.148069290363674,0.109485532636427,0.0480685238200776,0.521927989136573,0,0.137181513000562,0,0.340890497862865,0.179830829786731,0.148506790617777,0.113054021788255,0.0479248582275123
278,2.69512075279499,-1179.66486231874,-1181.01242269514,0.551404516730689,2.4239515476631e-17,0.0890151939194751,0.0152856652416236,0.344294624108212,0,0.155399366365861,0.118982486349083,0.0109232469197587,0.544616365404851,0,0.100155988734099,0,0.35522764586105,0,0.14863169807682,0.119374364507749,0.0109102042929199
279,4.39060308516673,-1170.13659136718,-1172.33189290976,0.535867858494039,8.23241290858757e-17,0.058934681227288,0.0268231487390704,0.378374311539603,0,0.158177216892303,0.0463930972131417,0.0138634654266956,0.531941088383105,0,0.0870658540828907,0,0.380993057534005,0,0.147751942503528,0.0543618177772039,0.0138678800955696
280,4.47814675085829,-1187.0413862145,-1189.28045958993,0.556962762190596,0,0.0523964844682208,0.0296872493608544,0.360953503980329,0,0.136029922283593,0.161523657272864,0.0158679296253252,0.541153041477759,0,0.0918939755586509,0,0.36695298296359,0.11756860586052,0.127904917149425,0.156215608104005,0.015969161167241
281,3.63207705211425,-1126.51722019037,-1128.33325871643,0.554640967286391,8.61198909851344e-14,0.0775240135089281,0.024911748266509,0.342923270938085,0,0.0790880036538859,0.0747996088559554,0.011500601096116,0.534271618282139,0,0.119051287245897,0,0.346677094471964,0.265515159763277,0.0698548209574377,0.0777322025536359,0.0114992450154042
282,3.14020623375154,-1193.51946067617,-1195.08956379305,0.515877255343267,0.00374938982564354,0.100449343043583,0.0347119713062162,0.345212040481291,0.0466753406872117,0.139214779512852,0.157641716558303,0.0236816253400403,0.483747636636652,0,0.166515132335628,0,0.34973723102772,0.378641733241653,0.126708377195175,0.164481310170979,0.0240037667155628
283,0.817661051738469,-1140.99564829021,-1141.40447881608,0.610073405584547,0.00252403910598467,0.0513151029164741,0.0211770912769831,0.314910361116011,0,0.166505131223352,0.118467044807148,0.00981855732096952,0.605127573688851,0,0.0736072788252416,0,0.321265147485908,0,0.171303243338731,0.120599392848229,0.00980820715121404
284,2.45513215304527e-05,-1165.8607158096,-1165.86072808526,0.498307935264793,3.85322109938328e-08,0.1259624671386,3.85322109938328e-08,0.375729520532185,0,0.0551526838974219,0.0502411859522668,0.0753734851265516,0.498307973666609,0,0.125962476845826,0,0.375729549487566,0,0.0551526838974219,0.0502411859522668,0.0753734851265516
285,0,-1186.66663609314,-1186.66663402937,0.416313854233857,5.25936689249541e-08,0.171929617397722,5.25936689249541e-08,0.411756423181084,0.128347128719353,0.109668989917748,0.0350376441457725,0.0213606399170593,0.416313898024808,0,0.171929635482542,0,0.41175646649265,0.128347128719353,0.109668989917748,0.0350376441457725,0.0213606399170593
286,4.93821039537579,-1109.2670235799,-1111.73612877759,0.617680838890651,5.88987986712763e-15,0.130531061861783,0.021387766387975,0.230400332859585,0.0147620241464696,0.203149686199584,0.0971457100103117,0.0369024283563209,0.585461228309216,0,0.174835723224117,0,0.239703048466668,0.0451645051546427,0.201343684760795,0.0962618290800786,0.0368315542328606
287,2.78520410574856e-05,-1177.60372523073,-1177.60373915675,0.492531211589736,4.29086125154228e-08,0.140268999741591,4.29086125154228e-08,0.367199702851448,0.0389338201559656,0.154021279312149,0.0576841338639844,0.0354046315275252,0.492531253857401,0,0.140269011779088,0,0.367199734363511,0.0389338201559656,0.154021279312149,0.0576841338639844,0.0354046315275252
288,0.662248941772759,-1183.39095668108,-1183.72208115196,0.467814929595912,7.60097803708737e-25,0.130526413749346,0.011724720528248,0.389933936126494,0,0.133720077737538,0.0453156088091069,0.022686716889539,0.47081228064095,0,0.139657129916753,0,0.389530589442296,0,0.133753844720629,0.0454750108931444,0.0226880611373954
289,9.86612080899386,-1124.47162444874,-1129.40468485324,0.529373251269289,7.00954359009624e-109,0.124400706536338,0.0257146793133099,0.320511362881063,0.165133110781076,0.104271904844211,0.0699862014861338,0.0210026924676021,0.527704616418074,0,0.144736550075361,0,0.327558833506565,0.25759038673507,0.108392956747326,0.0698362082288124,0.0208977029938386
290,0,-1186.60802347235,-1186.60801640844,0.472932637083049,4.50180023752842e-08,0.147164631838795,4.50180023752842e-08,0.379902641042151,0.404279760618477,0.0910316738757409,0.0868986692876641,0.0276223118474486,0.472932679664018,0,0.147164645088911,0,0.37990267524707,0.404279760618477,0.0910316738757409,0.0868986692876641,0.0276223118474486
291,0,-1137.04810527816,-1137.04810139001,0.535690530304368,4.3381404854879e-08,0.141814566112845,4.3381404854879e-08,0.322494816819977,0.189281555343591,0.144604254696098,0.0405886623192578,0.0308501226489761,0.535690576782388,0,0.141814578417076,0,0.322494844800536,0.189281555343591,0.144604254696098,0.0405886623192578,0.0308501226489761
292,0,-1271.02582586853,-1271.02582463936,0.44650204261322,3.83838820219314e-08,0.125477577152613,3.83838820219314e-08,0.428020303466403,0,0.224257927890463,0.0864557844134816,0.0345354204004756,0.446502076890186,0,0.125477586785247,0,0.428020336324567,0,0.224257927890463,0.0864557844134816,0.0345354204004756
293,0,-1174.00684296667,-1174.00684104823,0.48638686358845,4.40464825428373e-08,0.143988716628825,4.40464825428373e-08,0.36962433168976,0.138017463960924,0.0958588693952996,0.0488461245566583,0.0485697793618097,0.486386906435715,0,0.143988729313219,0,0.369624364251066,0.138017463960924,0.0958588693952996,0.0488461245566583,0.0485697793618097
294,3.39748339683865e-06,-1150.39871862946,-1150.3987203282,0.502586432821511,4.62269888955793e-08,0.151116829776724,4.62269888955793e-08,0.346296644947788,0.210082231833912,0.0891528525559433,0.100161381395465,0.00579232351605558,0.50258647928763,0,0.151116843748077,0,0.346296676964293,0.210082231833912,0.0891528525559433,0.100161381395465,0.00579232351605558
295,6.31262863822576,-1090.15233585486,-1093.30865017397,0.599364693565404,5.49724206453446e-16,0.123605595143041,0.0174177452394461,0.259611966052109,0,0.171457140850157,0.0905145530629379,0.0181314773730836,0.596154798738383,0,0.136254780434285,0,0.267590420827331,0,0.164685017493659,0.097324980051945,0.018106662965992
296,9.14687780095846e-06,-1215.50037176731,-1215.50037634075,0.431027198330204,4.06021832892426e-08,0.132729242532831,4.06021832892426e-08,0.436243477932598,0.0985933536016066,0.118095901200597,0.0608533988928754,0.0198388612048761,0.431027233331498,0,0.132729253311026,0,0.436243513357476,0.0985933536016066,0.118095901200597,0.0608533988928754,0.0198388612048761
297,0.166876740456246,-1173.14014301793,-1173.22358138816,0.507934012604342,1.18345376462596e-33,0.0652483532908887,0.0426954817677965,0.384122152336973,0,0.143832264418365,0.0531303288931518,0.0154688218296017,0.476749685287044,0,0.127258080096297,0,0.395992234616659,0,0.124546370147142,0.0562364197330407,0.0154621782343537
298,9.92348459918821,-1200.79270356441,-1205.75444586401,0.496426229166447,7.22784674788946e-08,0.104122990465107,0.0316289882187739,0.367821719871205,0.0664039667324415,0.175322262582035,0.0549505242000031,0.0370849533829964,0.496820607166253,0,0.128517036234525,0,0.374662356599223,0.0870328279577994,0.16880661583369,0.0778806231709373,0.0368850980178913
299,0,-1163.012772115,-1163.01276446535,0.478657293318692,5.61681417694017e-08,0.183614631223651,5.61681417694017e-08,0.337727963121374,0.114426039056601,0.149203566686955,0.0558799020211118,0.0278199656326699,0.478657347089279,0,0.183614651850238,0,0.337728001060482,0.114426039056601,0.149203566686955,0.0558799020211118,0.0278199656326699
300,6.6118889606696,-1216.03693581924,-1219.34288029957,0.442291511074699,7.41123988313469e-12,0.0972205786362851,0.0444924596766177,0.415995450604987,0.118084103572332,0.104039807047165,0.0576721896369345,0.0378632910670763,0.432338977349576,0,0.139924959728416,0,0.427736062922008,0.0449342144958,0.105781960607175,0.061509909564515,0.0377825507802859
301,0,-1190.38107609022,-1190.38106799268,0.546660877505207,3.6032656027238e-08,0.117791378529353,3.6032656027238e-08,0.335547671900128,0,0.161909961136983,0.124874351965156,0.0320127381187006,0.546660916900496,0,0.117791387018026,0,0.335547696081478,0,0.161909961136983,0.124874351965156,0.0320127381187006
302,2.53745689705875,-1256.00308257963,-1257.27181102816,0.44175211860564,8.89151943673104e-16,0.0727616611420262,0.0401745600923906,0.445311660159942,0.0903164638193339,0.166507796867288,0.0917430038485754,0.00608091961540745,0.421054153719499,0,0.115859977975244,0,0.463085868305257,0.0926216405329503,0.161511475210142,0.0910812774163779,0.00603560641613997
303,2.9581482976937e-05,-1184.68444125343,-1184.68445604417,0.489417569873758,4.67811508547079e-08,0.152928394848279,4.67811508547079e-08,0.357653941715662,0.194521899326952,0.163013222807205,0.0822906005762872,0.017969660571978,0.489417615664796,0,0.152928409156613,0,0.357653975178591,0.194521899326952,0.163013222807205,0.0822906005762872,0.017969660571978
304,0.952356256467283,-1237.51142235163,-1237.98760047987,0.501940829474104,1.76532062361902e-76,0.0844430872639593,0.0084465564104463,0.405169526851491,0.077084897081831,0.155093745724812,0.0678724661011361,0.0586134354079045,0.497292108145669,0,0.0915850849034597,0,0.411122806950872,0.051568181808875,0.153993437687932,0.0689610824808378,0.0582753125772747
305,0,-1287.52477835107,-1287.52477269705,0.387074819791134,4.57142157546663e-08,0.149440565470943,4.57142157546663e-08,0.463484523309492,0.345720994952987,0.16413470394805,0.0609143073256243,0.0380706275878561,0.387074855180781,0,0.149440579134061,0,0.463484565685159,0.345720994952987,0.16413470394805,0.0609143073256243,0.0380706275878561
306,1.80083467894838,-1275.73813866462,-1276.6385560041,0.460680471028298,0.00523282389064908,0.0543521870257746,0.0104882579847582,0.46924626007052,0,0.138107848276479,0.10639560281583,0.0298788711023928,0.463450021987351,0,0.0631795598313031,0,0.473370418181346,0,0.134767217601493,0.106668201708969,0.0297438991646831
307,2.97509601548109,-1193.7842563691,-1195.27180437684,0.439771871569819,8.56945898458162e-19,0.140421670615711,0.0331433848680998,0.386663072946371,0.5,0.141042195631117,0.0542550159123529,0.0202422044458381,0.432241593681552,0,0.172234810205098,0,0.39552359611335,0.5,0.134631077378198,0.0554070981601008,0.0200310639656608
308,0.421667017502841,-1191.20894201865,-1191.4197755274,0.503862791459494,1.95945489680509e-19,0.108923862645512,0.0143772343527326,0.372836111542261,0,0.117941345755417,0.0877994761704468,0.0349536523597265,0.493769585661648,0,0.129200241365934,0,0.377030172972417,0,0.104565134145311,0.087662715083512,0.0349375954771182
309,1.30853397522833,-1187.47215648782,-1188.12642347543,0.516964309451819,6.75651176670533e-35,0.0998345387241212,0.0162480535909017,0.366953098233158,0.0243872103876401,0.14073840906175,0.0939632149079597,0.0230714414578312,0.512950575658922,0,0.121693910205496,0,0.365355514135581,0.120085952486073,0.141260387891512,0.0935529525713924,0.0230558869703367
310,0,-1208.94633080326,-1208.94632756631,0.505647728879318,3.05738268188433e-08,0.0999463690517439,3.05738267905429e-08,0.394405840921285,0.5,0.110393771942241,0.136734908885614,0.0178908704462453,0.505647740459717,0,0.0999463794954923,0,0.39440588004479,0.5,0.110394229705913,0.136735381908075,0.0178907636347218
311,0,-1177.30995180063,-1177.30994685977,0.53184550155752,3.14431438771685e-08,0.102788212927102,3.14431431023437e-08,0.365366222629091,0,0.115847125732668,0.0802188066878841,0.0363847370079242,0.53184437873791,0,0.102788234614769,0,0.365367386647321,0,0.115847442393685,0.0802190147839251,0.0363848320818223
312,4.35243409810937e-05,-1224.71417786538,-1224.71419962755,0.419687079224098,3.86380433255628e-08,0.126308074482176,3.86380142509962e-08,0.454004769017669,0.0525763786775609,0.099094359076707,0.0528408251074293,0.0177186887903063,0.419687048216193,0,0.126308129977495,0,0.454004821806312,0.0525769486376943,0.0990945288893357,0.0528409077963618,0.0177187827185501
313,4.00102475737594,-1200.29592490963,-1202.29643728832,0.493461199276819,0.00272224645766838,0.0997987118855431,0.0212156909019453,0.382802151478025,0,0.11332790339845,0.0706946698727051,0.0558639116324334,0.475220218006574,0,0.126754990297683,0,0.398024791695743,0,0.0900027434682181,0.0706378628242774,0.05549694907005
314,2.62260132634083,-1186.76706182887,-1188.07836249204,0.531953624258857,1.10122803965135e-29,0.10493408857893,0.0158708517271801,0.347241435435034,0,0.190082863386341,0.0991728675284421,0.0140508173348272,0.526471161012719,0,0.119393207185254,0,0.354135631802027,0,0.188203232934445,0.0977816366501605,0.0139557459547294
315,0,-1203.192503172,-1203.19249397064,0.505121631509777,3.83743372094618e-08,0.125446374994834,3.83743372094618e-08,0.369431916746715,0,0.162203632088003,0.0703906817704526,0.0430211474207966,0.505121670277195,0,0.125446384622677,0,0.369431945100127,0,0.162203632088003,0.0703906817704526,0.0430211474207966
316,1.92891054135407,-1198.99436146927,-1199.95881673994,0.483988901294108,0.00762132366489332,0.0853234795050708,0.0154357583141488,0.407630537221779,0,0.0986047192099455,0.138967005707107,0.0111426578868376,0.474506698204539,0,0.112731672613596,0,0.412761629181865,0.121110009272382,0.0866714103478189,0.137094737400316,0.0111411070445636
317,2.52727188900462,-1258.76900001368,-1260.03263595818,0.459519807184732,2.34487141698684e-15,0.0443724288566974,0.0186396766064753,0.477468087352093,0,0.178506296945351,0.0504028828432706,0.0076298167329739,0.449443193110645,0,0.0681161949810176,0,0.482440611908337,0,0.161448611529853,0.0645130063131519,0.00754384188122266
318,0,-1158.7527707832,-1158.75276745776,0.595700888530324,2.637179971594e-08,0.086209871414763,2.637179971594e-08,0.318089187311314,0.131044117919715,0.163929319574696,0.0976711184681527,0.0335714337330528,0.595700919949735,0,0.0862098759617822,0,0.318089204088483,0.131044117919715,0.163929319574696,0.0976711184681527,0.0335714337330528
319,2.13093017009669e-06,-1151.42931321934,-1151.42931428481,0.576305770789562,2.47233305365433e-08,0.0808209970293304,2.47233305365433e-08,0.342873182734446,0,0.173913862032301,0.0757820067943118,0.0284721092956578,0.57630579928596,0,0.0808210010256591,0,0.342873199688381,0,0.173913862032301,0.0757820067943118,0.0284721092956578
320,0,-1188.52010092084,-1188.52009106123,0.45061136687981,4.43888329138172e-08,0.145107863061575,4.43888329265066e-08,0.404280681280949,0,0.101896322605079,0.0525220820136874,0.0103128669483499,0.450611398953694,0,0.145107879848704,0,0.404280721197602,0,0.101896194008532,0.0525218064496569,0.0103126235334563
321,1.53139191833361,-1155.8670682999,-1156.63276425907,0.477596856298025,1.1480881030053e-15,0.148461214172067,0.0128213410302482,0.361120588499659,0.0333358576065958,0.0905936972849183,0.099933898439094,0.0189244926022928,0.470756264280233,0,0.164740514644958,0,0.364503221074808,0.058297676200697,0.09032789556836,0.0994388420320612,0.0188564515653459
322,6.28638772298382,-1272.27216926349,-1275.41536312498,0.447681499773037,0.00040214178800874,0.0546890157365883,0.0390296296102763,0.45819771309209,0.0758610297104352,0.158742634540773,0.080807756597505,0.0419330366542258,0.441057748878802,0,0.0979247156279012,0,0.461017535493297,0.398724962833833,0.148324612223575,0.0821557632492763,0.0419028012798157
323,0,-1160.75521126986,-1160.75520524143,0.447213501425381,4.49855571951516e-08,0.147058567981288,4.49855571951516e-08,0.405727840622217,0.1311261707764,0.10639221589946,0.00785696742185001,0.0178689813588461,0.447213541661681,0,0.147058581212313,0,0.405727877126006,0.1311261707764,0.10639221589946,0.00785696742185001,0.0178689813588461
324,0,-1117.7634122253,-1117.76340689975,0.561161807641265,4.12603796081991e-08,0.134880897733997,4.12603796081991e-08,0.303957212103978,0.0991541069750372,0.162686996719395,0.118867782073556,0,0.561161853948768,0,0.134880908864472,0,0.30395723718676,0.0991541069750372,0.162686996719395,0.118867782073556,0
325,0,-1167.32437835528,-1167.32437202185,0.555654808588397,3.27028569963784e-08,0.106906207650632,3.27028569963784e-08,0.337438918355257,0.0142122546146706,0.144108018789979,0.0706252386204899,0.0411052009771293,0.555654844931399,0,0.10690621464291,0,0.337438940425692,0.0142122546146706,0.144108018789979,0.0706252386204899,0.0411052009771293
326,9.02232537809596,-1108.17039740877,-1112.68156009782,0.522485410475453,0.00635121702764569,0.122709929719437,0.0432812493964903,0.305172193380974,0.0150709529241508,0.0955872380826921,0.0896409779065978,0.0197857953517565,0.506994688493872,0,0.171178134505896,0,0.321827177000232,0.0737751701530239,0.0764137001026245,0.0886764309017942,0.0197601078869158
327,0,-1202.25965976979,-1202.25965758628,0.495134457631658,5.37646470140514e-08,0.175757565113765,5.37646470140514e-08,0.329107869725284,0.416325464554732,0.159858122377748,0.142777268298154,0.0369666058551662,0.495134510873122,0,0.175757584012853,0,0.329107905114024,0.416325464554732,0.159858122377748,0.142777268298154,0.0369666058551662
328,0,-1151.28716149995,-1151.28716142647,0.550965273944902,2.84553644489964e-11,0.114406153020664,2.87026282798133e-09,0.334628570135715,0.140858220448313,0.136058815564648,0.0917198084246657,0.0130188643848089,0.550965415412872,0,0.114406193216035,0,0.334628391371093,0.140859098150073,0.136059030709685,0.0917209239928224,0.0130183647326378
329,0,-1147.74052046895,-1147.74051619828,0.552502559296098,3.50390058222496e-08,0.114543118747085,3.50390058222496e-08,0.332954251878805,0,0.142725852176997,0.0632901357351811,0.029609964079257,0.552502598014382,0,0.11454312677404,0,0.332954275211578,0,0.142725852176997,0.0632901357351811,0.029609964079257
330,0,-1097.38313689003,-1097.3831275448,0.552968615369594,5.76635058146231e-08,0.188503015468166,5.76635056310989e-08,0.258528253835228,0.184651035641182,0.106998919975189,0.152387246166856,0.0299213656910134,0.552968781335569,0,0.18850301736948,0,0.258528201294951,0.184650911029119,0.106999458087004,0.152387350527007,0.0299214040668779
331,3.71183450624812e-05,-1166.12343614778,-1166.12345470695,0.537585592267293,4.49693508219747e-08,0.147005589065828,4.49693508219747e-08,0.315408728728177,0.189086822227902,0.16288747437152,0.145391132592745,0.0146837659453673,0.537585640617047,0,0.147005602287321,0,0.315408757095631,0.189086822227902,0.16288747437152,0.145391132592745,0.0146837659453673
332,0,-1163.19978026173,-1163.19977251884,0.50920628850244,3.72173071654631e-08,0.12166402368053,3.72173071654631e-08,0.369129613382416,0.0163636971685637,0.106252921100744,0.0872825988642293,0.0219627847898558,0.509206326405016,0,0.121664032736545,0,0.369129640858439,0.0163636971685637,0.106252921100744,0.0872825988642293,0.0219627847898558
333,1.30921140920236,-1155.27224401112,-1155.92684971572,0.573738444541617,0.00625513934394995,0.053066281036821,0.0405404512641661,0.326399683813446,0.26473509543066,0.178487880348285,0.0935133009299383,0.0225707456835396,0.562466421934841,0,0.0985306850851429,0,0.339002892980016,0.383690239743943,0.153269342035526,0.0974799147329919,0.0225499990376839
334,0,-1209.05092477224,-1209.05091790989,0.479370795311744,3.74939461905602e-08,0.122568361459476,3.74939461905602e-08,0.398060768240888,0,0.198779541978203,0.045287194145111,0.0226960644727842,0.479370831258752,0,0.12256837065062,0,0.398060798090628,0,0.198779541978203,0.045287194145111,0.0226960644727842
335,0,-1125.4644189597,-1125.46441728647,0.519342578650894,5.60482385257527e-08,0.183222661030596,5.60482383272926e-08,0.297434648222034,0.5,0.183021845406721,0.053740828915218,0.0151487461755562,0.519342634660459,0,0.183222686886563,0,0.297434678452977,0.5,0.183021816299554,0.0537406975078071,0.0151488027151993
336,0.865061872081242,-1133.98827365634,-1134.42080459238,0.570748156357507,0.0061254241417092,0.107499190192425,1.88404423531354e-10,0.315627229119954,0.0608655072051764,0.109123457238672,0.104237443427486,0.0267642433647781,0.569712785941971,0,0.108237234727043,0,0.322049979330986,0.0321929293741564,0.106944876525189,0.104357269182798,0.026657670840087
337,2.73867454123592,-1201.69639134147,-1203.06572861209,0.417752416471497,4.68636296287559e-22,0.146925088746364,0.0271617924443689,0.40816070233777,0,0.123922632783883,0.0516089497958174,0.021690187500464,0.402998524581246,0,0.18721187435411,0,0.409789601064644,0.0996744453667519,0.117401616421351,0.0512458829452373,0.0217237377694313
338,0,-1146.95189470139,-1146.95189324461,0.553506331380591,3.15169625451451e-08,0.103029498087632,3.15169625451451e-08,0.343464107497851,0.00720547072656153,0.0819339113101699,0.112126589046226,0.0334083147550419,0.55350636627027,0,0.103029504581986,0,0.343464129147744,0.00720547072656153,0.0819339113101699,0.112126589046226,0.0334083147550419
339,0,-1188.85604412484,-1188.85604100463,0.467206805225978,5.15184170738866e-08,0.168414600416799,5.15184170738866e-08,0.364378491320389,0.238857218947676,0.111743813982016,0.0974276584348221,0.0345553016899069,0.467206853365493,0,0.168414617769708,0,0.364378528864799,0.238857218947676,0.111743813982016,0.0974276584348221,0.0345553016899069
340,1.66610386044113,-1238.29477636769,-1239.12782829791,0.440793442739264,1.61688611276515e-19,0.126489859348927,0.0106563189933797,0.42206037891843,0.0569150119281656,0.122860922236802,0.0775209309511037,0.0345989384690718,0.41953492263499,0,0.152760105012251,0,0.427704972352759,0.0608879455501358,0.127285419415767,0.0758001000283669,0.034338575014278
341,0,-1191.10064554987,-1191.10063960433,0.501603273183654,3.51944506138629e-08,0.11505127047133,3.51944506138629e-08,0.383345385956116,0.0324022907945215,0.109780043593798,0.121948207778234,0.0109235361596156,0.501603308490959,0,0.115051278569663,0,0.383345412939378,0.0324022907945215,0.109780043593798,0.121948207778234,0.0109235361596156
342,10.7611652167066,-1166.39853156617,-1171.77911417453,0.53717305280872,1.86482973043667e-12,0.101371849594534,0.0536738748719529,0.307781222722928,0.258827481947115,0.161709245222155,0.0816249674680486,0.0384762457469362,0.547293855924878,0,0.138714490942358,0,0.313991653132764,0.257132253381743,0.164577979453761,0.0994152399226601,0.0384420024714842
343,0,-1206.78415993448,-1206.78415328477,0.495855336901208,3.77738901687865e-08,0.123483503187617,3.77738901687865e-08,0.380661084363395,0.158096908065197,0.161319534667737,0.0925710044673638,0.011210660436176,0.495855374361981,0,0.123483512516522,0,0.380661113121497,0.158096908065197,0.161319534667737,0.0925710044673638,0.011210660436176
344,0.657587317606612,-1184.11629168523,-1184.44508534403,0.551004249256902,2.46784717560595e-15,0.0891231504512046,0.00906942259253657,0.350803177699354,0,0.148289993203072,0.13599919595396,0.0120442528933709,0.551511563235108,0,0.0943086869790221,0,0.35417974978587,0,0.145058696103898,0.13925199801785,0.0120193625055484
345,5.15277906742995e-06,-1160.71488675293,-1160.71488932932,0.484370041334352,7.00084092446968e-08,0.228858706040051,7.00084092446968e-08,0.286771112608779,0.5,0.18655803712051,0.0988383647640597,0.020579588373032,0.484370109154313,0,0.228858738084123,0,0.286771152761563,0.5,0.18655803712051,0.0988383647640597,0.020579588373032
346,0,-1137.93780895097,-1137.93780623174,0.547766392799272,3.87831580385295e-08,0.126782817387285,3.87831580385295e-08,0.325450712247128,0,0.177839325827814,0.0466582058525249,0.0186915707869294,0.547766435287496,0,0.126782827221361,0,0.325450737491143,0,0.177839325827814,0.0466582058525249,0.0186915707869294
347,3.01086192163848,-1239.56554900053,-1241.07097996135,0.501863060563113,1.08878969660567e-17,0.084099102979153,0.0342230363055107,0.379814800152223,0.0474938947219517,0.210421951870839,0.116351814406619,0.015784448639869,0.478866404888299,0,0.136334558352022,0,0.38479903675968,0.5,0.210076368180999,0.125817491620655,0.0157188117967949
348,1.3066022637654,-1287.8793292914,-1288.53263042328,0.413494744982763,5.3651725213637e-17,0.0995546135998492,0.0170558016354276,0.46989483978196,0.0870052417638598,0.146316165799689,0.0526912087533755,0.0492179548343594,0.4097956256962,0,0.114394728421253,0,0.475809645882547,0.0688386635939272,0.145112348791196,0.0535527502271024,0.0488886965917165
349,0.149219054035711,-1237.91599899238,-1237.99060851939,0.473768536059975,3.77038259653608e-11,0.0863236259145471,0.0258258424356952,0.414081995552079,0.0358147092430596,0.15908572312646,0.104104416966368,0.0177605052190666,0.465572448346803,0,0.111865455243716,0,0.422562096409481,0.0569378846447321,0.137475772199776,0.102245095471501,0.0175852348010453
350,0,-1173.74974199112,-1173.74973728385,0.465627160900208,5.40008303549596e-08,0.176529652558282,5.40008303549596e-08,0.357843078539849,0.5,0.13003912785233,0.0892584765713709,0.0170399104399133,0.46562721118872,0,0.17652967162378,0,0.3578431171875,0.5,0.13003912785233,0.0892584765713709,0.0170399104399133
351,0,-1155.92931856522,-1155.92931281301,0.517598017288892,3.91032356354385e-08,0.127829156612119,3.91032356354385e-08,0.354572747892517,0.105062415919747,0.151579641215581,0.0665835299750446,0.0153237942123101,0.51759805776841,0,0.127829166609187,0,0.354572775622403,0.105062415919747,0.151579641215581,0.0665835299750446,0.0153237942123101
352,0,-1135.64591351263,-1135.6459075993,0.551971559715038,3.86336672659373e-08,0.126294129454656,3.86336672659373e-08,0.321734233562971,0.142366433374463,0.13937994029746,0.0582007386647993,0.0401878906267257,0.551971602364413,0,0.126294139213068,0,0.321734258422519,0.142366433374463,0.13937994029746,0.0582007386647993,0.0401878906267257
353,2.77076463543517,-1178.10250274908,-1179.4878850668,0.578982936000397,2.45641906386298e-19,0.0362755618363789,0.0177559900720455,0.366985512091179,0.131597307090488,0.113562448017125,0.0780659737575464,0.0363401841268615,0.56518992955031,0,0.0607093396026792,0,0.37410073084701,0.177525741129728,0.108953411269499,0.0773684336098775,0.0361607194987589
354,0,-1081.73368571306,-1081.73368463502,0.589321678624369,4.07582860716011e-08,0.133239545240252,4.07582860716011e-08,0.277438694618807,0.5,0.121000689513786,0.0763595386496762,0.0150349442496211,0.589321726663856,0,0.133239556101484,0,0.27743871723466,0.5,0.121000689513786,0.0763595386496762,0.0150349442496211
355,5.88796758122908,-1229.78782588888,-1232.73180967949,0.518277213548062,0.0173517529843228,0.0864277941254938,0.0135645536711889,0.364378685670933,0.163559947997006,0.207808649650818,0.10744516584264,0.0400411588068287,0.521711856768126,0,0.0953417481559885,0,0.382946395075885,0.183685696943924,0.203274668821225,0.103895881173968,0.0397609331015965
356,0,-1223.86918195128,-1223.86917281944,0.476824100157196,3.72473356806748e-08,0.121762187418426,3.72473356806748e-08,0.401413637929707,0.0203319040891423,0.193112049714265,0.0440706264525441,0.0255062234063709,0.476824135678053,0,0.121762196489061,0,0.401413667832886,0.0203319040891423,0.193112049714265,0.0440706264525441,0.0255062234063709
357,0,-1152.30052171313,-1152.30051465176,0.546813333447746,3.05399156910438e-08,0.0998355149478555,3.05399156910438e-08,0.353351090524567,0,0.120469648025585,0.0888219183571732,0.0201423810152774,0.546813366847015,0,0.0998355210457923,0,0.353351112107193,0,0.120469648025585,0.0888219183571732,0.0201423810152774
358,3.83125308017316,-1278.99571953698,-1280.91134607707,0.421515764333576,2.96787592930272e-12,0.123412423529676,0.0238042953796571,0.431267516754123,0.00435961275857853,0.208717085559229,0.1460199654326,0.0152144162133435,0.411263233719019,0,0.145921739284768,0,0.442815026996214,0.0362591845550825,0.199262941361269,0.142969785989503,0.0150627653568244
359,10.407924222327,-1187.34693404487,-1192.55089615604,0.527138247591112,6.88300874062988e-15,0.099753983249467,0.0351207434802223,0.337987025679191,0.028388181624162,0.134701275740819,0.125908678876707,0.0335558144451701,0.518887793130016,0,0.137253793401742,0,0.343858413468242,0.136523511087081,0.144095730268173,0.1274415900846,0.0335322916924956
360,0,-1260.90397069793,-1260.90396616136,0.402677785122172,4.49962335409957e-08,0.147093469141327,4.49962335409957e-08,0.450228655744033,0.361501266695919,0.126238258518651,0.0697835848096377,0.0257460506157764,0.402677821360143,0,0.147093482378633,0,0.450228696261224,0.361501266695919,0.126238258518651,0.0697835848096377,0.0257460506157764
361,0,-1221.74396733589,-1221.74395809703,0.382406341795988,6.02091401393287e-08,0.196824724763611,6.02091401487941e-08,0.420768813022121,0.241889045682463,0.170505472764183,0.0296089153362992,0.0172889191319515,0.382406387284662,0,0.196824749641183,0,0.420768863074155,0.241889063044286,0.170505509968089,0.0296089475796842,0.0172888298425777
362,6.26603170366479,-1185.36847336881,-1188.50148922064,0.502435998191033,5.10887535580764e-15,0.0885562389053606,0.0297806945555709,0.37922706834803,0,0.129361421000239,0.0299675615112253,0.0433552858417885,0.477530124149651,0,0.145165337662032,0,0.377304538188317,0.0805340975544504,0.114338022600303,0.0583965823947039,0.0434023074355919
363,0,-1219.54469903576,-1219.54469293166,0.458941608516478,4.52124056696894e-08,0.147800139585471,4.52124056696894e-08,0.393258161473239,0.308027766613577,0.0977913457507337,0.180728071567368,0.00654250112325983,0.458941650016191,0,0.147800152950272,0,0.393258197033537,0.308027766613577,0.0977913457507337,0.180728071567368,0.00654250112325983
364,0,-1181.80356197343,-1181.80355956565,0.505670114131985,4.2078854563746e-08,0.137556506582613,4.2078854563746e-08,0.356773295127693,0.128690863949258,0.168668790394931,0.0607623347112586,0.0273201393298731,0.505670156688027,0,0.137556518159054,0,0.356773325152918,0.128690863949258,0.168668790394931,0.0607623347112586,0.0273201393298731
365,0,-1297.54536010088,-1297.54535248207,0.36544129110019,4.13656972813573e-08,0.135225187337639,4.13656972902782e-08,0.499333438830776,0.0591077540373332,0.132035763385046,0.110507141417807,0.0203608183898374,0.365441320121226,0,0.135225195189432,0,0.499333484689342,0.0591077735235686,0.132035697250775,0.110504941243083,0.0203608316934499
366,0,-1220.26869972371,-1220.26869221701,0.441942402376216,4.91659346752364e-08,0.160724294587177,4.91659346752364e-08,0.397333204704738,0.162809449370892,0.135999604402855,0.0879129985553943,0.0237059583930649,0.441942445833243,0,0.160724310391499,0,0.397333243775258,0.162809449370892,0.135999604402855,0.0879129985553943,0.0237059583930649
367,0,-1223.67770612839,-1223.67770086265,0.499143016492543,3.37250856229877e-08,0.11024746808416,3.37250750658256e-08,0.390609447973136,0.0848735706509649,0.169842498521271,0.126723013601391,0.0196282836437842,0.499143974886349,0,0.110248050085663,0,0.390607975027988,0.0848767982921187,0.169842914451834,0.126723618366325,0.0196284658028623
368,5.76882535558161,-1162.31309873469,-1165.19751141248,0.481290453452118,0.00762236236644331,0.164895726939854,0.016049951551931,0.330141505689653,0.451259543876107,0.149441669699134,0.071344275934285,0.0101759095381879,0.492731986497695,0,0.174847760544396,0,0.332420252957909,0.43283772204528,0.160850098811612,0.0793538633763262,0.0101448874446786
369,2.30623507947485,-1230.00740980228,-1231.16052734202,0.462585264605197,1.23905496887959e-12,0.092405803462438,0.0437008488477995,0.401308083083327,0.251721859364812,0.224279792251116,0.0702888103572378,0.00513439331584096,0.46326420809771,0,0.128244002857313,0,0.408491789044976,0.241779621319007,0.211207523232726,0.0709881169575853,0.00500707421628597
370,0,-1221.437456819,-1221.43745583136,0.491960854245369,4.4943142618182e-08,0.146919913992329,4.4943142618182e-08,0.361119141876016,0.217318731359624,0.158180705741672,0.171975632764639,0.0245032638177858,0.491960898465907,0,0.146919927198416,0,0.361119174335677,0.217318731359624,0.158180705741672,0.171975632764639,0.0245032638177858
371,1.12840618451901,-1189.20264114987,-1189.76684424213,0.493886168961073,0.0098439240538673,0.078152145902813,0.0392712609735431,0.378846500108704,0.197451558470542,0.179266061263685,0.0540558747374256,0.0133743863830582,0.477914487466089,0,0.127109508427307,0,0.394976004106604,0.15450869227689,0.156776708675931,0.0543552860874642,0.013144961847371
372,0.120101010174494,-1228.23929142427,-1228.29934192935,0.508910893722081,7.9095095719007e-29,0.0989609536018733,0.0240111831692263,0.36811696950682,0.155642207390273,0.261071195350449,0.0934846676040071,0.024290930816449,0.50291279890407,0,0.116657086684483,0,0.380430114411447,0.104715169558632,0.255741371725869,0.0909575502739788,0.0241144236258654
373,0,-1094.04177213418,-1094.04176732044,0.581903706966994,3.19172511340355e-08,0.104338048438717,3.19172511340355e-08,0.313758180759787,0.117377137213005,0.115095387134811,0.0514575790266488,0.0142627008272815,0.58190374411253,0,0.104338055099085,0,0.313758200788385,0.117377137213005,0.115095387134811,0.0514575790266488,0.0142627008272815
374,3.04695022303758,-1097.84663204942,-1099.37010716094,0.588994984163821,2.78475246512225e-18,0.0693032311000058,0.0382206529048346,0.303481131831339,0.0619497362857957,0.201603850456111,0.0368535712408797,0.00451456621339564,0.584611500196862,0,0.0996485827085946,0,0.315739917094543,0.0127218292330403,0.187911886722127,0.0359481416674242,0.00450244877509353
375,0,-1203.32351475118,-1203.32350722723,0.504395417968239,4.21792034882683e-08,0.137884424294809,4.21792005363841e-08,0.357720073378548,0.061663453210261,0.235291769824432,0.075591872465304,0.0344350587366897,0.504396107448492,0,0.137884589494291,0,0.357719303057217,0.061663659340681,0.235290851667223,0.0755918645746809,0.0344351659066395
376,0.800903927044601,-1094.65108665904,-1095.05153862256,0.573219042093424,1.75891174350894e-08,0.11893704946593,0.0157791380240921,0.292064752827437,0,0.157998282236594,0.035054968489432,0.00946022924669703,0.574204272493085,0,0.128458401506963,0,0.297337325999953,0,0.151463612997396,0.0349680402440883,0.00945647193336115
377,9.68568611144701,-1235.44982792291,-1240.29267097864,0.467112542449763,0.00747081352567311,0.062856361544368,0.0323845014260199,0.430175781054176,0.5,0.118919387597587,0.0545547301128301,0.0436876804593265,0.45822288124802,0,0.0972058590767303,0,0.44457125967525,0.5,0.126077114344902,0.0502787104669739,0.0436109365424924
378,5.62556789295513,-1155.28132370087,-1158.09410764734,0.535369406511782,0.0142292928969449,0.117780345138017,0.0132054320050202,0.319415523448236,0,0.166318983093836,0.107448726555869,0.0294812708314648,0.529914594546577,0,0.136808293104796,0,0.333277112348627,0,0.157309199533842,0.105718296433466,0.0294316646257297
379,1.02534666680367,-1125.44227100347,-1125.95494433687,0.574142375211623,8.6939515788656e-16,0.124487437020398,0.0106632748932584,0.290706912874719,0,0.158891719303148,0.109422272676517,0.0119161241623144,0.56260156637446,0,0.141840331132038,0,0.295558102493502,0.0470184335058468,0.145238326222939,0.108169277165913,0.0118266109851729
380,1.4694524714464,-1248.7629075595,-1249.49763379523,0.499284907325728,7.68759089878272e-22,0.0675482812098912,0.0209224099790313,0.41224440148535,0.0193233233551246,0.184878380478637,0.0826869638627408,0.0355998297959079,0.47339631189467,0,0.104056516965951,0,0.422547171139379,0.0858330637283589,0.170739050971629,0.0802106473149409,0.0351140949774916
381,8.56469385664514,-1209.90164761479,-1214.18399454311,0.488087976327321,5.82588774251717e-10,0.0735471927483301,0.0312845227114455,0.407080307630315,0.30598787793326,0.123140695989701,0.101942869559273,0.0164338985874713,0.496457887227686,0,0.0871860816123685,0,0.416356031159945,0.216883643476498,0.129827869041824,0.102868837851552,0.0163408299143419
382,6.12999201621278e-06,-1138.66071087484,-1138.66071393983,0.517658396390344,4.85324905227217e-08,0.158655948959675,4.85343290325128e-08,0.323685557583161,0,0.181832232083182,0.0751308081581602,0.0192190512111649,0.517658129695547,0,0.158655413150799,0,0.323686457153654,0,0.181831213929854,0.0751318719393608,0.0192193473586804
383,1.49557299146227,-1168.7284279196,-1169.47621441533,0.537035086032485,0.0224720420879815,0.086608323965602,0.044600062215366,0.309284485698566,0.175252804499181,0.204771936086279,0.110822992540623,0.0108460981872709,0.517529683260353,0,0.153794128018425,0,0.328676188721222,0.202999958372226,0.198150795103649,0.115018517180277,0.0108481722835863
384,0,-1234.28248240992,-1234.28247972531,0.45579063975474,4.79843765181952e-08,0.156861760445208,4.79843764728461e-08,0.3873475038313,0.413538068149752,0.142886924305596,0.085904944210569,0.0631071392498792,0.45579066187793,0,0.156861780026659,0,0.387347558095411,0.413538022373058,0.142887107404682,0.0859047153199442,0.0631064373434574
385,0,-1085.63612162892,-1085.63611161863,0.536305964874017,4.90627162737171e-08,0.160386871839451,4.90627162737171e-08,0.303307065161099,0,0.134954672036772,0.0460827620052767,0.0205429287220497,0.536306017499277,0,0.160386887577484,0,0.303307094923239,0,0.134954672036772,0.0460827620052767,0.0205429287220497
386,4.49472264541464,-1152.00415375441,-1154.25151507712,0.514660968061023,5.10852487735454e-08,0.141017520175812,0.0477937978881357,0.29652766278978,0.214215200128568,0.171293628524189,0.089892506228209,0.0251540649440595,0.50151786465967,0,0.193702414941109,0,0.304779720399221,0.19565315368301,0.177335845636686,0.0923661634533662,0.0251391185363092
387,1.13857371723998,-1169.01334120578,-1169.5826280644,0.492325590311449,0.00647657787059893,0.135939496093295,2.18527830640947e-10,0.365258335506129,0,0.128013088265985,0.0818630589215654,0.010668485639821,0.48871787837972,0,0.14264384396095,0,0.36863827765933,0,0.126193341047603,0.0827277820063566,0.0106570581491973
388,0,-1219.28993687156,-1219.2899346151,0.408993685772098,5.61973304908745e-08,0.183710049661225,5.61973304908745e-08,0.407296152172015,0.231301541966827,0.115501173403045,0.0776680270283492,0.0278086225430894,0.40899373174081,0,0.183710070309257,0,0.407296197949933,0.231301541966827,0.115501173403045,0.0776680270283492,0.0278086225430894
389,0,-1213.54871440317,-1213.54870768057,0.509773778922153,3.32055724974316e-08,0.108549593356986,3.32055724974316e-08,0.381676561309716,0,0.166129404418115,0.0859560672017125,0.040671299336183,0.509773812776815,0,0.108549600565889,0,0.381676586657295,0,0.166129404418115,0.0859560672017125,0.040671299336183
390,1.7153171938844e-05,-1171.48514326816,-1171.48515184475,0.547817366920655,3.43779556306679e-08,0.112382109053539,3.43779496659511e-08,0.3398004552699,0.0769445044906413,0.156013420846666,0.103580219815088,0.0332142316728455,0.547817214088187,0,0.112382131518776,0,0.339800654393037,0.0769438650531378,0.15601364322285,0.10357980109898,0.0332146716709781
391,0,-1159.98722553138,-1159.98721354024,0.419100733219685,6.65910597525047e-08,0.21768732962143,6.65910597644194e-08,0.363211803976765,0.247753397923758,0.188273520112959,0.0165760777563863,0.0148841159013268,0.419100788201222,0,0.217687361170567,0,0.363211850628211,0.247753389680134,0.188273522860697,0.0165765861120063,0.0148840911433372
392,6.54194082017057e-07,-1167.87811025187,-1167.87811057897,0.51981402675849,4.17333184252779e-08,0.136426942943144,4.17333184252779e-08,0.343758946831729,0.0889759173259737,0.15007169342426,0.11278712773463,0.00800678423554166,0.519814070145622,0,0.136426954330243,0,0.343758975524135,0.0889759173259737,0.15007169342426,0.11278712773463,0.00800678423554166
393,0,-1172.10792836395,-1172.10792302358,0.527939756636203,3.3032426867462e-08,0.107983577284648,3.3032426867462e-08,0.364076600014295,0,0.125507432739211,0.0925774781637542,0.0159196609546941,0.527939791514469,0,0.107983584418567,0,0.364076624066964,0,0.125507432739211,0.0925774781637542,0.0159196609546941
394,0,-1178.59575069831,-1178.59574322182,0.484535819276449,4.87001383588625e-08,0.159201598336917,4.87001383588625e-08,0.356262484986357,0.14709957980982,0.139867790009676,0.0657959853435381,0.0288085181964793,0.484535866470377,0,0.159201613843199,0,0.356262519686425,0.14709957980982,0.139867790009676,0.0657959853435381,0.0288085181964793
395,0,-1195.56378721337,-1195.56377848803,0.436754758167073,4.68409333082003e-08,0.153123824727314,4.68409333082003e-08,0.410121323423746,0.0903517854704623,0.135748088660758,0.0397703583345802,0.019208179491674,0.436754799083078,0,0.153123839072241,0,0.41012136184468,0.0903517854704623,0.135748088660758,0.0397703583345802,0.019208179491674
396,3.82411108148517e-05,-1183.20786743971,-1183.20788656026,0.490050578823023,4.92627983240146e-08,0.161040943760621,4.92627980403858e-08,0.34890837889076,0.0126014135643252,0.17045270485922,0.0961819592911175,0.031185752935732,0.490050626521219,0,0.161040958413126,0,0.348908415065654,0.0126014516463041,0.170452692165227,0.0961820037200929,0.0311856006078165
397,8.90984232222718,-1222.83192495572,-1227.28684611683,0.49496056249781,1.23389658753735e-17,0.0492128348165813,0.0378652225341531,0.417961380151455,0,0.163013166968041,0.0470142646928211,0.0410295133028135,0.480649606747545,0,0.0947681595449111,0,0.424582233707543,0,0.165757935990234,0.0473573846815294,0.0409173363716254
398,19.9616908939734,-1208.27318327291,-1218.2540287199,0.494109795804562,0.0102221829976085,0.0914700882691845,0.0456235947776307,0.358574338151014,0,0.165956786986691,0.105031891174484,0.035418145283076,0.493907390191816,0,0.11887267982221,0,0.387219929985973,0,0.1593071455352,0.104066045619328,0.0349122786989108
399,6.70203833578398,-1163.91872096381,-1167.2697401317,0.52619879836341,1.01226403326173e-12,0.0644912920658992,0.0348873858747777,0.374422523694901,0.119473345242596,0.132595534258107,0.030463977207735,0.0342203162457703,0.508583677133031,0,0.113839989304028,0,0.37757633356294,0.169592690103481,0.139139266609308,0.0293939942995437,0.0339676619331341
400,3.28099995096545,-1215.93879805213,-1217.57929802761,0.49143330851602,1.1105206210434e-13,0.115428844801413,0.0271256052929534,0.366012241389502,0.0321184521442267,0.192717528006808,0.133278570805187,0.021980550719393,0.496606852516014,0,0.134188003265433,0,0.369205144218552,0.0593326921935818,0.191163978627159,0.130452468118245,0.0219536372503345
401,1.52179836732103e-07,-1162.86813825847,-1162.86813833456,0.592444376552758,4.83190649235054e-26,0.0593622622812952,1.42715342009792e-10,0.348193361023231,0,0.125771132696678,0.118368112348904,0.0170410151878721,0.592444912500245,0,0.0593624341495302,0,0.348192653350225,0,0.125771394063372,0.11836806078961,0.0170410482598466
402,4.62774675759465,-1245.88344237468,-1248.19731575348,0.413969604115957,2.23053465078753e-12,0.129585627423563,0.043451371379004,0.412993397079246,0.131836990695352,0.149730147319215,0.0705032965053776,0.0280960763969659,0.404349395422529,0,0.171370635015307,0,0.424279969562164,0.169150628112212,0.145311121892488,0.0708171744875948,0.0278343975974116
403,0,-1240.35532007746,-1240.35531167403,0.42059052848636,5.03090769991866e-08,0.164461246703378,5.03090769991866e-08,0.414948124192108,0.1124878945325,0.142645555762689,0.0800422451643625,0.0532805063574725,0.420590570805407,0,0.164461263251167,0,0.414948165943426,0.1124878945325,0.142645555762689,0.0800422451643625,0.0532805063574725
404,0.793938654354406,-1173.54433514051,-1173.94130446769,0.52058857832618,0.0065058499363522,0.105767326772294,0.016178413514453,0.350959831450721,0.133502237314498,0.126495234784806,0.0766735487480684,0.0165218971896053,0.50143872253061,0,0.133997265458932,0,0.364564012010459,0.134617945765299,0.113669118503749,0.0723386679032971,0.0162164417485541
405,2.01802821618276,-1239.37698668636,-1240.38600079446,0.495337820582068,6.84013846754132e-33,0.076980571865164,0.0182947075630785,0.40938689998969,0.199818096867392,0.139795992730635,0.132294935466877,0.030266234482898,0.463056902540968,0,0.117732899243033,0,0.419210198215999,0.232216274910153,0.141018260004733,0.119756614923322,0.0299026108365092
406,0,-1239.85347484205,-1239.85346768357,0.429199358778674,4.41947637023165e-08,0.144473450315172,4.41947637023165e-08,0.426327102516626,0.0936959021265091,0.109867637207113,0.113465726647073,0.0345164208119167,0.429199396715406,0,0.144473463085113,0,0.42632714019948,0.0936959021265091,0.109867637207113,0.113465726647073,0.0345164208119167
407,0,-1234.22125605963,-1234.22124869973,0.409952506882567,4.49823292920179e-08,0.147048015909867,4.49823292920179e-08,0.442999387242907,0.269351222376854,0.0836799101773194,0.0549413249566559,0.0413676365893148,0.409952543763808,0,0.147048029138993,0,0.442999427097199,0.269351222376854,0.0836799101773194,0.0549413249566559,0.0413676365893148
408,0,-1273.98354435434,-1273.98353745479,0.419758492239202,3.36458003444445e-08,0.109988705836717,3.36458003444445e-08,0.47025273463248,0,0.148214866346843,0.0730622191997545,0.0156354572134867,0.419758520485425,0,0.109988713238034,0,0.470252766276541,0,0.148214866346843,0.0730622191997545,0.0156354572134867
409,6.242882591323e-06,-1139.47347172642,-1139.47347484786,0.48926864272647,4.96202172034437e-08,0.162209352063897,4.96202172034437e-08,0.348521905969198,0,0.10394304628869,0.0584644918308989,0.0284616185206043,0.489268691281708,0,0.162209368161625,0,0.348521940556667,0,0.10394304628869,0.0584644918308989,0.0284616185206043
410,2.17136332234986,-1181.17663992073,-1182.2623215819,0.487274780868105,7.19168969973829e-164,0.110815423088502,0.0119000041915474,0.390009791851845,0,0.0943363752634517,0.0526319868224289,0.0362691863949675,0.484351683299986,0,0.124053211373583,0,0.391595105326431,0.0239972353760122,0.0929112505467861,0.0528225966560889,0.0362367869590817
411,3.95979236032554,-1140.97676760471,-1142.95666378487,0.522167199913011,2.78261000688199e-16,0.113158211520069,0.0210120692429576,0.343662519323961,0,0.134864690996136,0.0761620761632887,0.019929160751767,0.518471668766837,0,0.130742538058102,0,0.350785793175061,0,0.129780752057646,0.0750826531879502,0.0199192200494653
412,5.92000632603094,-1157.11909864246,-1160.07910180548,0.547586373943034,2.79755468412092e-21,0.0646551737895227,0.0239914380838424,0.363767014183601,0,0.14161225894587,0.0578122993563641,0.0136380618650914,0.548413613701796,0,0.0888575834564561,0,0.362728802841748,0.130013848702044,0.142633982781907,0.059154410272468,0.013651349356992
413,0,-1219.93362484741,-1219.93362167775,0.513679210973427,4.20484645942121e-08,0.137457161244258,4.20484645942121e-08,0.348863543685386,0.257286932845047,0.204419125853278,0.107848705655213,0.0245238208748751,0.513679254172275,0,0.137457172803984,0,0.348863573023741,0.257286932845047,0.204419125853278,0.107848705655213,0.0245238208748751
414,3.78513095711241e-06,-1170.15906434042,-1170.15906623298,0.506260910155674,5.19967413300985e-08,0.169978250720031,5.19967413300985e-08,0.323760735130813,0.38067423361314,0.146218490259559,0.0803233180438593,0.0477837551002344,0.506260962803514,0,0.169978268396663,0,0.323760768799823,0.38067423361314,0.146218490259559,0.0803233180438593,0.0477837551002344
415,0,-1192.4000104486,-1192.40000530108,0.455048389408749,5.24772655285582e-08,0.171549092672688,5.24772655285582e-08,0.373402412964031,0.269943895830769,0.13735907795838,0.0681721337512721,0.0192696898288553,0.455048437168145,0,0.171549110677545,0,0.37340245215431,0.269943895830769,0.13735907795838,0.0681721337512721,0.0192696898288553
416,0,-1246.08177894485,-1246.0817738302,0.426509257340742,3.88577025878113e-08,0.12702650481391,3.88577025878113e-08,0.446464160129943,0.220817747740322,0.11754506152317,0.104936528674,0.018815995189403,0.426509290487084,0,0.127026514685827,0,0.446464194827089,0.220817747740322,0.11754506152317,0.104936528674,0.018815995189403
417,0,-1194.27998481458,-1194.27997740233,0.441217517767574,3.83977709758646e-08,0.125522980116865,3.83977709686828e-08,0.433259425320019,0.0265523897663713,0.146036449351031,0.0227130355567085,0.00576982596555189,0.441217550977539,0,0.125522990430364,0,0.433259458592097,0.0265523775592131,0.146036427988396,0.0227130355567085,0.00576965352925489
418,0,-1193.7663778384,-1193.76637111119,0.501066042151351,3.98170473701763e-08,0.13016331486932,3.98171330807853e-08,0.368770563345148,0.0630490852058661,0.131303689654049,0.15870995699672,0.0193417921362481,0.501066244603487,0,0.13016344096131,0,0.368770314435204,0.0630498009717937,0.131303596778336,0.158710567994622,0.0193419384657083
419,6.08372549486648,-1139.26099699001,-1142.30285973744,0.536498677781843,0.0030770857984725,0.0964738488994711,0.0351302512479111,0.328820136272302,0,0.093271700921946,0.062058988605406,0.0287945451096994,0.535118069239689,0,0.1262531971851,0,0.338628733575211,0,0.0895574987063919,0.0608848067098023,0.0287256157284187
420,1.04031004221861,-1164.34339468463,-1164.86354970574,0.51734984715766,2.8833377956084e-14,0.0946692926603326,0.0324410022305305,0.355539857951448,0,0.119270252083666,0.0538163032322496,0.0342420398145477,0.508191623778005,0,0.134614673973446,0,0.35719370224855,0,0.12620202936905,0.0548196695460434,0.0343234488716986
421,6.7107134877956,-1163.93829591513,-1167.29365265902,0.47279445103102,0.0163134441002163,0.15083522252046,0.03756223585553,0.322494646492773,0.0852627640916336,0.116632414813453,0.121091969455223,0.0282170398180464,0.460871331141508,0,0.20513919392525,0,0.333989474933242,0.0700850527107364,0.119817528488231,0.12723377939984,0.0281590426039757
422,1.22231566093433,-1192.71390250233,-1193.32506033279,0.502282508650176,1.12767948117677e-13,0.0854414003196323,0.0285153789426742,0.383760712087404,0.0433456536221122,0.158257287120561,0.0753245070105009,0.010566167875533,0.48323811637408,0,0.124603344468758,0,0.392158539157161,0.0822275974593128,0.153158958341726,0.0837062133753739,0.0105991578885691
423,5.16681916647485,-1194.47844502004,-1197.06185460328,0.475575654550458,0.00585157899095947,0.0772778457993442,0.0332762873011423,0.408018633358096,0.000837841930147855,0.141678530590566,0.0625039576220636,0.00539215772541106,0.474618522657737,0,0.104829752944881,0,0.420551724397382,0.0623881363991217,0.127968602865236,0.0627542269864306,0.00537344184798149
424,0,-1135.67731348031,-1135.67730832013,0.591094606049485,3.11201837116182e-08,0.101732421187803,3.11201837116182e-08,0.307172910522345,0.194270964662653,0.112909422861799,0.10300676681895,0.0448232743962146,0.591094642839432,0,0.101732427519667,0,0.307172929640901,0.194270964662653,0.112909422861799,0.10300676681895,0.0448232743962146
425,0,-1135.71708502115,-1135.7170802223,0.531248357239162,4.96279619680877e-08,0.162234668002798,4.9627961046334e-08,0.306516875502117,0.211760352524469,0.162852459311479,0.0510633807382047,0.0252704525239615,0.531248414891837,0,0.162234686361774,0,0.306516898746389,0.211760407069745,0.162852328394378,0.0510631807046271,0.0252704909006651
426,0,-1127.69411512284,-1127.69411111116,0.624040184516713,2.47543298206341e-08,0.0809223414507675,2.47543298736892e-08,0.29503742452386,0,0.183909102502099,0.0645265564906715,0.0318709785629332,0.624040308181663,0,0.0809223308554157,0,0.295037360962922,0,0.183907278774892,0.064526375859993,0.0318710503148379
427,5.08166090418717,-1215.30440993028,-1217.84524038238,0.499670117934221,2.13703613170386e-15,0.0590485360757789,0.037955844975208,0.40332550101479,0.334261626444216,0.164349251122652,0.0722535853904865,0.0243410384612274,0.496745112506158,0,0.0872173727328239,0,0.416037514761018,0.351762240858175,0.155043936402195,0.0712222292361726,0.0241111679493347
428,6.86895580148166,-1179.32734060868,-1182.76181850942,0.510555598775118,0.00431122512218196,0.0681780696245688,0.0298020147127969,0.387153091765335,0.0348718702987615,0.122164494803341,0.0860661228785124,0.0255264035018148,0.501495484410874,0,0.0969531916577721,0,0.401551323931354,0,0.116462603772001,0.0846084321880313,0.0243423588579767
429,3.51257053807785e-05,-1161.63190043477,-1161.63191799762,0.515007364946593,4.23697199180588e-08,0.138507350478912,4.23697199180588e-08,0.346485199835056,0.0678809704957654,0.149652641384078,0.0686599341446522,0.0204290686412535,0.515007408588032,0,0.138507362215948,0,0.34648522919602,0.0678809704957654,0.149652641384078,0.0686599341446522,0.0204290686412535
430,4.00635628169312,-1131.1819414896,-1133.18511963045,0.585054215656706,2.00095787399376e-17,0.0794079260466083,0.0209819578257499,0.314555900470936,0.206780847667248,0.143025684102806,0.0579842943499549,0.020982458810488,0.586650800589711,0,0.088082197670335,0,0.325267001739954,0.161863497576607,0.141141404230521,0.0580553483719253,0.0208895533631611
431,0,-1200.05700823585,-1200.05700819536,0.506221812072425,4.12568780156288e-08,0.134869450967053,4.12568780156288e-08,0.358908654446765,0.5,0.184472710083293,0.122237491698381,0.0127846295034462,0.506221853842692,0,0.134869462095639,0,0.358908684061669,0.5,0.184472710083293,0.122237491698381,0.0127846295034462
432,1.03802469054108,-1152.04611448885,-1152.56512683412,0.602231079267385,4.18242373888921e-17,0.070816805115865,0.0295984850757874,0.297353630540962,0.0841085210922475,0.184975324217807,0.157359483101066,0.0183658192414679,0.597700131505452,0,0.0973615795169143,0,0.304938288977634,0.050580546890717,0.177493469035957,0.164879614995256,0.0183554685357761
433,2.25953755199362,-1105.04767042302,-1106.17743919902,0.613093582003009,4.10471257703425e-19,0.0903547781887383,0.0218872321291752,0.274664407679078,0,0.172434905805192,0.0919865892977246,0.0357867411084663,0.615379538539517,0,0.106238303752319,0,0.278382157708164,0,0.167635942612003,0.0916850150289706,0.0357865440221936
434,0,-1203.40772232009,-1203.40771783458,0.468305654116988,4.10061314982252e-08,0.134049756245574,4.10061314982252e-08,0.397644507625175,0.00672322754414966,0.118202598387663,0.0820394488616336,0.0307833301683531,0.468305692523797,0,0.134049767239299,0,0.397644540236904,0.00672322754414966,0.118202598387663,0.0820394488616336,0.0307833301683531
435,0,-1167.90239633296,-1167.90238717655,0.478998253457955,6.06600990401368e-08,0.198298917578086,6.06600990401368e-08,0.322702707643761,0.193086628945647,0.106755822617219,0.133697491261175,0.0395382966648383,0.478998311570125,0,0.198298941635753,0,0.322702746794122,0.193086628945647,0.106755822617219,0.133697491261175,0.0395382966648383
436,0,-1233.08640553682,-1233.08640304681,0.452525445775735,4.53621606121206e-08,0.148289691093892,4.53621606121206e-08,0.399184772406051,0.446172258398464,0.118660952221432,0.104474064503772,0.0434422660463778,0.452525486830803,0,0.148289704547375,0,0.399184808621822,0.446172258398464,0.118660952221432,0.104474064503772,0.0434422660463778
437,0,-1248.67125660145,-1248.67125197452,0.42924815211231,5.06020225894758e-08,0.165418890927223,5.06020225894758e-08,0.405332855756422,0,0.14452532780377,0.113100245949247,0.0437758748680521,0.429248195553964,0,0.165418907668285,0,0.405332896777751,0,0.14452532780377,0.113100245949247,0.0437758748680521
438,1.65804477922529,-1134.87422834023,-1135.70325072985,0.600000062990199,1.39208604352918e-10,0.101003786825551,0.0233042559478863,0.275691894097155,0,0.191733062225998,0.0957031698776747,0.041396609894696,0.589481511370231,0,0.135195961621641,0,0.275322527008128,0.063495436332967,0.191602799204896,0.097466287477831,0.0413993069065922
439,7.38718781576608e-05,-1200.99774953573,-1200.99778647167,0.455972365837377,4.27820046230863e-08,0.139855116342051,4.27820046230863e-08,0.404172432256563,0.0727624532799397,0.196179365441565,0.00680093991115704,0.0216936695449892,0.455972404852204,0,0.139855128308617,0,0.404172466839179,0.0727624532799397,0.196179365441565,0.00680093991115704,0.0216936695449892
440,0.337712078250661,-1206.32954568643,-1206.49840172555,0.52161254696514,2.39999513493171e-56,0.0705966245353556,0.0228817377213905,0.384909090778113,0.0342349496468594,0.146816868399977,0.0576429067374865,0.0373960357206149,0.493880706639842,0,0.120958768808375,0,0.385160524551784,0.16881406355945,0.150746288628702,0.0563214360720758,0.0376677914001988
441,4.87564950869319,-1185.81754695242,-1188.25537170677,0.526392964849848,3.74129218302701e-103,0.0682220251359058,0.017024717284882,0.388360292729364,0,0.119193483306953,0.0996570129866886,0.0169189336637377,0.526212698840054,0,0.0805890901589448,0,0.393198211001001,0.0590980097843863,0.117889105181305,0.101391678562998,0.0168745087576757
442,2.08333885593447,-1278.46917098952,-1279.51084041748,0.441192598155979,1.59428992270631e-15,0.123548843854315,0.0163399048894705,0.418918653100234,0.107017507051756,0.204701630098495,0.0870293178016108,0.0422013958030441,0.440786410582007,0,0.136168846720093,0,0.423044742697899,0.109866254688222,0.207992609894094,0.0867854377235738,0.0419515100906308
443,6.60991837485517,-1186.06592010541,-1189.37087929283,0.523785658326381,2.83164241341637e-17,0.066947652441941,0.0185575867714468,0.390709102460231,0,0.14870277758331,0.0536985532687456,0.0170196846950384,0.516863971914373,0,0.0848370030251275,0,0.398299025060499,0,0.15614721076972,0.0512367837092762,0.0170042010353694
444,0,-1201.7784004179,-1201.77839564485,0.44591208803559,4.60733248922796e-08,0.150614499480414,4.60733248922796e-08,0.403473320337346,0.138296598142862,0.146110144097871,0.062018106375778,0,0.445912129124899,0,0.150614513359037,0,0.403473357516064,0.138296598142862,0.146110144097871,0.062018106375778,0
445,0,-1183.36695841293,-1183.36695032201,0.447013522774904,4.66656983950751e-08,0.152552212529288,4.66657816415328e-08,0.400434171364329,0.11014013496858,0.0891752462826317,0.07717404979234,0.0114156001376548,0.447013825541801,0,0.152552038956719,0,0.400434135501479,0.110139900693162,0.0891755084392208,0.0771740670725119,0.0114156915887247
446,0.338850000497587,-1240.58039486062,-1240.74981986087,0.466397071217656,3.1431605519642e-40,0.12822108482846,0.0067731780915883,0.398608665862296,0.159597465263001,0.167236408941763,0.0584256326123035,0.0505357503517454,0.466593664332925,0,0.131376524762527,0,0.402029810904548,0.144379091036754,0.166384164815807,0.0585489927748462,0.0503669448104837
447,0,-1167.24300008639,-1167.24299329846,0.454230650254611,5.5085774071994e-08,0.180076352417422,5.5085774071994e-08,0.365692887156419,0.0822380493293322,0.0944045003488072,0.0784178393371249,0.0330135732511887,0.45423070029791,0,0.180076372256715,0,0.365692927445375,0.0822380493293322,0.0944045003488072,0.0784178393371249,0.0330135732511887
448,0,-1133.03031649072,-1133.03030968702,0.509209933352084,3.40508268273694e-08,0.11131274444571,3.40508268273694e-08,0.379477254100553,0,0.0645501290488475,0.0373661629967883,0.0276419555580515,0.509209968030124,0,0.111312752026292,0,0.379477279943583,0,0.0645501290488475,0.0373661629967883,0.0276419555580515
449,3.1033420982003,-1161.64968789202,-1163.20135894112,0.517267510429809,8.76712935790474e-14,0.100567809755114,0.0202025343594662,0.361962145455523,0.140718069547122,0.115036377259019,0.0655929312091397,0.0161135417294834,0.517220602757792,0,0.115103151670149,0,0.367676245572058,0.0784579975759135,0.112920001399193,0.0740889943644764,0.0161070388339853
450,1.47356149682309e-06,-1223.97756259625,-1223.97756333303,0.476825174834269,2.71625459668129e-08,0.0887948346460835,2.71625459668129e-08,0.434379936194556,0,0.137724346762858,0.0489572895319486,0.0197780195958763,0.476825200737841,0,0.0887948394698713,0,0.434379959792287,0,0.137724346762858,0.0489572895319486,0.0197780195958763
451,0.269311787155402,-1253.73799334599,-1253.87264923957,0.419951470928001,0.00461578750218338,0.107661340176551,2.32236881012696e-14,0.467771401393241,0.161172483537345,0.154250402869611,0.0556082518862533,0.00388366048033739,0.415445162403716,0,0.112624570892977,0,0.471930266703307,0.16207560239138,0.153464542854826,0.0554944966980751,0.00398984922502889
452,0,-1127.4823896823,-1127.4823815782,0.594175980710448,4.03734914511147e-08,0.131981647483943,4.03734914648125e-08,0.273842291058626,0.0509935582935715,0.198692928430569,0.0638285252894482,0.0473521750775265,0.594176035868002,0,0.131981655191851,0,0.273842308940147,0.0509935142428222,0.198692961468631,0.0638287895939438,0.0473519327984055
453,0,-1144.51530133978,-1144.51529881221,0.540361281882955,4.94783483448891e-08,0.161745580300669,4.94783483448891e-08,0.297893038859679,0.5,0.175353564714891,0.125171368155954,0.0140981024379143,0.540361335355328,0,0.161745596306479,0,0.297893068338193,0.5,0.175353564714891,0.125171368155954,0.0140981024379143
454,1.22518029766297,-1219.0554947407,-1219.66808488953,0.439816878407839,1.54932566484707e-16,0.12730962724236,0.0281273974856286,0.404746096864172,0.0575283956161924,0.151580339876464,0.0869612781190442,0.0112880553385192,0.425978785309689,0,0.170734524299846,0,0.403286690390465,0.180619723149965,0.155726292481666,0.0885580051164538,0.011397325951057
455,1.34831330403449,-1184.9849848986,-1185.65914155062,0.572379440621683,9.7861907925181e-130,0.09224752095043,0.00874601122937486,0.326627027198512,0.0095763405045973,0.248762334948202,0.0422866749881711,0.0650822421390203,0.57591314824439,0,0.0926170774643078,0,0.331469774291302,0,0.251627461617826,0.0418851122956413,0.0648936581529027
456,3.10266239837392,-1150.71995088834,-1152.27128208753,0.563120357615107,4.21903532585963e-15,0.116347832140596,0.016387726416847,0.304144083827445,0,0.109728763035704,0.148330950292155,0.0262843936064531,0.556697018461689,0,0.13342983431906,0,0.309873147219251,0.0326253420339125,0.102012882326485,0.147791893919937,0.0261161967827344
457,4.51923639416918,-1207.0460188066,-1209.30563700369,0.4858127662477,0.00857596951790045,0.113203224659413,0.0422613368569738,0.350146702718014,0,0.166925201525879,0.107308880611759,0.0407054868225779,0.471719885863597,0,0.163886098168078,0,0.364394015968325,0,0.147387807289915,0.128093414947075,0.0405647662844263
458,0,-1133.09889607155,-1133.09889257181,0.565521630395955,2.7377159144815e-08,0.0894964088533341,2.7377159144815e-08,0.344981905996393,0.5,0.0900533104945045,0.132184695723145,0.0108419568630644,0.565521661360708,0,0.0894964137536492,0,0.344981924885643,0.5,0.0900533104945045,0.132184695723145,0.0108419568630644
459,0,-1166.92046415765,-1166.92046061282,0.499170442785351,4.83584132718559e-08,0.158084493090883,4.83584132718559e-08,0.34274496740694,0.0469999390641955,0.140780936900614,0.117840912592532,0.0127349986692614,0.499170491063537,0,0.158084508380315,0,0.342745000556149,0.0469999390641955,0.140780936900614,0.117840912592532,0.0127349986692614
460,3.25292251813153,-1219.48676208181,-1221.11322334087,0.521825765451561,1.17720326974304e-14,0.0680695698970439,0.0297486652474278,0.380355999403956,0,0.15500419540267,0.113809294922693,0.0349483316882517,0.515936929165504,0,0.104762664771018,0,0.379300406063478,0.0579677656326593,0.157695677238844,0.114042526918158,0.0350934647752732
461,14.0708427027566,-1170.86809670407,-1177.90351805545,0.527827073887594,6.37745811774292e-12,0.0906340864415298,0.0430506029301198,0.338488236734379,0.0605883337186819,0.171993326415066,0.0998111367301502,0.0139897755552938,0.508835943849919,0,0.142693529372673,0,0.348470526777409,0.178370296310472,0.184030635509448,0.106993407600765,0.014007260011963
462,1.53212713485118e-05,-1153.42984584857,-1153.4298535092,0.568607211128407,3.11575267299792e-08,0.101854496163566,3.11575267299792e-08,0.329538230392974,0.0643697274974852,0.163718718406143,0.0853796959189476,0.015738020997876,0.568607246561198,0,0.101854502510635,0,0.329538250928167,0.0643697274974852,0.163718718406143,0.0853796959189476,0.015738020997876
463,6.57945153392666,-1160.89421499369,-1164.18394076066,0.519332472595876,4.53874507499787e-15,0.100476035673147,0.0244645197682394,0.355726971962733,0.0224845809360047,0.140336980341624,0.0916574952261388,0.0191093192357075,0.510340134718553,0,0.123471514860622,0,0.366188350420825,0.0693176314379666,0.129560362812069,0.089495488827599,0.0190598461021139
464,3.92328403630654,-1167.4440091126,-1169.40565113075,0.450700234380245,3.21929196858572e-16,0.12597051372308,0.0216368303116253,0.401692421585049,0.0807461112624904,0.0663309017867488,0.0415158099105637,0.0257097050850759,0.425767856465856,0,0.157224834182892,0,0.417007309351252,0.0394336443518923,0.0583162193311431,0.0366548784923522,0.025413514840275
465,14.1326888762655,-1187.14019758547,-1194.2065420236,0.516604387226383,7.02797098784854e-10,0.093317532725107,0.0523470847346606,0.337730994611052,0.5,0.146925115741898,0.0945429834291537,0.0363615062154166,0.521600592819438,0,0.133689696300562,0,0.34470971088,0.5,0.162723137437185,0.0957330418002644,0.0361955332321781
466,0,-1131.21149135405,-1131.21148827676,0.52453432143642,5.63226968046438e-08,0.18411987431886,5.63226968046438e-08,0.291345691599327,0.245811252312595,0.138101681815842,0.111130382410771,0.0242980884978366,0.524534380522801,0,0.184119895059118,0,0.291345724418081,0.245811252312595,0.138101681815842,0.111130382410771,0.0242980884978366
467,4.40173785136722e-05,-1191.31842841132,-1191.31845042001,0.460171853273929,3.97722562895602e-08,0.130016196752986,3.97722562895602e-08,0.409811870428573,0.000821209041241096,0.0926011742573523,0.0804668075289763,0.0252613041549699,0.460171889878078,0,0.130016207095061,0,0.409811903026861,0.000821209041241096,0.0926011742573523,0.0804668075289763,0.0252613041549699
468,0.262443160867406,-1215.12163900866,-1215.25286058909,0.50597820749085,4.07149626287875e-28,0.0892364943670077,0.00925014511247199,0.39553515302967,0,0.143606725149495,0.129723358538286,0.0165550312058251,0.485690014684882,0,0.116007320350225,0,0.398302664964893,0.127914117375253,0.131417580931398,0.130150138046748,0.0166216849243088
469,1.09621637450527,-1189.35298957046,-1189.90109775771,0.56581068710088,0.00580890856494667,0.0840818803884252,3.32661922648303e-89,0.344298523945749,0,0.165591929485493,0.132623959724518,0.0322392466550346,0.563119154773422,0,0.0888770653354014,0,0.348003779891176,0,0.164928629039873,0.130598051579052,0.0321440363399295
470,9.07313365391246,-1189.08331108967,-1193.61987791663,0.536691476310799,6.41064459799958e-10,0.09736519866154,0.0252942060662263,0.340649118320371,0,0.14127694500923,0.115368669625271,0.0372367733007069,0.544623236258047,0,0.108304017524927,0,0.347072746217026,0,0.140407909644998,0.130606893525892,0.0366166711008597
471,1.45532516481535,-1231.56010207064,-1232.28776465305,0.454991710387725,0.00426712073747061,0.109210726369291,0.0196782135379886,0.411852228967525,0.143498262089663,0.148624704203453,0.0861358885200578,0.0363079157379898,0.44724103576757,0,0.133519023143208,0,0.419239941089223,0.184920095735999,0.143929822805887,0.0829458862052003,0.0362313185576064
472,0,-1143.92581673362,-1143.92581670384,0.575777227306997,2.16169507755421e-10,0.0800460696726671,1.32510952779759e-09,0.344176701479057,0.0173357060152579,0.133194938010848,0.116074451614095,0.0098270842761071,0.575777072180177,0,0.08004612067387,0,0.344176807145953,0.0173361653335396,0.13319494872681,0.116074408099355,0.009827111811704
473,2.09111556929793,-1164.16079697689,-1165.20635476154,0.478937085614193,1.83109568058196e-28,0.141939009916977,0.0142135934528166,0.364910311016013,0.0817475569538518,0.0793555553261898,0.0647129180704005,0.0422484955277521,0.475923682552834,0,0.158377669225917,0,0.365698648221249,0.148475431594619,0.0794240188621807,0.0644958230338713,0.0422543369779053
474,0,-1214.78603886135,-1214.78603358224,0.457636327207311,2.59408192737699e-08,0.0848009888621131,2.59408192737699e-08,0.457562632048938,0.0526733511845679,0.110730271639082,0.0855283667284888,0,0.457636350950234,0,0.0848009932617276,0,0.457562655788038,0.0526733511845679,0.110730271639082,0.0855283667284888,0
475,0,-1281.60547914293,-1281.60547651168,0.353347653936533,5.31932780933765e-08,0.173889750185988,5.31932780933765e-08,0.472762489490923,0.218309886471056,0.141083654946829,0.101378006687208,0.0265106997012208,0.353347691527977,0,0.173889768685521,0,0.472762539786502,0.218309886471056,0.141083654946829,0.101378006687208,0.0265106997012208
476,9.63670277681558,-1189.36722197819,-1194.18557336659,0.530793016769543,0.00206288075034525,0.0400873824860458,0.0363210635551843,0.390735656438882,0,0.131765084481012,0.10770928462529,0,0.517642086040032,0,0.0777278126419166,0,0.404630101318051,0.100677927645965,0.119182825453799,0.107098158316674,0
477,0,-1145.15432860444,-1145.15432188457,0.534792841474468,3.45983082191681e-08,0.113102470626605,3.45983082191681e-08,0.35210461870231,0.0617791570840979,0.157233716274913,0.0251483342690646,0.0219527971868029,0.534792878480326,0,0.113102478452914,0,0.35210464306676,0.0617791570840979,0.157233716274913,0.0251483342690646,0.0219527971868029
478,0,-1211.30035956289,-1211.30035183712,0.507698010294822,3.69955914342054e-08,0.120939250032093,3.6995591470526e-08,0.371362665681902,0.206465306898662,0.137258873051042,0.101563533614403,0.00746052540284146,0.507698091553132,0,0.12093923432637,0,0.371362674120498,0.206465337416241,0.137258384769779,0.101563472579178,0.00746047961112402
479,0,-1154.73177140191,-1154.73176625276,0.558143327381428,3.33528252916273e-08,0.109030965299357,3.33528252916273e-08,0.332825640613564,0.130210483096257,0.11900271974529,0.121298235540269,0.0164514944365824,0.558143364612744,0,0.109030972572339,0,0.332825662814916,0.130210483096257,0.11900271974529,0.121298235540269,0.0164514944365824
480,0,-1249.06482137624,-1249.06481511002,0.387090362477661,5.29309747542827e-08,0.173032276013633,5.29309747542827e-08,0.439877255646757,0.153345676364633,0.145078321938801,0.134085288089843,0.0134124085399495,0.387090403455805,0,0.173032294331169,0,0.439877302213026,0.153345676364633,0.145078321938801,0.134085288089843,0.0134124085399495
481,0,-1170.78522134275,-1170.78521824847,0.569470948710419,2.99801946780326e-08,0.0980057772325846,2.99801946780326e-08,0.332523214096607,0.178027200877014,0.160187503082056,0.155938893408688,0.0206907573565965,0.56947098285612,0,0.0980057831090495,0,0.33252323403483,0.178027200877014,0.160187503082056,0.155938893408688,0.0206907573565965
482,2.54949383817757,-1182.53343871144,-1183.80818563053,0.529448288518404,6.70999328456496e-12,0.0680829290511145,0.0325885480157605,0.369880234408011,0.123381213169067,0.193628325705579,0.0657984890403575,0.010815325240799,0.49963208924187,0,0.120687836324574,0,0.379680074433556,0.210557266619721,0.17142312790765,0.0658242889440796,0.0107851029764556
483,9.03006946254663,-1106.11882129283,-1110.6338560241,0.552037841134558,6.7869817266007e-51,0.10781247764125,0.0367069976937124,0.303442683530479,0.0987795288734851,0.0975123631825988,0.103371591178289,0.0104183871712743,0.529944429690241,0,0.158926742068021,0,0.311128828241738,0.145371877204384,0.101008340581897,0.11655181742753,0.0104307419624063
484,1.69969368631018,-1190.55442204189,-1191.40426888504,0.487585600480331,0.00422235736724258,0.115454377949848,0.0127868372892419,0.379950826913337,0.0902638264595844,0.128651250405234,0.0807621731311218,0.028915451639753,0.489241554080202,0,0.127010476611126,0,0.383747969308672,0.079378656494143,0.123244804745935,0.0889185299089088,0.0288946694853814
485,2.14577699694337,-1176.00731411074,-1177.08020260922,0.553125960183617,1.07706928440759e-16,0.0588887509919932,0.0156277711389639,0.372357517685425,0.170817237169721,0.165592841257286,0.137154877414332,0,0.555803990742119,0,0.0643219110186929,0,0.379874098239188,0.0902595717558948,0.164399260318821,0.13593882315492,0
486,0,-1184.1274293867,-1184.127428788,0.497905585678636,4.00635443664647e-08,0.130968422536781,4.00635443664647e-08,0.371125911657494,0.262740622769777,0.156998724051932,0.0679222078316743,0.0118738359461714,0.497905625574365,0,0.1309684330309,0,0.371125941394736,0.262740622769777,0.156998724051932,0.0679222078316743,0.0118738359461714
487,3.25135876906006,-1155.18468311072,-1156.81036249525,0.543090552702221,2.63116176750586e-17,0.0802412274225091,0.0487692095113569,0.327899010363913,0,0.134206576655145,0.0914679726823202,0.0180033528006753,0.538951235098523,0,0.127654150066336,0,0.333394614835141,0,0.128577960476888,0.0937570361323148,0.0179959884244384
488,4.53231713240984,-1220.50897628393,-1222.77513485014,0.487132951774805,0.0112748881599003,0.0878469865379941,0.0271821146954286,0.386563058831872,0.106007732857047,0.114250044276585,0.0963003204324211,0.049729170312175,0.483256857424954,0,0.123693940875717,0,0.393049201699329,0.218670148802898,0.116183855229822,0.096508614149399,0.0495097702262086
489,0,-1106.49963173371,-1106.49962531245,0.543634977558545,4.73512129812657e-08,0.154792904751478,4.73509858221736e-08,0.301572022987779,0.168397287609084,0.113287208981894,0.0826090742431197,0.0125567857422703,0.543634807066786,0,0.154792799319034,0,0.30157239361418,0.168397518655696,0.113287466818894,0.0826090872860608,0.0125568692331477
490,0,-1186.05174823671,-1186.05174141214,0.443201275928431,4.9163433284997e-08,0.160716117499029,4.9163433284997e-08,0.396082508245673,0.0963228279076631,0.126128221281445,0.063755016294348,0.00527540752455116,0.443201319507028,0,0.160716133301743,0,0.396082547191229,0.0963228279076631,0.126128221281445,0.063755016294348,0.00527540752455116
491,3.34495553033776e-05,-1173.20019951635,-1173.20021624113,0.539058062189963,3.13699452990452e-08,0.102548896156078,3.13699452990452e-08,0.358392978914068,0.00842945401224346,0.139336705718233,0.104933458250554,0.0237526080851739,0.539058096010409,0,0.102548902589985,0,0.358393001399606,0.00842945401224346,0.139336705718233,0.104933458250554,0.0237526080851739
492,4.41140949599549,-1168.89338789652,-1171.09909264452,0.505694326909664,1.38493239564458e-10,0.0851777296380936,0.0249932184169985,0.384134724896751,0.181074365011298,0.124924568114033,0.0748034789755377,0.00543079056646199,0.515227482912627,0,0.0963637793497916,0,0.388408737737581,0.123697432895458,0.131868530187101,0.0801936709928233,0.00543749899672705
493,0,-1210.16383870335,-1210.16383301068,0.471325892617619,4.32540171464324e-08,0.141398133480894,4.32540171464324e-08,0.387275887393453,0.0936967004744234,0.138966194283674,0.0713061139175945,0.0311421614505251,0.471325933391099,0,0.14139814571297,0,0.387275920895931,0.0936967004744234,0.138966194283674,0.0713061139175945,0.0311421614505251
494,0,-1133.27018237215,-1133.27018009185,0.596982833159121,1.50580023899173e-08,0.0492248714073662,1.50580023899173e-08,0.353792265317508,0.0213814358079885,0.124877233321693,0.0539584865614835,0.0235850010002206,0.59698285113786,0,0.0492248728898227,0,0.353792275972318,0.0213814358079885,0.124877233321693,0.0539584865614835,0.0235850010002206
495,0,-1208.08354155342,-1208.08353494496,0.471725934894789,2.90169314587097e-08,0.0948568530343544,2.90169314587097e-08,0.433417154036993,0.0730877256230115,0.129981192654477,0.0124378415931562,0.0215921346278295,0.471725962270869,0,0.0948568585392643,0,0.433417179189867,0.0730877256230115,0.129981192654477,0.0124378415931562,0.0215921346278295
496,1.7313806330958,-1227.71533726751,-1228.58102758406,0.486878426223026,4.28848307333845e-39,0.101391680560366,0.0137385522647705,0.397991340951838,0.265064000824566,0.142816369391224,0.0861056814201021,0.0420714830031918,0.492862747130342,0,0.108080139092211,0,0.399057113777447,0.265489743604536,0.139617379842443,0.0969160368829445,0.0419515612245748
497,0,-1248.21699115966,-1248.2169910711,0.428005719698406,4.93901811074037e-08,0.161457360069647,4.93901811074037e-08,0.410536821451585,0.46727646131957,0.153173436448186,0.115841685958184,0.0205197406077812,0.428005761976971,0,0.161457376018465,0,0.410536862004565,0.46727646131957,0.153173436448186,0.115841685958184,0.0205197406077812
498,0.674378675658318,-1183.32592686607,-1183.6631162039,0.500975825949232,3.6731681302415e-45,0.0977416368355249,0.031859645414614,0.369422891800629,0.297885343300152,0.117377867030948,0.0744051672619143,0.0168531309750012,0.483534062489455,0,0.141331689823123,0,0.375134247687422,0.453348698575949,0.10475296934146,0.0735231656434066,0.01687472786244
499,2.99838098122791,-1202.13221201387,-1203.63140250448,0.496383722319905,3.40536420560363e-12,0.112837800809411,0.0326688734013336,0.358109603465945,0.116286846332123,0.141185007009558,0.102709029809257,0.0488404418417099,0.47467764787631,0,0.158816771174197,0,0.366505580949492,0.210616579927093,0.138818874009745,0.0960768397351266,0.0485335503852417
500,2.02156677216681,-1193.94741059788,-1194.95819398397,0.555965906940561,7.61355481055738e-28,0.0645160111397247,0.0212739609590191,0.358244120960695,0.0833978102090714,0.128201561622094,0.118985547507697,0.047320627806377,0.548467985994372,0,0.0919144472612278,0,0.3596175667444,0.217415603754864,0.120216467230633,0.124157749465403,0.0474697028962404
501,0,-1184.13977131391,-1184.1397610671,0.476387211862338,4.171083980176e-08,0.136353459932355,4.171083980176e-08,0.387259244783627,0,0.119764766776777,0.0620355560102514,0.0186200391796953,0.476387251603363,0,0.13635347130719,0,0.387259277089447,0,0.119764766776777,0.0620355560102514,0.0186200391796953
502,0,-1173.17582148025,-1173.17581510046,0.475513912604812,4.91310929747964e-08,0.160610396705872,4.91310929763683e-08,0.36387559242713,0.120464047176027,0.15769174986816,0.110208058380771,0.00532128596078592,0.475513959039142,0,0.160610412250284,0,0.363875628710574,0.120464047176027,0.15769176018335,0.110208060443809,0.00532138962845091
503,0,-1151.80726843025,-1151.80726613573,0.506105139642861,4.94691998242165e-08,0.161715536405724,4.94692017902714e-08,0.332179225013014,0.341259025912155,0.10908955129352,0.089928872134659,0.0204577540497238,0.506105221190938,0,0.16171572989442,0,0.332179048914642,0.341259076853084,0.109089477625364,0.089928612876615,0.0204580443355108
504,1.43414927311505,-1225.57732564835,-1226.2944002849,0.402418092438184,0.00677548812683609,0.154662600898051,8.65497077863264e-20,0.436143818536929,0,0.0868399091989602,0.118955780679961,0.0174389112307876,0.399447026439292,0,0.1590202513137,0,0.441532722247008,0,0.0831740905476454,0.115278741783076,0.0174350630206146
505,0,-1167.17583349595,-1167.17582416937,0.448605176001985,5.18679141655663e-08,0.169557112481128,5.18679141655663e-08,0.381837607781058,0,0.104866026973718,0.0702351941062394,0.00653105485621846,0.448605222538419,0,0.169557130070278,0,0.381837647391303,0,0.104866026973718,0.0702351941062394,0.00653105485621846
506,0,-1262.83472599675,-1262.83471762208,0.455515226929793,4.66090902257868e-08,0.152365925663217,4.66090902257868e-08,0.39211875418881,0.319548857120589,0.13415316712826,0.236896348273268,0.0490617570187818,0.455515269392097,0,0.152365939866493,0,0.39211879074141,0.319548857120589,0.13415316712826,0.236896348273268,0.0490617570187818
507,0,-1239.03158752699,-1239.03158210748,0.466092692209109,2.82438352539525e-08,0.0923295881104112,2.82438352539525e-08,0.44157766319281,0.0940873557517774,0.152284883696209,0.026835417654252,0.0336713648894161,0.466092718537601,0,0.0923295933258948,0,0.441577688136505,0.0940873557517774,0.152284883696209,0.026835417654252,0.0336713648894161
508,1.75074352249248,-1206.22590293024,-1207.10127469149,0.505882472407931,7.68000732275856e-49,0.0977335468614847,0.0118718290929718,0.384512151637612,0.0707988098507057,0.146635525400713,0.0770531037111888,0.0366220678022691,0.507509508512503,0,0.107031882934565,0,0.385458608552932,0.16319022994123,0.144163961998802,0.0774302985858015,0.0365462017367325
509,0,-1179.79902527924,-1179.799019935,0.477532391029623,4.02116863422785e-08,0.131452701229308,4.02116863422785e-08,0.391014827317696,0.139879609789903,0.0930944719072258,0.0718484119163883,0.0201570296683432,0.477532429434392,0,0.131452711801178,0,0.39101485876443,0.139879609789903,0.0930944719072258,0.0718484119163883,0.0201570296683432
510,2.60547145186229,-1195.64116334098,-1196.94389906691,0.48312205539847,2.0433946776828e-20,0.0576345247874608,0.0283374857034997,0.43090593411057,0.171883363376733,0.146270145901604,0.0224914422553774,0.00686932390064964,0.469086849587997,0,0.0939413865909255,0,0.436971763821078,0.211087488022143,0.138831194389544,0.0223623344333357,0.00678304269316415
511,0,-1188.81890671461,-1188.81890374349,0.55605106400937,2.55664404010676e-08,0.0835771378233627,2.55664404010676e-08,0.360371747034386,0.5,0.144353315552409,0.153648005029731,0.0102161849679568,0.556051092441864,0,0.0835771420969028,0,0.360371765461233,0.5,0.144353315552409,0.153648005029731,0.0102161849679568
512,0,-1215.18150572811,-1215.18150357877,0.51083886974878,4.01765831445194e-08,0.131337948266004,4.01765831445194e-08,0.35782310163205,0.5,0.202189300576436,0.0696204862233666,0.0510294307562317,0.510838910796304,0,0.131337958819425,0,0.357823130384271,0.5,0.202189300576436,0.0696204862233666,0.0510294307562317
513,1.72281793709317,-1207.45297638063,-1208.31438534918,0.496116632114549,9.84696942865377e-14,0.102984549316519,0.0240307851715653,0.376868033397268,0,0.157202285826293,0.113926103073218,0.01953254457435,0.476243551788032,0,0.138386680372963,0,0.385369767839005,0,0.150868940120468,0.114384689775345,0.0193628791470987
514,3.34815626956697e-05,-1186.003776227,-1186.00379296778,0.48127972005923,4.10183324706149e-08,0.134089641436277,4.10183324706149e-08,0.384630556467828,0,0.159024261176953,0.0761971088556487,0.0156740886179986,0.481279759541816,0,0.134089652436545,0,0.384630588021639,0,0.159024261176953,0.0761971088556487,0.0156740886179986
515,5.84402391723415e-05,-1222.23913318303,-1222.23916240315,0.406175534232905,5.8452351864529e-08,0.191081753706998,5.8452351864529e-08,0.402742595155393,0.248031440403351,0.134059251128102,0.11406121290217,0.0288069750791568,0.406175581716741,0,0.191081776045356,0,0.402742642237903,0.248031440403351,0.134059251128102,0.11406121290217,0.0288069750791568
516,0.725635334825711,-1161.17448343443,-1161.53730110184,0.550849849607684,4.55159160337451e-14,0.0949226320749697,0.00722192991397944,0.347005588403321,0,0.168658871432409,0.0788618380452087,0.0158771518348426,0.543779115391152,0,0.101072637575979,0,0.35514824703287,0,0.166538228052725,0.0764298531826124,0.0158648788493538
517,1.34382203214045e-05,-1219.38523893387,-1219.38524565298,0.523308073715823,2.98855406718304e-08,0.0976963516419354,2.98855406718304e-08,0.378995514871161,0.111896175564566,0.188645023424606,0.0681422086699225,0.0398558162749319,0.523308104994514,0,0.0976963574813523,0,0.378995537524134,0.111896175564566,0.188645023424606,0.0681422086699225,0.0398558162749319
518,0.932703882799615,-1192.44947410512,-1192.91582604652,0.515506470786056,1.02994214750349e-12,0.115148850793467,0.0106229070186847,0.358721771400762,0,0.159631948587583,0.145645651452896,0.0214667964736428,0.511900107101318,0,0.123758632226782,0,0.3643412606719,0,0.158892280463044,0.154545569772798,0.0213975925364814
519,0.305602913686016,-1201.53569322532,-1201.68849468217,0.540630958054815,7.82070936970349e-32,0.0953071770442387,0.0148733462180069,0.349188518682939,0.309674548524274,0.185399127270944,0.13850148128409,0.0199170051959916,0.535340558692458,0,0.114472580444351,0,0.350186860863191,0.302654347916302,0.189225382824608,0.142033713860959,0.0199273055319071
520,3.47320465152734e-05,-1145.58502486465,-1145.58504223068,0.533561265046539,4.46181251448437e-08,0.14585742608202,4.46181249709087e-08,0.320581219635191,0,0.154555590348752,0.0787538182209636,0.0266735757601613,0.533561317302923,0,0.145857438093614,0,0.320581244603463,0,0.154555603713978,0.0787538716895716,0.0266739367084262
521,2.68062754147695,-1137.49531755888,-1138.83563132962,0.584969526516349,0.00741733235932081,0.132765812306721,2.34045949870766e-09,0.27484732647715,0.245339757929834,0.157626219347785,0.12899492597139,0.0277464482794189,0.586402303961457,0,0.138773003008866,0,0.274824693029678,0.240536841171508,0.170966126481543,0.13106780566763,0.0277549921282951
522,0.692662762552118,-1259.16349728512,-1259.50982866639,0.468040102651541,6.46814465840766e-15,0.0872693812132403,0.0172763363331892,0.427414179802023,0.165804690917353,0.141679829746964,0.124248495719805,0.029643426224098,0.461937494514645,0,0.104214441680968,0,0.433848063804387,0.137139486355466,0.141680275152805,0.125331416331428,0.0295789838137911
523,5.83099154027877e-06,-1191.65834490087,-1191.65834781636,0.522026808580355,3.57171513524025e-08,0.116759988266219,3.57171513524025e-08,0.361213131719122,0.207936511419076,0.136948516246504,0.133673681165036,0.0288365365935765,0.522026845870979,0,0.116759996606888,0,0.361213157522132,0.207936511419076,0.136948516246504,0.133673681165036,0.0288365365935765
524,3.19626906275516e-06,-1179.10337960013,-1179.10338119827,0.511669526415537,3.70211173823251e-08,0.12102267587115,3.70211173823251e-08,0.367307723671078,0.394001826020706,0.108123669535766,0.0957862238308444,0.0175601824187575,0.511669564300695,0,0.12102268483194,0,0.367307750867365,0.394001826020706,0.108123669535766,0.0957862238308444,0.0175601824187575
525,0,-1196.69715143307,-1196.69714277225,0.485688230505846,3.9990248836675e-08,0.130728818176573,3.9990248836675e-08,0.383582871337083,0.121548457512226,0.145844832753017,0.0590106204948887,0.0391321450857659,0.485688269351436,0,0.13072882863233,0,0.383582902016234,0.121548457512226,0.145844832753017,0.0590106204948887,0.0391321450857659
526,0,-1144.91646810778,-1144.91646300164,0.491914126463889,3.95262891446117e-08,0.129212125883092,3.95262891446117e-08,0.378873668600441,0.0537561463648688,0.0722979536853621,0.0428317078181369,0.0152445569849243,0.491914165350972,0,0.129212136097644,0,0.378873698551384,0.0537561463648688,0.0722979536853621,0.0428317078181369,0.0152445569849243
527,2.89044945687147,-1225.35796542202,-1226.80319015045,0.452851027317296,1.9557731989863e-14,0.101491757205652,0.0253040375912571,0.420353177885775,0.5,0.12345031695577,0.0645210256515616,0.024107477685286,0.451200443556077,0,0.119794872701968,0,0.429004683741956,0.5,0.116898361975701,0.0640127033005926,0.0238824342872181
528,7.36647448111216,-1204.44882492879,-1208.13206216935,0.484824275811162,0.0110987550487185,0.089287305238198,0.0276590908072888,0.387130573094632,0.307160181872838,0.150381746182044,0.147379833147324,0.0135682805604801,0.471020382102987,0,0.125457534598842,0,0.403522083298171,0.244069172091807,0.14881615791766,0.143846436785148,0.0135532807253515
529,0,-1141.9809371146,-1141.98092999109,0.570986479575076,3.66673336932973e-08,0.119866150845621,3.66673336932973e-08,0.309147296244635,0,0.142247569661704,0.152421998044492,0.0132938944735482,0.570986521448183,0,0.119866159635966,0,0.309147318915851,0,0.142247569661704,0.152421998044492,0.0132938944735482
530,0,-1179.90391565332,-1179.90390749597,0.48562115870127,4.09549131424008e-08,0.133882322550594,4.09549131424008e-08,0.380496436838309,0.0432204387656669,0.0900439397818872,0.0943282135969897,0.0320810965647224,0.485621198478418,0,0.133882333516873,0,0.380496468004709,0.0432204387656669,0.0900439397818872,0.0943282135969897,0.0320810965647224
531,6.52239947133603,-1118.94231576896,-1122.20351550463,0.545090774385427,1.2230871077224e-19,0.105512403541648,0.0317885046301562,0.317608317442769,0,0.123162766186646,0.0929354919635124,0,0.545492571894377,0,0.128755706214112,0,0.325751721891511,0.0354568920376106,0.115423139674737,0.0994333508102069,0
532,6.38435412792433,-1206.09526630217,-1209.28744336614,0.511216708127057,2.31014705817584e-12,0.114719104221485,0.0159040890830429,0.358160098566106,0,0.124306545827982,0.124392683566578,0.0405460980993497,0.500604672162488,0,0.13514805123713,0,0.364247276600381,0.0185087703806678,0.131610101156335,0.124311564825935,0.0401776120720799
533,1.04733421292121,-1186.93804368129,-1187.46171078775,0.543343521715185,8.92840871510717e-15,0.0692119067070544,0.0179630428618915,0.36948152871586,0.0913789958081109,0.177555566675161,0.0882592360518322,0.0165588307781548,0.528198055895186,0,0.104737605869872,0,0.367064338234942,0.208503715858727,0.178329634699539,0.0986984326928713,0.0168175174542842
534,1.41297006134346,-1166.13764048475,-1166.84412551542,0.555454475928766,3.9071454805085e-21,0.061273548735597,0.0478560535020203,0.335415921833616,0.17182202845557,0.159815436763288,0.0787617048826264,0.0169861421922755,0.54238450125771,0,0.114008590322562,0,0.343606908419728,0.233579198802792,0.149919425227939,0.0780647964078249,0.0169724324358512
535,9.34200401481712,-1207.68172783772,-1212.35272984513,0.473183940072887,1.92506073189838e-11,0.100272733353341,0.046317061025435,0.380226265529086,0.0617355294528618,0.204842669700026,0.0649059246005617,0.0188462734547728,0.472640723945974,0,0.137397212345002,0,0.389962063709023,0.184460292519371,0.189610692589291,0.0648128331962303,0.0186344630169378
536,0,-1166.80826081395,-1166.80825251029,0.531356084973661,4.03964335632914e-08,0.132056643239992,4.03964335715921e-08,0.33658719099348,0.0249891034086189,0.14511168404363,0.0692378710580381,0.0411927414312045,0.531356127903446,0,0.132056653909227,0,0.336587218187326,0.0249890766772517,0.14511172414068,0.0692379178379307,0.0411931357188707
537,0,-1163.69798649742,-1163.69798479407,0.555618732199892,2.12068271111836e-08,0.0693254868398973,2.12068271169533e-08,0.375055738546557,0.110633897612104,0.155017862763888,0.0799139028202255,0.00893672369264947,0.555618759042952,0,0.069325488869111,0,0.375055752087937,0.110633908293256,0.155017838349826,0.0799138753544052,0.00893658788942681
538,0,-1237.95685865051,-1237.95685768344,0.449533444647502,4.08337047811752e-08,0.133486090312059,4.08337047811752e-08,0.41698038337303,0,0.145549886528261,0.104247097063473,0.035531784493814,0.449533481359736,0,0.133486101213523,0,0.41698041742674,0,0.145549886528261,0.104247097063473,0.035531784493814
539,0,-1102.3607888565,-1102.36078325428,0.559194112250411,4.95154210255136e-08,0.161866771537675,4.95154210255136e-08,0.278939017181072,0,0.166037057050509,0.0753700819400557,0.0155348806777473,0.55919416762788,0,0.161866787567479,0,0.278939044804641,0,0.166037057050509,0.0753700819400557,0.0155348806777473
540,1.79768138875988,-1171.46040765515,-1172.35924834953,0.519020501212264,5.00467817024545e-27,0.149771616220001,0.0178158237548651,0.31339205881287,0.142720818567023,0.161000870453828,0.148330156297745,0.0173836027898505,0.508321371301079,0,0.174839191852786,0,0.316839436846134,0.252084279947112,0.157413821687153,0.149237724581704,0.0171413503642496
541,2.15732366086741e-05,-1150.6866005705,-1150.68661135712,0.438072373897433,6.18438445401167e-08,0.202168602182106,6.18438445401167e-08,0.359758900232772,0.266214896945049,0.101808841602835,0.0731735474230479,0.00563727714580787,0.438072428081599,0,0.202168627187876,0,0.359758944730524,0.266214896945049,0.101808841602835,0.0731735474230479,0.00563727714580787
542,6.70533400111071,-1159.46565902233,-1162.81832602289,0.54211811017953,1.47097196135881e-09,0.104415237173414,0.0163851857862604,0.337081465389823,0.222675619566178,0.150841506076708,0.0953998299863121,0.0102540630209941,0.537590461422461,0,0.114694447154822,0,0.347715091422717,0.206444242680516,0.154059139426381,0.0940739492332948,0.0102413843406705
543,0,-1168.61233353447,-1168.61232957372,0.518343278162367,4.87348097339057e-08,0.159314939664261,4.87348097339057e-08,0.322341684703753,0.406350501654373,0.147208696749643,0.102110009568322,0.0290856394286302,0.518343328685094,0,0.159314955192629,0,0.322341716122278,0.406350501654373,0.147208696749643,0.102110009568322,0.0290856394286302
544,8.86635598362773e-06,-1270.64782400252,-1270.6478284357,0.428778473178664,4.0685512458401e-08,0.133001647034443,4.0685512458401e-08,0.438219798415868,0.202352877441345,0.193758376367658,0.0704812652453626,0.0332461416759914,0.428778508068811,0,0.133001657856924,0,0.438219834074265,0.202352877441345,0.193758376367658,0.0704812652453626,0.0332461416759914
545,0,-1165.38916372165,-1165.38915846098,0.505553681918649,3.85115039672943e-08,0.125894775509114,3.85115039672943e-08,0.368551465549229,0.113941915230105,0.159616507063314,0.04814858177484,0.026818404179906,0.505553720857918,0,0.125894785205909,0,0.368551493936174,0.113941915230105,0.159616507063314,0.04814858177484,0.026818404179906
546,0,-1206.46533664663,-1206.46533352717,0.509534774399226,3.33093158392289e-08,0.108889274678728,3.33093359042905e-08,0.381575884303394,0.0137352697726267,0.154515139408001,0.0749681254432133,0.0263908300881496,0.509535364060601,0,0.10888866069169,0,0.38157597524771,0.013733830994677,0.154515070989712,0.0749679922384735,0.026391290150311
547,0,-1124.13862714744,-1124.13862483349,0.49044991064556,5.91255196562116e-08,0.193282350912597,5.91255196562116e-08,0.316267620190804,0.0996572874492758,0.127980905477204,0.0571503125812625,0.0262120805178328,0.490449968641779,0,0.193282373768439,0,0.316267657589783,0.0996572874492758,0.127980905477204,0.0571503125812625,0.0262120805178328
548,0.328576594886272,-1178.73885798012,-1178.90314627756,0.56839220919084,0.011743304370498,0.0820658276894411,0.00640088222439045,0.331397776524831,0,0.190067479390508,0.0981011389459921,0.0175086739767119,0.553963722885204,0,0.102457708674288,0,0.343578568440508,0,0.184540417821802,0.106390227056565,0.0175104262989787
549,0.0562139170506271,-1153.5898656702,-1153.61797262872,0.534759117814019,0.00532367415312026,0.114551340713152,0.00678609689151313,0.338579770428196,0.00843048005233434,0.154526341728827,0.093947586333702,0.00619440110743231,0.523385739059833,0,0.130810953114031,0,0.345803307826136,0.0248161821976445,0.149616278405078,0.0945508285350914,0.00609263906402952
550,0.58793144258243,-1270.63990647794,-1270.93387219923,0.439474794044897,7.67532591889946e-82,0.10628532981802,0.00693213798573351,0.447307738151349,0,0.161375471272239,0.0812816494110173,0.0406110911220423,0.440440853358631,0,0.114440018503594,0,0.445119128137774,0,0.158602593571856,0.0918453065181393,0.0406270173631149
551,0,-1156.09373361802,-1156.09372513769,0.502796340368575,4.56135075296282e-08,0.149111348533742,4.56135075296282e-08,0.348092219870668,0,0.136073542178657,0.0903946710839752,0.0104032591438552,0.502796386237188,0,0.149111362136727,0,0.348092251626085,0,0.136073542178657,0.0903946710839752,0.0104032591438552
552,0,-1166.33915232986,-1166.33914475522,0.457921919314715,4.60478930768883e-08,0.150531362434086,4.60478930768883e-08,0.391546626155412,0.161172066129276,0.100108086832093,0.0378243782113978,0.0285847110644869,0.457921961487399,0,0.150531376297392,0,0.39154666221521,0.161172066129276,0.100108086832093,0.0378243782113978,0.0285847110644869
553,1.29857754274963,-1179.0164961217,-1179.66578489307,0.548695766127886,0.00390911574331451,0.0891569039834251,0.0203712478083686,0.337866966337006,0,0.147723893348633,0.120847450586765,0.0233180046792727,0.543565882239967,0,0.112343687797501,0,0.344090429962532,0,0.145415429425713,0.120272563635175,0.023313486140929
554,4.0394745230933,-1216.07988107204,-1218.09961833359,0.462125509557215,2.00365650576094e-13,0.106400900380408,0.0331820687625228,0.398291521299654,0.0970700176205537,0.16986070613496,0.116875748858463,0.00946286040507869,0.443286141246244,0,0.157854094350943,0,0.398859764402813,0.184498382892423,0.161724139935092,0.136210986714311,0.00958408798853397
555,0,-1262.13388957444,-1262.13388561077,0.373190699064535,5.01075630863827e-08,0.163803299967984,5.01075766233224e-08,0.463005900752342,0.10319402050097,0.146307582299776,0.0644261160074792,0.0250871637518326,0.37319087330135,0,0.163802365342191,0,0.463006761356459,0.103192183656595,0.146307239925159,0.0644262156610063,0.0250873579085005
556,0,-1207.84453209995,-1207.84452549811,0.511841567052569,3.77780489333379e-08,0.123497098261183,3.77780489333379e-08,0.36466125913015,0.0587519408435772,0.150858844800697,0.13291448175563,0.0278738981706179,0.511841605725323,0,0.123497107592142,0,0.364661286682534,0.0587519408435772,0.150858844800697,0.13291448175563,0.0278738981706179
557,0.224631270034024,-1224.96244396625,-1225.07475960127,0.478395186058909,6.54915556189866e-22,0.107698413475294,0.019088818529031,0.394817581936766,0.113085624439372,0.193344811914775,0.0515763503830991,0.0181569267244496,0.459984578498867,0,0.142933258645949,0,0.397082162855185,0.110037227302714,0.195817536980601,0.0606086510829448,0.0181693464047792
558,0.693889960733941,-1168.92040935642,-1169.26735433679,0.530519472553641,0.00472129106392975,0.0985655383901876,0.0146102461988352,0.351583451793407,0,0.139036723960622,0.0678079369969915,0.037329148369352,0.526165641087608,0,0.114031913355576,0,0.359802445556816,0,0.129720155039839,0.0633883930224002,0.0372523987895452
559,0,-1172.58312678956,-1172.58312119257,0.470600611536653,4.82219120306753e-08,0.1576382681621,4.82219120306753e-08,0.371761023857423,0.116199864731192,0.196555766126656,0.043538577538352,0.00510300488822674,0.47060065692318,0,0.157638283365338,0,0.371761059711481,0.116199864731192,0.196555766126656,0.043538577538352,0.00510300488822674
560,1.38045582176528,-1216.78977447488,-1217.48000238576,0.497155752815171,4.20461947250848e-35,0.100167600637545,0.042664243555119,0.360012402992165,0.238870147882089,0.184534637994005,0.115005755098808,0.026669468314902,0.481890826036604,0,0.143731803582602,0,0.374377370380794,0.192130688182326,0.169575753518545,0.117148095873186,0.0266239511355896
561,0.055457742175804,-1176.17374281646,-1176.20147168755,0.588399283716434,1.33316627992487e-20,0.0578619651638594,0.020000397545758,0.333738353573948,0,0.159885320891002,0.102966547640118,0.0438820116557984,0.577097415583086,0,0.088136355133884,0,0.33476622928303,0,0.157431644206011,0.105735553847101,0.043875474246122
562,0,-1172.93107681616,-1172.93107328381,0.5467950834381,3.25394150406031e-08,0.106371913057812,3.25394150406031e-08,0.346832938425258,0.028305891177415,0.132675476686427,0.101709421472789,0.0232486846838237,0.546795119022886,0,0.106371919980372,0,0.346832960996742,0.028305891177415,0.132675476686427,0.101709421472789,0.0232486846838237
563,0,-1155.51128067296,-1155.51127234943,0.475275498584783,5.5923423998686e-08,0.182814644579828,5.5923423998686e-08,0.341909744988541,0.085323568868973,0.149324183385053,0.0690253730863631,0.0209084601861405,0.475275551742855,0,0.182814665027072,0,0.341909783230073,0.085323568868973,0.149324183385053,0.0690253730863631,0.0209084601861405
564,0,-1272.30462477294,-1272.30461785395,0.400355196722674,4.10195037902226e-08,0.134093470500423,4.10195037902226e-08,0.465551250737895,0.19678303121656,0.0819878789248338,0.116359043397372,0.0506442505700375,0.40035522956742,0,0.13409348150132,0,0.465551288931261,0.19678303121656,0.0819878789248338,0.116359043397372,0.0506442505700375
565,6.69297151034698e-09,-1212.27018536841,-1212.27018537176,0.492183388990681,3.34368696935033e-10,0.123592791616446,1.40047942344256e-09,0.384223817658025,0,0.221421707123133,0.0588669367299218,0.00517141381929993,0.492182937847331,0,0.123592801325456,0,0.384224260827213,0,0.221421656176088,0.0588670983436468,0.00517086308195307
566,0,-1154.73642589656,-1154.73641992941,0.539164428706241,3.89133310889889e-08,0.127208355350664,3.89133310889889e-08,0.333627138116433,0.106833472331756,0.178563126928752,0.0767986055971294,0.0160410247304733,0.539164470667612,0,0.127208365250866,0,0.333627164081522,0.106833472331756,0.178563126928752,0.0767986055971294,0.0160410247304733
567,2.92842342199583,-1085.82871422937,-1087.29292594037,0.61354781093397,6.14267810481548e-56,0.101395271868134,0.0234436376756367,0.26161327952226,0.0312927195682763,0.199368981552652,0.056956325542771,0.0135511690515205,0.603308657335038,0,0.127909539910461,0,0.268781802754501,0.0786576050450092,0.190986908161681,0.0565593840127445,0.0135419159730488
568,2.57643628986671,-1208.48522551664,-1209.77344366158,0.561130149337006,4.27142479672717e-22,0.066700377094801,0.0229034715886922,0.349266001979501,0.0607054230088465,0.175005532842987,0.132350904569158,0.0414664915175795,0.56181000813478,0,0.0865054961598031,0,0.351684495705417,0.170993136929306,0.171526984725601,0.130319386416708,0.04134753734696
569,2.48261867723932,-1185.88020906738,-1187.121518406,0.49898191289869,2.09011999436701e-17,0.139672383511729,0.0114731905669916,0.349872513022589,0.126649052019709,0.216568573245557,0.0244243311046995,0.0485726480954275,0.501921400456559,0,0.148964873284821,0,0.34911372625862,0.113951171845708,0.218517527959834,0.0350514441633977,0.0486052756748737
570,0,-1116.51593558176,-1116.51592953496,0.521520328618531,3.11734280514021e-08,0.101906479154905,3.11734280696226e-08,0.376573129879709,0.138405765867235,0.102370555763493,0.0216616217698529,0.00230416239910248,0.521520366080658,0,0.101906484291166,0,0.376573149628176,0.138405734138457,0.10237070121901,0.0216616637192726,0.00230416074027291
571,6.18094545442,-1138.34442031435,-1141.43489304156,0.551292179859145,2.2973974874143e-11,0.0895385953512997,0.0370699812926177,0.322099243473964,0.0677344062247655,0.144126482095133,0.0410137699729739,0.0369353438337965,0.540130331253395,0,0.132638328173797,0,0.327231340572808,0.245940111496445,0.139554916217777,0.0418832732969021,0.0369116961681509
572,0,-1153.96679592509,-1153.96679109204,0.526746152124745,4.13538790444372e-08,0.135186549015375,4.13538790444372e-08,0.338067216152122,0.14369208123708,0.106074740237308,0.103886871734506,0.0208762548581786,0.526746195690742,0,0.135186560196353,0,0.338067244112906,0.14369208123708,0.106074740237308,0.103886871734506,0.0208762548581786
573,3.13589640267492,-1164.63543870519,-1166.20338690652,0.555275050586422,4.42820483251497e-11,0.0969961471922131,0.0231027803250367,0.324626021852046,0.380792712370327,0.157168490407056,0.0891203624966468,0.0248424034144239,0.553634637150407,0,0.112015721126034,0,0.334349641723559,0.450852847222478,0.156085888636478,0.087916726855392,0.0247754672963688
574,0.156647955870994,-1212.54063678752,-1212.61896076545,0.524913188515917,2.24565813100916e-16,0.102053518561036,0.0102222067959016,0.362811086127145,0.0409105705458273,0.136148834449463,0.149785319567336,0.0264606593960056,0.51330343336056,0,0.121198655248682,0,0.365497911390758,0.097951851329777,0.133821480167315,0.154716075493042,0.0266001295776013
575,0,-1210.37960054414,-1210.37959351304,0.493540609133262,4.77738153755782e-08,0.15617343241204,4.77738153755782e-08,0.350285862907067,0.235682807180083,0.16124739234972,0.122265627469469,0.0249984426771437,0.493540656289903,0,0.156173447334043,0,0.350285896376054,0.235682807180083,0.16124739234972,0.122265627469469,0.0249984426771437
576,9.55837945184612e-05,-1125.66171220747,-1125.66175999937,0.524578415555043,4.79293450503719e-08,0.156681861620876,4.79293450503719e-08,0.318739626965391,0.205987188681333,0.127987344402543,0.0554989752778697,0.0248016803980086,0.524578465840448,0,0.156681876640196,0,0.318739657519357,0.205987188681333,0.127987344402543,0.0554989752778697,0.0248016803980086
577,2.69060715673777,-1201.95443882284,-1203.29974240121,0.469044507344632,0.0159050862752329,0.165984230257724,5.54390941456846e-09,0.349066170578502,0.0296961919358201,0.203391656254548,0.10500487663874,0.00579444017860995,0.452912353026519,0,0.19613076812889,0,0.350956878844591,0.0515714401976064,0.212266086668198,0.109010975130774,0.00576659640296499
578,0,-1176.22152674117,-1176.22152224239,0.49346810045832,3.38690780665799e-08,0.110718581713041,3.38690774433298e-08,0.395813250090484,0.0336991263080501,0.0890368648984281,0.0985810808447349,0.00589145388396951,0.493468154161183,0,0.110718628259901,0,0.395813217578916,0.0336988878959752,0.089036890934067,0.0985813501476816,0.00589149431438313
579,0,-1273.80660475531,-1273.80660462354,0.49822735727408,7.18698237366993e-10,0.0913668997517619,5.74792891515431e-10,0.410405741680667,0,0.291732097906324,0.101693316033359,0.0324211763273151,0.498226173350583,0,0.091367868089088,0,0.410405958560329,0,0.291733479675819,0.101692469249177,0.0324210770580739
580,1.34946205355345,-1282.49322384767,-1283.16795487444,0.474578156671447,5.59744783403487e-30,0.044605623412502,0.0206075743752319,0.460208645540819,0.137952030602398,0.177324116457071,0.0939786243050161,0.0196408371581961,0.463576955042384,0,0.0741715069180209,0,0.462251538039595,0.269032463455081,0.175850020379186,0.0965091239141451,0.01962330734072
581,0,-1140.79776929005,-1140.79776562675,0.570855080015819,2.97460855632147e-08,0.0972404704691906,2.97460855632147e-08,0.331904390022819,0.0841361234468733,0.151487081770878,0.106234723387983,0.0146034163663317,0.570855113977229,0,0.0972404762542376,0,0.331904409768533,0.0841361234468733,0.151487081770878,0.106234723387983,0.0146034163663317
582,5.22413763318582,-1184.41929971552,-1187.03136853212,0.472183294499418,1.27765375338624e-10,0.125820892463191,0.0567457544541836,0.345250058455443,0.34346713001004,0.159063253019626,0.0699568977619362,0.030651614004978,0.464874065673529,0,0.170662865970724,0,0.364463068355747,0.385875670030202,0.143257696683753,0.0608150478499342,0.0305624404917609
583,4.19147558036366,-1205.99083985557,-1208.08657764575,0.477504202386889,2.83110295301854e-13,0.136817346418238,0.0177922994160752,0.367886151778515,0.412566813577248,0.120990804964664,0.101750955203412,0.028362624976282,0.457925306500072,0,0.169653300940999,0,0.372421392558929,0.461302628837488,0.126467786422091,0.105514395422629,0.0284133558435743
584,0,-1125.5419750841,-1125.54196609983,0.584245450337175,4.21615293132295e-08,0.137826771774939,4.21615293132295e-08,0.277927693564827,0.0443574417368023,0.123421674249465,0.108130080962174,0.0310353233480856,0.584245499602543,0,0.137826783396915,0,0.277927717000542,0.0443574417368023,0.123421674249465,0.108130080962174,0.0310353233480856
585,1.306324956352,-1166.33173673868,-1166.98489921686,0.553053039574231,0.00599982468952304,0.0915752346233027,0.0107052482835638,0.338666652829379,0.104512523866313,0.164203242769124,0.0909833362648367,0.0173655502193313,0.552392150034666,0,0.105371021175709,0,0.342236828789625,0.278691655566962,0.161524597250176,0.0891389690317728,0.0171976147931097
586,1.30458092826302e-05,-1190.35535699965,-1190.35536352256,0.481929760106577,4.69712117434548e-08,0.15354970719542,4.69712117434548e-08,0.36452043875558,0.177949166332535,0.179332115978989,0.0603960547023311,0.0178791421058679,0.481929805380231,0,0.153549721620253,0,0.364520472999517,0.177949166332535,0.179332115978989,0.0603960547023311,0.0178791421058679
587,21.2463266919667,-1164.866180191,-1175.48934353698,0.552390504865508,2.52925978912058e-12,0.0537098231522047,0.0863803738678953,0.307519298111863,0.264492758022417,0.145116299051423,0.132822802336439,0.0284396780290346,0.563709056077307,0,0.0954773548805661,0,0.340813589042127,0,0.142839999193609,0.12675741059395,0.0279139491397991
588,0.760328025701256,-1161.964083307,-1162.34424731985,0.525217770733766,1.83017913247213e-54,0.143325745210253,0.00854557522830824,0.322910908827673,0.112471440932529,0.195153930480794,0.0366717695986734,0.0382997382091125,0.524257627634337,0,0.152564580071437,0,0.323177792294227,0.168797733335346,0.19407699126725,0.0364302074576477,0.0382875930467777
589,2.43567792707563,-1251.19717622876,-1252.41501519229,0.43842026007905,2.13830319175159e-16,0.0969689219615736,0.0368505545302481,0.427760263429128,0.225866229419909,0.128428452036382,0.1005163671965,0.0185362043836893,0.415710135438548,0,0.145359003054968,0,0.438930861506484,0.248231343408028,0.120412089466707,0.102549170294495,0.0188580732560053
590,0,-1178.34294550012,-1178.34294074397,0.523999424405835,3.98360469785181e-08,0.130224729623391,3.98360469785181e-08,0.34577576629868,0.151987883742637,0.138553308523799,0.114200971194603,0.0212265117636637,0.52399946615397,0,0.130224739998669,0,0.345775793847362,0.151987883742637,0.138553308523799,0.114200971194603,0.0212265117636637
591,2.13117225779661,-1127.6953738908,-1128.7609600197,0.54864329242307,6.44950420449729e-16,0.0966902239857585,0.0158954887690751,0.338770994822096,0.46391130562403,0.150875997626255,0.0373924966538776,0.0120044085003737,0.545341346020779,0,0.108993498919854,0,0.345665155059367,0.472658589965811,0.149722625392773,0.0369348114067564,0.0119167315113769
592,11.7836541241127,-1161.65071476058,-1167.54254182264,0.467612922329237,0.00606964582684441,0.139949301879821,0.0585820788333719,0.327786051130726,0.0595620379026197,0.180830980863704,0.0383663654177791,0.0351577513021901,0.460125500735561,0,0.199491812949831,0,0.340382686314608,0.0472649755012578,0.177681190621488,0.0501888608316097,0.035131784611347
593,4.8955549573293e-05,-1132.58567213392,-1132.5856966117,0.554565145069495,3.35184314909582e-08,0.109572334841959,3.35184314909582e-08,0.335862453051684,0.165343918445848,0.153780283169235,0.0360757454837499,0.0249712406189057,0.554565182245805,0,0.109572342187345,0,0.33586247556685,0.165343918445848,0.153780283169235,0.0360757454837499,0.0249712406189057
594,0,-1165.5388003828,-1165.53879352478,0.532568350938523,3.83543891100138e-08,0.125381165968086,3.83543891100138e-08,0.342050406384613,0,0.119226267251909,0.102300960335548,0.0216043895999724,0.532568415001948,0,0.125381174002622,0,0.342050410995429,0,0.119225977334917,0.102301326546486,0.0216042980472381
595,2.66210513473197e-05,-1059.61826124539,-1059.61827455591,0.651278900679105,3.02827080356148e-08,0.0989946986539252,3.02827080356148e-08,0.249726340101554,0.235480343454305,0.129132605113729,0.0572750630475085,0.0206656897055227,0.651278940124085,0,0.0989947046495807,0,0.249726355226334,0.235480343454305,0.129132605113729,0.0572750630475085,0.0206656897055227
596,5.9328196914189,-1206.64285096767,-1209.60926081338,0.455698130729511,1.35364141289216e-13,0.0976843533176722,0.0683029778806344,0.378314538072047,0.5,0.125901206241984,0.0753512273702688,0.0344322081021136,0.443343162265166,0,0.159990759137744,0,0.39666607859709,0.5,0.114908625141154,0.0781772269549123,0.0340247518219452
597,0,-1197.70344468091,-1197.70343973466,0.438804658122945,5.85603775745679e-08,0.191434737912614,5.85603722687865e-08,0.369760486843691,0.165965050111747,0.155620774640165,0.0716098477694147,0.0212833029988879,0.438804889678767,0,0.19143495100988,0,0.369760159311353,0.165965540123318,0.155620852294473,0.0716094834853058,0.0212833433493758
598,0,-1124.95802291769,-1124.9580187639,0.572759434658933,4.18230295247234e-08,0.136720209347129,4.18230295525786e-08,0.290520272347878,0.144214926766395,0.149808645766895,0.120448782286661,0.0103670026552523,0.572759480240604,0,0.136720222074499,0,0.290520297684897,0.144214922188197,0.149808636604724,0.120448789909271,0.0103668255790782
599,0,-1171.37921839212,-1171.37921559243,0.534255560870769,2.9675529883888e-08,0.0970098227277451,2.9675529883888e-08,0.368734557050426,0.0540539486449036,0.144590896203376,0.0433070769377853,0.0318510360246878,0.534255592579404,0,0.0970098284853812,0,0.368734578935215,0.0540539486449036,0.144590896203376,0.0433070769377853,0.0318510360246878
600,0,-1208.06029955646,-1208.06029579373,0.530451471961474,2.7562265335984e-08,0.0901015242080175,2.7562265335984e-08,0.379446948705977,0,0.166021629264831,0.0865166112895733,0.0363215181305545,0.530451501202365,0,0.090101529174822,0,0.379446969622814,0,0.166021629264831,0.0865166112895733,0.0363215181305545
601,6.181336783402,-1159.3545492102,-1162.44521760191,0.500623694275796,2.90474075545846e-38,0.0823417989305018,0.0339438844978339,0.383090622295868,0.0700548165796113,0.0968211383702547,0.0399458642684264,0.0210673906495654,0.499168085586028,0,0.104488531753409,0,0.396343382660563,0.0758591932098495,0.0901630393195516,0.0359111772302559,0.0208712191251046
602,0,-1176.56770736701,-1176.56769768217,0.492775015222873,4.37437181313881e-08,0.142998974508031,4.37437181313881e-08,0.36422592278166,0.219427974347395,0.112651471638437,0.0639906057269636,0.0159386942360522,0.4927750583345,0,0.142998987018646,0,0.364225954646855,0.219427974347395,0.112651471638437,0.0639906057269636,0.0159386942360522
603,0,-1195.44171816173,-1195.44171301927,0.474857129002292,4.19658562144078e-08,0.137187113015566,4.19658562144078e-08,0.38795567405043,0.342298958188977,0.150586246885693,0.0156526580607615,0.0409843184487061,0.474857168857867,0,0.137187124529916,0,0.387955706612217,0.342298958188977,0.150586246885693,0.0156526580607615,0.0409843184487061
604,1.09282528658923,-1205.45340419439,-1205.99981683769,0.487012242480768,2.05487890219876e-25,0.0802778861621002,0.0377185697698014,0.39499130158733,0,0.13795332494121,0.0888229631215243,0.0240639005890188,0.473877935405094,0,0.12443684791426,0,0.401685216680646,0.017803511787141,0.128038169515268,0.094372358253227,0.02410864873357
605,0,-1120.93800157984,-1120.93800069284,0.547846727715346,4.20807244598203e-08,0.137562619305364,4.20807244598203e-08,0.314590568817841,0.5,0.120422409557114,0.0761354892456424,0.0231300490064803,0.547846773822924,0,0.137562630882835,0,0.314590595294241,0.5,0.120422409557114,0.0761354892456424,0.0231300490064803
606,0,-1127.85974123621,-1127.85974010388,0.556478747143397,5.12477407152959e-08,0.167529754698249,5.12477407152959e-08,0.275991395662873,0.267470092169806,0.151537071581904,0.117356909900815,0.0261501490932981,0.55647880417996,0,0.167529771869293,0,0.275991423950747,0.267470092169806,0.151537071581904,0.117356909900815,0.0261501490932981
607,4.78933701069855,-1199.00234794397,-1201.39701644931,0.436763406381238,1.66740148020964e-14,0.12312828799012,0.0419485108851078,0.398159794743517,0,0.148321972483115,0.0534589300836372,0.0113658454084707,0.423533194212076,0,0.163133991966204,0,0.41333281382172,0,0.144148383125106,0.0525400634620046,0.011318239338643
608,2.50233558714899,-1186.39870662197,-1187.64987441554,0.4933537424913,1.63732450429021e-12,0.0536149963871391,0.0495756179129629,0.40345564320696,0.375222408200424,0.0926536534142919,0.061242663096219,0.0191937912516398,0.461846680901883,0,0.12718600217803,0,0.410967316920087,0.5,0.0869071794204967,0.0588847755999922,0.019417955265627
609,2.1741284399468e-06,-1176.49961032049,-1176.49961140755,0.514330951634637,3.49374272120065e-08,0.114211056505529,3.49374272120065e-08,0.371457921984979,0.0400755566885554,0.1357855435639,0.0889503932402085,0.0202926716018043,0.51433098757344,0,0.114211064486011,0,0.371457947940549,0.0400755566885554,0.1357855435639,0.0889503932402085,0.0202926716018043
610,0,-1181.90981728527,-1181.9098125478,0.520579507493408,3.88770922916137e-08,0.127089890092487,3.88770922916137e-08,0.352330524659921,0.0527504341598338,0.176119754759832,0.0891464444970611,0.0295177287072322,0.520579547970646,0,0.127089899974258,0,0.352330552055096,0.0527504341598338,0.176119754759832,0.0891464444970611,0.0295177287072322
611,0,-1204.17153364828,-1204.17152540862,0.48316070178614,4.12857797771786e-08,0.134963931327654,4.12857797771786e-08,0.381875284314646,0.00528554915011221,0.137766575350166,0.10164950683396,0.0257476203587209,0.483160741681476,0,0.134963942471838,0,0.381875315846686,0.00528554915011221,0.137766575350166,0.10164950683396,0.0257476203587209
612,4.31866122956762,-1239.34392302289,-1241.50325363767,0.509299895071286,1.04234324715963e-11,0.0322075116640672,0.0249376346697508,0.433554958584473,0,0.140824087206052,0.102235228708254,0.0319070030812786,0.512222161673924,0,0.0534017958035418,0,0.434376042522534,0,0.138595615444032,0.111792438451902,0.0319215496086252
613,0.531182789193736,-1195.27242936688,-1195.53802076148,0.522672868009668,2.198074983283e-55,0.10500423871994,0.0111394795110154,0.361183413759377,0.0166057496171196,0.153793400308926,0.103725299268303,0.0154705482974968,0.511877602914643,0,0.126982141387573,0,0.361140255697784,0.152478876341731,0.152993497329301,0.105446199561581,0.0153904529474474
614,0,-1283.19394046726,-1283.19393852611,0.41754721323667,3.5129993283278e-08,0.114840558337865,3.5129993283278e-08,0.467612158165478,0.230570138683123,0.226487466742234,0.0878631943469486,0.0133392516546436,0.417547242573534,0,0.114840566406561,0,0.467612191019905,0.230570138683123,0.226487466742234,0.0878631943469486,0.0133392516546436
615,1.42227412136481,-1116.34746972015,-1117.05860678083,0.588481151735163,7.48596379715761e-12,0.0740693422899855,0.0362799148845463,0.301169591082819,0.0264366815618386,0.17514358604919,0.0598290985638618,0.022672605597424,0.555285837052584,0,0.140584904931541,0,0.304129258015874,0.240239117551038,0.163811961817198,0.0603051258133449,0.0227137977659362
616,0.5375454051632,-1245.09452622609,-1245.36329892867,0.462854764407686,0.00683024786492568,0.0974841774103535,1.06903702066255e-14,0.432830810317025,0.434163894283872,0.138871281688354,0.066572794686751,0.0267411697172596,0.461480053561985,0,0.100522185762169,0,0.437997760675847,0.48291499363482,0.136643452886516,0.0662442359292713,0.0266181417932977
617,12.4767149761474,-1255.10233854886,-1261.34069603693,0.437116383504669,0.0202020622036709,0.104147553112879,0.020898415276275,0.417635585902507,0.0406367239478653,0.16670049793382,0.0929479560440823,0.0249351286668412,0.445692446468901,0,0.120396847418352,0,0.433910706112747,0.112870531212756,0.166450864248328,0.0907111139706388,0.0235253944729246
618,3.20412250275967,-1168.44916628343,-1170.05122753481,0.535098013457774,0.0235007113487963,0.0972449079832455,0.0213299090338259,0.322826458176358,0.347727835942034,0.220412248195829,0.0763091151606191,0.0138991682239049,0.544183457927025,0,0.124009215909249,0,0.331807326163726,0.382343251760296,0.21777763425255,0.0791581937184541,0.0139024206663783
619,0,-1231.54202833116,-1231.54202379434,0.476700964293647,3.46570272207037e-08,0.113294424062719,3.46570272207037e-08,0.410004542329579,0.0267931694149471,0.149543097988388,0.124913698591462,0.0172264946009221,0.476700997335726,0,0.113294431915616,0,0.410004570748658,0.0267931694149471,0.149543097988388,0.124913698591462,0.0172264946009221
620,0.0379469561089536,-1146.68049736366,-1146.69947084172,0.516855085972901,0.00445420104219814,0.131676338758142,0.0163336320927763,0.330680742133983,0.331874226500669,0.17481848803461,0.0313758745444675,0.0201015016890899,0.499751249239925,0,0.167975217999157,0,0.332273532760918,0.5,0.157072768291927,0.041585414438762,0.0200866134790977
621,0,-1137.31957353336,-1137.31956675044,0.561116186687068,4.63175637456912e-08,0.151412920535249,4.63175637456912e-08,0.287470800142555,0.215769926713904,0.174870283125305,0.0800644730818076,0.0321898423905409,0.561116238666142,0,0.151412934561405,0,0.287470826772452,0.215769926713904,0.174870283125305,0.0800644730818076,0.0321898423905409
622,6.92456833837196,-1198.81556600307,-1202.27785017225,0.466030634933459,5.69331256694504e-14,0.103677913852007,0.0229382706026814,0.407353180611796,0.117269043134703,0.135380572894477,0.0550424077141346,0.0106637487305507,0.456438611282828,0,0.125576063677761,0,0.41798532503941,0.134539430776078,0.140335521179733,0.0526943528842528,0.0106375732303076
623,3.78910232136786,-1182.9521496057,-1184.84670076639,0.501333577633406,3.51104785925374e-09,0.0865451196158357,0.0402211165822352,0.371900182657475,0.241358247258198,0.113819047400342,0.0881075450999037,0.0222972012703367,0.475622547022232,0,0.130548203561893,0,0.393829249415875,0.182062135890388,0.0973643984079989,0.0847633657420175,0.0222397802737794
624,4.37452015613053,-1175.94110946385,-1178.12836954192,0.520218647423566,0.00439702702355853,0.12278054619733,0.0217948901002252,0.33080888925532,0.169670224939154,0.212329545018542,0.0792597655592169,0.0147905506210049,0.515283330290108,0,0.145435917741894,0,0.339280751967998,0.159706418235625,0.207443378367727,0.0965369168569173,0.0145169829412005
625,0,-1180.71213363923,-1180.71212797232,0.510485221227397,3.88263250326355e-08,0.126923931040934,3.88263250326355e-08,0.362590770079018,0.207138755299854,0.131032782616761,0.120343448643139,0.0189141618407753,0.51048526086793,0,0.126923940896915,0,0.362590798235155,0.207138755299854,0.131032782616761,0.120343448643139,0.0189141618407753
626,1.0915238863231,-1225.70209515356,-1226.24785709672,0.490148257850436,1.49221831059593e-38,0.0975908843644992,0.00966237273318266,0.402598485051882,0.158694327488932,0.13175244721634,0.0864469218629737,0.0361190142819095,0.494750076951324,0,0.10226053708552,0,0.402989385963156,0.126760970302533,0.127750079212451,0.0947957801736842,0.0360605519534058
627,0,-1155.32220043895,-1155.3221949793,0.522429525441112,4.03601308755571e-08,0.131937969857451,4.03601308906164e-08,0.345632423981176,0,0.125514390620335,0.0996127618765476,0.0179901516478934,0.522429566229406,0,0.131937979772635,0,0.345632453997959,0,0.125514376000806,0.0996128320502884,0.0179900551589998
628,0,-1180.71658380633,-1180.71657958473,0.492500106760568,4.31262025665852e-08,0.140980305398918,4.31262025665852e-08,0.366519501588108,0.204586637580356,0.0828829068256209,0.138332674951788,0.0261017297891648,0.492500149239891,0,0.14098031755881,0,0.3665195332013,0.204586637580356,0.0828829068256209,0.138332674951788,0.0261017297891648
629,3.79125861971715,-1205.26506390059,-1207.16069321045,0.439781994341653,3.22223354785831e-23,0.126264943903689,0.0248153975176887,0.40913766423697,0,0.139246364341339,0.0556848840746953,0.0134878697006904,0.438111426561793,0,0.152059574248426,0,0.409828999189781,0.0335522315076061,0.137640269921383,0.0565799572842858,0.0134754464601711
630,0,-1155.50759932156,-1155.50759674412,0.570832124643372,2.54318558502603e-08,0.0831371785887078,2.54318558502603e-08,0.346030645904209,0.30552321962892,0.103113025343036,0.0742713078081116,0.032225340675736,0.570832153678014,0,0.0831371828173735,0,0.346030663504613,0.30552321962892,0.103113025343036,0.0742713078081116,0.032225340675736
631,0,-1208.98964530253,-1208.98964222691,0.485945865307815,3.67199299571804e-08,0.120038088945982,3.67199299571804e-08,0.394015972306344,0.105364703341619,0.197971797870358,0.0607595382156218,0.0262597404934325,0.485945900995613,0,0.120038097761563,0,0.394016001242824,0.105364703341619,0.197971797870358,0.0607595382156218,0.0262597404934325
632,10.2855487304946,-1229.7640527,-1234.90682706525,0.478026851545564,1.35611882480423e-11,0.0754984720883285,0.0407951293537009,0.405679546998845,0.0466080110993641,0.199605262730769,0.0662602003565366,0.0209343956305491,0.470620571324479,0,0.117728158793162,0,0.41165126988236,0.293476449843852,0.203153791267554,0.0679919492411827,0.0208193475066639
633,6.11902676491309,-1130.23623859471,-1133.29575197717,0.514010923989992,2.69327488665336e-11,0.168725248332558,0.0377863565763573,0.27947747107416,0.00214320099027694,0.137927451152899,0.111298631518835,0.0208439382684462,0.486770300191848,0,0.222647257061704,0,0.290582442746448,0,0.13972990084843,0.11230069963087,0.0208049761541683
634,4.02308635151667,-1181.68684487005,-1183.69838804581,0.568307644104948,0.00762927956836531,0.0972812169099424,4.02216157577349e-10,0.326781859014528,0.0104710960378766,0.187350282976976,0.124983027586732,0.0331889569133801,0.561088487392322,0,0.104924075600785,0,0.333987437006893,0.0203323311556833,0.193193873977439,0.127921049615756,0.0330667635555784
635,1.27725785118446,-1147.64098789138,-1148.27961681697,0.533027178907689,0.0071881532408831,0.129488923434213,0.00494567354416436,0.32535007087305,0.230338939353387,0.111294955863582,0.105765662608536,0.0123191827854219,0.536330389412217,0,0.132739976446939,0,0.330929634140844,0.202062703134115,0.110104714675922,0.110518143008468,0.0122902653729612
636,0,-1251.74831363696,-1251.74831110844,0.471767410373833,2.92858214639076e-08,0.0957358591326308,2.92858214639076e-08,0.432496671921893,0.146065147104061,0.198037353840143,0.0727867662685328,0.0342473157320336,0.471767438006027,0,0.0957358647400377,0,0.432496697253935,0.146065147104061,0.198037353840143,0.0727867662685328,0.0342473157320336
637,0,-1152.18075589914,-1152.18075240046,0.514751760618104,4.32412595695661e-08,0.141356425825939,4.3241259813865e-08,0.343891727073437,0,0.0948352806955326,0.11011578271451,0.0319221239629452,0.514751812505858,0,0.141356441498015,0,0.343891745996127,0,0.0948344109445561,0.110115385985994,0.0319220171514218
638,0,-1149.86526958771,-1149.86526135701,0.503778587767745,3.90134564011503e-08,0.127535618480326,3.90134699941492e-08,0.368685715725003,0.0552092222628522,0.125428688325878,0.0390585273560418,0.0125630777572334,0.503778585714151,0,0.127536011505615,0,0.368685402780234,0.055231461245793,0.12542839224751,0.039058520915953,0.0125631181227227
639,0.477465209895399,-1192.67475134738,-1192.91348395233,0.535123872864696,0.00990253179323783,0.0660623485152651,0.0187860995852199,0.370125147241581,0.0628280101111128,0.180505995348744,0.0883642337041139,0.00352357957411249,0.50578587748079,0,0.117468832500413,0,0.376745290018798,0.35650294138535,0.167487703349762,0.089487285842817,0.00427586527667357
640,0,-1163.33228398354,-1163.33227625562,0.458274645823137,5.01500348716166e-08,0.163941335335294,5.01500348850637e-08,0.377783918541499,0.238317820538618,0.0942619762951449,0.0539729417347636,0.0215575592508346,0.458274692536013,0,0.163941352046171,0,0.377783955417816,0.238317816218755,0.0942620302934386,0.0539729546943541,0.0215574210152027
641,10.766154414443,-1134.44240686815,-1139.82548407537,0.565772167043914,0.00676552579230058,0.0671577346673514,0.0734026315321182,0.286901940964316,0,0.14494356696894,0.134552142077085,0.0157357147944019,0.539870780371417,0,0.158716494836496,0,0.301412724792087,0.0551256617159093,0.131628824767171,0.143484815124868,0.0157223347342483
642,0,-1187.74325764221,-1187.74325294363,0.533340119908368,3.37615148686892e-08,0.110366979335908,3.37615148963261e-08,0.356292833232694,0,0.179674833976267,0.0951915188177058,0.0241217925057273,0.533340160820236,0,0.110366985791719,0,0.356292853388046,0,0.179674887672874,0.095190968338697,0.0241214030922168
643,0,-1127.67139480379,-1127.67138687789,0.514745800683565,4.14269659395981e-08,0.135425471345357,4.14269659395981e-08,0.349828645117146,0,0.121735230955184,0.0850648751261884,0.00957720325854133,0.514745843332282,0,0.13542548256589,0,0.349828674101827,0,0.121735230955184,0.0850648751261884,0.00957720325854133
644,1.61202606211191,-1204.52897132014,-1205.3349843512,0.46688072066791,3.27462977798892e-15,0.129398156132792,0.0123854473588275,0.391335675840466,0,0.140565676122467,0.0985122726455331,0.0205612378291395,0.470805523150042,0,0.13300431721701,0,0.396190159632947,0,0.139827178949596,0.0990024746228637,0.0203863796916226
645,4.27467258608476,-1176.5326185156,-1178.66995480864,0.498419234283397,1.39750423941959e-10,0.0974223778159438,0.043433624900088,0.360724762860821,0.0621383976168653,0.164784573885283,0.0692390016744027,0.0159249238694702,0.473772869380657,0,0.157040408632606,0,0.369186721986738,0.196456856452484,0.141474181714023,0.0716563760853466,0.0159576821753823
646,0,-1206.17703492271,-1206.17703488891,0.471704296787928,4.67471234950888e-08,0.152817188875664,4.67471227334287e-08,0.375478420842161,0.312464027219431,0.178286105157232,0.105667711381221,0.0236647410232648,0.471704177626932,0,0.152817167477965,0,0.375478654895104,0.312464287661739,0.178286610405666,0.105667723470136,0.0236649137106324
647,1.2167784753874,-1214.11937989376,-1214.72776913145,0.466310338780939,9.13924004553118e-16,0.096723310111508,0.0259982088924881,0.410968142215064,0,0.150756469447731,0.0863222246167722,0.00624721405405682,0.461360789091467,0,0.121991784284477,0,0.416647426624056,0,0.147533914301806,0.0891066427761736,0.00623661262277094
648,4.61627334556624,-1210.64335954606,-1212.95149621884,0.48985077673336,1.68772933221651e-22,0.115525211724641,0.0281917676284453,0.366432243913554,0.254170271112619,0.122479756294694,0.097947233293351,0.0516702525042037,0.484993872858259,0,0.146066500970069,0,0.368939626171672,0.231979118049472,0.132748651096329,0.102057326774711,0.0516007857895128
649,0,-1173.25585643165,-1173.25585162659,0.539957649158225,3.32313276203321e-08,0.108634265417358,3.32313299103984e-08,0.35140801896176,0,0.171656064946332,0.0847539917366469,0.0351303710627811,0.53995804303209,0,0.108633665996925,0,0.351408290970985,0,0.17165575457614,0.084755307085561,0.035130406300568
650,1.22190953589097,-1219.63604255845,-1220.2469973264,0.445333780900282,1.85716941700769e-18,0.119018748194392,0.0256778715276482,0.409969599377678,0,0.139783687127654,0.042386720826906,0.0391807320501002,0.425189010140863,0,0.162027850548807,0,0.41278313931033,0,0.133220016007557,0.0588527623685968,0.0391067573812998
651,0,-1213.69575649535,-1213.69575267993,0.488816594968035,4.04565790296579e-08,0.132253259678742,4.04565790296579e-08,0.378930064440064,0.172306101996121,0.143458884154234,0.11450066107911,0.00770239604159573,0.488816634519733,0,0.132253270379772,0,0.378930095100495,0.172306101996121,0.143458884154234,0.11450066107911,0.00770239604159573
652,0,-1138.14763965677,-1138.14763533022,0.522275255427341,4.88173389690356e-08,0.159584729167637,4.88173389690356e-08,0.318139917770344,0.198099964874301,0.123529633605816,0.0936017423725861,0.0249792190840412,0.522275306419522,0,0.159584744748642,0,0.318139948831836,0.198099964874301,0.123529633605816,0.0936017423725861,0.0249792190840412
653,1.76715378778181,-1094.26213894098,-1095.14571583487,0.568403187085174,9.36458331206968e-23,0.113495048329687,0.0218057926071276,0.296295971978011,0.101961767498853,0.12222720577026,0.0702690033110222,0.0150933026149858,0.560294895414919,0,0.140621995067992,0,0.299083109517089,0.107053252183347,0.117635589422331,0.0699846516554861,0.0151141749722166
654,0,-1232.22209720479,-1232.22209117204,0.422073545902465,5.15971967217196e-08,0.168672132454162,5.15971967217196e-08,0.40925421844898,0.134179930927402,0.192826073505523,0.0654645324059687,0.0289982329295972,0.422073589458093,0,0.168672149860182,0,0.409254260681725,0.134179930927402,0.192826073505523,0.0654645324059687,0.0289982329295972
655,9.71348339654969,-1134.18443610561,-1139.04117780388,0.507477974622443,0.018717636290608,0.172708620286329,4.80890608737417e-08,0.301095720711559,0.096702797557757,0.157880288867793,0.0836356099468242,0.0244485521167521,0.519051704588653,0,0.173298212363407,0,0.30765008304794,0.111968221978953,0.165013166595109,0.082960123229998,0.0243380237431256
656,0,-1101.32592443552,-1101.32591351757,0.524284279008434,5.00687612558667e-08,0.163675650363587,5.00687612558667e-08,0.312039970490457,0.0475506973408664,0.106157991565302,0.0552980899310488,0.00566293603334998,0.524284331508968,0,0.163675666753663,0,0.312040001737369,0.0475506973408664,0.106157991565302,0.0552980899310488,0.00566293603334998
657,0,-1160.27522236932,-1160.27521278079,0.435345938391341,5.99201751554013e-08,0.195880093544578,5.99201751554013e-08,0.36877384822373,0.12925231137167,0.111974175302164,0.0575773273472363,0.020296175992498,0.435345990563357,0,0.19588011701892,0,0.368773892417722,0.12925231137167,0.111974175302164,0.0575773273472363,0.020296175992498
658,0.866733787250269,-1200.99089738002,-1201.42426427364,0.479307837088955,2.6971947906683e-19,0.0933279479560053,0.0291469091066842,0.398217305848356,0,0.140579383360998,0.0803443809931037,0.0265315648846312,0.439284877150085,0,0.150898023050683,0,0.409817099799233,0.0727955646386207,0.115988712457098,0.0835061775183313,0.0267428684092429
659,0,-1215.80507262689,-1215.8050708694,0.436431532929595,4.72709156820777e-08,0.154529444577377,4.72709156820777e-08,0.409038927951197,0.129735519590366,0.1377200744253,0.0934183534524814,0.0213566729227097,0.436431574190635,0,0.154529459186875,0,0.40903896662249,0.129735519590366,0.1377200744253,0.0934183534524814,0.0213566729227097
660,8.03281319132611,-1170.79988706806,-1174.81629366372,0.531903439426435,0.00443547785907857,0.0723055715495869,0.0510541467191365,0.340301364445763,0,0.16640752121107,0.0702825667120027,0.0363465615356951,0.532717854101807,0,0.113835742928207,0,0.353446402969986,0,0.157616115427545,0.0695641737944187,0.0362836283700546
661,5.44983868167037e-06,-1219.69016310062,-1219.69016582554,0.471226704550639,3.62653860618956e-08,0.118552177055744,3.62653860618956e-08,0.410221045862844,0.163091457870343,0.120099595768068,0.11864925506771,0.0175380924392726,0.471226738729079,0,0.118552185654426,0,0.410221075616495,0.163091457870343,0.120099595768068,0.11864925506771,0.0175380924392726
662,0,-1178.74018924548,-1178.74018120157,0.492543560920395,3.46262067084863e-08,0.113193671272852,3.46262067084863e-08,0.394262698554339,0,0.0903481758948375,0.0607370385755596,0.0423704550528008,0.492543595030228,0,0.113193679111787,0,0.394262725857985,0,0.0903481758948375,0.0607370385755596,0.0423704550528008
663,2.18956342905585e-05,-1170.11133264427,-1170.11134359209,0.499806726517227,3.71849080675987e-08,0.121558107965239,3.71849081683217e-08,0.378635091147718,0.205040498561437,0.104373548309637,0.102001932049499,0.0056440753444014,0.49980682973514,0,0.121558116473337,0,0.378635053791523,0.205040468043858,0.104373349945359,0.102002725506523,0.00564404481485704
664,0,-1162.59669864728,-1162.59669193013,0.460563258442072,4.55520496973288e-08,0.148910441812281,4.55520496973288e-08,0.390526208641548,0.00210616746588473,0.0984884121870508,0.0751634072353546,0.0102051568685233,0.460563300401277,0,0.148910455378634,0,0.390526244220089,0.00210616746588473,0.0984884121870508,0.0751634072353546,0.0102051568685233
665,2.3885714363164,-1132.108173037,-1133.30245875516,0.511739800028432,0.00489771042265725,0.122843906041449,0.0228257538472408,0.337692829660221,0,0.111281452292227,0.0540290949750354,0.0215159215864538,0.509850434123685,0,0.145867854703079,0,0.344281711173236,0,0.107723361655554,0.0568335876852847,0.0213460306056699
666,6.01815168794292,-1194.68651886567,-1197.69559470964,0.472856444455478,1.53065637839808e-95,0.108237447736635,0.0261159608011645,0.392790147006723,0,0.139381630614274,0.0589827647575975,0.0212178205591304,0.473778861892493,0,0.12508665671778,0,0.401134481389728,0,0.136631296432165,0.0590676325775002,0.0212078404559361
667,0,-1160.15690642268,-1160.15690186306,0.556035630131601,2.80327432182746e-08,0.091639524578589,2.80327432182746e-08,0.352324789224324,0,0.174267070400309,0.0876928772238225,0.0193168773608423,0.55603566130601,0,0.0916395297164038,0,0.352324808977586,0,0.174267070400309,0.0876928772238225,0.0193168773608423
668,0,-1161.5209493755,-1161.52094169037,0.510656494744666,4.21616888647587e-08,0.13782729335166,4.21616888647587e-08,0.351516127580296,0.158934218229076,0.119413215771431,0.0932617946155649,0.0162071212538999,0.51065653780495,0,0.137827304973724,0,0.351516157221326,0.158934218229076,0.119413215771431,0.0932617946155649,0.0162071212538999
669,0,-1223.49444548337,-1223.49443589544,0.453112638831816,4.00984509899854e-08,0.131082532895484,4.00984509899854e-08,0.415804748075798,0.0554894381392041,0.146034858847823,0.0808289701126107,0.0214405759992629,0.453112675170049,0,0.131082543407898,0,0.415804781422053,0.0554894381392041,0.146034858847823,0.0808289701126107,0.0214405759992629
670,1.93496462222083,-1125.17758888415,-1126.14507119526,0.509781308642962,3.71740229044558e-12,0.125714086869399,0.0381730772216113,0.32633152726231,0.244391247948899,0.141575558910613,0.0527134242890901,0.0138406635563649,0.517965870747989,0,0.146144158926266,0,0.335889970325744,0.191787200415804,0.129234191445991,0.0528944384039314,0.0138364277523483
671,4.89116890581954,-1140.60479736488,-1143.05038181779,0.530043741705301,1.65333282158375e-259,0.0483306768302681,0.0575811127247725,0.364044468739659,0.0355048462652299,0.0939197279652972,0.103589806990664,0.00944718526641845,0.526773595755577,0,0.106862160569843,0,0.36636424367458,0.0244431466059459,0.0880997930875283,0.108587275633124,0.0094443099650922
672,0,-1147.50997728533,-1147.50997105265,0.459749907324938,4.90044539061512e-08,0.160196411147717,4.90044539061512e-08,0.380053583518437,0.0327695016990613,0.107003121102507,0.0376235982405792,0.0158732003628024,0.459749952384528,0,0.160196426848394,0,0.380053620767078,0.0327695016990613,0.107003121102507,0.0376235982405792,0.0158732003628024
673,0,-1253.28010612005,-1253.28009938712,0.429509173640377,3.79628703796546e-08,0.124101282779998,3.79628703796546e-08,0.446389467653884,0.0499512721375885,0.129377115964495,0.127444738879292,0.0124318549578959,0.429509206251182,0,0.124101292202481,0,0.446389501546337,0.0499512721375885,0.129377115964495,0.127444738879292,0.0124318549578959
674,0,-1191.23429222203,-1191.23428208261,0.422400999034825,7.02271450025807e-08,0.229573759368238,7.02271453790538e-08,0.348025101142646,0.148138221325776,0.151444456394798,0.112904656699069,0.0269439518316652,0.422401059202468,0,0.229573794008489,0,0.348025146789044,0.148138130255942,0.151443797923258,0.112905026453744,0.0269439843581985
675,0,-1129.48365953828,-1129.48365404328,0.578882521093657,2.97070790743444e-08,0.0971129575794344,2.97070790743444e-08,0.324004461912751,0.0502176428474136,0.128728068677873,0.0729173438122995,0.0301917119564231,0.578882555487476,0,0.0971129633493193,0,0.324004481163204,0.0502176428474136,0.128728068677873,0.0729173438122995,0.0301917119564231
676,0,-1152.8282938485,-1152.82829064466,0.575352482514721,3.11842792329828e-08,0.101941950560642,3.11842792329828e-08,0.322705504556078,0,0.139871920331126,0.0744525816100941,0.0404466920969326,0.575352518398628,0,0.101941956918615,0,0.322705524682757,0,0.139871920331126,0.0744525816100941,0.0404466920969326
677,0,-1186.07756228956,-1186.07755702766,0.466801283718525,5.21297336510733e-08,0.170413004927703,5.21297336510733e-08,0.362785607094305,0,0.151086829420503,0.0725818821714674,0.0181045945233537,0.466801332386983,0,0.170413022694874,0,0.362785644918143,0,0.151086829420503,0.0725818821714674,0.0181045945233537
678,0,-1154.2182049889,-1154.21820353672,0.544666914768325,3.35981062676854e-08,0.109832793761577,3.35981065249903e-08,0.345500224273885,0.120730191614568,0.121935106940755,0.0988093073897155,0.01670020920649,0.544666950838217,0,0.109832802321658,0,0.345500246840125,0.120730153707582,0.121935057293112,0.0988092225478158,0.016700275379314
679,3.3363733391493,-1172.10691038973,-1173.77509705931,0.535520429265499,1.01997471317467e-15,0.10104122603044,0.031291128752389,0.33214721595167,0,0.162812333534261,0.0925864628512377,0.0294083014484416,0.517724670458502,0,0.141889085700018,0,0.34038624384148,0.0271251135651152,0.159963497476406,0.0977181199779682,0.0293969870199657
680,8.13962640353247,-1173.56439451471,-1177.63420771647,0.524953048279621,1.37365310329938e-21,0.0924802590123392,0.0289979865508129,0.353568706157227,0.0419658359026382,0.147270864964652,0.055655220467359,0.0279027130276837,0.530998303633005,0,0.109869680122518,0,0.359132016244478,0.0680539228900938,0.147895411283746,0.0679173364365807,0.0278650682606259
681,0,-1159.20063036143,-1159.20062954273,0.514925067776074,4.58715184586906e-08,0.149954790743135,4.58715184586906e-08,0.335120049737755,0.5,0.139424351512779,0.0890284953956063,0.0293118430308968,0.514925115016868,0,0.149954804500444,0,0.335120080482689,0.5,0.139424351512779,0.0890284953956063,0.0293118430308968
682,0,-1253.95346311527,-1253.95345488803,0.405420816661332,4.3848572910322e-08,0.143341746601953,4.3848572910322e-08,0.451237349039569,0.146230335915106,0.169261592602666,0.0188369470667251,0.0269755034116961,0.405420852215584,0,0.143341759172616,0,0.4512373886118,0.146230335915106,0.169261592602666,0.0188369470667251,0.0269755034116961
683,0.659298992300137,-1228.21388997523,-1228.54353947138,0.442654893461961,8.48493052672682e-31,0.122012779330994,0.0179269122536127,0.417405414953433,0.188275482629175,0.188691792882536,0.0445680753308694,0.0296419462536324,0.432501176018398,0,0.145128369455589,0,0.422370454526013,0.250353136077243,0.176576972745762,0.0431692288246195,0.0296450360420614
684,1.60228276870475,-1213.60249591677,-1214.40363730112,0.535244575982836,1.30996992236745e-19,0.10151705218225,0.0200548762116142,0.343183495623299,0,0.209005687589986,0.114576904297098,0.0400088388084064,0.530994115508934,0,0.124317273972189,0,0.344688610518877,0.0176924517055225,0.19430154201299,0.131793266863883,0.0399969430670789
685,7.58495450150031,-1151.25324502762,-1155.04572227837,0.493763949995164,0.00539803683340049,0.0827726245404541,0.0499556753921138,0.368109713238867,0.00376332162556048,0.0985178158843733,0.0606588367111628,0.0189252803682958,0.498622666264889,0,0.131756070444938,0,0.369621263290173,0,0.104319561260993,0.0643021375182454,0.0189188047946324
686,13.6367569381036,-1144.66715979533,-1151.48553826438,0.464765869686238,4.62458554804722e-13,0.131067904161281,0.0392305395138599,0.364935686638159,0.0658971712498929,0.102284864198842,0.0353870469924127,0.0274618950904143,0.468769921362974,0,0.157154180563344,0,0.374075898073683,0.0990349650601726,0.112324644438931,0.0349262179244357,0.0273177577028132
687,8.43477179101774,-1183.53592466302,-1187.75331055853,0.473523815567861,1.232015688487e-11,0.121002346089361,0.0346935159721099,0.370780322358348,0.277439171989488,0.106408037585994,0.0700131158039957,0.0378192941300485,0.467847762858752,0,0.152400824559009,0,0.379751412582239,0.259232779794276,0.107369412263873,0.0696287072802459,0.0376286197178936
688,0,-1185.58786998008,-1185.58786815886,0.537138013188142,3.17302792902846e-08,0.103726834233333,3.17302792902846e-08,0.359135089117966,0,0.113113738144214,0.16007743962961,0.039868159303345,0.537138047275223,0,0.103726840815896,0,0.359135111908881,0,0.113113738144214,0.16007743962961,0.039868159303345
689,0,-1178.66058728852,-1178.66058011714,0.425281721540711,6.63469784690892e-08,0.216889425226486,6.63469784690892e-08,0.357828720538846,0.483730117720966,0.110829309888548,0.099210025770249,0.0313297734431022,0.425281777973033,0,0.216889454006406,0,0.357828768020561,0.483730117720966,0.110829309888548,0.099210025770249,0.0313297734431022
690,0,-1228.23742955359,-1228.23742791903,0.414786152384215,4.38751879746985e-08,0.143428751709769,4.38751879746985e-08,0.44178500815564,0.307540699742934,0.127207017848151,0.0665692667600799,0.0123534971763707,0.414786188781859,0,0.143428764295697,0,0.441785046922444,0.307540699742934,0.127207017848151,0.0665692667600799,0.0123534971763707
691,7.77065042711911e-06,-1265.36327964506,-1265.36328353039,0.434063368646049,4.47904343167878e-08,0.14642070790215,4.47904343167878e-08,0.419515833870933,0.0611020458283351,0.182159295697677,0.117561748844669,0.0299092418198744,0.434063407529826,0,0.146420721018645,0,0.419515871451529,0.0611020458283351,0.182159295697677,0.117561748844669,0.0299092418198744
692,0,-1130.56614362984,-1130.56613722813,0.54110306183166,4.1324325270334e-08,0.135091114427915,4.13243702193663e-08,0.32380574109173,0,0.14014094001798,0.0950886643099894,0.0114516535041236,0.541102818024469,0,0.135090091119404,0,0.323807090856127,0,0.140141488297872,0.0950885577823364,0.0114516568853378
693,0,-1226.85750475104,-1226.85750432908,0.469649538642517,4.31087725607712e-08,0.14092332640711,4.31087725607712e-08,0.389427048732827,0.272719068165192,0.173073786737259,0.117402139501081,0.0116525269650123,0.469649579134551,0,0.140923338557175,0,0.389427082308274,0.272719068165192,0.173073786737259,0.117402139501081,0.0116525269650123
694,0,-1224.14500112871,-1224.14499690326,0.481411641512422,2.96092551666536e-08,0.0967931695257503,2.96092551666536e-08,0.421795129743318,0.149043867081737,0.184104827624667,0.0371339270213336,0.0266184769845997,0.481411670020904,0,0.096793175257698,0,0.421795154721398,0.149043867081737,0.184104827624667,0.0371339270213336,0.0266184769845997
695,0.956553715114296,-1171.74198618616,-1172.22026304372,0.524544885945032,2.36115563045977e-28,0.110317357815759,0.0179414205233335,0.347196335715876,0.0826503397255482,0.158086310006561,0.101000364941897,0.00424116733952758,0.507107685314,0,0.139072900525208,0,0.353819414160792,0.136723397270873,0.1516138568623,0.102096990137897,0.00435097735748176
696,0.400220056575563,-1147.63856195987,-1147.83867198816,0.534693081872676,2.52938711660203e-25,0.134298721467101,0.0107005649091257,0.320307631751097,0.0273975971499653,0.175638086869872,0.0858000776116843,0.0151233663902783,0.526899273256438,0,0.148750694062699,0,0.324350032680863,0.0416790011543034,0.171299290184449,0.0846510802773746,0.0151150281796752
697,0.037687746012125,-1252.59874755137,-1252.61759142438,0.404350442724554,7.97448685039692e-12,0.0914652083627138,0.0306499401279554,0.473534408776803,0.0265708481384164,0.174179585969838,0.03784767651811,0,0.384135700948032,0,0.135139328167475,0,0.480724970884493,0.0918732701204559,0.16713185691091,0.0402756158749587,0
698,0,-1177.15301015111,-1177.15300807438,0.4674312378053,4.56183833564825e-08,0.149127287696434,4.56183833564825e-08,0.383441383261499,0.5,0.113414949594204,0.0629854702380604,0.0234399330589649,0.467431280452219,0,0.149127301302327,0,0.383441418245454,0.5,0.113414949594204,0.0629854702380604,0.0234399330589649
699,0,-1185.56336445537,-1185.56336053385,0.475553892330394,2.49507424267735e-08,0.0815644538186338,2.49507420901789e-08,0.442881603949488,0,0.0926509155371233,0.0306386690626118,0.00572838037914594,0.475552882229805,0,0.0815644095527581,0,0.442882708217437,0,0.0926504124931528,0.0306378056565415,0.00572851019062746
700,0,-1288.58178605716,-1288.58178067934,0.399944770087391,3.53911872713549e-08,0.115694407736548,3.53911873373079e-08,0.484360751393686,0.205405732890934,0.119803364497624,0.130031044500724,0.0229424801716065,0.399944773144234,0,0.115694412634012,0,0.484360814221754,0.205405748149713,0.119811466912833,0.130028755681688,0.0229422512668037
701,0,-1198.31616691224,-1198.31615608573,0.48715065591111,5.43718198437373e-08,0.177742423642101,5.43718198437373e-08,0.33510681170315,0.353658338043385,0.224977053198882,0.116145996888693,0.00995495830481101,0.487150708885651,0,0.177742442970461,0,0.335106848143888,0.353658338043385,0.224977053198882,0.116145996888693,0.00995495830481101
702,5.28508058877651,-1177.78098138647,-1180.42352168086,0.565318460633831,7.80361015553519e-13,0.0481351249594215,0.0337500268800848,0.352796387525883,0,0.186200103801071,0.0632678017356775,0.031465107195886,0.543185658321093,0,0.0968613402944107,0,0.359953001384496,0,0.185498052866001,0.0591889519933341,0.0315032610328447
703,0,-1216.23022085889,-1216.23021212837,0.442233328014825,4.58323947349559e-08,0.14982689461057,4.58323947349559e-08,0.407939685709815,0.00261419891485502,0.164434985818971,0.0631696966451787,0.00747216630929265,0.442233368552054,0,0.149826908344422,0,0.407939723103524,0.00261419891485502,0.164434985818971,0.0631696966451787,0.00747216630929265
704,5.6286429271654,-1195.99829548132,-1198.8126169449,0.505211727584093,2.02867393304429e-12,0.0638974788437617,0.0337240389843895,0.397166754585727,0.184926225517298,0.121417802353802,0.0663619234546025,0.0276463091538011,0.504401085172197,0,0.0928400536323306,0,0.402758861195472,0.312147387826187,0.118249921858088,0.0669033141953078,0.0276030858070165
705,0,-1184.61805200657,-1184.61804882342,0.525361774805005,3.59172995957814e-08,0.117414276350895,3.59172995957814e-08,0.357223877009501,0.0760210684301948,0.125343327335058,0.0940164653160438,0.0482659584894883,0.525361812544161,0,0.117414284785303,0,0.357223902670536,0.0760210684301948,0.125343327335058,0.0940164653160438,0.0482659584894883
706,3.81889890406273,-1178.57731073187,-1180.4867601839,0.482963966849429,2.35055155125102e-40,0.0873359566081878,0.0460030127242063,0.383697063818176,0,0.137561204954301,0.0450854052274629,0.012182089642692,0.465832112674822,0,0.142997553826682,0,0.391170333498496,0.0733655933382485,0.117331472232521,0.0458120178393872,0.0122063870228017
707,0,-1128.12200820242,-1128.12199954326,0.541775081848625,4.56435175179971e-08,0.149209451707068,4.56435175179971e-08,0.309015375157272,0.0634316451037554,0.190732113499589,0.0481348466326535,0.0164349524878425,0.54177513130567,0,0.149209465327958,0,0.309015403366372,0.0634316451037554,0.190732113499589,0.0481348466326535,0.0164349524878425
708,0.650101372453719,-1196.32337526176,-1196.64842594799,0.520467298240409,0.00459363808495459,0.0990916642297559,2.05083295859663e-10,0.375847399239797,0,0.194710890258692,0.0490796177251799,0.032128120982072,0.520044428824328,0,0.0997196064383594,0,0.380235964737312,0,0.193756354240165,0.0488808998936237,0.0320521116694447
709,5.02097669706745,-1209.52127565518,-1212.03176400371,0.523228920544516,1.07316096883284e-12,0.0740570005902558,0.0176326511544568,0.385081427709698,0,0.168973708630927,0.0739394155250361,0.0248411097599121,0.522532098418567,0,0.0849788100533615,0,0.392489091528072,0.0586686614307655,0.162139030948769,0.0743449622503204,0.024722481957027
710,1.94022797331627,-1193.19527899482,-1194.16539298148,0.530284313047718,0.0103904057780975,0.0966761489650129,0.00405552317050901,0.358593609038663,0.0567191343666804,0.151923603841405,0.082001783646624,0.0394393582491887,0.534546580130131,0,0.10307571261287,0,0.362377707256999,0.0894734292465108,0.150895704976283,0.0801831666085796,0.0394137557966447
711,0,-1173.1392969574,-1173.13929655715,0.471622130123538,4.56755651103471e-08,0.149314215843206,4.56755651103471e-08,0.379063562682126,0.408622363951353,0.104352889428149,0.137517313029917,0,0.471622173206756,0,0.149314229483229,0,0.379063597310014,0.408622363951353,0.104352889428149,0.137517313029917,0
712,3.65622387444137,-1251.88956426996,-1253.71767620718,0.419456823143981,0.00461209372225427,0.106723701055234,0.0307243929853586,0.438482989093173,0,0.139810172371573,0.10890266588668,0.0332663672125528,0.406381995712554,0,0.14538450054106,0,0.448233503746386,0,0.141302704613125,0.107264006416094,0.0330240966750986
713,0,-1134.04175997098,-1134.04175279647,0.526874620158037,3.85267435807681e-08,0.125944591106505,3.85267435807681e-08,0.347180711681971,0.0700565008838216,0.121618502164719,0.0575376307454059,0.0236338695368328,0.526874651029459,0,0.125944604894625,0,0.347180744075916,0.0700565088943101,0.121618542217184,0.0575374651947289,0.0236336692731829
714,3.20489064117055,-1185.15273613622,-1186.7551814568,0.480367370640305,5.33230183471231e-12,0.160961319262577,0.0524077230801394,0.306263587011645,0.151408792589064,0.185654378636625,0.142355568780304,0.0306459086747671,0.469539365111477,0,0.202974091902604,0,0.327486542985919,0.106597276560807,0.175028969909811,0.145963388726641,0.0305278237246993
715,3.61478583395683,-1157.14082653412,-1158.9482194511,0.503725145621222,8.35624601779317e-14,0.138472166614568,0.0248514852869822,0.332951202477144,0.060006452894237,0.139290084968882,0.127177450848083,0.0108231907462969,0.50599086709336,0,0.150953850336468,0,0.343055282570172,0.0465787938710345,0.135109221546537,0.127105290714643,0.0102437002093
716,0,-1161.55858188834,-1161.55857134407,0.475314171164837,5.47731133303548e-08,0.179054259021314,5.47731133303548e-08,0.345631460267622,0.130980028498042,0.141505469711685,0.10061596376645,0.014766934165362,0.475314223233717,0,0.179054278636034,0,0.345631498130249,0.130980028498042,0.141505469711685,0.10061596376645,0.014766934165362
717,1.10929811294227,-1126.78212854339,-1127.33677759986,0.574700589132734,3.05416081597325e-12,0.105464416096131,0.0246621943508575,0.295172800417224,0,0.163004479688388,0.0806681920936714,0.0245001557044511,0.565996670665535,0,0.131888003449569,0,0.302115325884896,0,0.161074808505068,0.0829104394526695,0.0244829460845092
718,4.43186749899587,-1146.75411553998,-1148.97004928947,0.573915276553409,0.0139714334949316,0.0745118374406107,1.20849698684253e-13,0.337601452510928,0,0.13667531318231,0.0589298943147831,0.0238227241190377,0.577258169659182,0,0.0797921866467923,0,0.342949643694025,0,0.130710100184297,0.0588687061185891,0.023458508697869
719,0,-1195.38699642691,-1195.38699380305,0.512652693305859,4.005816297412e-08,0.130950830671717,4.005816297412e-08,0.356396395906099,0.186863123703678,0.213445429908983,0.111757231126443,0.00522511141362639,0.512652734377712,0,0.130950841163017,0,0.356396424459271,0.186863123703678,0.213445429908983,0.111757231126443,0.00522511141362639
720,2.8349137683349,-1203.38810140544,-1204.8055582896,0.511509931641452,1.12836510240228e-31,0.0813067920825362,0.0244122185190795,0.382771057756933,0.0955047282686082,0.185379021905382,0.0418843959337485,0.0232643564220269,0.506383321485003,0,0.105346737880371,0,0.388269940634625,0.182086017041867,0.177415570167875,0.0413628888204967,0.0231653282373291
721,4.22863508949422,-1136.53739336016,-1138.65171090491,0.486105880756665,0.017936620857604,0.117527227890282,8.23588046784937e-10,0.378430269671861,0.0590485163294634,0.0561019170421582,0.0357196018435303,0.0212922984562051,0.490212265240558,0,0.11427930446268,0,0.395508430296762,0,0.0462107936857844,0.0348458716133437,0.0212058157103616
722,0,-1243.05498149767,-1243.0549776022,0.454619687220519,3.97445052892126e-08,0.129925478250746,3.97445052892126e-08,0.415454755039725,0.032299289293335,0.116282648774956,0.15064917925284,0.04284137931404,0.454619723357791,0,0.129925488578394,0,0.415454788063815,0.032299289293335,0.116282648774956,0.15064917925284,0.04284137931404
723,2.94090192777185,-1151.41937836537,-1152.88982932926,0.571013327683613,0.00537717431694071,0.0693398294202585,0.0288849038222021,0.325384764756986,0,0.143047406771694,0.115014896535832,0.0160639942460188,0.560588949101458,0,0.101930963032759,0,0.337480087865784,0.0430001354985438,0.139828304512563,0.108421766139926,0.0160450191164723
724,0,-1307.92430002596,-1307.92429555268,0.420699193534297,2.87942615552794e-08,0.0941289412517142,2.87942615552794e-08,0.485171807625466,0.05208694615911,0.155516334669068,0.0879112929211164,0.0574181748072633,0.420699217761743,0,0.0941289466724612,0,0.485171835565795,0.05208694615911,0.155516334669068,0.0879112929211164,0.0574181748072633
725,5.40805117324498,-1136.31616889761,-1139.02019448423,0.573572379838088,5.10282737390524e-13,0.0377792894005558,0.0765763539674864,0.312071976793359,0.104426436176578,0.156707380717276,0.0708044574717781,0.0283309957800704,0.560149644021256,0,0.121328900076708,0,0.318521455902036,0.217335761100002,0.144543316000663,0.0715169152792751,0.028416808656487
726,0,-1248.01901258733,-1248.01900869148,0.444183723224094,2.75375542698942e-08,0.0900207433036776,2.75375542698942e-08,0.46579547839712,0.298453048626769,0.152914542313263,0.07394580510168,0.0156120233381645,0.444183747687562,0,0.0900207482615801,0,0.465795504050858,0.298453048626769,0.152914542313263,0.07394580510168,0.0156120233381645
727,1.75904652351164,-1165.8508269153,-1166.73035017706,0.52168429518593,1.04709714814821e-51,0.0908797356301183,0.00834548006803136,0.379090489115921,0,0.109021311048254,0.0874275768744414,0.0157833148698764,0.520913416680947,0,0.0990178479546898,0,0.380068735364364,0.0180216048381862,0.106161137140875,0.0885619121265482,0.0157803963538082
728,1.42674135713742,-1211.6919580972,-1212.40532877577,0.492166772061972,9.92443967417158e-24,0.098684184991587,0.00768235562987791,0.401466687316563,0,0.17360922910367,0.102816894501704,0,0.489282741587179,0,0.105021952982319,0,0.405695305430502,0,0.171617267704462,0.101880940771583,0
729,0,-1185.34324230404,-1185.34323551798,0.523374567205083,3.78093508078533e-08,0.123599424632765,3.78093508078533e-08,0.353025932543451,0.245560571736113,0.153799682527231,0.0572481289004088,0.0387872349693893,0.523374606781991,0,0.123599433979194,0,0.353025959238815,0.245560571736113,0.153799682527231,0.0572481289004088,0.0387872349693893
730,0,-1194.05878637218,-1194.05878272446,0.500160008393658,2.78985126932844e-08,0.0912007226604803,2.78985126932844e-08,0.408639213148836,0.37846995930933,0.139179623596809,0.0653036788599559,0.0159982439256574,0.500160036301101,0,0.0912007277492096,0,0.40863923594969,0.37846995930933,0.139179623596809,0.0653036788599559,0.0159982439256574
731,1.04050195659511e-06,-1115.02428867183,-1115.02428919208,0.576999914559537,3.66154806597515e-08,0.119696642378144,3.66154806597515e-08,0.303303369831357,0,0.0927707369739148,0.114561416264982,0.0345050835839428,0.576999956813799,0,0.119696651143645,0,0.303303392042556,0,0.0927707369739148,0.114561416264982,0.0345050835839428
732,1.36967981790031,-1197.39938264238,-1198.08422255133,0.490028686590831,5.56679529779918e-11,0.088182462327303,0.0247102809950239,0.397078570031174,0.199118925502209,0.1041029826767,0.0538417624798359,0.0351191080123239,0.475652479328248,0,0.11337917852982,0,0.410968342141931,0.151339913303491,0.0970705080105426,0.0530101791090134,0.034676461371354
733,1.55003547487195,-1234.60557000152,-1235.38058773896,0.482940662272144,0.0158977656695179,0.0973539805744645,1.77548616074184e-09,0.403807589708388,0.417419865460248,0.151796966069361,0.157556944122801,0,0.496135917089162,0,0.0841024836819713,0,0.419761599228867,0,0.151102865709943,0.152661485257322,0
734,2.15979980566772e-06,-1260.67500448719,-1260.67500556709,0.451336168706537,2.80986238566515e-08,0.0918548895299531,2.80986238566515e-08,0.456808885566263,0.250682482311778,0.154763125450722,0.075163982863326,0.0175797262460766,0.451336194070389,0,0.0918548946919454,0,0.456808911237666,0.250682482311778,0.154763125450722,0.075163982863326,0.0175797262460766
735,6.08719917078406,-1203.63267754079,-1206.67627712618,0.444002296727148,1.02379439924609e-09,0.12073421735465,0.0370529532183974,0.39821053167601,0,0.146536221905967,0.0641034994046438,0.0204270744486155,0.420058630195106,0,0.188936327623862,0,0.391005042181032,0.5,0.15802193943805,0.0644720833997857,0.02053438023635
736,0,-1195.1387396282,-1195.13873632176,0.546458070848272,3.35264548132646e-08,0.109598563221963,3.35264548132646e-08,0.343943298876855,0.189186754263262,0.202233039744681,0.0985859700414334,0.0163716539224755,0.546458107489878,0,0.109598570570866,0,0.343943321939255,0.189186754263262,0.202233039744681,0.0985859700414334,0.0163716539224755
737,0,-1129.7618003003,-1129.76179740033,0.55653505173835,4.21009733427025e-08,0.137628916856386,4.21009785855849e-08,0.305835947203312,0.207648950170753,0.153683212833699,0.0816902507149549,0.0228750512808076,0.556533406681332,0,0.137628967360722,0,0.305837625957946,0.207648238202361,0.153683543441002,0.081690200427225,0.0228756308421304
738,1.22892020044674e-05,-1188.73711678982,-1188.73712293443,0.494498151663698,5.85055253621838e-08,0.191255658407996,5.85055354295351e-08,0.314246072917245,0.233591248581533,0.185558177380372,0.0772955273085051,0.0587507499230478,0.49449824996748,0,0.191255559988065,0,0.314246190044455,0.233590369125484,0.185558285917023,0.0772958597896679,0.0587506503149677
739,0,-1175.0668942933,-1175.06688966793,0.522600912222018,4.11259864841843e-08,0.134441564276852,4.11259864841843e-08,0.342957441249158,0.291950167283505,0.10886337714402,0.101941224604573,0.0391519181520011,0.522600955206977,0,0.134441575334937,0,0.342957469458086,0.291950167283505,0.10886337714402,0.101941224604573,0.0391519181520011
740,0,-1157.81120290672,-1157.81120102638,0.516822996889533,3.58262422377021e-08,0.117116774060881,3.58262171916387e-08,0.366060157397127,0,0.161542192319579,0.0775337836255221,0.0073597234877488,0.516823305283572,0,0.117116566318167,0,0.366060128398261,0,0.161542381067849,0.0775337209685766,0.00735983912802848
741,2.55702635326134,-1218.74479862859,-1220.02331180522,0.466598689316282,0.0110592025971345,0.0835759906138551,0.0110683037313882,0.427697813741341,0,0.101269558934749,0.0848455301128371,0.014440535813506,0.460500511584208,0,0.10690113034583,0,0.432598358069962,0.0829789466729593,0.0990380860056878,0.0951281074060993,0.0143005922279725
742,9.7076735983137e-08,-1206.71207485416,-1206.7120749027,0.494578953336986,7.07371287259626e-18,0.123853130646167,2.64243064889466e-09,0.381567913374417,0.5,0.167902765018988,0.0888165252939923,0.0184704863861862,0.49457899959883,0,0.12385239315099,0,0.38156860725018,0.5,0.167902373802373,0.0888163570053715,0.0184706600957105
743,0.31814898354196,-1255.83481647354,-1255.99389096531,0.467106045801794,0.00529134016734305,0.0545558714422588,0.0126617396584351,0.460385002930169,0.00231502724168747,0.161451260173745,0.076029134328721,0.011644256001173,0.455607301039656,0,0.0753272929041842,0,0.469065406056159,0,0.156632792248364,0.0757228545055399,0.0117449016014223
744,0,-1176.03061618959,-1176.03061348132,0.534589676671517,4.19338047373181e-08,0.137082336180146,4.19338047373181e-08,0.328327903280727,0.106248636811143,0.149112895705882,0.112104132859036,0.0459965177586248,0.534589721506279,0,0.137082347676915,0,0.328327930816806,0.106248636811143,0.149112895705882,0.112104132859036,0.0459965177586248
745,2.30395471589873e-06,-1197.05408566111,-1197.05408681308,0.497783098962779,3.80966269173151e-08,0.124538807320919,3.80965857821158e-08,0.37767801752309,0.5,0.123961038739524,0.102311204538475,0.0218611137646989,0.497782801162272,0,0.124538035846219,0,0.377679162991509,0.5,0.123961526601802,0.102311107568033,0.0218612041383436
746,0,-1155.50469756863,-1155.50468911239,0.564721335651602,4.01721079431998e-08,0.131323318755145,4.01721079431998e-08,0.303955265249038,0,0.161484450898499,0.136395227730647,0.0331629306667841,0.564721381023698,0,0.131323329306215,0,0.303955289670087,0,0.161484450898499,0.136395227730647,0.0331629306667841
747,0,-1120.67894776062,-1120.67894348735,0.534449822123846,4.44006427100492e-08,0.145146460508364,4.4400642637497e-08,0.320403628566505,0.5,0.150221565692776,0.0581922643226703,0.00504529810175629,0.534449842246888,0,0.145146492718777,0,0.320403665034335,0.5,0.150221428897326,0.0581922989511513,0.0050452981687549
748,1.38885669896945,-1177.61709887907,-1178.31152722855,0.544538490621771,3.5769600706026e-15,0.0427358996272713,0.0378231740792627,0.374902435671692,0.249366115571376,0.135491073237439,0.0812735053930954,0.00605725422029449,0.535551620788065,0,0.0813586377528775,0,0.383089741459057,0.154499676936819,0.121504838096374,0.0832395033710583,0.00604339036948163
749,0.4580495408145,-1144.05495327184,-1144.28397804225,0.583119982874252,0.00893017788377325,0.098611045156987,0.0135775209383667,0.295761273146621,0.0117696654577018,0.143895820539706,0.130466866667231,0.0221863537683242,0.567392349547309,0,0.126313067502664,0,0.306294582950027,0.0086833017159679,0.138354399211263,0.128427696359882,0.0219202803026129
750,0,-1182.90133389265,-1182.90133086172,0.501861837324406,5.01519537997948e-08,0.163947608234948,5.01519537997948e-08,0.334190454136738,0.5,0.215886258518672,0.111325175550432,0.0126089269001451,0.501861887663115,0,0.163947624679536,0,0.334190487657349,0.5,0.215886258518672,0.111325175550432,0.0126089269001451
751,0,-1120.52016077669,-1120.52015029515,0.529979889105032,4.98800988617162e-08,0.163058909719577,4.98800988617162e-08,0.306961101415194,0.231099004618257,0.0586689742253328,0.14847906748057,0.0226437929919586,0.529979941975936,0,0.163058925986367,0,0.306961132037697,0.231099004618257,0.0586689742253328,0.14847906748057,0.0226437929919586
752,0,-1184.44076492465,-1184.44075838341,0.523749989944817,3.46946458246116e-08,0.113417047682215,3.46946481178872e-08,0.362832892983674,0,0.127647773765737,0.097759871245866,0.0348043168963862,0.523748387761225,0,0.11341762130046,0,0.362833990938315,0,0.127647930331054,0.0977592163565417,0.0348045414780321
753,0.324822388479333,-1166.70969721562,-1166.87210840986,0.500969359042393,1.2921324923024e-08,0.112085812995381,0.0431771812009314,0.343767633839969,0.0738147394140238,0.171334420211845,0.101750667029774,0.00919792458234186,0.472079089346658,0,0.176380821557456,0,0.351540089095886,0.198462694299759,0.173254213061875,0.10155438871174,0.00916696937016636
754,0,-1151.63003895501,-1151.63003137294,0.47923235683705,5.12059312021508e-08,0.167393078673443,5.12059312021508e-08,0.353374462077645,0.162206971841215,0.0813710482091895,0.107238607971953,0.0189517241403141,0.479232405916133,0,0.167393095816481,0,0.353374498267386,0.162206971841215,0.0813710482091895,0.107238607971953,0.0189517241403141
755,9.66486706141177,-1168.13123801311,-1172.96367154382,0.552494317386163,0.00818709387847521,0.0789863821462644,0.02018041239927,0.340151794189827,0.077650632686285,0.193234752056118,0.0559930439332121,0.0316205473913999,0.554761643049316,0,0.0910265292649911,0,0.354211827685692,0.064155215715302,0.186991571123341,0.0589385719902737,0.0311748239268361
756,1.43080258636746,-1215.53866572799,-1216.25406702117,0.445281197381441,7.81291119387617e-23,0.109052279067225,0.0208804735750615,0.424786049976272,0.00882096518178604,0.154083461610369,0.0174246000091227,0.0196600775883656,0.437647199661608,0,0.128391374550004,0,0.433961425788388,0,0.140155141083029,0.0174758583040294,0.0196202195399877
757,2.39767513676543,-1144.5594861649,-1145.75832373328,0.490393385428611,4.74048131625369e-10,0.121753855169994,0.0742400298189034,0.313612729108443,0.335534069906055,0.11398048123113,0.097315441156771,0.0196018166093821,0.475844468317007,0,0.198969673639793,0,0.3251858580432,0.3373642669243,0.102552925497346,0.104490811543409,0.0193790055925516
758,2.27759483095724e-06,-1198.76166357034,-1198.76166470913,0.478863756976189,3.65894152395775e-08,0.119611434066775,3.65894152395775e-08,0.401524735778206,0.29229285074068,0.140079631365609,0.0757381648680668,0.0148629284046768,0.478863792018882,0,0.1196114428198,0,0.401524765161318,0.29229285074068,0.140079631365609,0.0757381648680668,0.0148629284046768
759,1.09779876599941,-1191.48082269041,-1192.02972207341,0.460461119991042,0.00846808202183107,0.10665077481583,0.0279385387433035,0.396481484427993,0,0.119131146019195,0.0423879463850391,0.0150172649921939,0.43164984627294,0,0.148948300919541,0,0.41940185280752,0,0.109411382743375,0.0415411970486129,0.0145950780603875
760,0,-1188.01184199401,-1188.01183449529,0.506557316196591,4.35610894171449e-08,0.142401958068457,4.35610894171449e-08,0.351040638612773,0.0173707266874901,0.186511962445355,0.104849521236844,0.0255956768320887,0.506557360328972,0,0.142401970474827,0,0.351040669196201,0.0173707266874901,0.186511962445355,0.104849521236844,0.0255956768320887
761,0.0693399594510993,-1239.73163278605,-1239.76630276578,0.450953049567825,1.42694648646119e-12,0.0916483311373177,0.0124092914356435,0.444989327857787,0.00777350477928988,0.117405592146619,0.0964893640569133,0.0239491463848325,0.430065211347852,0,0.113826618047727,0,0.456108170604421,0.0372024316316542,0.097996460679957,0.0989605677829552,0.0239560640478051
762,0.503227439715829,-1316.01445472003,-1316.26606843989,0.423812705739267,0.00574417372989568,0.0833524618301753,1.69492768246299e-09,0.487090657005734,0.423927847085854,0.203262351803636,0.112197179401183,0.0268936750505464,0.427726324070815,0,0.0819122616682848,0,0.4903614142609,0.363326810538264,0.207763182788425,0.112075103461797,0.0268255295476342
763,0,-1137.48771308218,-1137.48770936718,0.571660561273458,3.36252481892362e-08,0.109921520484299,3.36252481892362e-08,0.318417850991746,0,0.149056275452425,0.0838842393963084,0.0347688084715021,0.571660599717917,0,0.109921527876577,0,0.318417872405506,0,0.149056275452425,0.0838842393963084,0.0347688084715021
764,0,-1152.31914466034,-1152.3191399643,0.512615110947259,4.27758290525438e-08,0.139834928294663,4.27758290525438e-08,0.347549875206421,0,0.161938791660583,0.0904196544299851,0.0096782971312143,0.512615154802335,0,0.139834940257774,0,0.347549904939891,0,0.161938791660583,0.0904196544299851,0.0096782971312143
765,0,-1201.70218622718,-1201.70217844001,0.462792626078229,4.45813299978162e-08,0.145737142250773,4.45813299978162e-08,0.391470142508337,0.5,0.126740613809811,0.0374258755299058,0.0339097882047682,0.462792667342055,0,0.145737155245086,0,0.39147017741286,0.5,0.126740613809811,0.0374258755299058,0.0339097882047682
766,0.34551673652868,-1230.66260908342,-1230.83536745169,0.459617271598339,6.29143656165564e-15,0.108774354357495,0.00940916475672742,0.422199209287432,0.0800235679841935,0.134820471482855,0.160410602910112,0.0224831239397864,0.450676914351637,0,0.118784477868563,0,0.4305386077798,0.0652007447015272,0.132303775451048,0.158385195938371,0.0223538425340058
767,3.28533770172226,-1149.87933159949,-1151.52200045035,0.544666901124497,1.23038089083009e-12,0.0824640178470482,0.0339140121480015,0.338955068879223,0,0.168390409363842,0.0696967503262266,0.0184607651945746,0.517573571642878,0,0.131896780081309,0,0.350529648275813,0.0701717925055832,0.153398984199859,0.0741328885708176,0.0182863573176439
768,0,-1222.76768283591,-1222.76767682718,0.475663444685969,3.19742659606196e-08,0.104524430897309,3.19742659606196e-08,0.419812060468189,0.375943561443642,0.102022097742929,0.116029145526343,0.0207326403812552,0.47566347510395,0,0.104524437581494,0,0.419812087314556,0.375943561443642,0.102022097742929,0.116029145526343,0.0207326403812552
769,2.66488824102271,-1200.10542287685,-1201.43786699736,0.490117180177368,0.00596229886342258,0.0781287951499745,0.00671777849934931,0.419073947309886,0,0.183443170149555,0.0331212382637741,0.0157649444485561,0.492112027885109,0,0.0872746594767871,0,0.420613312638104,0.0618689302719343,0.182753962022062,0.0331052171901376,0.0157596170697695
770,0,-1173.19526602768,-1173.19526305032,0.572483235754478,2.7196832954715e-08,0.0889069191944065,2.71968329600184e-08,0.33860979065745,0,0.17201866554401,0.111514472081035,0.0166180639978558,0.572483267990641,0,0.0889069244288116,0,0.338609807580548,0,0.172018643384147,0.111514503735755,0.0166179247024637
771,0,-1138.70154462643,-1138.70153712175,0.511382419121792,5.19841000655148e-08,0.169936425769283,5.19840598330758e-08,0.318681051140764,0.0185619056948068,0.142256547559604,0.085106412697081,0.0237452319306931,0.511381943865693,0,0.169936977294224,0,0.318681078840083,0.0185618459512116,0.142256835386977,0.0851062950176316,0.0237452767883285
772,0,-1139.22476240481,-1139.22475626995,0.483301052100512,4.28013536589337e-08,0.139918368676377,4.28013536589337e-08,0.376780493620404,0.0935488929259398,0.0890385836376445,0.0557569944306376,0.0131136598885959,0.483301093472394,0,0.139918380653769,0,0.376780525873837,0.0935488929259398,0.0890385836376445,0.0557569944306376,0.0131136598885959
773,7.22429757490681,-1241.48407455978,-1245.09622334723,0.484886825709335,0.0155372160415796,0.0768029021279816,0.0274860330278528,0.395287023093251,0.0472513616356289,0.253805026800739,0.0719869499722352,0.0289675442951362,0.486245756131712,0,0.10588755743625,0,0.407866686432038,0.165839267187724,0.254139898577747,0.071206021492887,0.0289284841025792
774,0.504665302077228,-1207.69512000041,-1207.94745265145,0.471988203228618,0.00405963114821686,0.108956713400019,0.0207748863600417,0.394220565863104,0.125202087970907,0.123701122199392,0.0913615700303382,0.011817879001405,0.453874182278226,0,0.142101198997021,0,0.404024618724754,0.237543999353052,0.0981169491628936,0.0917946023827358,0.0117840649808228
775,3.23056869009179,-1208.01989064828,-1209.63517499333,0.513271348146693,0.00655188644586201,0.0783071265597364,0.0371480022253401,0.364721636622369,0.5,0.175425849866641,0.113653309586515,0.0156683360440938,0.499190972545525,0,0.130796138083707,0,0.370012889370768,0.5,0.181096384106238,0.122650240022071,0.0156732290131613
776,6.71049297537957,-1174.3869428011,-1177.74218928879,0.488640779654041,0.0127735422078244,0.137242610998964,2.84171870315873e-09,0.361343064297451,0.136105229714868,0.11953826185543,0.0933703809765742,0.0165512711568734,0.498085864332206,0,0.135537046335697,0,0.366377089332097,0.115110090184414,0.121145678432255,0.103040505411883,0.0165441777365245
777,0.558472416382756,-1167.39082990084,-1167.67006610903,0.561608593392998,0.00575302240467791,0.117085185224559,6.50095675861377e-29,0.315553198977765,0,0.153827339006993,0.126442141849623,0.0290986281387835,0.554754507011415,0,0.125634269390158,0,0.319611223598427,0,0.153083471634836,0.12574285172458,0.0290517618481943
778,0,-1144.02200222567,-1144.02199821434,0.542580697321966,3.27868087469302e-08,0.107180647381635,3.27868087469302e-08,0.350238589722781,0.215576853426968,0.123896767679272,0.0949208269629807,0.0102461945893931,0.542580732900948,0,0.107180654409859,0,0.350238612689194,0.215576853426968,0.123896767679272,0.0949208269629807,0.0102461945893931
779,1.42771393938528,-1258.77078798227,-1259.48464495197,0.390609025368055,7.32517923227338e-16,0.160151994472778,0.0118409416499882,0.437398038509178,0.168908217209316,0.112036320769968,0.0756529972295729,0.0530291586373996,0.389921772303752,0,0.166367893539933,0,0.443710334156314,0.151412585190317,0.108954410571737,0.0754128465214042,0.0524462693500868
780,0,-1188.20551072103,-1188.20550601174,0.472435894718663,4.64037966048772e-08,0.151694864073374,4.64037993761525e-08,0.375869148400367,0.154796435684603,0.0958491316544653,0.122030139973928,0.0339161767815619,0.472435790973067,0,0.151694840362625,0,0.375869368664308,0.154795549954757,0.0958490788391753,0.122030053368444,0.0339162910170031
781,1.02075982795213e-05,-1134.3838100685,-1134.3838151723,0.511465247656275,4.75043251915646e-08,0.155292464318789,4.75043251915646e-08,0.333242193016285,0.482296344909252,0.100225825980136,0.119658988368021,0.00489382202810765,0.511465296249903,0,0.155292479072918,0,0.333242224677179,0.482296344909252,0.100225825980136,0.119658988368021,0.00489382202810765
782,9.27297321294327,-1224.65916934216,-1229.29565594863,0.40521704699746,0.00445752488650221,0.119447992716375,0.0329484045513526,0.43792903084831,0.192494737125141,0.133057284930654,0.0641458847389452,0,0.403369992657084,0,0.150442056859899,0,0.446187950483017,0.20173450643588,0.126048690486281,0.0848766123806349,0
783,0,-1242.32671253037,-1242.32670837198,0.457058451420843,4.4219959037002e-08,0.144555814301965,4.4219959037002e-08,0.398385645837274,0,0.186830369862308,0.158733490076766,0.0306621204686487,0.457058491843059,0,0.14455582708647,0,0.398385681070471,0,0.186830369862308,0.158733490076766,0.0306621204686487
784,4.41856761471854,-1221.62499187858,-1223.83427568594,0.463053720959911,0.00650610134649993,0.0753240709967314,0.0250645245839081,0.43005158211295,0,0.133971920345527,0.0344081533603835,0.0304565803150502,0.451536050734414,0,0.109135974798024,0,0.439327974467562,0,0.130182867974548,0.034949043173698,0.0304618509648366
785,3.91477526025164,-1158.01543573951,-1159.97282336964,0.517689770805679,2.72794836183141e-12,0.0992427506285746,0.0270351036434692,0.356032374919549,0.120582598830073,0.103117389849819,0.0633909477445351,0.0281137337996466,0.501375001628369,0,0.132818491123342,0,0.365806507248289,0.183307053090238,0.0927092192584186,0.0635866898971608,0.0279414460430464
786,1.63838136832373,-1182.84147707457,-1183.66066775873,0.52147924114228,3.58524935203185e-10,0.112116735030509,0.0112969208540799,0.355107102614607,0.218287717314775,0.138607764261217,0.0648326601424296,0.0405767719187996,0.524311698866594,0,0.113682471768939,0,0.362005829364467,0.187850836867164,0.136936583851294,0.0637034164292373,0.0404918188933435
787,0,-1247.82527298909,-1247.82526924178,0.444765932967027,4.65171672813708e-08,0.152065427960993,4.65171672813708e-08,0.403168546037646,0.5,0.147487047789941,0.119511479868807,0.0068777197470879,0.444765974345533,0,0.1520654421083,0,0.403168583546167,0.5,0.147487047789941,0.119511479868807,0.0068777197470879
788,3.67650055428248,-1236.53644477272,-1238.37469504986,0.472900393056435,0.00644016227705535,0.0663817342339036,0.030965101374532,0.423312609058074,0,0.207166167861396,0.0499849039870015,0.0330354801801336,0.467602638169075,0,0.102266719553407,0,0.430130642277518,0,0.19551604682424,0.0492515292440198,0.0330682556103475
789,5.75763277939132,-1173.66500456415,-1176.54382095384,0.496178364584526,9.97649381352515e-12,0.0976885531967441,0.0242460923796575,0.381886989829096,0.173402111921617,0.122272273430186,0.0430166782930059,0.0266435271143131,0.471041447675505,0,0.138934994160144,0,0.390023558164351,0.211076967592257,0.109275159151906,0.0424638023462651,0.0266280790868868
790,0,-1162.47923005102,-1162.47922647844,0.533435701720632,4.45321733728974e-08,0.145576448389942,4.45321733728974e-08,0.32098776082508,0.155324030150345,0.194981438931124,0.0354829660937433,0.0342156134503167,0.533435749230738,0,0.145576461355614,0,0.320987789413648,0.155324030150345,0.194981438931124,0.0354829660937433,0.0342156134503167
791,3.00764374663822,-1149.50459011066,-1151.00841198398,0.551075326720859,0.00449879963786959,0.112569777898611,0.0124035657045153,0.319452530038145,0.0713274857125111,0.0937556611693398,0.129662091867395,0.0320370011476267,0.553062796647052,0,0.116930690627454,0,0.330006512725495,0.0374547260701302,0.0908264484865322,0.133730466185114,0.0317735706751956
792,8.27739359010593e-06,-1252.89862909148,-1252.89863323017,0.433426755288886,4.76194010693348e-08,0.155668649362372,4.76194010693348e-08,0.41090450010994,0.5,0.153893625426522,0.0878154731742932,0.035606624993193,0.433426796567935,0,0.15566866418807,0,0.410904539243996,0.5,0.153893625426522,0.0878154731742932,0.035606624993193
793,1.11986110158159,-1122.22421127015,-1122.78414182094,0.534845149967067,3.79903654963654e-16,0.102542702454946,0.0187624255315304,0.343849722046456,0.107616875334436,0.117944126391419,0.0744142213675068,0.00445092202929006,0.525583194812817,0,0.124580580840579,0,0.349836224346605,0.0951203648805732,0.118369052388582,0.0746526838482384,0.00443992183322272
794,0,-1170.36576266767,-1170.36575137639,0.455885162061133,6.08186544536579e-08,0.198817237979386,6.08186544536579e-08,0.345297478322172,0.166223846623816,0.137393997143758,0.143173700768971,0.0107026198093323,0.455885217513784,0,0.198817262162983,0,0.345297520323233,0.166223846623816,0.137393997143758,0.143173700768971,0.0107026198093323
795,1.40225547511363e-05,-1245.48897809136,-1245.48898510264,0.452220068208165,4.41014683588127e-08,0.144168466216487,4.41014683588127e-08,0.403611377372411,0.12941804508017,0.130654656159938,0.116701329002137,0.0172279308120556,0.452220108095306,0,0.144168478932571,0,0.403611412972123,0.12941804508017,0.130654656159938,0.116701329002137,0.0172279308120556
796,0,-1239.82804002158,-1239.82803698009,0.480784844949643,2.9491437866059e-08,0.0964080198733442,2.94914378378688e-08,0.422807076194137,0,0.128483133536279,0.0830755737151197,0.0649594169222949,0.480784871185913,0,0.0964080295475072,0,0.42280709926658,0,0.128482538443506,0.0830749633635572,0.0649592948519824
797,1.60976003059614,-1215.38302135161,-1216.18790136691,0.4958007472992,3.44827562056072e-13,0.0919486550600587,0.0142120036783201,0.398038593962076,0,0.123247390419581,0.062770950714371,0.0469565876650876,0.489874130132556,0,0.105902968021651,0,0.404222901845792,0,0.120847048018139,0.0633782580573092,0.0467210789460134
798,0,-1134.46641800836,-1134.46640733177,0.551670157027259,4.78346789556976e-08,0.156372396702519,4.78346789556976e-08,0.291957350600864,0,0.184831917340809,0.0763308236982721,0.0271290542339578,0.551670208996983,0,0.156372411944463,0,0.291957379058555,0,0.184831969624655,0.0763308694466377,0.027128956201746
799,1.52189386426471e-07,-1201.43308089023,-1201.43308096632,0.468714170614594,5.03806769639243e-08,0.164695820862667,5.03806839990976e-08,0.366589907761378,0.363343875399349,0.159383254933969,0.0811760524289646,0.0356085295152498,0.46871471221681,0,0.164695195098121,0,0.366590092685069,0.363341599194915,0.159384065666664,0.0811749141986611,0.0356086280592043
800,1.27679718389118e-05,-1153.36896617243,-1153.36897255642,0.522613765424453,4.22439714494202e-08,0.13809627655037,4.22439714494202e-08,0.339289873537234,0.057664028761374,0.110302904130467,0.0544767398030504,0.0449551598655379,0.522613809579019,0,0.138096288217841,0,0.33928990220314,0.057664028761374,0.110302904130467,0.0544767398030504,0.0449551598655379
801,0,-1252.25747761373,-1252.25747267782,0.433588291528854,3.23318936816048e-08,0.105693522130087,3.23318936816048e-08,0.460718121677271,0.181383318456658,0.138059109179231,0.0919042174587911,0.0173799400256395,0.433588319566317,0,0.105693528964631,0,0.460718151469052,0.181383318456658,0.138059109179231,0.0919042174587911,0.0173799400256395
802,3.42366882683018,-1223.30436773775,-1225.01620215117,0.493066582135632,3.48621462382579e-12,0.123611183046006,0.0281968561350877,0.355125378679788,0.145549813869742,0.19003137769639,0.105797009866173,0.0498834659186943,0.487087736520617,0,0.150162384435639,0,0.362749879043744,0.136185970643633,0.186011596531737,0.105028788438923,0.0497901646203039
803,0,-1214.91029518527,-1214.91029234249,0.414739479276104,4.97566755509612e-08,0.162655436772551,4.97566755509612e-08,0.422604984437994,0,0.13657510581592,0.1190505303312,0.0144115586911153,0.414739520548224,0,0.16265545295894,0,0.422605026492836,0,0.13657510581592,0.1190505303312,0.0144115586911153
804,4.34408128768155,-1284.04064112723,-1286.21268177107,0.381994061811951,4.8215941256067e-08,0.125044148997507,0.0222436867101522,0.470718054264448,0,0.158632455682781,0.0914637995910089,0.031421926795922,0.365262489669002,0,0.156598831439616,0,0.478138678891382,0,0.152233072561506,0.0931237710203439,0.0313665021774453
805,4.202882166775,-1186.63245239659,-1188.73389347997,0.494208444946135,0.00494882959912499,0.116656833932234,0.0173745267337956,0.36681136478871,0.0462479109602825,0.146638103559114,0.0553542325470698,0.034109046608421,0.485619413125804,0,0.133226443234325,0,0.381154143639871,0.0238326637562333,0.141038034243858,0.0646881207503107,0.0338629720146867
806,1.20486386867242,-1245.35052573731,-1245.95295767165,0.470903784232939,7.7442998061405e-11,0.101371772287683,0.0237390676335867,0.403985375768348,0.5,0.236901916217271,0.0629878860387047,0.0286978213995137,0.463564301514383,0,0.132029241763334,0,0.404406456722282,0.5,0.24554057757,0.0661696674158568,0.0286477615452858
807,5.46195235127379,-1159.59890854454,-1162.32988472018,0.503334844163426,3.2060092492771e-10,0.130866076562656,0.038721388046509,0.327077690906808,0.115479351662183,0.141833691651686,0.0577421044394468,0.029188890786421,0.451917125119168,0,0.207910214862716,0,0.340172660018116,0.24852443852632,0.129053997826091,0.0578996354594594,0.0298567297587277
808,3.31242337814729,-1162.26632862202,-1163.9225403111,0.551678656599319,5.70089538282566e-124,0.117734255373619,0.0123496864636651,0.318237401563398,0.0370609243686476,0.170146899288635,0.0770106160926754,0.0274365573301691,0.556733894550122,0,0.125647916571028,0,0.317618188878851,0.0938730750327588,0.170336132219857,0.0828432282417578,0.027426489489632
809,2.40260169448447e-05,-1155.41087076294,-1155.41088277595,0.514660665543697,3.61939997535005e-08,0.118318813973444,3.61939997535005e-08,0.367020448094859,0.0886334439449037,0.146779953528207,0.0770498537710184,0.00398076066375737,0.514660702798956,0,0.118318822538307,0,0.367020474662737,0.0886334439449037,0.146779953528207,0.0770498537710184,0.00398076066375737
810,5.12429411575158,-1193.78021248436,-1196.34235954224,0.508971575863957,2.11392856698398e-30,0.104185652321478,0.0254682570328445,0.36137451478172,0.0612953969694284,0.167749696334436,0.062129421040323,0.0290057204620856,0.513817556840702,0,0.12257908828053,0,0.363603354878768,0.0968904292398609,0.172923864456749,0.0616249288873405,0.029010341956272
811,0,-1184.8595900269,-1184.85958713227,0.54809693048737,2.75921721444834e-08,0.0901992900845572,2.75921721444834e-08,0.361703724243728,0.141390311503916,0.134338902146361,0.096058860100125,0.0421374153369146,0.548096960733741,0,0.0901992950621462,0,0.361703744204112,0.141390311503916,0.134338902146361,0.096058860100125,0.0421374153369146
812,0.572300723755689,-1242.26410414084,-1242.55025450272,0.456480668040997,1.21331410816021e-17,0.107156875881442,0.0147972924944051,0.421565163583156,0,0.211263136709962,0.0462457613199802,0.0250876412499628,0.438839807456282,0,0.138121041641014,0,0.423039150902705,0.0963092372779283,0.210004628189534,0.044747546288539,0.0252825958546749
813,0.397712789145771,-1195.40709898062,-1195.6059553752,0.524224728650307,1.77652979797792e-25,0.113832432919263,0.0152889078608523,0.346653930569578,0,0.219968545852722,0.104408230445467,0.032885838533462,0.513074882285901,0,0.129806853586649,0,0.35711826412745,0,0.21823688882198,0.10109991647893,0.0328329895949852
814,0,-1208.38308733832,-1208.38308376051,0.495663495602359,3.08990514173212e-08,0.101009535876132,3.08990514173212e-08,0.403326906723406,0.219767632262389,0.125216246684742,0.0979867750795926,0.0282508874892916,0.495663526233424,0,0.10100954211833,0,0.403326931648246,0.219767632262389,0.125216246684742,0.0979867750795926,0.0282508874892916
815,0,-1108.92918806053,-1108.92918353293,0.610348651748272,2.84252295663275e-08,0.0929223748628854,2.84252254404153e-08,0.296728916538388,0.0434076942556142,0.152417251590732,0.0783109508130741,0.01192990280583,0.610348675382761,0,0.0929227084382192,0,0.296728616179019,0.0434079617605645,0.152417664284763,0.0783108759638516,0.0119300189297608
816,0,-1130.21614058089,-1130.2161344226,0.637453666040177,3.01402482150587e-08,0.0985289950256486,3.01402482150587e-08,0.264017278653678,0.0791046665278896,0.201233870002093,0.112946055433783,0.0312108612256888,0.637453704466203,0,0.0985290009650256,0,0.264017294568771,0.0791046665278896,0.201233870002093,0.112946055433783,0.0312108612256888
817,0,-1125.15020560592,-1125.15020162816,0.598513352517027,4.00727410540731e-08,0.130998486668341,4.00727410540731e-08,0.27048808066915,0.476049597197091,0.153712973027571,0.0601174791712114,0.043365487743549,0.598513400485172,0,0.130998497167279,0,0.270488102347549,0.476049597197091,0.153712973027571,0.0601174791712114,0.043365487743549
818,0.32108779223563,-1170.7418277471,-1170.90237164322,0.538358440634066,5.7690354730019e-25,0.0846670034089611,0.0119772372309402,0.364997318726032,0,0.154729799332541,0.0717188552244717,0.0160069283574095,0.524382606963214,0,0.103885058845678,0,0.371732334191107,0,0.143245626480401,0.0743973980029464,0.0160045304158719
819,0,-1139.79217362809,-1139.79216979571,0.520562040485138,3.56029558561702e-08,0.116386681205178,3.56029558561702e-08,0.363051207103772,0,0.104991017580814,0.0609483019463008,0.0153498647988618,0.520562077552235,0,0.116386689492599,0,0.363051232955166,0,0.104991017580814,0.0609483019463008,0.0153498647988618
820,2.75516251607314,-1176.41991198111,-1177.79749323915,0.472165226812439,0.00209559958181732,0.131433707152438,0.0396833679070543,0.354622098546251,0.244532570186667,0.147511452148184,0.0786856045385696,0,0.458132969245014,0,0.179931881423397,0,0.361935149331589,0.294008350812846,0.144990973580512,0.0810435593552026,0
821,10.0232183692233,-1148.52609345364,-1153.53770263825,0.571159607952466,0.00671304616947533,0.0807818882809858,0.0255420539811904,0.315803403615882,0.0442293496037625,0.140486381971019,0.111317976674403,0.0325125829454811,0.575329017186678,0,0.106393730502297,0,0.318277252311025,0.125017698031224,0.152053348984829,0.109970257541947,0.0324355645545556
822,0.0243618978906852,-1164.24094620506,-1164.253127154,0.551231570727276,0.00440590539685088,0.152719091369395,0,0.291643432506478,0.135380472666489,0.214993110796103,0.102654827181162,0.0153410066841446,0.543129181346838,0,0.165160947400937,0,0.291709871252226,0.226311781456596,0.214638524123214,0.103917351269638,0.0153324782264214
823,3.37730695272103,-1221.58952135965,-1223.27817483601,0.516031251385709,1.46382796675294e-11,0.10103574698802,0.0147132630921964,0.368219738519437,0,0.185600251347427,0.114454751187161,0.0237449605496328,0.514956587942624,0,0.110679523261926,0,0.37436388879545,0,0.18188835436085,0.11916820052891,0.0235358233566171
824,0,-1121.60959763113,-1121.60959614441,0.454233825494682,6.94789985712419e-08,0.227128053351354,6.94789985712419e-08,0.318637982195966,0.0150690231794818,0.103284500148241,0.0769359863110619,0.0297877336195127,0.454233888614114,0,0.227128084912618,0,0.318638026473268,0.0150690231794818,0.103284500148241,0.0769359863110619,0.0297877336195127
825,1.07485752862249,-1161.9079379279,-1162.44536669221,0.494579912569011,9.53832697216798e-15,0.120625643409805,0.0130461005225683,0.371748343498606,0.0598995482933586,0.124200238792574,0.0667422823116752,0.00545244665736611,0.480833174412542,0,0.139265039325777,0,0.379901786261681,0.0600308987296974,0.117589436415576,0.0650845366100125,0.00543382478172158
826,0,-1231.87248089649,-1231.87247625141,0.476162250280532,4.1306898304355e-08,0.135032968159875,4.1306898304355e-08,0.388804698945796,0.110694309496438,0.196600832108906,0.107034588854015,0.0126277155194928,0.476162289618107,0,0.135032979315462,0,0.388804731066431,0.110694309496438,0.196600832108906,0.107034588854015,0.0126277155194928
827,3.03855572076372,-1209.72667085708,-1211.24594871746,0.472284783815904,9.11415620167454e-15,0.142949969902155,0.0166312961606645,0.368133950121268,0.0905313365034593,0.188208092121652,0.115874489399545,0.0153152552076108,0.462014930640776,0,0.170605472102575,0,0.367379597256649,0.108906549682238,0.201312889617097,0.116512965033463,0.0153291543836663
828,5.68163413774255,-1208.73167412404,-1211.57249119291,0.478752581926761,0.00580347709844105,0.106324946333317,0.0155762708849237,0.393542723756557,0.163502191628988,0.161286971723084,0.0704557810936277,0.00580929861385604,0.464777126496698,0,0.126137666972608,0,0.409085206530694,0.136276526940389,0.154771826646514,0.0693949707539016,0.00577460441765204
829,12.5302734047232,-1219.75021739559,-1226.01535409795,0.451073234388072,1.82997300199422e-15,0.094515822266354,0.0478571666618924,0.40655377668368,0,0.13012991482459,0.087165424757383,0.0293609632502763,0.447085230334367,0,0.139914198853181,0,0.413000570812452,0,0.134078927666429,0.0912973434289248,0.0293297868490701
830,1.12976629415607,-1263.89322783949,-1264.45811098656,0.417892249435209,2.09048695795564e-57,0.0973520628034951,0.0275448333152326,0.457210854446064,0.233555036528124,0.123129849511242,0.0617498016128543,0.031677200232002,0.421799853266762,0,0.117892157889991,0,0.460307988843246,0.213586217515348,0.123033565145108,0.063090031604703,0.0315180081853083
831,1.59204341798613e-05,-1130.64715579264,-1130.64716375286,0.508657331707328,4.39614037812396e-08,0.143710592679133,4.39614037812396e-08,0.347631987690731,0.167200244575378,0.128375621789796,0.0263927844862892,0.0244418085554301,0.508657376429913,0,0.143710605314573,0,0.347632018255514,0.167200244575378,0.128375621789796,0.0263927844862892,0.0244418085554301
832,0.804846927453127,-1171.70912735844,-1172.11155082217,0.560671661867665,0.00633087965720445,0.0874232045165296,0.00563459714248494,0.339939656816117,0.145737724168556,0.180668685461168,0.116429987566742,0.00511871403792599,0.544940918238052,0,0.104980977076445,0,0.350078104685503,0.15476151618892,0.172001024847971,0.113603045429324,0.00509761028684758
833,7.06897552645751,-1220.07125144078,-1223.60573920401,0.466661660668429,0.00550118708731574,0.0888504034983588,0.0357408040653918,0.403245944680505,0.335255152525852,0.143861089388915,0.0495343771042082,0.02529579510076,0.455304508858979,0,0.132664450849829,0,0.412031040291192,0.274787761795714,0.147701571620163,0.0624342305658283,0.0253165173780008
834,0.888187123703119,-1226.40650020127,-1226.85059376312,0.526441522289354,0.00680459944572496,0.113658110365637,3.22757534088929e-05,0.353063492145875,0.0248084318058485,0.19852267998885,0.142417986016735,0.0331143552463084,0.524370974625254,0,0.115393715300652,0,0.360235310074094,0.00615813582085837,0.198370603633509,0.141849048265886,0.0330716138722721
835,3.19926353072105,-1161.85791060939,-1163.45754237475,0.530433924403279,7.65556403235715e-17,0.0841408231699935,0.0365671161173166,0.348858136309411,0.0299358334615696,0.155129906270306,0.0718288764442163,0.0227135607226746,0.509556790602186,0,0.135158188481589,0,0.355285020916225,0.0625621488895952,0.135805305242912,0.0805765717289109,0.0226739959891868
836,1.84586545149205,-1222.93134710312,-1223.85427982887,0.42228494158247,4.45354662400459e-15,0.113378409828024,0.0202233407067605,0.444113307882742,0,0.121517264183834,0.0430245970283052,0.0191337129697762,0.411602330489041,0,0.13771500567601,0,0.450682663834949,0,0.119558071217619,0.0437960301173717,0.0190197336592592
837,0.751861921953605,-1232.78784128169,-1233.16377224266,0.422725963809315,0,0.135197266622271,0.0093097225081158,0.432767047060298,0.0396328027957737,0.13040529049226,0.0924486555483033,0.0214456878745866,0.417356011354597,0,0.142598432937254,0,0.440045555708149,0.0142535943912424,0.127406138290396,0.0921953515421392,0.0214306491686404
838,0,-1166.83367077314,-1166.83366220816,0.521226169574726,3.57822603729148e-08,0.116972830785379,3.57822603729148e-08,0.361800928075374,0,0.150398418463234,0.0665465262770736,0.0201908546772274,0.52122620687603,0,0.116972839156484,0,0.361800953967486,0,0.150398418463234,0.0665465262770736,0.0201908546772274
839,2.15262034757416,-1214.03696640204,-1215.11327657583,0.491053204734201,0.0162065030223165,0.0862868672016121,0.0285154526049185,0.377937972436952,0.142785821903613,0.201199357407892,0.0906586895344274,0.0056864440251034,0.470327049420975,0,0.137097393040599,0,0.392575557538426,0.13237696829658,0.197882854702084,0.0887377906121893,0.00564264034330518
840,3.40325220183149,-1179.88780611279,-1181.5894322137,0.489111879714934,0.00523837001969287,0.10431744376423,0.0370158410394353,0.364316465461708,0.045866014387645,0.189112899981576,0.0547936472482116,0.0176899962781452,0.458864694646691,0,0.153243180419165,0,0.387892124934144,0.0979691466857127,0.159295721882862,0.0490106158263114,0.0176629139949472
841,0,-1183.71302668443,-1183.71301956267,0.44438022056696,4.68864577848093e-08,0.153272645032222,4.68864577848093e-08,0.402347040627903,0.191463092774057,0.0532961175172089,0.10205033452639,0.0324003411322164,0.444380262237792,0,0.153272659405046,0,0.402347078357162,0.191463092774057,0.0532961175172089,0.10205033452639,0.0324003411322164
842,3.87201064544115,-1185.02693341408,-1186.9629387368,0.530182996738442,2.6676515889809e-14,0.0548362673287233,0.0291192032854313,0.385861532647376,0,0.210488017540693,0.022807555710114,0,0.524667723196702,0,0.0817711692709933,0,0.393561107532305,0,0.203062355641073,0.0226575556994013,0
843,2.60765583504963,-1276.3420656636,-1277.64589358113,0.415982070223111,5.37528375839786e-15,0.127287257549879,0.0155308064926729,0.441199865734332,0.0189358536108157,0.201777516036565,0.117160745964735,0.0164441615195442,0.419143275153063,0,0.139384051141662,0,0.441472673705274,0.0677623031924325,0.199545896778143,0.11885817281721,0.016441959918447
844,0,-1209.97899891317,-1209.97899616257,0.466695246724274,4.23943286318757e-08,0.138587796791894,4.23943286318757e-08,0.394716871695174,0.253053648321208,0.156991212433666,0.103826834688907,0.0247776287097185,0.466695286294741,0,0.138587808542568,0,0.394716905162691,0.253053648321208,0.156991212433666,0.103826834688907,0.0247776287097185
845,0,-1196.1855295846,-1196.18552071786,0.450918899636788,4.41533914044449e-08,0.144338202659189,4.41533914146207e-08,0.40474280939724,0.0771150371171119,0.114363417482867,0.10887374096973,0.0105922797049683,0.450918930588341,0,0.144338217344941,0,0.404742852066718,0.0771149892997118,0.114363031265404,0.108873671082761,0.0105920884353677
846,0,-1165.24773726413,-1165.24773531323,0.492269805113654,4.91905334573605e-08,0.160804708433282,4.91905334573605e-08,0.346925388071997,0,0.135983698254586,0.0822278552356634,0.0426869154383148,0.492269853543688,0,0.160804724253422,0,0.34692542220289,0,0.135983698254586,0.0822278552356634,0.0426869154383148
847,0,-1134.12642278131,-1134.12641414314,0.482460796284827,5.24386269437675e-08,0.171422782467761,5.24386269437675e-08,0.346116316370159,0.0168080490049728,0.135216291815026,0.0484853045982762,0.0111482064775721,0.482460846883995,0,0.171422800446113,0,0.346116352669892,0.0168080490049728,0.135216291815026,0.0484853045982762,0.0111482064775721
848,1.03286987668571,-1184.21630108172,-1184.73273602007,0.505008360051517,1.27174637044872e-15,0.116501883637067,0.0109485022156179,0.367541254095797,0,0.173168828913586,0.0344215008314999,0.0452103779792834,0.491208489448857,0,0.134320539225492,0,0.374470971325652,0.00517859513478009,0.167982771092623,0.0335946841879473,0.0451720534876402
849,10.5572533361747,-1156.07047922659,-1161.34910589467,0.556329737827095,3.43879582988401e-10,0.0941450070423505,0.0240117509879609,0.325513503798714,0,0.168069047266599,0.0638733099718497,0.0303859121233025,0.560779238593803,0,0.108308442290126,0,0.330912319116071,0,0.174820245856966,0.0690711326783439,0.0303427363083624
850,2.86507804580697,-1145.36348607492,-1146.79602509783,0.551397404719471,6.69436968403299e-144,0.0886283188735169,0.0236036826202081,0.336370593786804,0.326925499852054,0.11431707682292,0.0502516640354907,0.0358429494815742,0.543088090944046,0,0.114897092968426,0,0.342014816087529,0.5,0.107304640114218,0.0501601922878438,0.0358302981878251
851,1.83180477286942,-1167.4253842869,-1168.34128667333,0.5719124975134,5.98441683852046e-252,0.0677382821978901,0.0248084682738479,0.335540752014862,0,0.166753752553307,0.0878628011130549,0.0226980936927112,0.554064693952522,0,0.107161643117248,0,0.33877366293023,0.0614975421419327,0.159234128085815,0.0880722631016447,0.0226648550930637
852,8.05393086295862,-1227.61089272665,-1231.63785815813,0.409623061174,4.40492082424014e-31,0.131832276285282,0.0672865596329906,0.391258102907727,0.267741715489699,0.169900163298954,0.0699459140993257,0.0265594511233451,0.402238408406726,0,0.192926024707349,0,0.404835566885924,0.172295531588656,0.188833614819609,0.0691033372363044,0.0264990766542936
853,8.27636337740432,-1170.74934278761,-1174.88752447631,0.536288728076988,8.91407918063337e-23,0.0928038318064599,0.0440804984244329,0.326826941692119,0,0.195284740795652,0.082791600329491,0.0296063724135252,0.523785286664164,0,0.138787265660584,0,0.337427447675252,0,0.188161987131522,0.0831914336791032,0.029586210543578
854,2.00478370970814e-06,-1179.64447392669,-1179.64447492908,0.442079557886266,6.30264288867362e-08,0.206034490955619,6.30264288867362e-08,0.351885825105258,0.0984969797738561,0.183281346267439,0.0536757908050758,0.021593606770681,0.442079613611664,0,0.206034516926858,0,0.351885869461477,0.0984969797738561,0.183281346267439,0.0536757908050758,0.021593606770681
855,0,-1208.35380232533,-1208.35379643245,0.47461096435942,3.79533046743028e-08,0.124072687581954,3.79538918882376e-08,0.401316272151429,0.232747249824397,0.100161770638414,0.0739293872698644,0.0307216025942398,0.474611050335187,0,0.124073720535864,0,0.401315229128949,0.232747267201788,0.100162018275744,0.0739291398041503,0.0307211408119677
856,0,-1154.71639902239,-1154.71639272959,0.545703856971771,4.01528782657848e-08,0.131260456605608,4.01528782657848e-08,0.323035606116864,0,0.149667133386743,0.0955377271598447,0.0319790823055578,0.545703900794936,0,0.13126046714658,0,0.323035632058485,0,0.149667133386743,0.0955377271598447,0.0319790823055578
857,1.68928504758333,-1167.73086366712,-1168.57550619091,0.53867255261272,5.70501851509422e-21,0.102881420359665,0.0236579456560108,0.334788081371604,0.298571229135887,0.19112516256628,0.110038677435327,0.0176136983532466,0.521927325807907,0,0.132546124387136,0,0.345526549804957,0.29927892711906,0.182648452043849,0.106798367412745,0.0175969382372483
858,0.802313016701191,-1236.08548661304,-1236.48664312139,0.491846696364643,0.00680054830781097,0.116625212565722,2.99224385691731e-09,0.38472753976958,0.167822383231911,0.150516379751104,0.0790268549172074,0.0535738286062675,0.491458661977124,0,0.117967619884497,0,0.39057371813838,0.126444350369063,0.150800646214999,0.0788893716299305,0.0534577550906705
859,0,-1203.77431669686,-1203.77430875453,0.459497328389645,3.80700359154809e-08,0.124451608778344,3.80700359154809e-08,0.416050986691939,0.0786863725095484,0.160416302373857,0.0311577868542018,0.0216354340385194,0.459497363375807,0,0.124451618254099,0,0.416051018370093,0.0786863725095484,0.160416302373857,0.0311577868542018,0.0216354340385194
860,0.614604932946349,-1216.66798610519,-1216.97528857166,0.50431247596791,0.00718406451959111,0.0787071363439802,0.02753998171136,0.382256341457158,0.145670431035038,0.162487618002816,0.0995881629575259,0.0163978256453194,0.496099279736311,0,0.111113608680506,0,0.392787111583183,0.2091223498216,0.155958082228274,0.10065053282648,0.0163952930060656
861,0,-1179.22288863995,-1179.22288210533,0.505944797383374,3.97045178355036e-08,0.129796582488899,3.97045749951877e-08,0.364258540718635,0.291577740028282,0.124270390368473,0.106053613597108,0.00662659240336785,0.505942821497658,0,0.129795529166796,0,0.364261649335545,0.291561055499258,0.12427047766951,0.106053792020343,0.0066271028285607
862,0,-1274.08666580599,-1274.08666390449,0.41757471101323,5.25584504801561e-08,0.171814487689845,5.25584504801561e-08,0.410610696180024,0.268623298004907,0.175830366414828,0.122299281823365,0.0485841834449898,0.417574754907394,0,0.171814505750454,0,0.410610739342152,0.268623298004907,0.175830366414828,0.122299281823365,0.0485841834449898
863,0,-1177.36353130109,-1177.36352934604,0.54188040609249,3.00365630988273e-08,0.0981900469096658,3.00365631188778e-08,0.359929486924718,0,0.123273734923324,0.112036883457634,0.0219580500188504,0.541880441183176,0,0.0981900525450387,0,0.359929506271785,0,0.123273737124297,0.112036923075152,0.0219579531760281
864,1.8425114040615,-1217.24170109396,-1218.16295679599,0.454794941303302,7.67381468452978e-74,0.0970875614399312,0.0325026080615887,0.415614889195178,0.190065671946271,0.146774743312081,0.0658596545496124,0.0165276648411484,0.424240266483542,0,0.149099315895333,0,0.426660417621126,0.227698636980443,0.122373853008378,0.0656405761624656,0.0165489272092393
865,0,-1206.82676427952,-1206.82675856473,0.480296944978558,4.03739967423535e-08,0.131983296746886,4.03739967423535e-08,0.387719677526562,0.268737062209874,0.131856783907074,0.0859748255184824,0.0266127219972136,0.480296983761576,0,0.131983307404273,0,0.387719708834151,0.268737062209874,0.131856783907074,0.0859748255184824,0.0266127219972136
866,0,-1138.1950481518,-1138.19503896085,0.526329432678117,4.23995467073117e-08,0.138604854771144,4.23995467073117e-08,0.335065627751645,0.1763939667284,0.112960103638004,0.0286932108534007,0.0518461629261202,0.52632947731038,0,0.138604866524711,0,0.335065656164909,0.1763939667284,0.112960103638004,0.0286932108534007,0.0518461629261202
867,0.774090091635571,-1208.42309236572,-1208.81013741154,0.482256848017519,0.0152187120871313,0.139742515862003,5.15677080466584e-13,0.36278192403283,0.304284891934981,0.188315552772126,0.0668681829375143,0.0343239855039806,0.474089343415764,0,0.150134586235094,0,0.375776070349142,0.292495446279771,0.174276381043623,0.0611944112804076,0.0342914840470358
868,0,-1140.9281357029,-1140.92813242515,0.557655279038188,3.65477523385361e-08,0.119475237319483,3.65477523385361e-08,0.322869410546825,0.156079407625157,0.161544015137071,0.085112618773505,0.015983485790671,0.557655319800285,0,0.119475246052586,0,0.322869434147129,0.156079407625157,0.161544015137071,0.085112618773505,0.015983485790671
869,1.40173096951912e-06,-1158.5892846433,-1158.58928534417,0.532138206824545,4.87447802485338e-08,0.159347533449793,4.87447802485338e-08,0.308514162236102,0.301847909190511,0.172289165374499,0.0701990865764905,0.0169259123724568,0.53213825870247,0,0.159347548984515,0,0.308514192313015,0.301847909190511,0.172289165374499,0.0701990865764905,0.0169259123724568
870,0,-1174.09971657468,-1174.09971423536,0.530850016150755,3.25916028248618e-08,0.106542515900254,3.25916028512723e-08,0.362607402765786,0,0.13544198474233,0.0693648627039723,0.0321496634746891,0.530850050239361,0,0.106542522741896,0,0.362607427018744,0,0.1354419793934,0.0693648706869368,0.0321497755569586
871,12.8223276981798,-1165.48630985683,-1171.89747370592,0.522330620016647,0.00299638149279501,0.0922262416154089,0.0364122360740171,0.346034520801132,0,0.139794407627634,0.0646475362658555,0.0216027698044837,0.525224159461493,0,0.11006103138693,0,0.364714809151577,0.00746988251535336,0.135058780940081,0.0773664773139516,0.0213601668951356
872,2.92163058475126e-05,-1115.29489919521,-1115.29491380336,0.573977536010971,3.45003895336614e-08,0.112782193902083,3.4500364164298e-08,0.313240201086192,0.0371845969232677,0.131647372211268,0.0675920334249902,0.0156106805293521,0.573977246625312,0,0.11278229818657,0,0.313240455188118,0.0371848390851066,0.1316474403782,0.0675920676629109,0.01561083509766
873,2.10715715491642,-1218.35033989746,-1219.40391847492,0.460679233039284,0.00330159068609783,0.101785942538222,0.0179170335518804,0.416316200184515,0,0.0945242759061912,0.0906066239255007,0.0338280946105034,0.451219215308178,0,0.122532818301689,0,0.426247966390133,0,0.0897116602141535,0.0900355865173515,0.0337533978864567
874,1.3086971772891,-1236.79503286089,-1237.44938144953,0.504424521003343,2.46180773276836e-18,0.0756731026826565,0.0178850094894763,0.402017366824524,0.0328389340589962,0.185016390456972,0.107134946808048,0.021065291667245,0.495303380477265,0,0.102645670065165,0,0.402050949457569,0.14070857242262,0.182081673236913,0.116924341632748,0.0211653584749855
875,0,-1225.70884952663,-1225.70884230727,0.503721323776275,3.63106646688818e-08,0.118700193608584,3.63106646688818e-08,0.377578409993811,0,0.147076715958502,0.160042794390192,0.0381144176169558,0.50372136035719,0,0.11870020222875,0,0.377578437414059,0,0.147076715958502,0.160042794390192,0.0381144176169558
876,0,-1188.46908371034,-1188.469075146,0.48830006462988,4.39226331290723e-08,0.143583850743656,4.39226331290723e-08,0.368115996781197,0,0.137635250991148,0.0602878788350961,0.045583497692376,0.488300107524733,0,0.143583863356819,0,0.368116029118448,0,0.137635250991148,0.0602878788350961,0.045583497692376
877,4.53228162895357,-1131.79230456325,-1134.05844537773,0.541252642119953,2.54188577637196e-12,0.138399973066457,0.0216233585518423,0.298724026259205,0.067247875047935,0.104790567797412,0.139987080543154,0.019677460411895,0.534559647339917,0,0.159413133097935,0,0.306027219562148,0.11100275970502,0.0982231120526307,0.139052985602433,0.0195545271973778
878,0,-1169.00883141439,-1169.00882733661,0.494234525365796,4.68175643975204e-08,0.153047431352326,4.68175643975204e-08,0.352717949646749,0.352841669528408,0.12627456744527,0.0457600918985496,0.0418109204087949,0.494234571643514,0,0.153047445682943,0,0.352717982673542,0.352841669528408,0.12627456744527,0.0457600918985496,0.0418109204087949
879,0,-1204.57782151078,-1204.57781724943,0.507032262895236,3.38763758813588e-08,0.110742461272557,3.38763758813588e-08,0.382225208079455,0.200163324138384,0.166753572527497,0.0572488013613163,0.0262488459634753,0.50703229724807,0,0.110742468775664,0,0.382225233976267,0.200163324138384,0.166753572527497,0.0572488013613163,0.0262488459634753
880,0,-1196.75713032436,-1196.75712593345,0.531126538734926,2.97159256668398e-08,0.097141877243989,2.97159256668398e-08,0.371731524589233,0,0.179512679596103,0.103861259681641,0.0246793936305914,0.531126570300762,0,0.0971418830173109,0,0.371731546681927,0,0.179512679596103,0.103861259681641,0.0246793936305914
881,3.39825022554396,-1184.13136329305,-1185.83048840583,0.517602642439751,0.00433719314673446,0.0994334353432869,0.0169330172900385,0.361693711780189,0,0.165440540364076,0.0703369048829273,0.034410985755753,0.516662651644942,0,0.109977219288869,0,0.373360129066189,0,0.16271929780397,0.0692743841619142,0.034281005539439
882,11.0593974183193,-1197.27875620541,-1202.80845491457,0.51333856771521,9.12215481356945e-20,0.0818552165296881,0.0237019913118975,0.381104224443205,0.0694474197042486,0.120127628587145,0.0518921649270858,0.043553337939716,0.515551878554262,0,0.0928202288707236,0,0.391627892575014,0,0.130026929939543,0.0515331738417435,0.0426539581665805
883,0,-1197.03726706234,-1197.03726061101,0.467733450023214,4.51242905605932e-08,0.147512089763059,4.51242905605932e-08,0.384754369965146,0.0185337850039686,0.123137325888372,0.0872156060285508,0.0250354160957518,0.467733492235498,0,0.147512103075817,0,0.384754404688685,0.0185337850039686,0.123137325888372,0.0872156060285508,0.0250354160957518
884,0,-1113.88393743126,-1113.8839283027,0.507706875770525,5.0761916799548e-08,0.165941587877706,5.0761916799548e-08,0.326351434827935,0.36781041434038,0.110263230333504,0.0724631697889574,0,0.507706927314879,0,0.165941604724734,0,0.326351467960388,0.36781041434038,0.110263230333504,0.0724631697889574,0
885,4.5141989709964,-1172.10766672167,-1174.36476620716,0.546929942097647,0.013993653809251,0.0916438653812655,0.0123747062783326,0.335057832433504,0,0.215236557487371,0.0820394839316742,0.0106418103204286,0.536598369412103,0,0.114652355006684,0,0.348749275581213,0,0.205848961649373,0.0794285404853262,0.0106139640315677
886,1.47506727738619,-1174.19857431359,-1174.93610795228,0.545792488946737,2.33934874009392e-23,0.0768542529319664,0.025442374342412,0.351910883778885,0.216830817507581,0.135076812922004,0.0751407523200079,0.0175723819205453,0.528982890492674,0,0.10871453928379,0,0.362302570223535,0.22483283591923,0.124808505176607,0.0753053689891811,0.017573062717742
887,3.52598560600018,-1092.71667250506,-1094.47966530806,0.569658254808467,0.00475195368109472,0.105749368602523,0.0250139797383216,0.294826443169593,0,0.11086323338916,0.102793604237395,0.0162027520728328,0.55191037125025,0,0.140618367914623,0,0.307471260835128,0.023088262516213,0.10160557011041,0.10207136650922,0.0159956283095121
888,8.25136294240156,-1213.75433975282,-1217.88002122402,0.521429834051927,6.0049862910749e-10,0.098166220378005,0.0416018041589861,0.338802140810583,0,0.155844356257971,0.170050189062652,0.0487243122810324,0.511288902046648,0,0.134990375360566,0,0.353720722592786,0.0755564052334702,0.148891251672509,0.176611844912731,0.0486031660692813
889,0.0175485866488998,-1190.01801710132,-1190.02679139464,0.565132211869668,1.12624059357924e-21,0.0730027369373911,0.0118584597331196,0.350006591459821,0,0.18908249580591,0.115632972284194,0.0213267125600465,0.551691689568439,0,0.0929807300814381,0,0.355327580350123,0.00784024660976607,0.176884171238348,0.114740791158776,0.0213086384536535
890,0,-1170.44350898278,-1170.44349875395,0.476316642933004,5.06723016009481e-08,0.165648634331738,5.06723016009481e-08,0.358034621390654,0.0403199290218892,0.144754252212886,0.0834540540619627,0.00639365959178034,0.476316690824515,0,0.165648651239729,0,0.358034657935755,0.040319933599459,0.14475424916091,0.0834540632167877,0.00639359089597138
891,0,-1157.45562709681,-1157.45562403853,0.497804700038518,5.18316071840088e-08,0.169438424531097,5.18316072254938e-08,0.332756771767171,0.185227367762652,0.169046499191057,0.052685551429867,0.0271466845837158,0.497804748962201,0,0.169438442275972,0,0.332756808761828,0.18522735486525,0.169046557229364,0.0526852483409292,0.0271466523402118
892,3.97675193792111,-1201.7867320074,-1203.77510797636,0.542434069964317,1.6335608284443e-15,0.0675580021108414,0.0198684539573289,0.370139473967511,0.0213797891789753,0.158857137532576,0.109091148407975,0.0210383043585494,0.52762897939643,0,0.0944334142106776,0,0.377937606392893,0.398963110290975,0.15477969255792,0.112428055902035,0.0208660462351407
893,7.00768883886803,-1226.30918677276,-1229.81303119219,0.500675205928432,9.64057854149134e-11,0.055418833219961,0.0568511836857052,0.387054777069496,0,0.160893654052655,0.0999666490915197,0.0348951893961822,0.498832872854695,0,0.0987850372443675,0,0.402382089900938,0,0.150283319163913,0.0941729687214933,0.034679439272749
894,1.28890772069917,-1155.36057550139,-1156.00502936174,0.569147676457261,2.7350669174136e-20,0.0982309342398748,0.02604185151407,0.306579537788794,0,0.146309804317057,0.118499814059054,0.0440483965695041,0.553566875921934,0,0.13374832391145,0,0.312684800166615,0.12219864636935,0.142066624898768,0.116432013239486,0.0441599955828888
895,5.03635656059487e-05,-1251.59471778907,-1251.59474297085,0.389978860123275,5.52159621800019e-08,0.180501939604189,5.52159621800019e-08,0.429519089840611,0.0125783493123726,0.0980239265412776,0.107800735744395,0.0518832487715715,0.389978903189396,0,0.180501959537368,0,0.429519137273236,0.0125783493123726,0.0980239265412776,0.107800735744395,0.0518832487715715
896,0.692563802522727,-1208.32835779383,-1208.67463969509,0.520281334304069,5.99742657270543e-14,0.0711970446924716,0.0248069835292128,0.383714637474187,0,0.145614006288981,0.0801423743826067,0.0367352439932139,0.504213743712982,0,0.103650183857694,0,0.392136072429324,0.0107813393313235,0.132046155446609,0.0810742461017085,0.036744568378668
897,0.63148126514352,-1208.05612819396,-1208.37186882653,0.537555129234824,5.31078554228944e-09,0.0925832849358263,0.0150865459354366,0.354775034583127,0.342744973653506,0.182382860007001,0.114773503457602,0.0171507742207587,0.527379165065719,0,0.112868507315038,0,0.359752327619243,0.374670062010055,0.175863471940171,0.120342072809064,0.0171390609194657
898,0,-1143.16349580731,-1143.16349398633,0.480604060892531,5.13902258933249e-08,0.167995542165319,5.13902259504073e-08,0.351400294161698,0,0.118886497275243,0.0528759564128533,0.0205868697039421,0.480604112560143,0,0.167995558130417,0,0.35140032930944,0,0.118886452373522,0.052875941445613,0.0205867998568209
899,0,-1165.80068116288,-1165.80067383735,0.499007275013633,4.79978931000157e-08,0.15690594638601,4.79978931000157e-08,0.34408668260457,0.00824193107491302,0.168163559760632,0.106632651362252,0.0105759691911318,0.499007322916234,0,0.156905961448322,0,0.344086715635445,0.00824193107491302,0.168163559760632,0.106632651362252,0.0105759691911318
900,0,-1147.39626223388,-1147.39625778182,0.579242158254705,3.37234345251429e-08,0.110242493322118,3.37234345251429e-08,0.310515280976308,0.15837258422055,0.170262009826572,0.0970415240910788,0.0267514128717547,0.579242197322778,0,0.110242500757629,0,0.310515301919593,0.15837258422055,0.170262009826572,0.0970415240910788,0.0267514128717547
901,2.98025361189502e-06,-1198.82153440451,-1198.82153589464,0.49157662319731,2.71661887832534e-08,0.0888067430763121,2.71661887832534e-08,0.419616579394,0,0.13423588977143,0.0290904944265855,0.0240579231271164,0.491576649905838,0,0.0888067479013939,0,0.419616602192768,0,0.13423588977143,0.0290904944265855,0.0240579231271164
902,2.10007133325371,-1212.33379585453,-1213.38383152116,0.479106792078807,1.93088336959147e-22,0.141750803703821,0.0171681058735866,0.361974298343786,0.0625919496203203,0.181291519488185,0.12690488180281,0.0174294068149335,0.46824327922238,0,0.163766515157748,0,0.367990205619872,0.104826067409977,0.175263878821508,0.132458390417741,0.0174365364197608
903,0,-1187.66491014469,-1187.66490441077,0.504364232738978,3.52391426436346e-08,0.115197369493065,3.52391426436346e-08,0.380438327289672,0.191912464454347,0.167824987283447,0.0832044380911961,0.00917987034116655,0.504364268285707,0,0.115197377611978,0,0.380438354102315,0.191912464454347,0.167824987283447,0.0832044380911961,0.00917987034116655
904,2.08247906411907,-1205.05615403535,-1206.09739356741,0.526554116584407,8.72219680294147e-88,0.0988555342379276,0.0138482129693132,0.360742136208352,0.220085504107643,0.212368603079022,0.0668672536561623,0.0392087432907845,0.525627163513174,0,0.103300697944232,0,0.371072138542594,0.183709278776753,0.208079974267174,0.0655181878841484,0.0390381013592191
905,0,-1196.15331430734,-1196.15330937879,0.551546998914047,2.70737129182099e-08,0.0885044378669508,2.70737129182099e-08,0.359948509071576,0,0.200561809073421,0.0880343281658743,0.016959786200765,0.551547028778899,0,0.0885044426592386,0,0.359948528561862,0,0.200561809073421,0.0880343281658743,0.016959786200765
906,8.85007284523454e-06,-1243.33124259804,-1243.33124702308,0.45372954359677,2.72010589668469e-08,0.0889207343122608,2.72010589668469e-08,0.457349667688851,0.297894347644203,0.124314451689421,0.0786190533439321,0.0154217680622494,0.453729568280619,0,0.0889207391497373,0,0.457349692569643,0.297894347644203,0.124314451689421,0.0786190533439321,0.0154217680622494
907,13.0600977063054,-1166.00713853231,-1172.53718738546,0.499976015922507,0.013215949599197,0.104607815648837,0.0248673252875451,0.357332893541914,0,0.132299890840978,0.0918236537691089,0.0240314331595921,0.497168472482815,0,0.1352750520851,0,0.367556475432085,0.00613271142737454,0.130164100339622,0.0907499590990701,0.0240208688598833
908,0,-1165.47580887187,-1165.47580182476,0.534866779314079,3.37631388601821e-08,0.110373626770686,3.37631918503912e-08,0.354759526388905,0.0378171552545866,0.121898166637587,0.0910360510811647,0.033113919949382,0.534865727639395,0,0.110373909796522,0,0.354760362564083,0.0378146445669501,0.121896361797592,0.0910362097085285,0.0331139704432616
909,0.964060430411337,-1171.06161721521,-1171.54364743042,0.509554023487567,1.68802639573202e-12,0.127054178448818,0.0318744775281234,0.331517320533804,0.110228621096889,0.162029562690412,0.0703088905171729,0.0355089729127167,0.494964605037531,0,0.169696338462253,0,0.335339056500217,0.253835398154574,0.157861122101165,0.0715199597331623,0.0352008709867706
910,2.42607561586738,-1239.64733236181,-1240.86037016974,0.485129457971438,3.11908120474693e-14,0.093486047753382,0.0158025052873186,0.405581988987831,0,0.145611534262905,0.106094247799616,0.0317807512193304,0.473109238741904,0,0.113635188950108,0,0.413255572307988,0,0.140204802100406,0.107569729943782,0.0317847469453414
911,3.86162600459693,-1215.55794147571,-1217.48875447801,0.400708606471328,3.79418264819127e-10,0.116669451462936,0.0335357437993367,0.449086197886982,0.0974438309059062,0.0700385343118618,0.0621882063111954,0.00698821358518618,0.392520434451692,0,0.153245370798443,0,0.454234194749865,0.412442146815822,0.0548599515466753,0.061216086759062,0.0069489534530456
912,2.76127563154887,-1243.09424461274,-1244.47488242852,0.473442918663,1.47653488040324e-29,0.106204216176628,0.0148809059791854,0.405471959181187,0,0.247157567742145,0.0388619069624246,0.0261672534344977,0.468466232521523,0,0.122943350954523,0,0.408590416523954,0.0480032701976125,0.245448835661116,0.0385721264619478,0.026157458214582
913,0.0238619286064932,-1208.68671187928,-1208.69864284359,0.461949056722524,8.06314975909732e-20,0.132419973737489,0.014254464938467,0.39137650460152,0.279057319598807,0.113717802796773,0.0686371704372278,0.0446002558259838,0.448453299339338,0,0.159250443429936,0,0.392296257230726,0.308199514454354,0.107646441674029,0.0816494193262763,0.0443609534103083
914,0,-1179.18708216997,-1179.18707305003,0.481432328381089,3.98788336367556e-08,0.130364599952479,3.98788336367556e-08,0.388202991908765,0,0.126939711156697,0.0735714313774777,0.01901081441991,0.481432366779011,0,0.130364610350057,0,0.388203022870933,0,0.126939711156697,0.0735714313774777,0.01901081441991
915,0,-1256.72419124394,-1256.72418423437,0.431760774022694,4.85018024159242e-08,0.158553251948454,4.85018064768044e-08,0.409685877025244,0.0719474562670265,0.163536051176902,0.0809398182499447,0.0604321419216701,0.431761058937064,0,0.158553270304247,0,0.409685670758689,0.0719469211033329,0.163535427047275,0.0809397607893975,0.0604323390838942
916,0.34022296512876,-1167.16078104618,-1167.33089252875,0.574699594733546,4.89983236770453e-25,0.106228679749229,0.00936441894923984,0.309707306567986,0.092986009689545,0.190259160666977,0.11371246430574,0.0287181750220117,0.571136785454344,0,0.119134643388884,0,0.309728571156772,0.100937798292989,0.192466195134175,0.115042213700213,0.0287175901613749
917,3.77960628230767,-1202.83641678279,-1204.72621992395,0.462654592972869,1.12514598296578e-13,0.103457320002129,0.0208884544488662,0.412999632576024,0,0.0659327486757816,0.0775750095262304,0.0256013880068161,0.458191493473923,0,0.122835310412463,0,0.418973196113615,0,0.0655000124745446,0.0782154556990009,0.0255729924286492
918,0,-1129.72582582361,-1129.7258186971,0.581168778392874,3.28475883970676e-08,0.10737981439731,3.28475889892093e-08,0.311451341514639,0,0.116080903865923,0.0663474386014808,0.032248214673287,0.581170002894072,0,0.107379221858676,0,0.311450775247252,0,0.116081519984146,0.0663474352879481,0.0322482971135804
919,0,-1187.37113740871,-1187.37113290993,0.463432127140528,4.59593821287035e-08,0.150242018606816,4.59593821287035e-08,0.386325762333892,0.5,0.156262353853744,0.0650399015246788,0,0.463432169738641,0,0.150242032416878,0,0.386325797844482,0.5,0.156262353853744,0.0650399015246788,0
920,1.19806552191085,-1233.06483052586,-1233.66386328681,0.510191584989204,1.71080439417405e-16,0.0966341495000845,0.0112131194169934,0.381961146093718,0.0597564237140952,0.245308050450762,0.0780499532819476,0.0176812211107468,0.514317383483523,0,0.102992853916672,0,0.382689762599805,0.0674404849619561,0.251530634850639,0.0789064851734099,0.0176840743856924
921,3.87550107137486,-1229.84808595846,-1231.78583649415,0.490017786250596,6.01516661536824e-21,0.099432882607031,0.0159092946664137,0.394640036475959,0.0543464901715507,0.167100719705772,0.0594470501938163,0.0454354838892011,0.475270435366213,0,0.12131647693246,0,0.403413087701327,0.0417454615721101,0.171022317064234,0.0592834589216595,0.0449968955982382
922,0,-1152.37188780209,-1152.37188313955,0.524374252565292,3.17507196236111e-08,0.103793654038076,3.17507196236111e-08,0.371832029895193,0.090578321761572,0.126329214235273,0.0661052345429472,0.00510955740518152,0.524374285863814,0,0.103793660629123,0,0.371832053507063,0.090578321761572,0.126329214235273,0.0661052345429472,0.00510955740518152
923,0,-1166.94960672964,-1166.94959947316,0.516498310365865,4.71311724868382e-08,0.154072607823796,4.71311719078552e-08,0.329428987547995,0.5,0.155737444813782,0.13053224897689,0.0117019568632371,0.516498471338654,0,0.1540726434677,0,0.329428885193646,0.5,0.155737549854551,0.130533769267762,0.0117020502563262
924,3.24138965295424,-1121.80911838995,-1123.42981321643,0.512893901433483,3.23873968638526e-30,0.156660325500582,0.0369343019839404,0.293511471081995,0.0956740391747174,0.172516387954353,0.0873659870412256,0.00918799334892549,0.501694739347418,0,0.201436219785478,0,0.296869040867104,0.156459714924268,0.157129552200981,0.0968716158322222,0.00917832839171798
925,1.09489064674335,-1237.14503845201,-1237.69248377538,0.498909065881154,1.04865818971667e-14,0.0897475378307688,0.0197287340785863,0.391614662209481,0.025013954634228,0.209747016418007,0.08654823501305,0.0303747422268927,0.478438355748192,0,0.122806674326963,0,0.398754969924845,0.0770444293120792,0.199003491474463,0.0884263837504698,0.0304704455362383
926,0,-1180.00597712204,-1180.00597706447,0.529625734996288,3.5434659606051e-08,0.115836517839817,3.5434659606051e-08,0.354537676294577,0.154439381153302,0.160865018188201,0.100264652936156,0.012142001544275,0.529625772530505,0,0.115836526049072,0,0.354537701420422,0.154439381153302,0.160865018188201,0.100264652936156,0.012142001544275
927,7.89653609644802,-1165.06079862855,-1169.00906667678,0.549921951417656,0.0207468341448259,0.119138671578247,0.0186857589099827,0.291506783949288,0.224808700042756,0.226440237132712,0.0911269166361306,0.0239745729597065,0.566742683968634,0,0.134382053629859,0,0.298875262401507,0.201784627683787,0.248026124190566,0.0907722751279638,0.023949953439446
928,0,-1163.13763605953,-1163.13763149582,0.52134428230055,4.27945129711284e-08,0.139896006349102,4.27945129711284e-08,0.338759625761323,0.176719911341605,0.163854859341859,0.062777918691416,0.0197252941522313,0.521344326921903,0,0.139896018322666,0,0.338759654755432,0.176719911341605,0.163854859341859,0.062777918691416,0.0197252941522313
929,1.38883463338607,-1271.51902078802,-1272.21343810471,0.476203154130871,1.71799464629789e-36,0.0888178998471335,0.0103466049557489,0.424632341066247,0.16186878144997,0.141532898790685,0.113071811328809,0.0462515694340035,0.476602062490069,0,0.0920393209746565,0,0.431358616535275,0.114103883735056,0.140167840491185,0.112871867716011,0.0459426415163576
930,0,-1179.05617784499,-1179.05617470827,0.456330072878155,4.43028813193101e-08,0.14482709341114,4.43026797819535e-08,0.398842745105144,0.0172150698074716,0.0990417736290035,0.0892290874737718,0.0161360479684884,0.456330005746501,0,0.144827153254461,0,0.398842840999038,0.0172166500547504,0.0990423129238014,0.0892294282940029,0.0161361791641555
931,0,-1136.0638444249,-1136.06383742503,0.557941502000685,3.62816963953378e-08,0.118605495819118,3.62816963953378e-08,0.323452929616804,0.27003409003137,0.122325756277723,0.0798712394274054,0.0212381066406341,0.557941542486816,0,0.118605504425536,0,0.323452953087648,0.27003409003137,0.122325756277723,0.0798712394274054,0.0212381066406341
932,0,-1191.2865584907,-1191.28654904248,0.469856525466915,4.57745404372796e-08,0.149637767906394,4.57745404372796e-08,0.38050561507761,0.100503585279012,0.138406718836657,0.0421571531657615,0.039452340000142,0.469856568481852,0,0.149637781605596,0,0.380505649912553,0.100503585279012,0.138406718836657,0.0421571531657615,0.039452340000142
933,3.30075686586315,-1262.70375616853,-1264.35413460146,0.453257498843322,0.00628625644527318,0.122537348446508,0.0286277534592877,0.389291142805609,0.152312411625755,0.193451284441031,0.0954600917262388,0.0733035798716718,0.456768713308249,0,0.145938640277842,0,0.397292646413909,0.0988339898511073,0.20148853445614,0.0965447400114639,0.0730342040604828
934,12.6922072431462,-1131.5976109494,-1137.94371457097,0.560050293082083,4.36261692116654e-10,0.0617831978874716,0.0566869715836579,0.321479537010525,0.0574355080515889,0.135089524068021,0.0959105822516711,0.0231175235039605,0.550824527726044,0,0.107716810965753,0,0.341458661308202,0.0729890295340676,0.120035126772521,0.101085351955167,0.0225104215537072
935,0,-1063.72693595883,-1063.7269323607,0.602664455289765,3.21495320479352e-08,0.105097378781549,3.21495320479352e-08,0.292238101629622,0.390392970551839,0.10913404627892,0.0220148427101223,0.00983458608588788,0.602664494040528,0,0.105097385539212,0,0.29223812042026,0.390392970551839,0.10913404627892,0.0220148427101223,0.00983458608588788
936,0,-1195.88443887152,-1195.88443577255,0.52792165942359,2.81714735697354e-08,0.0920930365076039,2.81714735697354e-08,0.379985247725859,0.101910840491473,0.16417258593875,0.119912823747981,0.022435173451095,0.527921689168254,0,0.0920930416963972,0,0.379985269135349,0.101910840491473,0.16417258593875,0.119912823747981,0.022435173451095
937,0,-1166.7797696789,-1166.77976786193,0.453765825492011,5.98703534807656e-08,0.195717225624669,5.98703534807656e-08,0.350516829142613,0.474577337106833,0.117306959402991,0.0670855884061316,0.0306947605257548,0.453765879826258,0,0.195717249059991,0,0.350516871113751,0.474577337106833,0.117306959402991,0.0670855884061316,0.0306947605257548
938,0,-1183.64360697872,-1183.64359843234,0.473118260994835,3.86803198675984e-08,0.126446637172581,3.86803198712553e-08,0.400435024471944,0,0.159064234593714,0.0683308565408978,0.0105081677268839,0.473118295164391,0,0.126446647776803,0,0.400435057058805,0,0.159064265112002,0.0683307329289678,0.0105078335442418
939,0,-1165.53429422542,-1165.53428615264,0.507356427658511,5.19501861330553e-08,0.169826060972118,5.19501861330553e-08,0.322817407468999,0.383413740993599,0.128064913001553,0.116593837783084,0.0216755171505185,0.507356480373039,0,0.16982607861711,0,0.322817441009851,0.383413740993599,0.128064913001553,0.116593837783084,0.0216755171505185
940,0.268326895967675,-1178.43725519031,-1178.57141863829,0.541931020032735,0.00343116812959744,0.104212944875474,0.0186019846891295,0.331822882273064,0,0.17351751777888,0.12840605281837,0.0133452188493852,0.519345471713158,0,0.136675806466368,0,0.343978721820473,0.00777858681392578,0.161122970749804,0.130281861783523,0.0131417771780663
941,1.99747696890017,-1210.26257445209,-1211.26131293654,0.474137456003843,1.45384721740919e-11,0.0993781564754059,0.0420439584792094,0.384440429027003,0.177719462005485,0.19712353596436,0.0808610679813652,0.00549607552111057,0.462738377392543,0,0.146690508111546,0,0.390571114495911,0.209683306835924,0.184605813959059,0.0815367901333285,0.00548108855547986
942,1.24163356734925,-1279.20474515776,-1279.82556194144,0.395700907960583,0.0111633343274319,0.113573071881164,9.83069520306008e-11,0.479562685732514,0,0.161445141080745,0.0368598594760347,0.0416415937647506,0.375505940808042,0,0.135722644288287,0,0.488771414903671,0.0906915576860127,0.146048071495192,0.034531865033179,0.0420869861902116
943,1.34386050087414,-1212.18343144998,-1212.85536170042,0.52878226655696,3.41438437568286e-24,0.0931170665160627,0.013044269788393,0.365056397138584,0.147000357659764,0.127409840238694,0.110049144291526,0.0573752109016145,0.521579514646193,0,0.107098277425701,0,0.371322207928106,0.131960497293846,0.120546522709807,0.110491498513266,0.057306322929981
944,4.35695706073602e-05,-1164.9886312304,-1164.98865301519,0.497038964572206,4.77126156096708e-08,0.155973369314098,4.77126156096708e-08,0.346987570688465,0.0818631454233315,0.13656457117901,0.0676258248270047,0.0350468358500296,0.497039012002268,0,0.155973384197894,0,0.346987603799837,0.0818631454233315,0.13656457117901,0.0676258248270047,0.0350468358500296
945,0,-1154.58236540025,-1154.5823606182,0.502922635563874,3.3976073932801e-08,0.111068375934723,3.3976073932801e-08,0.386008920549255,0.0342049623874916,0.154990912678928,0.0360619164681478,0,0.50292266973855,0,0.111068383482058,0,0.386008946779392,0.0342049623874916,0.154990912678928,0.0360619164681478,0
946,2.1913673134386,-1208.54951131948,-1209.6451949762,0.49481335125768,1.72548912064363e-211,0.0608258984128109,0.0485265376279166,0.395834212701592,0,0.172720038473158,0.092925245822488,0.0239170910691927,0.471221102614598,0,0.1321180747599,0,0.396660822625503,0.0706127935624417,0.157520417888001,0.10211490811396,0.02393954440407
947,0,-1171.01631975322,-1171.01631462921,0.508326443871815,3.83080524230885e-08,0.125229688876649,3.83080524230885e-08,0.366443790635432,0.100661987669607,0.172108115711552,0.0958881376040599,0.00455300164743723,0.50832648281781,0,0.12522969847126,0,0.36644381871093,0.100661987669607,0.172108115711552,0.0958881376040599,0.00455300164743723
948,0.833175043341271,-1234.85829441244,-1235.27488193411,0.479648687996819,1.73650019483261e-12,0.0693654108654664,0.0180026560262475,0.432983245109731,0.22471528933375,0.113884917418272,0.0808290613842665,0.0249813028343782,0.467236470047444,0,0.0930313681337427,0,0.439732161818814,0.22863288259069,0.113320535824867,0.0842955436347832,0.0244371484653174
949,0,-1226.93208295103,-1226.93208073494,0.458107783763436,3.63790274536203e-08,0.118923672739525,3.63790274536203e-08,0.422968470738984,0.121898657788974,0.139285791877897,0.0676966546476545,0.0342874210569134,0.45810781709447,0,0.11892368139218,0,0.42296850151335,0.121898657788974,0.139285791877897,0.0676966546476545,0.0342874210569134
950,1.42839417094365e-06,-1190.44156780433,-1190.44156851852,0.45617316092552,4.13458623368233e-08,0.135160342258916,4.13458623368233e-08,0.40866641412384,0.00581641566744572,0.143952573848326,0.0658263918211711,0.0115507411533797,0.456173198647268,0,0.135160353435558,0,0.408666447917174,0.00581641566744572,0.143952573848326,0.0658263918211711,0.0115507411533797
951,2.24091856593714,-1179.46763441681,-1180.58809369978,0.524607316441287,5.6078986715294e-13,0.0622048073127313,0.0172367656594938,0.395951110585927,0,0.129260659162378,0.0491918090612883,0.025894168306086,0.533392179726748,0,0.0704746537754248,0,0.396133166497827,0,0.134291586931051,0.0505510514460562,0.0257368651692245
952,0,-1162.87444033941,-1162.87443229251,0.483251651348488,3.89017638427746e-08,0.127170598546327,3.89017631431025e-08,0.389577672301659,0,0.106870863310657,0.072120370573254,0.0100497848132199,0.483251763001696,0,0.127170547336706,0,0.389577689661598,0,0.106870784588871,0.0721197469917234,0.0100498370876412
953,5.65621143153658,-1252.84515821155,-1255.67326392731,0.528498570462817,5.30370079493863e-11,0.0408727863299567,0.0340199848033954,0.396608658350794,0.0411941456766589,0.257246289287243,0.133946275484572,0.0291522475579531,0.512454743901257,0,0.0854599784004694,0,0.402085277698274,0.111524037488001,0.242984943254885,0.153110809982147,0.0291583675226568
954,1.06848365248879e-05,-1130.36794889996,-1130.36795424237,0.543105376565453,4.29478343628592e-08,0.140397216642241,4.29478343628592e-08,0.316497320896637,0,0.0955512369231181,0.12194997661768,0.0182462456290219,0.543105423215857,0,0.140397228701755,0,0.316497348082388,0,0.0955512369231181,0.12194997661768,0.0182462456290219
955,0,-1177.90937639947,-1177.90936980217,0.479994357059796,4.01405214551705e-08,0.131220061977042,4.01405214551705e-08,0.38878550068212,0.00234378756202849,0.0528722599557181,0.100085820549799,0.0251134803636436,0.479994395594246,0,0.131220072511526,0,0.388785531894228,0.00234378756202849,0.0528722599557181,0.100085820549799,0.0251134803636436
956,7.74504285943021,-1214.59226360226,-1218.46478503198,0.514864485941362,1.68187945141437e-15,0.0796812302036228,0.0347283727528949,0.370725911102119,0.0111071623278371,0.160218371502959,0.123912875208278,0.026037549142141,0.52329038549075,0,0.100236793618438,0,0.376472820890812,0,0.158653883875059,0.126882102824342,0.0258513510997714
957,0,-1128.47182001393,-1128.47181933466,0.607263201056648,2.63491805579425e-08,0.0861359321653985,2.63491806030604e-08,0.306600814079592,0.124527076932581,0.173663554925382,0.0450965495520376,0.035267073891944,0.607263238342488,0,0.0861359323501905,0,0.306600829307321,0.124527071065832,0.173663701594114,0.045097024758731,0.0352668392219719
958,3.71174164599142,-1165.97690127449,-1167.83277209749,0.515955499775995,7.1276187884581e-16,0.118743686653108,0.0422364501185602,0.323064363452335,0,0.172668421340236,0.190478453465026,0.00479071628291635,0.500131980421789,0,0.167075065006041,0,0.33279295457217,0.036214824323757,0.154632736809655,0.196972837735888,0.00474725577238887
959,0,-1180.92115251703,-1180.92114478758,0.517209890621326,4.3737204139584e-08,0.142977636027639,4.37372048121994e-08,0.339812385876626,0.148875481608463,0.221952226525091,0.0707780293358436,0.0290717708031511,0.517209150439418,0,0.142977795187821,0,0.339813054372761,0.148874414470032,0.221952236420008,0.0707786459481432,0.0290718911372049
960,1.3079566164638,-1194.6433391023,-1195.29731741053,0.533983342268816,0,0.100934362133034,0.0103855279773697,0.35469676762078,0.041225043756991,0.131113823574545,0.129497779618098,0.0266446813922631,0.529331019593922,0,0.104719511870455,0,0.365949468535623,0,0.127478216393957,0.125416332925437,0.0260412554571454
961,5.12132826787092,-1177.50997390026,-1180.07063803419,0.558481725352498,0.00596163911670729,0.0620915236125904,0.0180107609046772,0.355454351013528,0,0.144910967303209,0.104594214868827,0.0205674577603552,0.561163729999301,0,0.0770170534254243,0,0.361819216575275,0,0.144306677798984,0.106034332918222,0.0204846992762913
962,0,-1181.02607881166,-1181.02607243106,0.446592904227097,4.70275184770639e-08,0.153733774885775,4.70275184770639e-08,0.399673226832091,0,0.0885594166705063,0.0856784999521716,0.016946368798401,0.446592946231413,0,0.153733789345212,0,0.399673264423374,0,0.0885594166705063,0.0856784999521716,0.016946368798401
963,0,-1201.68011374158,-1201.68010579143,0.455622786998156,3.73062288553411e-08,0.121954710229531,3.73062288553411e-08,0.422422428159856,0.0297087808329244,0.150915598276789,0.0396035437224256,0.00546067365558717,0.455622820993294,0,0.121954719328872,0,0.422422459677834,0.0297087808329244,0.150915598276789,0.0396035437224256,0.00546067365558717
964,9.40277022644887,-1206.14088057617,-1210.8422656894,0.498762147218859,0.0148241371138046,0.0993839670599896,0.0455872660439843,0.341442482563363,0.0840088673722115,0.192319051938565,0.0876344599360543,0.0444376371973678,0.495205576808808,0,0.150219950518325,0,0.354574472672867,0.248745688152077,0.196825156501865,0.0843209640292801,0.0442523853741495
965,0,-1227.50359129322,-1227.50358614404,0.488377499619742,3.07295855521618e-08,0.100455549018885,3.07295855521618e-08,0.411166889902202,0.295702446209962,0.146105928698708,0.0528209699821277,0.027818022605049,0.488377529635021,0,0.1004555551928,0,0.411166915172179,0.295702446209962,0.146105928698708,0.0528209699821277,0.027818022605049
966,0.303386512424822,-1168.43164665931,-1168.58333991552,0.537216608577846,4.19905492327343e-14,0.12187574952114,0.0280396103612689,0.312868031539703,0,0.161253247839835,0.12309404387723,0.0310313281029116,0.518526245846367,0,0.160898086342036,0,0.320575667811597,0,0.146299865954111,0.130225956654325,0.0309939006154953
967,0,-1154.35996358217,-1154.3599624382,0.545704202110743,3.16047405856127e-08,0.103316414362452,3.16047400790871e-08,0.350979320317325,0.461348014072577,0.127565657999775,0.0717353224044506,0.0161693998546007,0.545704332942981,0,0.103316457449046,0,0.350979209607974,0.461348167169032,0.127565957743371,0.0717351103521909,0.0161694315642331
968,0,-1139.79771163504,-1139.79770305332,0.483230063070474,5.95389126762157e-08,0.194633739876649,5.95389126762157e-08,0.322136077975051,0.332507250535618,0.0920561973540624,0.0989050451483382,0.0199838887245473,0.483230120612466,0,0.194633763053214,0,0.32213611633432,0.332507250535618,0.0920561973540624,0.0989050451483382,0.0199838887245473
969,2.28156610757514,-1231.06377479065,-1232.20455784443,0.442243977472207,6.75296705830774e-20,0.158786721996209,0.0515868749705164,0.347382425561067,0.270927831061803,0.160641545766559,0.151859985874055,0.0370906724808136,0.432687188953858,0,0.212953578502128,0,0.354359232544015,0.26072503352626,0.159191267201028,0.161264013539915,0.0369423025202254
970,0,-1271.04107914862,-1271.04106960764,0.441345011964378,4.38016689429907e-08,0.143188418074001,4.38016689367878e-08,0.415466482358283,0,0.161057051090589,0.141089417742854,0.0409565115387196,0.441345043014512,0,0.143188430455326,0,0.415466526530162,0,0.161057364230379,0.141089910810873,0.0409565081706653
971,3.47258967877315,-1236.5642292629,-1238.30052410228,0.44253453194492,4.7285858645829e-38,0.0948163194492423,0.0166900761438729,0.445959072461965,0.0854550145112582,0.0849498543875954,0.0712097703718041,0.0322565685999472,0.444942465746165,0,0.109797043537217,0,0.445260490716618,0.123723440187838,0.0833387157296365,0.0826914449672267,0.0322404828507586
972,1.42756011605434,-1219.39734342061,-1220.11112347864,0.491159508244755,0.00585706833752394,0.119686333512029,4.54704364990602e-14,0.383297089905646,0,0.168909607595195,0.0561064499150075,0.049276404491651,0.495290230425377,0,0.119587958930135,0,0.385121810644488,0,0.168831062889323,0.056021999347227,0.0492346896585053
973,1.73928714133217,-1189.15820901516,-1190.02785258583,0.475775782372022,2.17257975272362e-11,0.0873678939372406,0.0847266204047956,0.352129703264216,0.22164451210953,0.115780596100481,0.0813141904384766,0.057236254753451,0.444460958500776,0,0.195914975991791,0,0.359624065507433,0.344363378691249,0.1013971240212,0.0793222488787773,0.0569517440070634
974,0,-1216.28746516918,-1216.28745895804,0.450099950605387,3.54304808800952e-08,0.115822857512072,3.54304808800952e-08,0.434077121021579,0,0.108444598273636,0.0523282781703175,0.0239738184466596,0.450099982499905,0,0.115822865719392,0,0.434077151780703,0,0.108444598273636,0.0523282781703175,0.0239738184466596
975,1.04091271101288,-1161.80519691704,-1162.32565327254,0.541662931316573,5.17937124238822e-22,0.06789248542657,0.0305559124805406,0.359888670776317,0,0.12457716709762,0.0695676193660249,0.0264478196978233,0.535750352046884,0,0.100999390084466,0,0.36325025786865,0.00445073721616255,0.123632440136789,0.0704370071397957,0.0263751965289591
976,3.16562118314323e-05,-1193.04853861216,-1193.04855444027,0.427440850555765,5.53485285998513e-08,0.180935301533683,5.53485285998513e-08,0.391623737213494,0.17867258214792,0.115627959150493,0.0669847574471305,0.0223467437382932,0.427440897872215,0,0.180935321562691,0,0.391623780565094,0.17867258214792,0.115627959150493,0.0669847574471305,0.0223467437382932
977,0,-1233.78391113264,-1233.78390515421,0.443150329069807,6.02891456844528e-08,0.197086264613978,6.02891456844528e-08,0.359763285737924,0.408385554154967,0.148486037262893,0.133998869563001,0.0429711878304231,0.443150382504123,0,0.197086288378306,0,0.359763329117572,0.408385554154967,0.148486037262893,0.133998869563001,0.0429711878304231
978,0,-1179.70644486602,-1179.70643599931,0.467682810087233,5.03132402329254e-08,0.164474856386796,5.03132402329254e-08,0.36784223289949,0.110841464943664,0.126968788162319,0.0548506364595843,0.0520831433831333,0.467682857148513,0,0.164474872937324,0,0.367842269914163,0.110841464943664,0.126968788162319,0.0548506364595843,0.0520831433831333
979,0,-1214.86724383309,-1214.86723783104,0.480561583172234,2.63284475058023e-08,0.0860681522866878,2.63284475058023e-08,0.433370211884183,0,0.0928550927862562,0.0805270587135113,0.0220380100004695,0.480561608477116,0,0.0860681568187697,0,0.433370234704114,0,0.0928550927862562,0.0805270587135113,0.0220380100004695
980,2.98682975881093e-05,-1210.10641546243,-1210.10643039658,0.51244119317915,4.29872246621602e-08,0.0995889544033015,8.51955139479092e-06,0.387961289878929,0.0147058543858872,0.131345370731873,0.0923675801494921,0.029851726343282,0.512440995613018,0,0.0995969880122411,0,0.387962016374741,0.0147304903282088,0.131343282493384,0.0923669775980217,0.0298517194504366
981,0,-1132.70962702697,-1132.70961685049,0.507610890716753,4.65588704337731e-08,0.152201756290682,4.65588704337731e-08,0.340187259874824,0,0.129442116132277,0.0686666145782994,0.00973943258425665,0.507610937984337,0,0.152201770463367,0,0.340187291552296,0,0.129442116132277,0.0686666145782994,0.00973943258425665
982,11.2082045524712,-1263.44216420025,-1269.04626647649,0.407189739102511,0.00698919463653266,0.0846030052816805,0.0380662213415912,0.463151839637685,0.122293447113055,0.11772614711751,0.106040513491684,0.0120101608707698,0.407595938295217,0,0.123289962823352,0,0.46911409888143,0.174949241582868,0.138570384485955,0.115873371349401,0.0119486284626484
983,5.50497801706342,-1215.52461442008,-1218.27710342861,0.503232398445352,0.0245370324574373,0.0766622601714554,0.0105613402585024,0.385006968667253,0.255023954819601,0.138068891544472,0.0928640392400113,0.0293388513088444,0.5111443892274,0,0.0827594844958865,0,0.406096126276713,0.0336070295409427,0.134059678765826,0.0921004579499893,0.0289579729535715
984,0.0433728974426231,-1233.25951301035,-1233.28119945907,0.49759664491544,1.46638244134274e-19,0.0879257367875724,0.0279575666500174,0.38652005164697,0.273188821718232,0.152475430532063,0.112263155685852,0.0463333835602409,0.493808698232021,0,0.115599542267253,0,0.390591759500726,0.250466590996251,0.146791181340425,0.114203473730657,0.0461657843374108
985,0,-1210.30145684833,-1210.30145207821,0.46951061145758,3.73013695601076e-08,0.121938825108994,3.73013695601076e-08,0.408550488830687,0.161611562438854,0.124680800655894,0.0945019569543837,0.0246557731050727,0.46951064648436,0,0.121938834205965,0,0.408550519309675,0.161611562438854,0.124680800655894,0.0945019569543837,0.0246557731050727
986,3.30401098835864e-06,-1243.78680500456,-1243.78680665657,0.468861835399459,3.69018571923623e-08,0.120632812238317,3.69018571923623e-08,0.410505278558509,0.5,0.143619014629502,0.0942232917027705,0.0480787055588067,0.468861870003207,0,0.120632821141468,0,0.410505308855326,0.5,0.143619014629502,0.0942232917027705,0.0480787055588067
987,0,-1234.92592347741,-1234.92591443005,0.432912392278857,4.18963706795351e-08,0.136959963594931,4.18963706795351e-08,0.43012756033347,0.0195611815497788,0.112001991221215,0.0539966020039283,0.0487767625524557,0.432912428553776,0,0.136959975071183,0,0.430127596375041,0.0195611815497788,0.112001991221215,0.0539966020039283,0.0487767625524557
988,7.53985113988165e-06,-1152.05304333607,-1152.053047106,0.571211112044829,3.13375019273756e-08,0.102442838210469,3.13375019273756e-08,0.326345987069699,0.160290287013605,0.102314135111876,0.108031545081232,0.0263691844363589,0.57121114784549,0,0.102442844631074,0,0.326346007523436,0.160290287013605,0.102314135111876,0.108031545081232,0.0263691844363589
989,0.691682110680631,-1185.39242894663,-1185.73827000198,0.52269433829841,0.00337234708589034,0.112575234978207,0.0101370535588547,0.351221026078638,0,0.143143783883838,0.0743452868084882,0.0405871789270948,0.514626940044829,0,0.129877017573524,0,0.355496042381647,0,0.142877442825641,0.0782502658655854,0.0405876586698092
990,4.57799853884535,-1232.85535278438,-1235.1443520538,0.510245165233498,7.464647779374e-08,0.0687091191410207,0.0264298275861589,0.394615813392844,0,0.19409422808156,0.10930985869375,0.0335104890038443,0.504681730580353,0,0.0909750376094642,0,0.404343231810183,0.0553761233667476,0.188498500958759,0.10544853690105,0.033346329157362
991,0,-1233.91196438821,-1233.91196434702,0.463173624419536,1.66012290404812e-08,0.120388648479538,2.39766324277459e-10,0.416437710259931,0,0.129565535867538,0.126117170468729,0.0125960973623616,0.463173644493813,0,0.120388569803281,0,0.416437785702906,0,0.129565522703468,0.1261171423793,0.0125961083466214
992,0,-1190.54056579754,-1190.5405637137,0.502191095614555,3.27804493385181e-08,0.107159858365057,3.27804493385181e-08,0.390648980459489,0,0.171557941328162,0.0856608218130765,0.00509416582759556,0.502191128538656,0,0.107159865390554,0,0.390649006070789,0,0.171557941328162,0.0856608218130765,0.00509416582759556
993,8.36894528032872,-1228.01548555369,-1232.19995819385,0.5088030202295,1.87247855174259e-10,0.070905009514655,0.033926432053673,0.386365538014924,0,0.160517663435975,0.184111871972703,0.0216211123200459,0.512489576181159,0,0.0935580415654451,0,0.393952382253395,0,0.157380141925118,0.191639992759278,0.0215725049495296
994,7.24204760444991e-05,-1186.06032991799,-1186.06036612823,0.496157544844254,4.55651784258398e-08,0.148750997285337,4.55210136237418e-08,0.355091366784218,0.348961239466006,0.154606214104832,0.0826331661508007,0.02663966351251,0.496154895459835,0,0.14875367142207,0,0.355091433118096,0.348960655485614,0.15460463221626,0.0826336887042892,0.0266394669345017
995,1.13029673274605,-1180.61595718449,-1181.18110555087,0.489954369569807,6.19219195694844e-18,0.107822018508951,0.00808793827374167,0.394135673647501,0.0961846929210011,0.10213013313687,0.0363003560062805,0.0291984357203682,0.490277378822522,0,0.111554875503465,0,0.398167745674014,0.106804045691124,0.100905746405065,0.0359845685139578,0.0291788684224121
996,0,-1222.33686594673,-1222.33686032486,0.448274165094428,4.23561340059143e-08,0.13846293789609,4.23561340059143e-08,0.413262812297214,0.143129525889269,0.116235357968096,0.0668850552945787,0.0218469672828773,0.448274203068752,0,0.138462949625601,0,0.413262847305647,0.143129525889269,0.116235357968096,0.0668850552945787,0.0218469672828773
997,0,-1255.23014464152,-1255.23014038812,0.378276293748329,4.44958139591917e-08,0.145457588834885,4.44958139591917e-08,0.476266028425158,0,0.137546507845909,0.0743341415207488,0.00725516397606242,0.378276327411755,0,0.145457601779394,0,0.476266070808851,0,0.137546507845909,0.0743341415207488,0.00725516397606242
998,0,-1145.35726944656,-1145.35726376327,0.49745792832733,4.71706033722177e-08,0.154201521836965,4.71706033659093e-08,0.348340455494499,0.5,0.138408672085339,0.0646612395182285,0.00984548474900131,0.497457975223017,0,0.154201536444199,0,0.348340488332784,0.5,0.13840866986275,0.0646612402590914,0.00984552475559564
999,0,-1191.67892175403,-1191.67892041576,0.44578513406987,5.62970446121103e-08,0.184036016855826,5.62970446121103e-08,0.370178736480214,0.081350846573864,0.123180863326723,0.0796738223512452,0.0334988665430013,0.445785184262647,0,0.184036037577196,0,0.370178778160156,0.081350846573864,0.123180863326723,0.0796738223512452,0.0334988665430013
1000,6.30310164524417e-05,-1242.73101625872,-1242.73104777423,0.462624582750337,2.80955335993604e-08,0.0918447874251829,2.80955335993604e-08,0.445530573633413,0.0969006551993851,0.0834613360436717,0.0919310053640899,0.0561146562527475,0.462624608745707,0,0.0918447925860398,0,0.445530598668253,0.0969006551993851,0.0834613360436717,0.0919310053640899,0.0561146562527475
