"V1","V2","V3","V4","V5","V6","V7","V8","V9"
0.392990145923685,0.147659263394511,0.0253390310780396,0.236120056580606,0.197891503023158,0.235303916125882,0.226081171687746,0.0669009558181053,0.0317951953769492
0.412421485255892,0.127815181210917,0.0966269757541879,0.172154972550792,0.190981385228211,0.169595709378292,0.185592496213393,0.244835920084591,0.0379416091474439
0.368136547850212,0.169040933887393,0.0364459471280914,0.188893986817338,0.237482584316966,0.144022695094913,0.183733554531936,0.0932697767509897,0.0124137032895896
0.383105882744536,0.158819194023165,0.0516128017815304,0.162306332328411,0.244155789122358,0.115219383520304,0.101997639672882,0.105908468824622,0.0369481189058771
0.503078567258975,0.0785392525346447,0.0532944781359978,0.145439328040628,0.219648374029755,0.0374287601386819,0.093642606697389,0.0968391625112161,0.0409401652464212
0.469554427439382,0.12960026523555,0.047449568233343,0.12532224435944,0.228073494732286,0.150677008592203,0.190112228013622,0.0591822299724877,0.014154486051861
0.355529864312455,0.14142573175569,0.0461419288483388,0.212181966013822,0.244720509069694,0.116814695528918,0.122875241860156,0.0666729830567542,0.0176905085383937
0.410540865626031,0.171437815860487,0.0269297023910389,0.133378696912797,0.257712919209647,0.0701102043910734,0.156653400115876,0.105014357536311,0.017287223291126
0.447652996259631,0.0413746617491238,0.0610996554403444,0.236943707741169,0.212928978809732,0.0653946718443852,0.138854950378159,0.0614091649917708,0.0252325902796381
0.402906671704641,0.135771878898155,0.0335984901344178,0.187526521709388,0.240196437553398,0.121499031131771,0.0790651688749443,0.0788820859345624,0.039002418927317
0.46622120696019,0.14477688484433,0.03217426861365,0.0897117740253817,0.267115865556448,0.144110607255604,0.136933465250015,0.0900382688457823,0.0472227343450644
0.278867456320838,0.193900110935541,0.0426580339070808,0.138704456676376,0.345869942160164,0.105686840767505,0.145784942400029,0.157421182134625,0.0203958366510287
0.485588328107167,0.0727536064364684,0.0540126956600148,0.128638557666245,0.259006812130105,0.0873093135387447,0.0748228309817367,0.0481487075044414,0.0118663884980016
0.450619307251164,0.0829107590416648,0.024181186082126,0.163873612427681,0.278415135197364,0.0392527023832574,0.100376704556147,0.0712513945250568,0.0251047438587702
0.418224220013735,0.106925005624109,0.0471404049285606,0.16005767514875,0.267652694284845,0.112641659958975,0.137260358175293,0.0546137435350885,0.00642005415614578
0.432345131811923,0.0974629613619798,0.0648389782263831,0.164059120350398,0.241293808249315,0.0616714689845422,0.0945116604870415,0.0944313157962371,0.0134436802274658
0.48562505480677,0.151149871047586,0.053782397148429,0.160541452491022,0.148901224506193,0.0507281185652159,0.174412375631664,0.097727126201935,0.0257498338640206
0.44928499789119,0.107570002394541,0.0534110205397466,0.191391179506298,0.198342799668224,0.137243926016413,0.135036006659337,0.102718822803925,0.0440595473224341
0.390363008027238,0.176319144071784,0.0605855555141058,0.195683431982731,0.177048860404141,0.193943382192115,0.125644121453912,0.151945992952836,0.0233440534645135
0.382657107232781,0.159159980762458,0.0535854539982724,0.16923083909896,0.235366618907529,0.090352608720165,0.150306061955305,0.154354535207476,0.0148581638676674
0.305673893583652,0.18105782753489,0.0748668090928196,0.162897051882718,0.27550441790592,0.120602590719019,0.166215103239334,0.133265781476518,0.0284613045797792
0.370295363264766,0.144319852328641,0.0253754015570606,0.172639476762798,0.287369906086734,0.0746656407427777,0.152173766484092,0.0809014171963598,0.0205934528151145
0.429670244127084,0.132114396830403,0.0406674621355904,0.186402727897394,0.211145169009528,0.0955509225793445,0.162331255957198,0.0459910236954831,0.00881018337082192
0.423035667024868,0.136595423264172,0.0222378325116921,0.198992753169274,0.219138324029994,0.206551015376588,0.0937631651611736,0.153680847763414,0.0330330603993975
0.329426426072526,0.147274367849197,0.102020586593998,0.166277591042451,0.255001028441827,0.124470036518443,0.179431844991701,0.0763874233819054,0.0661047022397358
0.390193799721189,0.204889559937535,0.0517725951481318,0.142478390700425,0.210665654492719,0.164480758219412,0.145935259765386,0.108590237038066,0.019167751648697
0.406060871780279,0.144123496728255,0.0906657612290318,0.131584677910459,0.227565192351976,0.0778343025566243,0.164753877653952,0.13230564969393,0.0463483815992358
0.393275706315214,0.120551186413784,0.0473030767209303,0.138694092171765,0.300175938378307,0.125365550078379,0.17746355247323,0.0871117860244388,0.0269749349961049
0.374827325601037,0.150254480482409,0.0855391087944678,0.158254244253434,0.231124840868652,0.0761225940734757,0.183400373903483,0.0479996750231938,0.02106375015419
0.376850571599169,0.148773435175589,0.0408765992110503,0.202123875484898,0.231375518529293,0.132652746163871,0.1238039086109,0.0995971955231627,0.0165750140605626
0.345419756773755,0.104388918627832,0.0478368362100618,0.16990729426967,0.332447194118681,0.129691231295561,0.130310250777339,0.112872301417357,0.0340012918231337
0.421430601883296,0.14599776019634,0.0479503645962622,0.146476405702596,0.238144867621505,0.139698587015641,0.196002313644951,0.064877650958414,0.0194861688272958
0.401917554681825,0.145573802190282,0.0677786211528174,0.169071733450053,0.215658288525023,0.250277670002089,0.137695664837059,0.109864592893467,0.0476913052237091
0.432840336145373,0.042773834076951,0.0617903270638848,0.181344279613816,0.281251223099975,0.0564626270173847,0.167127757159709,0.0391195511564934,0.00920978717608382
0.389504345593351,0.10113087573657,0.0641222697306901,0.22189954957142,0.223342959367968,0.127696576535244,0.140771675293071,0.0493996217103471,0.00474169888567324
0.345498402150639,0.1077036118623,0.0735128757384457,0.197456409420521,0.275828700828094,0.120281574949046,0.129070337220986,0.0630609491537666,0.0380032888383003
0.498131946497097,0.170500308662478,3.36739377782022e-08,0.155415494372435,0.175952216794052,0.102227575180709,0.109233671991295,0.178733441784449,0.0375160886009822
0.430957379015962,0.175229826083877,0.04691016829029,0.143629868075346,0.203272758534525,0.0588502541915417,0.134564914987507,0.0646408707119217,0.035620355828959
0.356523132329257,0.219063753035539,0.0731329944740898,0.0957124126065645,0.255567707554549,0.223862990899004,0.22548659198357,0.116189523376195,0.0323257757076299
0.432704389766404,0.111489432463857,0.052212143262174,0.156118152507346,0.24747588200022,0.0814888990455638,0.196337245365786,0.0586503356542009,0.0334590085495306
0.396874274857818,0.142914524872919,0.0436623530678308,0.238899639026659,0.177649208174773,0.176671143643025,0.141063503373598,0.228063969571398,0.0308416423060237
0.320942484124108,0.153760117138323,0.0600626204978165,0.19945023837102,0.265784539868732,0.156416163391223,0.119551237263639,0.125010598880568,0.0294901096084187
0.392041136311602,0.163871266004806,0.0861364703173122,0.145197629729975,0.212753497636306,0.0734918599790752,0.217730888310198,0.132491293038759,0.0479915547926325
0.413820862003437,0.0763843494891629,0.0745069057109658,0.172465380808699,0.262822501987735,0.0736036631286871,0.110407053935378,0.0746904828905829,0.0331961676522516
0.442592358519825,0.0888614619005504,0.0391787721853915,0.156099802775161,0.273267604619071,0,0.0873085102827776,0.0505186182764934,0.0326427517977908
0.420111115484416,0.120770468477438,0.0369467445399631,0.181731758461533,0.240439913036649,0.0619381204319856,0.144634977710287,0.129409942886466,0.0647245760190696
0.473052747130986,0.12364144113187,0.0533702745769743,0.115339876889463,0.234595660270706,0.0898523132702177,0.0962437963124804,0.0869402436757047,0.0275126342164905
0.392268475549026,0.112259402578763,0.0511533301057839,0.143790821796808,0.300527969969619,0.0360195941816017,0.079013131933672,0.0481402176151708,0.0378694660038232
0.449966714361601,0.16558033037817,0.0845202112960157,0.107435846141667,0.192496897822547,0.13607588015828,0.15212980066841,0.161342177001999,0.0328372276737433
0.41921956499613,0.137609848688146,0.0424268169310302,0.165427290721292,0.235316478663402,0.069492238801839,0.168950297159543,0.0899010292802144,0.0628204719600364
0.410065415903888,0.145659845498383,0.0692604571782857,0.16230452038318,0.212709761036263,0.09480781963346,0.14112571024657,0.122771129671319,0.024737128090872
0.320367491208005,0.184228820977816,0.0664182780059141,0.144849810060545,0.28413559974772,0.0942151335805964,0.167739235560245,0.0918775207208482,0.0307125901422977
0.401908383041049,0.130956886270572,0.0857734598392136,0.18553406175265,0.195827209096515,0.0731349658848829,0.168107687583571,0.107334160027227,0.0200396317472942
0.445791956957096,0.120209414318526,0.0378286771216055,0.177674203173742,0.21849574842903,0.0542414998601359,0.163271537120184,0.149894202749351,0.0402782081993366
0.431775144253962,0.16222157537538,0.0231978493510282,0.094714000860637,0.288091430158993,0.0340444313311265,0.158158697180714,0.115355221615136,0.00372063303301903
0.484083301036806,0.125002405951249,0.0253785615618645,0.117424724131432,0.248111007318649,0.00250824433835376,0.0896540441053219,0.13086738979686,0.0228281264426811
0.342941205574473,0.198322367801278,0.0518215672573899,0.137308010999008,0.269606848367851,0.0214120511821439,0.182451644017521,0.0828548352918503,0.0295313874473057
0.473777668907938,0.0717738759352662,0.00402364875900327,0.157662974437983,0.292761831959809,0.0640852711344994,0.157582959452266,0.0691215504878432,0.0383761654037875
0.358121062384452,0.167489160803045,0.0350948430949454,0.225702270599585,0.213592663117973,0.111633020392209,0.169486437497592,0.101930062006656,0.0208277806213452
0.486142157762518,0.124200707381236,0.0356005455482812,0.120379319693353,0.233677269614611,0.144047926429015,0.154422461511891,0.167394805717978,0.0281753313012662
0.435225198472814,0.160323742926973,0.0584267739886599,0.106386431420314,0.239637853191239,0.0839046965849525,0.221116943116142,0.0778310369745016,0.0322107518656309
0.397285455895947,0.194220834853554,0.0457452559217802,0.147715972040375,0.215032481288345,0.245666590664195,0.176705350930102,0.133990370603421,0.022603413978649
0.426160056137434,0.162561197509274,0.0414784802678102,0.135998601738842,0.23380166434664,0.0664606063869694,0.152393523779155,0.127835027419134,0.0143406443202276
0.482700019132101,0.0858122625027792,0.118635971687464,0.10408198276937,0.208769763908285,0.118686609154649,0.134798350181137,0.0848646437587753,0.0874086318010324
0.434021697283492,0.113771157256596,0.0397229949971384,0.176718292251084,0.235765858211689,0.0867539980677443,0.132153208723639,0.0933644299060515,0.0292575487664542
0.392860069572898,0.139011837497229,0.0319631647565709,0.155528233374646,0.280636694798656,0.131264744903281,0.206563872166436,0.0968837064970283,0.0117898917220422
0.401429758318274,0.200599592557054,0.037464798826942,0.160847225974492,0.199658624323238,0.0851777443884805,0.1222932763601,0.161189278545044,0.0203588734409335
0.403982143241141,0.125202081670787,0.0897341901418247,0.158128629035285,0.222952955910963,0.16798491724095,0.148308711898472,0.123824161391085,0.02023010062778
0.423589288438656,0.157762431208356,0.0487080451166031,0.143866569198535,0.22607366603785,0.194487594355544,0.22241573125416,0.0872236656758952,0.00908065999522748
0.421413251349559,0.0837177202158929,0.0305244889023921,0.19405802225865,0.270286517273506,0.0481994104009399,0.178426743263484,0.0385823073188777,0.0441302920841748
0.449500451932597,0.0534813039374019,0.0709422497970381,0.177896861653058,0.248179132679905,0.064008067828753,0.155597602500381,0.0824702469122851,0.035355174984908
0.36209771274828,0.184748841685969,0.0438187583485931,0.19860777138043,0.210726915836729,0.123766346000923,0.128547975342644,0.10930759986375,0.0354247663650401
0.404748685469553,0.158793310168263,0.044540664011139,0.197697469548077,0.194219870802968,0.0735016658529265,0.164556483414517,0.0851401960913865,0.0366785193374253
0.479964303002515,0.117107026936451,0.0488158843396861,0.135496013122899,0.218616772598449,0.0690916331752409,0.19360621437208,0.05228688252136,0.0379482593333129
0.494220350874837,0.0817559748445389,0.0504530541674174,0.0967692395741445,0.276801380539062,0.032745752778582,0.187983993003641,0.072868591831794,0.0152908119052288
0.431885927594041,0.11880592856248,0.0560314665629151,0.111195698304618,0.282080978975946,0.219841507150159,0.146805058299165,0.0494141265079862,0.0420248744372686
0.410437052129757,0.112990179919057,0.0796456446491878,0.0976727344901689,0.29925438881183,0.0965054176527535,0.0882266720620999,0.106289623153853,0.0254272471295642
0.395667432555975,0.10899183974013,0.0891208571011444,0.125145302261671,0.28107456834108,0.095247094443938,0.184284497900326,0.113181127553064,0.0210141144955889
0.428251227889404,0.182512520952755,0.037067984171444,0.162791310748156,0.189376956238242,0.104283518663381,0.16423555064763,0.079998491981309,0.0372596823525273
0.399583604516805,0.185136164486503,0.0922431733043363,0.150185980418895,0.17285107727346,0.168248655595832,0.144329522575783,0.143986056055567,0.0137755183119463
0.46423647962397,0.124007537799319,0.0196403272908907,0.114802841554749,0.277312813731071,0.0914676186028145,0.110158545280882,0.120191378284297,0.0103989440513633
0.451631747267072,0.152855678781906,0.0554606170851945,0.161775026678529,0.178276930187298,0.158848890406982,0.157045040325415,0.0810022549421493,0.0426204313218071
0.477767834361493,0.0962787717656276,0.0745166394674997,0.162865925232276,0.188570829173104,0.100318594821107,0.186485593651122,0.172142581057002,0.0160337651833768
0.395979855903834,0.200357957328848,0.0715457904702632,0.154268905951944,0.17784749034511,0.150598851623732,0.164827924629127,0.0807989674717163,0.0122768601296745
0.384046762112301,0.172506127377002,0.0263373116185863,0.186171062332801,0.23093873655931,0.145751533568174,0.175032290768619,0.156944507091496,0.0452728394709482
0.392596909444765,0.100898778548295,0.0513128794669564,0.161722298957356,0.293469133582627,0.122369077188952,0.119252629990559,0.114433043204279,0.0211101259632661
0.454115119975857,0.13111664597726,0.035737644532917,0.196807338808083,0.182223250705883,0.0385597481737533,0.208346033047648,0.0574982008014106,0.0201606938791173
0.389976260502522,0.116494244123957,0.0376894119017816,0.177695861023727,0.278144222448012,0.0956683906631623,0.135392054661035,0.0463071054647911,0.0323538878770054
0.40496807508172,0.119909091516482,0.077550210114749,0.181484371806713,0.216088251480336,0.168084397343474,0.169777808513538,0.0898266247926653,0.036115003637452
0.464173859747588,0.0990060253011078,0.0779359919928108,0.159175925308584,0.199708197649909,0.0150612744309127,0.128306817846506,0.0937963366459941,0.00941513754145604
0.327188041872683,0.200007515967316,0.0509113270563351,0.176715759466477,0.245177355637189,0.114328997387137,0.10550608223099,0.0918786398775878,0.0340074922907663
0.370811358798915,0.146958387768757,0.0508650706132242,0.149476561836365,0.281888620982739,0.167751517120821,0.107164054928535,0.107405512152024,0.0358052362122835
0.44708181705671,0.123541207133119,0.0382905170333989,0.138726989002353,0.252359469774419,0.0629052149087387,0.13375321091524,0.0666659053437452,0.0480684454665278
0.426713387267501,0.110442865706736,0.0379161304987492,0.145220744323405,0.279706872203609,0.129279088935917,0.135323587676489,0.0431251101718918,0.0192111711392439
0.45088702589367,0.110785179793097,0.0386616584209744,0.14613143038465,0.253534705507609,0.134896679919801,0.12100517608407,0.113788379560503,0.0342121866510124
0.332332377227144,0.181275509964468,0.0841867420528287,0.175752350555326,0.226453020200233,0.131180768215303,0.167096602265136,0.0749765583748316,0.0292345381883554
0.359761318419661,0.179983771129451,0.0175378348115135,0.186153927880089,0.256563147759286,0.178274876774571,0.120371017272536,0.139523084890664,0.0232903340920291
0.386725601403423,0.162198116429096,0.0631278928049945,0.136415630601928,0.251532758760558,0.198076096111762,0.159032938665135,0.135612767452248,0.0145521448785777
0.549726176337759,0.142970176084146,0.0604250936081402,0.0831133117625151,0.16376524220744,0,0.197754570655537,0.153445365620607,0.025009908543364
0.375487826547666,0.151648790985147,0.0615619290576958,0.154726163074372,0.256575290335119,0.070578991227883,0.168348397979531,0.143284096965312,0.0275183441033384
0.395102864217681,0.150505363144305,0.0838515419295428,0.13483069655854,0.235709534149931,0.110887267834492,0.136693504017983,0.0624552920468292,0.0323983759976545
0.362351583524213,0.22781822043651,0.0737135765863419,0.118406719069676,0.217709900383259,0.156669703380802,0.182265853051612,0.125592459142642,0.0330124982039763
0.337467428078593,0.143947168961911,0.0646636567174814,0.217842932777388,0.236078813464627,0.102547666904429,0.1739634181005,0.114148851215947,0.0250168863121762
0.466762926134969,0.10193550967513,0.0577235803594113,0.144391913842576,0.229186069987914,0.0172170034542839,0.145376149276362,0.108360168766016,0.0463534776923597
0.428106175667142,0.149541827071196,0.0800130801010912,0.115704974747436,0.226633942413136,0.152255899072795,0.172354270733103,0.10554591867425,0.0250642725588028
0.416866477895994,0.139869355768955,0.0522915275533674,0.167622740601248,0.223349898180436,0.193156186463448,0.173659201967112,0.140336009664559,0.0122317961037586
0.467559029757039,0.133961000740175,0.0481065151633689,0.0781152511228934,0.272258203216524,0.0584304102466559,0.176612379953033,0.0462425470023405,0.0150752805969851
0.373080580066344,0.164247496592566,0.0576257342118221,0.171879122985997,0.233167066143271,0.132498017624876,0.120857394713313,0.109142465607039,0.0344278483307209
0.27629552299325,0.215928548533157,0.0778681030084886,0.148519244134717,0.281388581330386,0.11858546241036,0.145906405946604,0.0940523561984895,0.026690721421524
0.450231085598531,0.148238822148242,0.0762116091887831,0.121303407428015,0.204015075636429,0.142387646869606,0.133455959141713,0.109533380303359,0.0260744677639096
0.452084830026621,0.147867211926322,0.0555162055609543,0.130117069001816,0.214414683484286,0.0060661973026952,0.128432532551051,0.112782919241622,0.0759562669456544
0.41058949997572,0.176593854292833,0.0317754700463312,0.108231055298717,0.272810120386399,0.0393323353717931,0.179510964445972,0.114927482512266,0.0551276330058618
0.409149251914449,0.166216207167997,0.0646418169167246,0.176140860578179,0.18385186342265,0.12842763745078,0.125056897200572,0.0732139139775696,0.0338449745752405
0.432586675462349,0.174506078336398,0.0522985972815087,0.166095365636974,0.17451328328277,0.0974276517171903,0.131500934086139,0.0916295786845236,0.0237970146731549
0.446634323875097,0.12640622050537,0.0829373491507943,0.145508476482638,0.1985136299861,0.0871012351576568,0.133339056388587,0.100477894479473,0.038085478685366
0.420548908802343,0.224471982334716,0.0399817640309984,0.104496619803715,0.210500725028228,0.129375769894081,0.225097472250277,0.0911506431170721,0.030467395652744
0.350168531800716,0.168184491039015,0.0651961925929669,0.116349856483932,0.30010092808337,0.136837705424551,0.132347819300914,0.080022267607089,0.00776377948386785
0.408733962527338,0.156017370878424,0.0607056634820523,0.162360863721333,0.212182139390852,0.0977128644972982,0.158290830379465,0.126843706977901,0
0.483079724361323,0.0998280830898432,0.0441706273776822,0.0711362408175435,0.301785324353609,0,0.148674778921839,0.100325486278491,0.00320780363163307
0.441578594014729,0.133884736543662,0.00359007297503159,0.191859455626695,0.229087140839883,0.140931771567708,0.150335230907638,0.0886361197243402,0.00820570262122664
0.431239286013295,0.0821248031381324,0.0434540817592718,0.190071050537974,0.253110778551326,0.102967779525347,0.129162023482113,0.0719594916328658,0.0157981671037165
0.335619861284297,0.130083172964298,0.0887347491958003,0.17041344895475,0.275148767600854,0.0313168836067457,0.214464339637937,0.150048207928706,0.0364171009959041
0.394301338434116,0.153867894052731,0.0482068277444007,0.123149270494281,0.280474669274472,0.204401633042577,0.150737821821777,0.100192899832771,0.00950495929207971
0.349424448183114,0.172638543308464,0.050648162200675,0.196403680949215,0.230885165358532,0.163577183163945,0.165157985809791,0.153074320069873,0.0335431020057918
0.429077824140405,0.15043035667212,0.0529221347042466,0.107906249704448,0.259663434778781,0.049080327632671,0.128387468129793,0.104287550174234,0.0373798606720687
0.427406751338528,0.0760725627204234,0.0506454737697468,0.153806667721987,0.292068544449314,0.06879455180208,0.089036776306628,0.0397977948683279,0.0171271358940184
0.408109601221934,0.127615710282119,0.0612898071060399,0.197731478797174,0.205253402592733,0.114624188630094,0.208182768717287,0.0384397172561139,0.0262512143703737
0.459987061838766,0.103073645018792,0.0342578673158927,0.144211275272502,0.258470150554047,0.101454290963704,0.142425404806519,0.10389936853058,0.0264297606418184
0.319241350569046,0.172435515459496,0.0440434799651747,0.171757529010974,0.292522124995309,0.0398275775277349,0.162730657906378,0.119899932822196,0.0178131331657544
0.281122129809775,0.1950653251709,0.0628969970161881,0.149353092091366,0.31156245591177,0.0542631769029624,0.208028717717652,0.219719771514261,0.0248277400387355
0.481741361509036,0.0862839400483751,0.108838923731693,0.0988877406764249,0.224248034034471,0,0.107468366958402,0.066365550340006,0.0137305487551193
0.432660354186783,0.103400053042456,0.0509348446711136,0.168374271924675,0.244630476174973,0,0.148484623055351,0.0321652505742183,0.0259672179617717
0.442876122154568,0.106786433283256,0.0468028354693003,0.173968675925202,0.229565933167673,0.0797583500409161,0.130630102549065,0.102151904268476,0.0317595567370525
0.309318338269781,0.238603876038241,0.0982005854615366,0.148697440039012,0.20517976019143,0.102495914126931,0.263663019199014,0.150859805525049,0.0262915453045382
0.46582792418223,0.125098389861357,0.0812982762162466,0.112346159345584,0.215429250394582,0.172393214759732,0.195164593793894,0.113441990627319,0.045708058274386
0.417288822361844,0.148819756404963,0.0590040799824203,0.155756275632171,0.219131065618602,0.088226737651346,0.237547467469892,0.0757050205350867,0.0409704347283929
0.405497849536868,0.139691574676901,0.035199993052506,0.160251918125029,0.259358664608696,0.130626894410621,0.150055203359067,0.0656538029490383,0.00923178651350012
0.326587725937078,0.122493991495987,0.0497495778434124,0.180833240239104,0.320335464484419,0.138581532988685,0.172221951814032,0.111496886713965,0.0231122615387864
0.42732736484146,0.137124082735592,0.0569972239086524,0.136021174371434,0.242530154142861,0.0172597347882675,0.120565720557763,0.135863901388152,0.0329041330375224
0.471940174234076,0.098853692312787,0.0224923408462911,0.154767344593344,0.251946448013502,0.120159507338221,0.138360374439562,0.0793926129101061,0.0182110834076033
0.500510414822954,0.0808642062125025,0.0688624655935194,0.15048570388,0.199277209491024,0.0715729638540188,0.146977454418227,0.0738995065520624,0.0372919501508228
0.423388397486877,0.146981870459355,0.0727974418291237,0.121475860570644,0.235356429654001,0.0899598043388292,0.21044593673606,0.0807363195456659,0.0319791938435802
0.432865713824019,0.175425362752103,0.0510623561717897,0.108585481794999,0.232061085457089,0.064901147027044,0.124918684029378,0.186919502591554,0.0284428881235721
0.502699877611187,0.10661233228634,0.0756334280059038,0.133984968547788,0.181069393548781,0.140185599268145,0.134633956964519,0.055019260636588,0.0647050890744656
0.377314406897182,0.152689411167316,0.0514558874959701,0.195995943283342,0.22254435115619,0.0791048796336315,0.129612212533478,0.0884809548025451,0.0432894482724484
0.371069706849414,0.202860972055604,0.0972550547205526,0.102122957593297,0.226691308781132,0.150078262531125,0.168852478411386,0.165238181488098,0.0211320809119186
0.411775801154475,0.180450647558584,0.0460404090957883,0.17717559197695,0.184557550214203,0.178312550636487,0.207072209052741,0.157144065063572,0.0186905601529955
0.394013740060157,0.119376950354027,0.0529853281868041,0.15676275438828,0.276861227010732,0.0787610463927314,0.154328756482192,0.0728546630816314,0.0393493676472111
0.509044537455136,0.132846807469233,0.0314439046550974,0.159424539277872,0.167240211142661,0.136731373670416,0.155735208755028,0.115977679488586,0.00957032424260198
0.463439449398378,0.133286307571464,0.0605955530976348,0.136919369817468,0.205759320115056,0.0173663640080366,0.152359300035481,0.0987613693588708,0.0450565427223832
0.383779677055351,0.156246791306035,0.0737215917268902,0.201003140799007,0.185248799112716,0.01629509092528,0.141769032114519,0.082703631292012,0.0762777923601166
0.299729375356639,0.203367914670574,0.0611436298945663,0.176768599082019,0.258990480996202,0.168847319787902,0.164744855250132,0.0928831705554394,0.04615557574313
0.418145572515634,0.124967157240882,0.065875628695538,0.139202717286452,0.251808924261495,0.109660938613937,0.119812798933828,0.118114458255757,0.0216979324135262
0.395214512244289,0.10369821644739,0.0629835479094748,0.117772104161534,0.320331619237312,0.109428768969432,0.126209688047489,0.0636450533822678,0.0323699235965706
0.485021666587416,0.0302765706942608,0.0666413885571763,0.182150608632228,0.235909765528918,0.0477142452552906,0.136690525836022,0.0833699003646969,0.028648180538351
0.39541662196684,0.113200706365235,0.0775984509457667,0.154298068192136,0.259486152530023,0.0414125333550525,0.18131275394587,0.0417650560631072,0.0356588797082262
0.447222369411877,0.095885580291978,0.0690975423103128,0.0972120792853006,0.290582428700531,0.0458301390215688,0.137067058725201,0.119201058753785,0.0165159983311848
0.43143990159438,0.105625718444716,0.0876505858227393,0.136118731534043,0.239165062604122,0.0752410725684314,0.105259477836177,0.0523831088024377,0.0269139011618508
0.383674947239234,0.153631621603586,0.0519973209036319,0.118899435808719,0.291796674444829,0.150886082744058,0.125779222124637,0.0474102078177345,0.0171884909777866
0.385320740277949,0.14823919351465,0.0210722012130711,0.113167485438673,0.332200379555657,0.0772390771961722,0.134548655951847,0.148289189987344,0.00660932136813373
0.48383925494996,0.118736584952364,0.0945586116905543,0.139636372123196,0.163229176283925,0.164905150855942,0.144326023782775,0.136388427204336,0.0382362255918257
0.437835832025791,0.135364697173006,0.0287886526869889,0.154626054269794,0.243384763844421,0.235138253932378,0.111222335071201,0.0544667535484195,0.0193094107800463
0.470087366207606,0.109185556486786,0.0545348046514914,0.152063583100863,0.214128689553252,0.177138216865289,0.147451681551414,0.0674559930254068,0.039941468259302
0.372392879334773,0.124014250410737,0.0548171628757315,0.178695794695839,0.270079912682919,0.0623085883526885,0.118093943288102,0.159778968920514,0.0424368334073264
0.417599492143486,0.084523217984975,0.0666617914680099,0.125689901235811,0.305525597167718,0.0167445294463793,0.133443641209699,0.113033962582472,0.026012356233103
0.405830593519566,0.144003105730058,0.0747688249221953,0.198539196901553,0.176858278926628,0.28703075629217,0.213697096565632,0.145292821544563,0.023209377253352
0.427661152158168,0.130627418008556,0.0455641240817141,0.164425506600992,0.231721799150571,0.100592765245249,0.178460366466824,0.041171387473205,0.0171272944545521
0.451868484699971,0.0839535507208545,0.0788617727396827,0.163165675601922,0.22215051623757,0.235802815279687,0.124445930843871,0.0672335372279228,0.0159767074045879
0.378545807503868,0.0986155169948935,0.0382267977220522,0.194989558961551,0.289622318817635,0.168781225157392,0.176354744361516,0.086735503377831,0.0404168246859048
0.375221412127963,0.116292499213469,0.0235806535586866,0.146680561636295,0.338224873463587,0.258738937286365,0.183930915820715,0.0532963695829797,0.0239446658479597
0.501871659190599,0.123034757870693,0.0196775144710083,0.0860892338553397,0.26932683461236,0.0754448327548142,0.212879574458956,0.190276359803952,0.0166029367405826
0.38117436958632,0.158506020705444,0.0881121145627268,0.138090355294839,0.234117139850671,0.131407846262148,0.141928279705303,0.163130208118318,0.0270747467786226
0.354578506679668,0.135773611671544,0.0579553294848823,0.230135376863139,0.221557175300766,0.190671931414227,0.169967945865135,0.112967826784422,0.0312239201627764
0.441738065640039,0.129587836108341,0.0744977963159757,0.163136729625831,0.191039572309813,0.160662269150037,0.165969578002023,0.117232505268841,0.0318986899556777
0.479410475596865,0.107075878575909,0.0485227011917949,0.168628461204783,0.196362483430648,0.154048584061679,0.169229467297231,0.0771315499919818,0.0569659914718106
0.387442854894422,0.0655800323771572,0.0501501839352768,0.206912820677885,0.289914108115259,0.0819538045517951,0.0918830937902045,0.0480297255541859,0.0304867284478647
0.411695716174278,0.152758314839476,0.0757157463960403,0.0761313077742935,0.283698914815912,0.102532165003995,0.155495881687117,0.0744643791569158,0.0329478090958611
0.436692005693543,0.137392126829497,0.0703190923405694,0.120746323214467,0.234850451921923,0.061867169850294,0.164976078016095,0.058524224292292,0.0153414445351918
0.373027930901192,0.184137210052687,0.0577134633740675,0.1531225963969,0.231998799275152,0.1213860796614,0.152835902395133,0.110587522833837,0.0413583039430966
0.364361587336518,0.126878756272773,0.077835501564793,0.156360808126276,0.27456334669964,0.153775778491749,0.172310323198672,0.0807085912448244,0.043779470956196
0.409181919898949,0.165417539290157,0.0520003368470016,0.124089333950913,0.249310870012979,0.106437762253095,0.150083119171805,0.128461157206047,0
0.460348346874266,0.103929199905449,0.036138738566348,0.128928835383583,0.270654879270353,0.0202153289919732,0.153658173584996,0.130647849982594,0.0127343653395529
0.419079597699629,0.122879905165099,0.0345278020724906,0.183805155833933,0.239707539228848,0.101679275134866,0.117435223988539,0.0990589581357698,0.0269739346744782
0.399752749627072,0.147893421145704,0.0186125903737791,0.216144677048404,0.217596561805041,0.103901686717989,0.157770090953984,0.170079176664187,0.0159238771943184
0.428187866318265,0.104073848256516,0.0455117568747723,0.152644233430817,0.26958229511963,0.0855110712610766,0.114672224463794,0.120215934151383,0.0105556538394753
0.390022177396405,0.161119733292287,0.066872126907086,0.0726456501235163,0.309340312280706,0.0567586829082992,0.164477252335705,0.131144169937,0.0417605199769742
0.370462588148803,0.0857210858619177,0.104953520644559,0.193079047009019,0.245783758335702,0.130717189798189,0.122408786967403,0.094728524276433,0.0511976604909287
0.431286517117683,0.13395434115099,0.0309792393983728,0.102036133884592,0.301743768448362,0.0785328924109304,0.137105895170422,0.127452339140447,0.00385188555155784
0.41146177022295,0.072857214181936,0.0573301696041699,0.17851142910886,0.279839416882083,0.113054093343824,0.108577739146235,0.0721443448064268,0.0366041569224678
0.385793580608152,0.108662836604078,0.0135131503277687,0.163711005444979,0.328319427015022,0.107130576080709,0.107406370808396,0.0551586648150401,0.026925771119023
0.465715081613917,0.127140308564036,0.0502733942428838,0.199703193192795,0.157168022386369,0.118327111048108,0.226494066881607,0.169600485675613,0.0431102669223578
0.355239379200755,0.109982274490183,0.0321144312498048,0.211556268124821,0.291107646934436,0.0836413719441416,0.157902826666994,0.0593537140383682,0.0436163283192385
0.44183346900442,0.100226762820775,0.0279875110257903,0.164943629895528,0.265008627253487,0.115766618599284,0.125900745941157,0.0598313614763068,0.0280904869518943
0.350648712710871,0.157745453843909,0.0383525519036236,0.194325212925666,0.258928068615931,0.0880078136330565,0.161010402427241,0.106859968097725,0.0135357489169169
0.379517680801256,0.154599643296295,0.0750994248348517,0.16201684542951,0.228766405638087,0.119881986924845,0.12332946441689,0.187642554579457,0.0295370396112903
0.456239632291938,0.156577937601615,0.0465667389833199,0.110983657421481,0.229632033701647,0.12497583071053,0.122260021663856,0.163255154677952,0.0214798724451441
0.39611756029812,0.170965529938525,0.0660985043456106,0.13904669698835,0.227771708429394,0.154221772649683,0.151662947351974,0.162255245806069,0.0161248852815841
0.370188958459216,0.177093011430066,0.0418248287267643,0.209008326963195,0.201884874420759,0.0598430462222023,0.203871194153908,0.0730944119076664,0.0206093377824181
0.413032107498565,0.128986278954593,0.0129320800243291,0.139847091194383,0.305202442328129,0.0577429293165325,0.0953556060714917,0.0524912585004282,0.0310874662783753
0.447484549394896,0.216784638372434,0.031962191838044,0.123714541313562,0.180054079081064,0.0465741088919522,0.146340700127918,0.122261348148931,0.0118562653119682
0.375957723840396,0.146907922999143,0.102553537608574,0.122271492295539,0.252309323256347,0.125691885289501,0.193701824038869,0.188978929781822,0.0254453205451294
0.417842755652552,0.119566740381455,0.0270688602128973,0.167635390264965,0.267886253488131,0.0878714861784648,0.137733970574709,0.168495709048628,0.0424283610836424
0.370303057775304,0.165121841659221,0.0488876747269023,0.129631174346124,0.286056251492449,0.130853149437422,0.0891051642914771,0.152529932312074,0.0256711671422225
0.402164625906668,0.133334237064586,0.0498470626849578,0.196570949512039,0.218083124831749,0.180337307162739,0.230713751462343,0.132839370014275,0.0413521190442406
0.382521363128485,0.186247436777441,0.0787375411475655,0.14016248239861,0.212331176547899,0.0472637981038363,0.116269849516366,0.121732417287995,0.0376581562695574
0.465157501783218,0.0936164096322208,0.04732016213383,0.145480285885418,0.248425640565313,0.13380086826478,0.135685282909161,0.0875826369028295,0.0324536998404306
0.526146067017787,0.141307664370121,0.057924520093095,0.111103360671351,0.163518387847646,0.155767916605381,0.154865710135468,0.0935357765834843,0.0465199996045011
0.43902363017863,0.135361721645793,0.0680578016438459,0.188229814382527,0.169327032149205,0.175704941316463,0.155413540325247,0.103912126732889,0.0388436025551249
0.386914112905744,0.16982360069685,0.0333229279994807,0.148161438806294,0.26177791959163,0.0939652555509035,0.166391864415752,0.100093943381059,0.00310822117443676
0.406371988164304,0.132184373233397,0.0270330798772998,0.188912020957652,0.245498537767347,0.0772500062216892,0.115269728048891,0.101927888208037,0.0205099586868683
0.476621429416969,0.124058258416336,0.0206072925614195,0.150112563781304,0.228600455823972,0.151107851150026,0.151799634240288,0.0572310858751466,0.0268149327162444
0.422680139806691,0.136802952121254,0.0474669195178672,0.154002020056012,0.239047968498176,0.154130638812406,0.175023453711308,0.0792469564918058,0.0116885667589166
0.355879718104009,0.122767610301147,0.091661543334347,0.199498881990225,0.230192246270272,0.100949847715798,0.158049546896412,0.179310343008767,0.034653507646488
0.393415513080078,0.107060125734555,0.0535126433583266,0.15770720701882,0.288304510808222,0.0763338187496753,0.161200265101031,0.0763717939947196,0.0400605278808135
0.363678837735055,0.180067106356163,0.0632028164840521,0.163416520728578,0.229634718696151,0.206668731309459,0.155144524553416,0.100515183584576,0.0410073128506875
0.404812552305379,0.165132136139536,0.0386697800175557,0.162259379902465,0.229126151635064,0.0823322167417968,0.15475785131474,0.130397587442953,0.00396882003740135
0.432481949703218,0.15587028729885,0.0164450966302279,0.173224562090446,0.221978104277258,0.231956468580628,0.194288902910977,0.108180573478307,0.0142147721580158
0.420323092836086,0.0878484741938512,0.0655858058988078,0.169738022463794,0.256504604607461,0.155132464234264,0.169048718011235,0.120519575206311,0
0.478382939821062,0.067404382260305,0.0499682495666837,0.167638792279906,0.236605636072042,0.142505482394374,0.116546830081239,0.0794288536902929,0.0346833012152131
0.482279215672531,0.0659049271836423,0.0345190991938825,0.119355416951254,0.297941340998691,0.0534077881597701,0.103973080156795,0.052157879746976,0.010394173320971
0.436517348848787,0.116073898567416,0.0337987918051905,0.194180559209208,0.219429401569399,0.0963020993388322,0.182218765071586,0.0705192086058211,0.0355113898876437
0.346806571416441,0.100409736302852,0.0569641222952839,0.179847380477414,0.315972189508009,0.249245378801031,0.167333828631503,0.122525877748421,0.0388810208513183
0.44962796006918,0.141150380983993,0.0667646882352241,0.149662061301924,0.192794909409679,0.0915867982251335,0.157880588315221,0.0675784150667751,0.0217905756850768
0.43452349208718,0.100024329327795,0.0300548458513609,0.155291033953151,0.280106298780513,0.128746890726456,0.182697975537985,0.00828286202736665,0.0327789029340572
0.480342267477143,0.09814308100599,0.052732390586818,0.114485567138389,0.254296693791661,0.030496336866061,0.197605775365798,0.0584618246620803,0.0260182253863285
0.412875552934993,0.134496455252574,0.0463363278380246,0.178539205175981,0.227752458798428,0.0572350316739122,0.134133279144339,0.0881907787293395,0.0296885651571141
0.429366192312638,0.120059265837533,0.0311518490113793,0.164940901719547,0.254481791118902,0.183648593640658,0.164886428446479,0.101864504693613,0.0181843334501646
0.403326526650238,0.19830529855951,0.0516136308228417,0.145187372569972,0.201567171397438,0.100806970771371,0.104558559797274,0.249869865094871,0.0445820050066109
0.37627216806118,0.103799885664191,0.0678258824942027,0.169439904411342,0.282662159369084,0.12479355499765,0.160606145021963,0.0978842775305526,0.00402416599643023
0.42868015580276,0.130129246340206,0.0593526419771413,0.153512033167777,0.228325922712116,0.145675406482806,0.154293060243583,0.0607219029898968,0.0126136767955991
0.429316513128721,0.17281649423711,0.0371347954953269,0.184237809996629,0.176494387142213,0.118726952762679,0.10784136461301,0.1278958253329,0.0192508579454988
0.45210161270601,0.128787836803454,0.0462695384639869,0.143657509712219,0.22918350231433,0.128263367209172,0.102990484230662,0.124373776203544,0.017925466759427
0.384268306221704,0.148711571677923,0.0434182653659634,0.169040419840801,0.254561436893609,0.205849982928577,0.167174103499765,0.0954054310405611,0.0252477077414016
0.344641550213769,0.158669798150799,0.0547279203675766,0.248297686985135,0.19366304428272,0.170708394895614,0.115052817174601,0.135379712922289,0.0256417860995774
0.445076435062256,0.136456854028641,0.0356516576562347,0.130040694398704,0.252774358854164,0.175604935999884,0.126915838096753,0.0644796371358981,0.0278048866092242
0.358134903382294,0.102267500079794,0.0664851024467715,0.112162915169788,0.360949578921352,0.0319579494847804,0.168629035976744,0.0197523125325101,0.0281447198334496
0.358454195294826,0.150943537536577,0.0506095329673554,0.152229097571817,0.287763636629425,0.125665655966118,0.205325734954252,0.110545350146915,0.029013596264016
0.408512150867588,0.153720193408333,0.0210450986067964,0.165153897405843,0.251568659711439,0.117681588482667,0.158424832551259,0.175377506791604,0.0421322893344303
0.45378088246886,0.141070590210101,0.0798658273246843,0.168968962040141,0.156313737956213,0.0453444337295081,0.178267389934905,0.111653800456917,0.0356153856960065
0.495481037818872,0.119354348208436,0.024365710614026,0.148224479633113,0.212574423725553,0.0524815980803555,0.139041028194262,0.147324407476863,0.0213487021744119
0.429329506536747,0.171412497463569,0.0704283985854085,0.141764744339646,0.18706485307463,0.154381878371513,0.164504893785302,0.125525647115406,0.0441910730355813
0.44586631589817,0.138987893102645,0.0685702118926808,0.150197286371633,0.196378292734871,0.0588751884335463,0.182229485103676,0.11608741674426,0.0467868845330218
0.332251459044627,0.133643286195446,0.0715313228966752,0.160393199833552,0.3021807320297,0.112594402828632,0.10835203204867,0.130876567965471,0.0446857710070949
0.354106924157961,0.164536007990101,0.0136393298419883,0.195497182094159,0.272220555915792,0.155600396142079,0.115047529716824,0.142597683755114,0.0321885780598593
0.432337036128513,0.0929366264296771,0.069657667228058,0.156346195330026,0.248722474883726,0.0528758569120571,0.161197926101275,0.041876883515664,0.00751744566045303
0.383734051666795,0.105142352416355,0.0638772591652009,0.182039953125334,0.265206383626315,0.0341147467324574,0.163810298928308,0.0908790487136384,0.0515163843552368
0.395275741316294,0.127503977479257,0.048668969461646,0.153661793672233,0.27488951807057,0.0869402208745076,0.14510539511989,0.0581105023554242,0.0312413202857142
0.41763619822069,0.202839571179487,0.0514219056240741,0.155689033214918,0.172413291760831,0.108872864492473,0.156232335489069,0.117731974253906,0.025522881181194
0.374855093086936,0.170261764165386,0.042922461337582,0.138711669515188,0.273249011894907,0.0519961560624018,0.162961972378011,0.127185711430384,0.0178038196606015
0.376892284708939,0.111633809428819,0.0409980323874055,0.171860626580276,0.29861524689456,0.110437283272193,0.116531857136705,0.116213155265642,0.0317015975119483
0.412967653627958,0.125471123848161,0.0798758845194026,0.147149081198716,0.234536256805762,0.0822593626044043,0.130662625297118,0.0650107650066103,0.0293807954790972
0.468423270651046,0.112103621030204,0.0295709588703646,0.136493208778525,0.25340894066986,0,0.152834168329661,0.0560076988253376,0.0324087162691269
0.367290990255072,0.190205438763356,0.079861168491653,0.128373710795916,0.234268691694003,0.0390373139301606,0.229773004682964,0.101870755613824,0.0326419359609121
0.361153320882241,0.120792038115596,0.0691030825204844,0.218512757458221,0.230438801023457,0.142646721965947,0.151130718811393,0.0441655463911994,0.0338519036615314
0.349757157246838,0.162955396892201,0.0752028945980661,0.116445716823539,0.295638834439356,0.0565887435446761,0.142547761339332,0.0894516122235165,0.0176425249523075
0.419085493822971,0.146664134862155,0.104715024923242,0.16081001357842,0.168725332813211,0.166107795029596,0.152987468889418,0.106239439942237,0.0364001470351128
0.411416110897162,0.191149322325698,0.0572672644137902,0.121792692125685,0.218374610237665,0.107615381780257,0.181771204884703,0.146664105008374,0.026170761628505
0.421008144883437,0.0988691279304165,0.0242023198363462,0.162629781259203,0.293290626090598,0.117608429360435,0.155363367959668,0.0196458501789488,0.0189332117045844
0.431369435202598,0.177029213791491,0.064363115981412,0.0808346639969074,0.246403571027591,0,0.16971738308326,0.14726505118024,0.0157510975193519
0.412524236353783,0.150151966152677,0.0323103689292406,0.157855388311479,0.247158040252821,0.0956135716882877,0.146153479839486,0.0886379355095884,0.00961122429307523
0.398316931867182,0.156949149643858,0.0287408580841584,0.17105107838482,0.244941982019983,0.0651617937579708,0.155416057834388,0.0735681383948621,0.0279327585503209
0.431807232884575,0.0990191071289494,0.0564823078480946,0.166616994815463,0.246074357322918,0.0740683729329357,0.13544632182992,0.041099084313813,0.0473647234760193
0.513736055543481,0.102348787623741,0.0775465886432509,0.134022396048407,0.17234617214112,0.151601257843417,0.149960137727626,0.119772859561451,0.0245737045200676
0.427975461331549,0.0897059350021825,0.0915943738884949,0.132355928347717,0.258368301430056,0.0935064015772081,0.108458243603953,0.130982924475009,0.034258058657249
0.36408179715921,0.128048359684661,0.0332496113211882,0.188609541220086,0.286010690614855,0.154998604415622,0.126088993676929,0.153114540693974,0.018649953663151
0.456285998081082,0.148028665231664,0.054401173174185,0.119866392152307,0.221417771360762,0.0759444561342061,0.151827593512378,0.0759750368879393,0.0274253473207728
0.328809461725238,0.154028693378091,0.0590581540227856,0.170254804271552,0.287848886602332,0.132907841531768,0.119199551984256,0.176201980260397,0.0676798026405158
0.354704502490113,0.152065822606525,0.0216907943632716,0.198044394067342,0.273494486472748,0.115365471250446,0.122879660678221,0.0966277807329132,0.0572999199416733
0.388866149799115,0.178010446316085,0.0705843167643184,0.19009519704584,0.172443890074642,0.110300294896636,0.191646148385116,0.106680674772142,0.0474641061495007
0.329137885562631,0.182578832585571,0.0986440728858833,0.162606480740177,0.227032728225738,0.164079599683584,0.201235672211415,0.157071438147346,0.0367287587368508
0.480171788974036,0.109890163899134,0.0906526750943964,0.140294409800284,0.178990962232149,0.0901613673781641,0.162193316062738,0.130268523681521,0.0744370463959467
0.390889710770866,0.159411966919907,0.0332600371669064,0.16451277340629,0.25192551173603,0.214771173377549,0.139568435180155,0.11835816948848,0.0178643662232892
0.420746461205059,0.10413044181983,0.0512945312474806,0.135443154245823,0.288385411481808,0.0423739865724963,0.0934866304247133,0.114917508093088,0.0104414845216034
0.453565296911123,0.119083632980914,0.0272754603749112,0.208742568275321,0.191333041457731,0.171609212556908,0.153048368444398,0.175853332131734,0.0324010194974794
0.426369338984383,0.178305467430072,0.0640779307744494,0.192407164270473,0.138840098540623,0.1183644926448,0.141618759590017,0.135937409597417,0.00390363231626269
0.403741264612368,0.18350231589636,0.0490819118667288,0.148726236635293,0.214948270989249,0.0422775642003282,0.154145085472784,0.135266757531677,0.026903169944779
0.396703291847575,0.195248904968982,0.0400596993424408,0.125339881923927,0.242648221917076,0.233893177869668,0.114554796559231,0.149909717235194,0.0201889761557178
0.305575825528159,0.180416769537558,0.0722129692701848,0.115646705935518,0.32614772972858,0.0235388826182846,0.180796650710971,0.157784200429646,0.032818611732954
0.380273448723332,0.10022371964098,0.0425600865489584,0.132911118480178,0.344031626606551,0.109827001891936,0.0954751427925178,0.103884421421418,0.00460734401763728
0.43082432898685,0.120065670112232,0.0516729445134294,0.144142133096549,0.25329492329094,0.0887472667315264,0.119854255793296,0.154062470065718,0.0198201864949297
0.44890827782313,0.0963911313160987,0.0945886766058937,0.155266215163321,0.204845699091556,0.249004628022326,0.157919710741981,0.210423296585404,0.0312290511929938
0.477874737864974,0.0488404439802082,0.0473464744400343,0.147879094696701,0.278059249018082,0.108824908351083,0.0770546043318458,0.031009368153824,0.0116145215564343
0.362738402389976,0.182220560235875,0.0584896373329553,0.208956438923753,0.187594961117441,0.200133932633667,0.191418896941209,0.155607159576445,0.0454244698945932
0.342477604904619,0.231994360977557,0.0500765093975949,0.147691801114846,0.227759723605384,0.0662774466783233,0.163040210465665,0.236518757457691,0.00458815351167934
0.482873485378414,0.129786792567578,0.0406000046047262,0.10192631748215,0.244813399967132,0.0273588037759907,0.184125958952129,0.112375922906676,0.00544246273356038
0.497330780990581,0.0864720980730248,0.016617820570012,0.149355779317011,0.250223521049371,0.173629547765287,0.141175746102561,0.120446203121415,0.0565638753450187
0.416683272499285,0.0962799550144105,0.050764091166677,0.162162879324145,0.274109801995483,0.176300910541157,0.210936945157978,0.0997210505936562,0.0233076060480097
0.464424230369592,0.113608903813983,0.0524901247557055,0.129842111402221,0.239634629658499,0.0984067342984339,0.124907483700142,0.0718313711347817,0.0293882045164234
0.390957202042014,0.119342736326178,0.0306905700446646,0.173569033695449,0.285440457891695,0.155654779858423,0.14477644410467,0.140840294894639,0.0623409045185182
0.409482919936737,0.0936450378024574,0.0454190735483591,0.127224810715533,0.324228157996914,0.0224931629817424,0.127664710829677,0.11532476156759,0.0164238153032715
0.424277160580332,0.128886235336898,0.0715279836814331,0.173788807150222,0.201519813251116,0.0577535842894185,0.211319987106663,0.130047102063368,0.0638617208502941
0.401915673450581,0.170472951603244,0.0366673278837725,0.141119222164429,0.249824824897974,0.0236640423943619,0.128315771751196,0.128643189611591,0.0260056362114078
0.405162224928695,0.128065672351341,0.0348577945775499,0.170636848733348,0.261277459409065,0.0428917213442266,0.148823425089824,0.0752054940404807,0.013198195672969
0.387557360241541,0.0731778089980542,0.0662431546805158,0.175729609530299,0.297292066549589,0.0852081212213482,0.147612875954131,0.0820047111468152,0.0492604239943014
0.421584767444862,0.113643265921719,0.068085223372826,0.124057521046456,0.272629222214138,0.100024971751658,0.17022398825821,0.136221619381893,0.02069132567699
0.357665448459835,0.157942804071121,0.071182213199564,0.17215590549678,0.2410536287727,0.0618958214127827,0.205567296602484,0.0628134133350705,0
0.399063736104766,0.164393193285031,0.0504640011455237,0.156029176245081,0.230049893219598,0.132097756071006,0.177494214275276,0.1189070584855,0.0309702159143629
0.421307550595079,0.0949889490213903,0.0231666423282444,0.240755700676052,0.219781157379235,0.11973945296649,0.138050873853424,0.080502538643549,0.0548572004031022
0.375518823596393,0.161783230915957,0.0810528593840957,0.131599553895712,0.250045532207843,0.0727578523689606,0.1754811809458,0.054141855480355,0.0324758432491523
0.410451371510645,0.105549810523453,0.0697125673621591,0.142929906320066,0.271356344283677,0.12210516567601,0.173424821391851,0.10770219913565,0.0158359084938685
0.419760922342779,0.100117295381958,0.0606572891212465,0.142584138343108,0.276880354810909,0.119687769761749,0.110454697307052,0.0923556506996088,0.0392045323500562
0.391292418900839,0.146235784642328,0.0213719351423356,0.206444369964622,0.234655491349876,0.0953949792214126,0.120873312386652,0.0741424502798966,0.0263569510268031
0.448729384903962,0.143148238492212,0.0605287228350314,0.140243876201075,0.207349777567719,0.0825160562642944,0.186230754795514,0.0459345963794263,0.0520992183744823
0.409734686597545,0.104648535237055,0.0524576037275096,0.192114716028718,0.241044458409173,0.0734640040406686,0.105391429505341,0.140436209145986,0.0110023896658828
0.356997902340105,0.0967923887680898,0.0585365932222758,0.198160307528949,0.28951280814058,0.100764515899787,0.138288977866469,0.0224166740242266,0.0153520379459705
0.420570103279945,0.163771051095049,0.0618479257384326,0.0842867723466662,0.269524147539907,0.043295241538546,0.157222381034399,0.0526219202986878,0.0350868080306775
0.47843897153473,0.0978146909436006,0.0485256631408692,0.184873570454552,0.190347103926249,0.126978461211997,0.155361235709067,0.0721623700466534,0.0209427523630578
0.365242107110966,0.126764722033167,0.0145565545781349,0.225453541026462,0.26798307525127,0.0798994202817295,0.148409041389504,0.110365878976609,0.0292827170319575
0.38235680483469,0.104993199276873,0.0564161238453,0.149836537244209,0.306397334798928,0.0146611889384124,0.148695308717716,0.0398909218795097,0.00436440666826986
0.450217354001955,0.0837356139090127,0.0609397219164139,0.148577623709581,0.256529686463037,0.121793655496983,0.137152665341326,0.0515412920419293,0.0648529025496596
0.319445710581988,0.212145544677754,0.0782150060504857,0.144649594165471,0.245544144524301,0.125542413608297,0.158393171945984,0.168219043147131,0.0549240590439114
0.435720427039117,0.15464736116224,0.0740342560796206,0.0988100824460717,0.236787873272951,0.0666134412316147,0.099681893882608,0.131899623574423,0.0214698458892512
0.407060311214214,0.100398208501073,0.069997528695879,0.141278022342971,0.281265929245863,0.0789233922955774,0.0935907078694679,0.0349705031332818,0.0382758836197879
0.403779566773543,0.17868377465624,0.0560012072535018,0.172482536345266,0.189052914971449,0.0778026818587738,0.185962191373583,0.142085703422436,0.0373803135378245
0.437367066953354,0.0927301591232726,0.0724372079316421,0.141237857609145,0.256227708382586,0.0519084423402444,0.171099977605158,0.0837557024007718,0.024809802319661
0.4826956701996,0.092904657439529,0.0270927922290794,0.14022178209136,0.257085098040432,0.103485391051048,0.124102294547101,0.0501941509354227,0.0180471748291891
0.433159176203729,0.178071404453811,0.0384068521261346,0.152827325137094,0.197535242079231,0.212770740202915,0.132376912612243,0.0844822201028369,0.0426620790471361
0.358729184900635,0.154046057507228,0.0218621492045699,0.169283314349497,0.29607929403807,0.0510006094864882,0.0946738318708168,0.0600639089257503,0.0358052315194791
0.437910579347239,0.142498410064281,0.0669078023685812,0.137496303202225,0.215186905017673,0.190326227634212,0.138787316758018,0.100051866514994,0.0460334539891906
0.450477362717068,0.134195811707229,0.105893262372947,0.105076402548012,0.204357160654744,0.10158575853346,0.207645115934512,0.0876321721446214,0.0385143221574583
0.44106847410446,0.150714012978781,0.0111515006291532,0.1594777826559,0.237588229631707,0.151755258716748,0.141485204023453,0.0816673505844574,0.0403304094881501
0.425002861291769,0.108802011080779,0.0521025316404343,0.198944933533024,0.215147662453994,0.147912189459565,0.129825977216085,0.0451780160936946,0.0413784681765216
0.43555310459877,0.125164343081877,0.0463114714975695,0.150931522181653,0.24203955864013,0.136402519482703,0.159404079259427,0.0771020222201289,0.00516797375069309
0.459061754538023,0.129369603991601,0.0841653601241591,0.105635581787876,0.221767699558341,0.0801419908282922,0.191324595720088,0.0510227394312094,0.0258105011567443
0.530434298912031,0.0532906213470725,0.0637548658201893,0.112275414552547,0.24024479936816,0.161041194975293,0.139799572340616,0.0886363830776199,0.0171770435697678
0.534491115949415,0.130292064080958,0.0308516403211139,0.130085219586637,0.174279960061876,0.0954433684360234,0.120883259543975,0.0705939950417293,0.0417870800531182
0.433446462767826,0.114566451143004,0.0372243442106924,0.139766329932861,0.274996411945617,0.0849502151370728,0.124919562344039,0.12406398649024,0.0411832537212014
0.452882571275435,0.14752720033,0.028479035683233,0.14498457577596,0.226126616935372,0.160727117316422,0.179401001496347,0.211074738630645,0.0248612461188051
0.440780628108358,0.158824631313862,0.0646249929341562,0.102431490541476,0.233338257102148,0.16257009690202,0.117409356224931,0.145951348189286,0.0289428078387072
0.49043110844529,0.111359074959218,0.0464199620321805,0.104304877776812,0.247484976786499,0.121314175890306,0.100066332911531,0.155677031051804,0.014233815305012
0.424986688707276,0.148799529374371,0.0113685765640019,0.130108467689955,0.284736737664396,0.175826975333036,0.100764488425588,0.0692531139908254,0.0383909283387852
0.493538846061123,0.188009029380377,0.0667963708032462,0.104622091681795,0.147033662073459,0.0475493868913124,0.169045703604231,0.0878778318962826,0.0472244790414625
0.482010033681256,0.0657217382636674,0.057919612147227,0.211291985802534,0.183056630105315,0.107179863012418,0.130888112880282,0.088246754399749,0.0349139993386962
0.379850236824114,0.168839202788311,0.084668952351248,0.117957093040215,0.248684514996112,0.0848995317549059,0.162222671543257,0.112953625522332,0.036415907305881
0.419422686508469,0.120802173490841,0.0689462527836552,0.125071431610726,0.265757455606309,0.0809816638323848,0.138230823920164,0.0763869276412346,0.0111072679986499
0.340528067854388,0.172844219608903,0.0443333708960727,0.139159126850052,0.303135214790584,0.202978893186509,0.261422070143103,0.0910487070159305,0.0634701441381334
0.453473242656165,0.171956089334196,0.0723543571616214,0.0673146039764113,0.234901706871606,0,0.10089626125596,0.127445750230932,0.0266022239968168
0.343611297218381,0.153591927250674,0.0365100556664068,0.203517912615424,0.262768807249114,0.163352827740468,0.141613572657469,0.099798238495697,0.022283790195445
0.447451268609766,0.119024930350958,0.0647580504874986,0.163129508561959,0.205636241989819,0.0907278287536987,0.104271086614054,0.121929169168821,0.0442756902154532
0.406643005258159,0.178185025911308,0.0461489844847458,0.185631751982944,0.183391232362843,0.169204171913102,0.0802033496838935,0.0982297653163611,0.0210651717393172
0.416510149983339,0.158331930613356,0.102542106811684,0.136425399229336,0.186190413362285,0.0687980890347921,0.159080968911399,0.092952996418447,0.0288092100115004
0.433343384042023,0.113389717954091,0.0444495911092423,0.121610149024709,0.287207157869936,0,0.181954839193259,0.17875845063163,0.0209671953489414
0.422554920295441,0.166266529660879,0.0200493336633623,0.180514790397866,0.210614425982451,0.0846286448489801,0.160918093000592,0.166759447601327,0.0270786587965913
0.44670420783796,0.0614324051219885,0.0439056447526487,0.206860038253518,0.241097704033885,0.0905119894886154,0.1568771775767,0.123916011726668,0.0147820408563894
0.52920529973434,0.075582001796908,0.042890297359625,0.0811464133590234,0.271175987750104,0,0.141034395479137,0.0863578124942552,0
0.322620192615385,0.153849547283372,0.0611943540600913,0.176981966609654,0.285353939431498,0.175922925314232,0.150117136801882,0.138482153020644,0.0282496936637431
0.474950963629284,0.121666834024457,0.0534967712930338,0.122685738153037,0.227199692900188,0.0383187962316395,0.177354341699474,0.111308531276849,0.0235468511426449
0.384617030793253,0.131329091517678,0.0187273013193657,0.202567585190666,0.262758991179037,0.153236830580065,0.136001214833144,0.196665406039095,0.011414324607453
0.39728619749047,0.174938172930683,0.0580800449105872,0.140165111665565,0.229530473002695,0.175092091077901,0.145065509752524,0.174863229710014,0.00412183538914316
0.405993295891742,0.153936611070321,0.0711630796129003,0.115115630773008,0.253791382652029,0.00101240055801968,0.110107478315988,0.092082955172241,0.0168409317915666
0.345010918778759,0.142029746532644,0.0662468407004041,0.158341408697938,0.288371085290255,0.160961989219502,0.149093796656623,0.117664008493475,0.0287754170710017
0.400431249802689,0.15101786136699,0.0794098695471439,0.085886044921195,0.283254974361981,0.0679093312319274,0.156728238530331,0.14003361788189,0.0130676724115691
0.452768770410388,0.118505420971926,0.0354141424122178,0.120589478450076,0.272722187755393,0.103874878604066,0.151557614888105,0.182163038763687,0.0252119850817516
0.368997185198731,0.134321891367406,0.0545459894238606,0.150954274803591,0.291180659206411,0.107345548070882,0.172761935844176,0.0766653168161081,0.00587974770510999
0.356811835221691,0.181780023616548,0.0370132417406833,0.195043570600659,0.229351328820419,0.202991538079854,0.09544541024749,0.122065405254969,0.0163609879785382
0.390812439793796,0.176374748421956,0.00776321401457747,0.186909779353262,0.238139818416409,0.198818597670088,0.223043062518151,0.119078294712309,0.0363289366176347
0.43041424834931,0.147826947760115,0.0539300666880342,0.189965596998697,0.177863140203844,0.149448091513659,0.147304372904008,0.10541648505256,0.0526950009223298
0.459625029508813,0.111322439744527,0.0202044394134081,0.127185273970985,0.281662817362267,0.0517869430727436,0.156777679789746,0.0932054276771987,0.067686712044153
0.404112481051734,0.16655777468738,0.0722868309510214,0.179857347211079,0.177185566098785,0.185301140953946,0.131483908150626,0.111491793455092,0.0290292577035002
0.385189929976236,0.0869119933094842,0.0280051854706315,0.173634427873958,0.32625846336969,0.0333070617029142,0.134149101649591,0.121532675958524,0.0161781239976308
0.510111309590681,0.0988887099053323,0.089317596470445,0.0846529348828765,0.217029449150665,0.0890290322820518,0.195735785489385,0.0472775727716037,0.0220191253233739
0.368928186378011,0.194498328886754,0.0340569538696954,0.154641469925043,0.247875060940497,0.10976424825963,0.164179778482689,0.174583766193132,0.0107385526857942
0.377183113377631,0.120405168712934,0.0790627565963877,0.144106608539222,0.279242352773825,0.0814343883402632,0.136598243767608,0.0982946959623051,0.0122148225148813
0.387226615182022,0.15999707723955,0.070864607073562,0.147644168578463,0.234267531926403,0.203117955902854,0.153044462399171,0.19735449217451,0.0252470512796124
0.407362152186961,0.12392959201926,3.02152937556372e-09,0.211010024825306,0.257698227946944,0.171043413439901,0.200825592471678,0.0608729343406388,0.0215293514738696
0.437195225960739,0.14530006029172,0.0231776437169464,0.132168240475239,0.262158829555355,0.0762810479520229,0.163969533325712,0.0668075877544824,0.0224380092836443
0.39138216446347,0.145396775456769,0.0433831809099481,0.168614025874421,0.251223853295392,0.0461057150312799,0.0910004644319352,0.132276845328377,0.0386394862381053
0.46261470395363,0.113989977973157,0.0506067278362942,0.125772348184351,0.247016242052567,0.0473284315048559,0.171249139612222,0.120875168829894,0.0289381574113125
0.407876883075472,0.17791468096557,0.095092553697725,0.129513509671334,0.189602372589899,0.112174555149261,0.195980383907473,0.172858095824317,0.0217627430766681
0.426838509463497,0.193593657752979,0.031367998494597,0.155941955147289,0.192257879141638,0.266681351681857,0.172734162074648,0.127609408713843,0.0094874086415875
0.421500431366089,0.16215957438196,0.0417809073636445,0.156733498777949,0.217825588110358,0.115692202296882,0.129360279570504,0.0764341180259398,0.0147507046722725
0.500152257225363,0.0449161626434087,0.0331641011234427,0.169709877540113,0.252057601467673,0.165123099661964,0.129398275757885,0.15431070976382,0.033081068677519
0.470151504584937,0.107670754818216,0.0432676145850753,0.162116202956202,0.21679392305557,0.15564361931135,0.17102204648653,0.129712153966007,0.0193625854963619
0.386418049610218,0.134158340346028,0.0418343028821431,0.179159805337877,0.258429501823733,0.0929051787975406,0.131065644869244,0.163472998667086,0.0376534722410425
0.444254905245382,0.147846155163986,0.0289788035926979,0.102377503765936,0.276542632231999,0.117934050956888,0.140041311933788,0.0400274253903352,0.00866108180259255
0.426243418930403,0.141195793411369,0.0374736605280284,0.140116005079966,0.254971122050234,0.120235302347611,0.179668126600746,0.067036576140631,0.023900457301723
0.418392438071824,0.185594241226485,0.0462732094969733,0.111034196316879,0.238705914887839,0.0977818583738588,0.178090954544124,0.145724374792603,0.0258504699592084
0.493301037924299,0.120596522570871,0.0363660608662032,0.0944749514980284,0.255261427140599,0.158204845343088,0.153261265894337,0.124443725857467,0.0153203857520674
0.412413747319619,0.169817225936986,0.0450097044741251,0.168474526292406,0.204284795976864,0.0749423138291277,0.180657725173024,0.109780742996865,0.0599262801641644
0.408587542875674,0.132871299901901,0.0341541712243841,0.155226442309573,0.269160543688468,0.0879621672313994,0.164293469990935,0.0722691935265653,0.0243856067718022
0.494523495711899,0.0779195796711605,0.0547233920360128,0.132345440849854,0.240488091731074,0,0.185531142724207,0.0781591061098708,0.0370402298195413
0.419755681752367,0.127522602421349,0.044547225914229,0.196142495056036,0.212031994856019,0.135113089891788,0.135876879760517,0.0507970324393818,0.0548660060523519
0.41657191175709,0.118815918527915,0.0575472831253819,0.202022773593275,0.205042112996339,0.113963055974668,0.103237400486636,0.0777057501937779,0.0220152399602475
0.380523556354651,0.200289029318603,0.0444341903863526,0.174668083819014,0.20008514012138,0.230731344091497,0.128253646456728,0.154252638315595,0.0424025735749092
0.442880928741997,0.120251209400515,0.0687588661291581,0.111433336194628,0.256675659533702,0.146705750896567,0.180106445847258,0.114574641909916,0.0297068374139332
0.449847286458043,0.165533999295244,0.0670223265552107,0.143754937834855,0.173841449856646,0.125979132302437,0.0975464664839424,0.192408156277312,0.0275492675567754
0.479187404996009,0.131081413657119,0.0595519595859873,0.111249941098124,0.21892928066276,0.154220243671325,0.105725755655108,0.210600992129817,0.00792712302421252
0.410876107111215,0.152325952642933,0.0947355110024717,0.11830391460399,0.223758514639389,0.183095256085725,0.146323078988918,0.0948375044626042,0.0214695882643965
0.493416768534259,0.086191523624107,0.0365131509203397,0.154267940250624,0.22961061667067,0.0469208448105941,0.161758613632924,0.109519590722953,0.0415017626554329
0.391233603063089,0.114064957758167,0.0654288068009536,0.143601689390083,0.285670942987707,0.0357608917834899,0.119214897917425,0.126609257553778,0.0241983681319953
0.435310512846235,0.129138483607117,0.0699647049664556,0.113032219014179,0.252554079566015,0.0273115621740751,0.182929364886494,0.179056753725131,0.0147384228270956
0.482369607921678,0.103102728928466,0.0633917653433901,0.137346129770427,0.213789768036038,0.054392974249849,0.120544973512981,0.121246907935354,0.0388985801199775
0.403171264833748,0.142191223554369,0.077974997543445,0.091115002375332,0.285547511693107,0.223444148235945,0.181552639973497,0.118315712176574,0.0398198130130351
0.376318599700909,0.111323760534591,0.0337457830438162,0.18125861772612,0.297353238994564,0.0530172963850916,0.142511656542785,0.111001646734224,0.0382622491982451
0.382540094879078,0.105027337300666,0.0352948359855995,0.144486144170026,0.332651587664631,0.0366872924045991,0.151014553345267,0.0470181667596675,0.0557120514287277
0.472815506216716,0.0609455285741213,0.0469988824789699,0.145736866494199,0.273503216235994,0.0525260572951791,0.112426964890589,0.127266643073366,0.0413288832565904
0.365101675149522,0.129769867058643,0.0822891417729215,0.136226373861762,0.286612942157151,0.203629401859745,0.119390914732908,0.154112198410756,0.0130764994928184
0.42464252613982,0.117889474297237,0.0185843284601819,0.14434386317818,0.294539807924582,0.0930572180602469,0.108777373183607,0.126760197043827,0.0285890827903238
0.369297063502725,0.154810061590595,0.0282082696914616,0.146021363639195,0.301663241576023,0,0.165736178355369,0.125479635244564,0.0170249217843758
0.363072906211174,0.251469623836255,0.0635672195842678,0.131442655195379,0.190447595172925,0.0970648871056697,0.150909980756038,0.170930804942285,0.0402047244074276
0.44824397653673,0.0978327965367038,0.058054287712693,0.160367898531408,0.235501040682465,0.0146535111384245,0.129866330082897,0.11040557478144,0.0474444612266097
0.411722721897745,0.137005796925453,0.0155940514221261,0.165731783150558,0.269945646604118,0.123612546564654,0.0529616957745688,0.12881021556814,0.0265539445895756
0.447584315454636,0.151066520736325,0.0219899046347971,0.167817998287817,0.211541260886425,0.221904867349636,0.218226297303477,0.110409551615224,0.0206292421996202
0.421124927994454,0.13110931118341,0.0258572420516126,0.147663699751272,0.274244819019251,0.094319613111531,0.119268964215191,0.0534765223284194,0.0122489945458246
0.395872153798461,0.159552653913429,0.0529903999887698,0.186168944605608,0.205415847693732,0.109117763396305,0.149114824178368,0.13311796910632,0.0408719798349436
0.397323149939323,0.155301571254599,0.0327745694171746,0.156809587589283,0.25779112179962,0.0795252928586971,0.145641793031939,0.17700313893453,0.0223676115234004
0.43890962988354,0.12519302428567,0.0232716133562917,0.159057798396631,0.253567934077867,0.127236727022591,0.0972205121840695,0.062090339931289,0.021152587840261
0.393583430585241,0.161886655121631,0.0528415174153401,0.165032819594292,0.226655577283496,0.101486237789576,0.150862701584381,0.0920723103627965,0.0400695019402718
0.420713897432442,0.182497348074191,0.0766723326241479,0.111058350857427,0.209058071011792,0.158638677430741,0.16738546855821,0.116468204233181,0.00384562520486921
0.383735724398326,0.16526274113954,0.0328649290968653,0.130060078379234,0.288076526986035,0.105723508052985,0.113112628399729,0.0558336876394087,0.0153846363521452
0.4215366084018,0.0763976176351507,0.0639854860139668,0.160198161069816,0.277882126879266,0.0202363569429061,0.100973022534576,0.13273514744823,0.0216827724931797
0.445320444983582,0.121628294986787,0.0596247827598751,0.149277835036634,0.224148642233122,0.0550914458177023,0.103798490859617,0.133123382292623,0.017607543737842
0.400699458439085,0.0888539689523915,0.0526482438440805,0.169451867668141,0.288346461096302,0.0444901103530527,0.141662176996708,0.0360491860976945,0.0333016029295859
0.425974809983003,0.115975620692875,0.0214498965153154,0.16495447568622,0.271645197122587,0.170880227022942,0.119748533942918,0.150676460280762,0.0321559756722842
0.381869607408508,0.145944581214822,0.046258047148807,0.136908003640559,0.289019760587305,0.0291852916353496,0.251942208170015,0.133906360896514,0.0438422770829348
0.444163587735924,0.0873206563388302,0.0577457196807613,0.112595637531241,0.298174398713243,0.0828539591373916,0.124358313967458,0.076614289052371,0.0185676356711731
0.431703488065699,0.138509127965823,0.0300510833266002,0.17240838451457,0.227327916127308,0.0607204617016841,0.125878481034702,0.127849474769743,0.0108053923534055
0.432829229511565,0.0977794741245177,0.0603051825064967,0.161257426084704,0.247828687772717,0.0682341508156193,0.175983101584573,0.128611634198949,0.0306325282708463
0.474714267006916,0.0654046228059608,0.061131075786635,0.154423475050623,0.244326559349865,0.0694374573906971,0.154825180957468,0.0303262042970287,0.032221165717885
0.437711763900061,0.129167304254689,0.0359444434450615,0.170836035540151,0.226340452860038,0.093232687211093,0.145150253499737,0.09187249424082,0.0321385676845388
0.334711510466709,0.166234541718231,0.0543767564528484,0.186844049381768,0.257833141980444,0.199727115954157,0.123236990189819,0.0392756657882929,0.00447925468620195
0.425509195197774,0.155830879906192,0.0411962539343443,0.133793203028542,0.243670467933147,0.0477201677818774,0.143744878530413,0.129433395827129,0.023983007158965
0.442716957919277,0.1522828848063,0.0506493173921371,0.139892938241256,0.21445790164103,0.13048693003919,0.203425717924375,0.168552275033064,0.021492378686345
0.416595776468387,0.18169072748278,0.0645986334870045,0.0999057101212344,0.237209152440595,0.20694953004106,0.126490953855127,0.0975509463621981,0.0211097452826786
0.443107479680813,0.138629995856056,0.0716804873205994,0.118248808016898,0.228333229125633,0.169027259935086,0.169701212108458,0.0445443112931275,0.0555464586954444
0.460563578537945,0.168347790685869,0.0641602393700782,0.124205800499294,0.182722590906813,0.025758227379812,0.114048669763965,0.0975913942239492,0.0147552538881542
0.387671968541365,0.160587382666611,0.0866203505251987,0.122098592635484,0.243021705631342,0.127127930617617,0.0959275486882579,0.116428067346797,0.0215567338497563
0.377941019562985,0.154914449627872,0.045651393558667,0.180654860107833,0.240838277142643,0.101735998816201,0.171691874919847,0.0804166073951066,0.0419612050995678
0.391497196658675,0.180518734427565,0.0521413629945128,0.108439300745346,0.267403405173901,0.140490188913506,0.190346632227046,0.0985775140640959,0.00420091915615776
0.423177966018739,0.192837026902058,0.0321288669118495,0.140164197153543,0.211691943013811,0.0668186448854619,0.166579483439546,0.0986025649007632,0.0120618214818703
0.539463338054287,0.121978685841214,0.0611168095861214,0.119476248484615,0.157964918033764,0.00341723115716821,0.149091938680139,0.123334349043091,0.0309388134190738
0.425929256985494,0.13666081486624,0.0258296065187192,0.125073473419376,0.286506848210171,0.153300829856207,0.122464274922764,0.141898727904794,0.0348501515554469
0.439855477192096,0.129793487063765,0.0775665035640505,0.17274526255318,0.180039269626909,0.151559501716327,0.196272595925154,0.0556672720755126,0.0277923379814515
0.327132345221136,0.19637568292726,0.0625729911126279,0.157528950040212,0.256390030698765,0.132314057462495,0.165806286860572,0.167646196200319,0.0261452307368682
0.389108283376867,0.191952905648842,0.0517752391213781,0.137359225910789,0.229804345942124,0.165604086532792,0.194634618935622,0.138723119270527,0.0567763456397198
0.41547735889408,0.190306410716009,0.0303051018158248,0.153488492195038,0.210422636379048,0.18569569068497,0.13483464911852,0.157940018471095,0.00372613894269528
0.456197101142704,0.134764812197095,0.0604608116221657,0.139846846139954,0.208730428898082,0.12856776815459,0.140034254202121,0.0951375426247775,0.0230830150560898
0.428145175849695,0.114527704021196,0.0291973934254221,0.145615359089136,0.282514367614552,0.0736844049828897,0.128561565484715,0.0877612954689771,0.00495765080002195
0.462428482052174,0.0867879780145406,0.0723070424845568,0.142917728381343,0.235558769067386,0.0646984476276691,0.168501595730902,0.0902184205606127,0.0246165372018578
0.357235889593198,0.113140648191163,0.106749504000237,0.165949270519968,0.256924687695435,0.136500910803477,0.139346949735064,0.157798132224007,0.0354343871923418
0.374758263709938,0.147551770460101,0.0521148415256502,0.145869217929595,0.279705906374715,0.136901782745048,0.180192494649348,0.116634071082239,0.0134669295603812
0.391522478731799,0.16215742470743,0.0536945723981924,0.19501448677866,0.197611037383918,0.0957712405462244,0.153900559000931,0.201132385143419,0.0340380348998231
0.337229444475364,0.172081147420455,0.0647859342547392,0.115301760474709,0.310601713374733,0.0472359384751889,0.107485487187786,0.112874743294476,0.021178255389927
0.436082002302652,0.11362590152561,0.0840171768302041,0.176474047690682,0.189800871650852,0.0524076230624612,0.0969522242522299,0.105572504772276,0.0272783702232304
0.466766217929954,0.111011162406981,0.0401099024961885,0.129360405841643,0.252752311325233,0.0321426758540171,0.146561319363248,0.074667254726541,0.0232756299789139
0.399490649466502,0.136091139249473,0.0888231909754956,0.140364450949768,0.235230569358761,0.218955164261899,0.194400209579142,0.17424362361348,0.0498848210771679
0.363066088510417,0.144919205806152,0.093985159078022,0.170715473624338,0.227314072981071,0.116216229414001,0.137083132555572,0.103828697813774,0.0320517685330127
0.481739117594503,0.134957874979597,0.0810482854602501,0.106467356033856,0.195787365931794,0.0856561786575024,0.190135724624175,0.0647317692619347,0.0669675536097744
0.445534315402415,0.103106152594911,0.0761363478724008,0.143183839103303,0.23203934502697,0.089405578549606,0.17809479077744,0.0940248953133022,0.0258493829035488
0.393034196892986,0.174297199096995,0.0516861451695499,0.162477835424835,0.218504623415633,0.110962173269751,0.196133986302031,0.103619785182785,0.0101118450388674
0.471544913044405,0.119842156016371,0.0683223978893704,0.140226229504835,0.200064303545018,0.0443624419443985,0.157749872839191,0.075963349864664,0.0340281285071133
0.366038929399669,0.187460908617807,0.0677497442157984,0.183543061203098,0.195207356563628,0.0578518277209997,0.140786870130054,0.144189027416189,0.0280641118071496
0.435963414428849,0.122590616216506,0.0335794960463649,0.167545852507605,0.240320620800675,0.13902424207573,0.18793662303277,0.0468410588022053,0.0280514797517518
0.419945533695174,0.171405097850055,0.0598016167571822,0.103439670092247,0.245408081605341,0.0930648735760205,0.151433475676195,0.12059181463019,0.0453435356778322
0.396252001467434,0.108003519741682,0.0481179206847434,0.1834787803085,0.26414777779764,0.0572142620203284,0.0862584530547369,0.126866603086136,0.0276021972743531
0.444956440997235,0.113324269637055,0.0317316451271456,0.0970781948577714,0.312909449380794,0.0383988765805147,0.198476144367702,0.081022630420859,0.0190684547499458
0.420586767702966,0.166470124255269,0.0353791327448749,0.175157094675168,0.202406880621723,0.18924322067121,0.139799888168725,0.115188450615256,0.0162982242840416
0.377795129948056,0.0930253155764571,0.0794525643189554,0.190145585775955,0.259581404380576,0.0137405085452438,0.180370994942263,0.120548374216574,0.0193266769487982
0.347193308357892,0.178066997426172,0.0524753113000548,0.201068595955131,0.221195786960749,0.0808610137267979,0.157889216914253,0.160536272622581,0.0417451217086477
0.508992489601394,0.129272487078856,0.032864006850594,0.146684113378088,0.182186903091068,0.144826734103023,0.155407720195781,0.118505238640544,0.0374287984321903
0.438519841510841,0.153796962832015,0.0399940229392848,0.163061339229338,0.204627833488521,0.122774087070304,0.193278806883627,0.133978441935802,0.0213007829804298
0.403914806296103,0.122284116029661,0.0619692686526197,0.18753751471122,0.224294294310397,0.178248627416487,0.144143228045429,0.0529214547488855,0.0682746830511916
0.284039417465134,0.169262064932363,0.0831754765394978,0.184300905866861,0.279222135196144,0.146163219465701,0.207446285375769,0.0942238794375611,0.0325845788813733
0.437181705561936,0.09790766448646,0.0629507205994302,0.190241079363637,0.211718829988536,0.0823974590218423,0.219827317995101,0.0759609156977808,0.0582643093707595
0.392641684325374,0.107757847687239,0.0602632531832119,0.181809480589531,0.257527734214643,0.108544211750503,0.184559530720802,0.0935953131596423,0.0239914739983689
0.425320088571032,0.084763144226562,0.0586044501067659,0.176297163373797,0.255015153721842,0.112795225243094,0.176098842556702,0.0656371698056279,0.00490844062984321
0.422751711350957,0.136779087977425,0.0506235804014908,0.180566929542451,0.209278690727677,0.0355054002738248,0.128885137173729,0.127375560490919,0.0334126931713404
0.474047930490112,0.11649738021014,0.0677221697409086,0.148743639537769,0.192988880021069,0.0438480802281555,0.18275780126732,0.107900585458749,0.0345901209727607
0.366252098312378,0.152647206366095,0.0637970334713246,0.112418667146172,0.304884994704031,0.141529822207073,0.100424633845684,0.108630308049096,0.0252611108876563
0.347191661809117,0.201276811266705,0.058568569004899,0.170775954499737,0.222187003419542,0.135422661482798,0.190469335592208,0.123809123340892,0.014881636249416
0.421512946739223,0.10532850210946,0.0252640670232694,0.20575874721484,0.242135736913207,0.164806014772072,0.102144459447372,0.122101075704383,0.0248771359506668
0.417776125744318,0.142941610613081,0.0307044094647591,0.180918921218556,0.227658932959285,0.142661864533935,0.160328870942712,0.108307418051674,0.0336800682818096
0.373114612362278,0.141745348327931,0.0528867081206846,0.170151848391147,0.262101482797959,0.00800168402356263,0.146059390558228,0.114909338400992,0.0231916934488625
0.367892289351484,0.112942346996297,0.0680315365432457,0.16222340539909,0.288910421709884,0.0623682609108903,0.143039802892661,0.110325961366806,0.029571973457434
0.475112446094775,0.0867959762421951,0.0618117914763667,0.178927670051187,0.197352116135476,0.0352429294034016,0.188892355033785,0.0944740582753874,0.0402480267351771
0.400518664021666,0.187746787169164,0.0267829271577912,0.119848807879031,0.265102813772348,0.0713892368667517,0.196035958154913,0.108281030841308,0.00746042550330393
0.425074553338376,0.0803685351888098,0.0532605539684493,0.161566674147752,0.279729683356612,0.100411804116468,0.134262810072191,0.037035924785059,0.00356934614111166
0.477342505663751,0.0920843731209337,0.0815449803461226,0.179262969242634,0.169765171626558,0.122946206486414,0.264955765200231,0.0885410341528567,0.0334413428543136
0.423482029561629,0.18545071730162,0.0538224467653688,0.130328688415835,0.206916117955548,0.0733181099858891,0.125361547450463,0.184244948300603,0.0036212900790408
0.38606970673941,0.0835806178042069,0.059560710233872,0.187571597166111,0.2832173680564,0.0909180756349185,0.147515509113528,0.086866510072193,0.0142299574888134
0.393064725212812,0.124591740168851,0.0652475550744206,0.157139799542224,0.259956180001692,0.207246079502506,0.152156998171335,0.122962377940522,0.0738104393091924
0.472485317897757,0.106573528216551,0.0547718485770189,0.167924692446511,0.198244612862162,0.0392645521855668,0.168057247038374,0.0722303591619678,0.0318062186611842
0.380192708545328,0.12097572867771,0.042559461331311,0.202630947399064,0.253641154046586,0.130774964982468,0.138604238207492,0.0941306660875223,0.0208382709774319
0.407683691597427,0.147241353087317,0.0414113095865269,0.16286443456844,0.240799211160289,0.126010274610455,0.138444416129346,0.0980292285655005,0.0308005048775849
0.381065909886965,0.193357024319262,0.0293999355307009,0.180153433627471,0.216023696635601,0.0852842747678458,0.176211988408645,0.0934020866006837,0
0.383470441427412,0.184071977339196,0.0869669653346123,0.134080275601433,0.211410340297347,0.188966323304627,0.17747266844714,0.166728877162401,0.0561185337813358
0.430949323568307,0.121159716269377,0.0544717779665441,0.173133438923712,0.220285743272061,0,0.116789783252297,0.101825695586386,0.067598799317555
0.459475546470475,0.118456201475339,0.0436948305329353,0.115989069879755,0.262384351641495,0.0400416753330121,0.139926844051145,0.194404470525044,0.0232456805481386
0.452967482910447,0.0893344880991098,0.0383781994851901,0.154538626802794,0.264781202702459,0.0726464013750165,0.15865625235089,0.12098795883784,0.0127243303092256
0.291827337408492,0.193660624444361,0.0669665213626448,0.200358089073457,0.247187427711045,0.125175955243397,0.169365774253439,0.14234110688201,0.0163225327626156
0.488677485109166,0.14146393273028,0.0597373276721924,0.115481484076924,0.194639770411438,0.150014730494305,0.127030079427881,0.074364403168544,0.0146034484734137
0.468911566435606,0.167673001472191,0.0226189895680716,0.12710837738986,0.213688065134271,0.120849900298806,0.112981196665656,0.0872485935149594,0.0132866059705784
0.420641164704948,0.15258117653003,0.0737090209602252,0.14630986580019,0.206758772004607,0.103330207043657,0.139707882536988,0.115161279085689,0.0200263241423521
0.456738212172753,0.138492732709528,0.0358224114145456,0.114771262897781,0.254175380805393,0.0112483889397992,0.154758500721282,0.161010802544638,0.040743243115171
0.293361489554161,0.155466846702556,0.015173839369582,0.192489304814134,0.343508519559567,0.154667042764906,0.146589608980049,0.24445255783846,0.0114955016357061
0.398270010461105,0.172669980096565,0.0720995042512952,0.137864189776272,0.219096315414763,0.106687448453577,0.166211576667219,0.127391514210566,0.0248617169898766
0.429241235465429,0.178748848021434,0.00476014963272891,0.175087209339095,0.212162557541314,0.0946356344854913,0.120501886883162,0.124602735401203,0.0406679866811527
0.35567900688054,0.201008866185356,0.0852718998370531,0.145039251693199,0.213000975403851,0.195588635635543,0.151436104541002,0.174211290554355,0.0165000578225785
0.429042904570514,0.141376617229393,0.0347499288952472,0.170734676701529,0.224095872603317,0.052606905571393,0.124495267687345,0.132896818188319,0.0288283975328038
0.400374971439805,0.141036024599539,0.0562449078199132,0.218732821604425,0.183611274536318,0.160295719283057,0.195719278970082,0.129582728824586,0.0244611330745877
0.396605891913344,0.164834974335843,0.0373081707562618,0.180096537518969,0.221154425475582,0.0727307165192071,0.114857233980111,0.0777396102177376,0.0560201549342433
0.430211626433828,0.112243268142565,0.0269762534424758,0.157276842032842,0.273292009948289,0.107270171449118,0.117965880972402,0.0895495359467722,0.0318023755820642
0.432995558830976,0.100811520671754,0.0475428028535928,0.126905566304342,0.291744551339335,0.134470784749542,0.150947025515629,0.0849010491004567,0.00481793511733031
0.386891341798905,0.174048350746719,0.0289755761926046,0.162398949621581,0.247685781640189,0.173143834023485,0.167353901260818,0.138072492896871,0.0245443343349519
0.40678190214817,0.1226576156907,0.0613852537809165,0.167016947601677,0.242158280778537,0.168925467752048,0.160972420432061,0.0807139715828038,0.040799177752452
0.358975293904523,0.166503995824738,0.0659407540063523,0.130044939907908,0.278535016356479,0.0685757898358758,0.208493669590122,0.0879169456629007,0.0296209475534458
0.477008632171537,0.0977696761883288,0.0716943395543616,0.153674845749741,0.199852506336032,0.0754446740053709,0.132594659595325,0.0744449045017856,0.0240640873890638
0.401702851562364,0.148224025620736,0.109562054896807,0.126988541493792,0.213522526426301,0.119065921040256,0.179868819023348,0.138975625456536,0.0144284865861548
0.413565729706781,0.10877777747183,0.0374716015531053,0.108680832352343,0.331504058915941,0.0676761774769699,0.15470338522178,0.164521762978583,0.0472456473659689
0.431878509166562,0.133284058971192,0.0311576931089017,0.130941947600535,0.272737791152809,0.0333749430668003,0.151526108784772,0.0552463304477977,0.0130423930482582
0.404852431493197,0.122983962033975,0.0548917050630643,0.206388334521533,0.21088356688823,0.109783326111235,0.148306249089718,0.129585426960688,0.0279153962948526
0.416868443794262,0.141072957614798,0.0792587644100574,0.0986495290263554,0.264150305154528,0.157524135992741,0.150411108408983,0.123394422101522,0.0623894141340489
0.339043440040831,0.196391273305468,0.0515459929526749,0.153355367589199,0.259663926111827,0.136319712618991,0.178800596953626,0.101238865904562,0.0272153923529611
0.420429208114568,0.140690798668196,0.0425684653864652,0.132957543802033,0.263353984028737,0.0733568798680587,0.13023285779885,0.084103777225395,0.0082858661676539
0.40105066170357,0.198307391237501,0.0492714172185588,0.142146049517585,0.209224480322785,0.122029498563635,0.1579734714404,0.0806180443513601,0.0155108229766025
0.295963837880943,0.219112439465813,0.0181429426832383,0.18918559500228,0.277595184967725,0.0864424367883374,0.173039979506793,0.112128255884204,0.029466829515738
0.410294572912031,0.104243098963374,0.0703508624334187,0.163326597174273,0.251784868516903,0.0492713580158527,0.120653338260705,0.122868128279023,0.0242059597774049
0.40219972790387,0.1098482852041,0.0399536015943221,0.180418636618376,0.267579748679331,0.0541813744121556,0.0856293793361258,0.0825516785043342,0.0624675976138787
0.449083363417829,0.106957853719724,0.0282526781881222,0.158908729486519,0.256797375187805,0.137245817947604,0.160215438597761,0.0694155859901749,0.0217561639749746
0.367402558681818,0.189505826261541,0.103485653486949,0.118743407116661,0.220862554453032,0.107864405794416,0.197223688028289,0.17242838044455,0.0143902108155207
0.436435330811614,0.184238247110602,0.0632372359586996,0.125735018784458,0.190354167334626,0.0744404400699268,0.119722248854144,0.10559161482583,0.0504832671442232
0.375745999216528,0.144585941417345,0.0464668148344516,0.162647367478423,0.270553877053252,0.0835688538573715,0.132941683144173,0.118359235923192,0.0426944394965504
0.393948994114642,0.11955375994707,0.0437902515682721,0.134422296033322,0.308284698336693,0.0311544882594114,0.134992391404085,0.0744564575932402,0.0427784486905871
0.429425090795679,0.105601167482919,0.0491814967024999,0.146584890350353,0.26920735466855,0.100870417426996,0.182782934061693,0.076743381555449,0.0235464051902127
0.34202247391004,0.116499615622946,0.0350600350723484,0.200051257469867,0.306366617924798,0.0994817975437479,0.115307915357034,0.11008867245369,0.015727397758286
0.389504596710875,0.167182540433967,0.0550027510635747,0.178000762138212,0.210309349653371,0.0502476800788793,0.120064757018244,0.0762438133751222,0.0209833328728395
0.345766069153934,0.144048106618705,0.0651686874347064,0.198586911570888,0.246430225221766,0.12310574372111,0.150647858244649,0.113047349771728,0.0320270168648708
0.413151062330279,0.136607181602465,0.0380630544576998,0.181825551256709,0.230353150352847,0.202509834217668,0.110356521259163,0.0968521833031843,0.0153128893694619
0.408848808084416,0.097870685835357,0.0237803922030041,0.187364567490285,0.282135546386938,0.0389480386855041,0.151468451859045,0.134278891713154,0.00517027016795327
0.371372975265258,0.145868251305395,0.090984233165257,0.150437830193902,0.241336710070188,0.127044625580227,0.0990247862209226,0.0983853371046866,0.00938364282155088
0.469305311462165,0.113849072378997,0.0505505621536602,0.121553809665898,0.24474124433928,0.213277105734497,0.136180423225463,0.116022354342493,0.0313280460929053
0.42029345587857,0.118230126539015,0.0394392730903665,0.126470747601528,0.295566396890522,0.050688694470444,0.156328974101548,0.0547826351278329,0.0202006275146953
0.452927752519314,0.114701826544722,0.040335540014813,0.138610564773198,0.253424316147953,0.0574752642713357,0.115326206271089,0.0978251615006454,0.0273880549953437
0.454276508398803,0.138957435567226,0.0265156935828081,0.140064032466381,0.240186329984783,0.0512257078635573,0.189194252833302,0.168583958519661,0.0218885937199805
0.438503983153913,0.172690343983573,0.0391245189878436,0.0730778621694257,0.276603291705244,0.0533349627875617,0.171764667087316,0.0330746118850833,0.0208743926548698
0.391519422419337,0.123392739045767,0.0405200584771028,0.13821524065362,0.306352539404173,0.122331293729486,0.15860868816419,0.0676126533435235,0.0190043453531894
0.401104479519074,0.152414352003179,0.0843512402987923,0.162734041832171,0.199395886346783,0.101067687129593,0.150844253984966,0.132703851490882,0.0451656148341309
0.478852488017388,0.150706992682649,0.0216976303031078,0.134366996589116,0.214375892407739,0.0273726689068472,0.137327325290916,0.0882814772150286,0.0383705147480021
0.492492549192547,0.0976716041912206,0.0549375192605433,0.112813953021409,0.24208437433428,0,0.119240296144371,0.0803926419907105,0.0458088839269048
0.388996061548034,0.176586888988109,0.0275353066670309,0.221845420765247,0.18503632203158,0.111009596455358,0.112986812551119,0.0651484722662076,0.0343515339291407
0.395469418238886,0.11039457634885,0.0374112748301535,0.17111373497242,0.28561099560969,0.0894638890370315,0.0997628750411423,0.0493861593045907,0.0188768516354678
0.416154792503471,0.133379700716645,0.0550082579590816,0.173727292409721,0.221729956411081,0.0498642476664519,0.158337769652804,0.108556652964332,0.0303708808774227
0.380140042497748,0.167333018422175,0.0329785994467375,0.189935725436326,0.229612614197013,0.0936825654812782,0.0965548289396873,0.074535006636438,0.0282954927650381
0.391761383674142,0.133377530737874,0.0424263861266022,0.141213734638398,0.291220964822984,0,0.0941606906214993,0.146030645906042,0.0318871532665891
0.326672441998808,0.159407846870663,0.0528727663183404,0.151865775839464,0.309181168972725,0.0707315238801658,0.154443715538257,0.104342831047854,0
0.361342726763936,0.153793228206702,0.0848110798948705,0.116908667907813,0.283144297226678,0.0703253493011586,0.191761556191243,0.0729113640663334,0.0139446754687264
0.50684122751133,0.130494797336084,0.0413735783452945,0.164396390422175,0.156894006385117,0.146983475163295,0.129333145659406,0.0717976980255154,0.0264484212210632
0.431999745239714,0.142596046625522,0.061642190481759,0.169535171051166,0.194226846601839,0.152403213980509,0.164807458419923,0.161948682846195,0.0430564056405891
0.374391551771633,0.128879122233153,0.055058709177151,0.201447262787758,0.240223354030305,0.00672537429662881,0.162715629433352,0.0601068989602674,0.02204557655152
0.36573441184635,0.214155945512968,0.0619431653866247,0.170247891088472,0.187918586165585,0.0717534737705102,0.14558847898656,0.0573917421812405,0.0306360734564601
0.493121997363895,0.104644129344111,0.0414959511293669,0.155737317248488,0.20500060491414,0.0704603023639984,0.122771593620182,0.136192940909333,0.0143263442771096
0.455876166083396,0.153395745053271,0.0497066977084615,0.103115812282223,0.237905578872648,0.120851019939948,0.217406698001626,0.120185925513848,0.0527975524475715
0.465349013142189,0.135325574421802,0.0340890135856533,0.130380801912153,0.234855596938204,0.0510141382915207,0.0664675741617039,0.125055950828936,0.0209519873994392
0.427675073956835,0.192380108889638,0.0405706881085294,0.100382042044921,0.238992087000077,0.176232142469701,0.115463125028121,0.122301647133111,0.0135414762781044
0.36850634597743,0.164398153018433,0.0659603243931262,0.164609448775884,0.236525727835127,0.206351556923561,0.139543694379693,0.180168708000502,0.0397007929120868
0.439268635452158,0.098707060014513,0.0607997972016656,0.210038565701254,0.191185941630409,0.115753933475212,0.168332132820371,0.115843913730981,0.0529246879354191
0.390830413606978,0.135348286946656,0.0920589094762054,0.152708197704269,0.229054192265892,0.130616738259687,0.0972004341021814,0.0863918961887747,0.020520140624441
0.39723342769308,0.174002313169484,0.0386568421326357,0.111369619746631,0.278737797258169,0.120023813065049,0.141662975011985,0.105829803080063,0.0568464997655131
0.464598989138675,0.184400589619055,0.0746166721977446,0.109146670905491,0.167237078139034,0.136919748098694,0.150554108360852,0.139452980619791,0.0297509735186626
0.417509191014666,0.117433142164077,0.0740867388835272,0.137723277559986,0.253247650377743,0.116150811284324,0.17623657528094,0.12772286244181,0.0175968897938925
0.436968616627245,0.100109191110143,0.085922302449539,0.124559764112335,0.252440125700737,0.0399142703369546,0.152705973320324,0.0521127285319172,0
0.368436172288161,0.15254437865117,0.0610053093652397,0.103604338613084,0.314409801082345,0.0588800208436947,0.113089149368295,0.156307850087948,0.0624453691795948
0.366289685513107,0.114975198622348,0.0431010066175167,0.224706431126293,0.250927678120736,0.0764634977673543,0.227099176836888,0.0464349581784601,0.0307215676586988
0.436887926989212,0.148203418314098,0.0680547691596223,0.0918147789244718,0.255039106612596,0.205877953043299,0.184707052128526,0.11316337503726,0.0204797101696454
0.487767738584307,0.112270909570851,0.0201374607811813,0.178338618795005,0.201485272268656,0.10364535515892,0.0985706646112101,0.114667802748612,0.0250753657731147
0.43828216897779,0.0956878202038518,0.0755235386081019,0.157333290071309,0.233173182138947,0.139401972358771,0.195342891971985,0.0678090806110642,0.0143345367769667
0.402907256517594,0.12971572403094,0.0528499679394617,0.1823640397128,0.232163011799205,0.107190523265933,0.210409032930209,0.0809243191734152,0.0304918473094175
0.370554204735523,0.141128678260624,0.0659273235339254,0.131168301120358,0.29122149234957,0.101577718447189,0.117866680342039,0.0736260223577404,0.0232885905817999
0.419182390398272,0.125130953547759,0.0609301647187232,0.162589878221847,0.232166613113399,0.0269567976750708,0.137150754506634,0.225050808133879,0.0310291837208058
0.406830165813268,0.142824644075405,0.0215339149770295,0.207848614062184,0.220962661072113,0.177202817553288,0.127561757857196,0.117361920254138,0.0325715211304842
0.421437676304547,0.155554585235031,0.0290403416302159,0.190818913392178,0.203148483438028,0.266809876133694,0.135602401029157,0.076945399986929,0.0543627067199295
0.474585386755715,0.10742399831734,0.00486818336189142,0.147723481514529,0.265398950050524,0.0175234311011166,0.146960620584276,0.0893424116327015,0.0315348285121161
0.44082214874501,0.120433683407128,0.0312926504619521,0.181771416002736,0.225680101383174,0.14341077442141,0.103377615040719,0.133098104322256,0.019510889095443
0.445832131628564,0.170425270987461,0.0163164647115466,0.137472209727591,0.229953922944838,0.136267003340317,0.149915077843841,0.0936953341975058,0.0185494657127734
0.443040099567751,0.124681106113753,0.0251112427607651,0.169695317472495,0.237472234085236,0.0213265230860649,0.154247108319744,0.11655999229525,0.0230390144188473
0.462596743207546,0.10023670196375,0.0296954581405006,0.190691646201384,0.216779450486819,0,0.137865483206429,0.0783242443916985,0.0120882238763172
0.361363366571634,0.226056978803113,0.0362531670507749,0.0798080979469443,0.296518389627534,0.15106153285452,0.175726881707019,0.114129555615757,0.0163949808057236
0.413117053738771,0.112473858658093,0.0276406360515274,0.113798845700256,0.332969605851353,0.06331087926867,0.160176151274778,0.00906521705171649,0.0267969381558688
0.392295143086261,0.108642012048053,0.0665469075608667,0.173530508888371,0.258985428416448,0.120412484477765,0.161667709514467,0.0358301063478633,0.045376121986848
0.360993823021287,0.14774023701877,0.0420866882543805,0.147556082879488,0.301623168826074,0,0.181648328907015,0.154130040022931,0.0164206787893227
0.374726570350554,0.176424450525476,0.0703636695950566,0.157748448154827,0.220736861374087,0.157773273381491,0.166847307085867,0.0522101667276662,0.0314483829802412
0.363671500394712,0.145069122203466,0.0599067728507868,0.216360610386671,0.214991994164364,0.206660297715388,0.106410274865776,0.127158633455533,0.0664647807974237
0.44549361031655,0.0567209942324821,0.0375622043420517,0.152987475493142,0.307235715615774,0.0728314436976834,0.182981132939192,0.0363933782179942,0.0188006861109462
0.431129699522664,0.128814872092089,0.0884481326305492,0.159323586045473,0.192283709709226,0.169813727702601,0.170600282985668,0.126085615691008,0.0286221600061746
0.413209019286273,0.140199494585495,0.0480513516142231,0.165800379581844,0.232739754932165,0.10312420459931,0.146621682216965,0.093909200529344,0.0337522649395932
0.378326879516142,0.183894719337581,0.0836110220368871,0.127672824295158,0.226494554814232,0.0486317313841807,0.11644869439872,0.0814444806682479,0.0422333550486283
0.434249681843527,0.105131996062783,0.0487365889488736,0.153263309155122,0.258618423989694,0.0769052367064352,0.195110270899996,0.0791641771847561,0.026999084098237
0.471505727574093,0.146357307760579,0.0658287792327988,0.146390210987595,0.169917974444934,0.0769752156308786,0.152441781973524,0.0877602538246445,0.0335729424424893
0.43435347122781,0.112493815823102,0.0418117242028765,0.208710584400508,0.202630404345704,0.0887935026174173,0.129874975972716,0.12894668894364,0.0277739253683696
0.408732342238899,0.118063478538092,0.0441625729528248,0.208343876587133,0.220697729683052,0.208575712020005,0.151545067338608,0.0187891546216117,0.0321379010171109
0.41355491035959,0.116566951820714,0.0641371088076231,0.152051363652092,0.253689665359981,0.105330945333421,0.14268678956913,0.097560769478915,0.0210408729185931
0.41465729688342,0.180649087140922,0.0850246723179603,0.109228497603158,0.210440446054539,0.0768241916750921,0.148347293173647,0.0925004121562807,0.0413474646561601
0.437051024659781,0.0643570185190009,0.0674553107870393,0.183701373657811,0.247435272376368,0.115869757529169,0.15463138814321,0,0.0150153844697248
0.320224872156012,0.18945458094513,0.106088590254206,0.107317279227548,0.276914677417104,0.152730376077744,0.162510656125696,0.16577318181612,0.0526522585820853
0.381741127899733,0.126610537243284,0.0748596868512654,0.138165524242972,0.278623123762745,0.114322224886425,0.0994127857726556,0.108371809784683,0.00516538869140038
0.388438623355026,0.110093110352361,0.0853767848796878,0.151201454893075,0.264890026519851,0.0282878737530133,0.166779327974092,0.091056108162121,0.0693747631373439
0.496614033343537,0.0771350892342596,0.0826992848188206,0.149009350396199,0.194542242207183,0.0701975425740339,0.163369426160747,0.0721318231238142,0.028925644234165
0.459365791418114,0.117183491907526,0.073025478942616,0.178596862469736,0.171828375262009,0.0559765974496375,0.178516798055198,0.0791937388691943,0.0151542516669027
0.465328055132483,0.149970662051627,0.0644467051879908,0.0807124035881312,0.239542174039769,0,0.195192685974732,0.104123099128938,0.00860791095158453
0.474943063477289,0.0955936482801769,0.066276068524625,0.156211163772873,0.206976055945037,0.126714249125234,0.121800037270238,0.130165205981593,0.0169349175492433
0.490867519790235,0.086516933641806,0.0597451505352821,0.124655116927956,0.23821527910472,0.0660715878005994,0.116337324449137,0.11239009024514,0
0.372169903906602,0.0855624140519959,0.0583200992477413,0.17108041714408,0.312867165649581,0.104492062976597,0.131665261670614,0.0800543196641062,0.00393798589462202
0.431319636064785,0.135154905304574,0.0761990949432918,0.102375887445842,0.254950476241507,0.00347359700350163,0.176474069422819,0.174607781536416,0.0254729699836959
0.414046435331777,0.0829105031210319,0.0960362458669215,0.135619549308882,0.271387266371387,0.152403722785914,0.163998879376019,0.100314541746784,0.0471063924026595
0.415292893900159,0.102304063699438,0.0616009108949929,0.181362865428845,0.239439266076564,0.0909882741064203,0.156694352250564,0.081907474387659,0.0171657536756795
0.382619674307309,0.152089836089231,0.0469603585383941,0.177715350475784,0.240614780589283,0.141899859686583,0.115687423927235,0.0905576151130525,0.00972146615362144
0.387245256236585,0.162601428149962,0.0481112150892585,0.172719738421874,0.22932236210232,0.122747127032101,0.150034181111495,0.0642490586155812,0.0255841097953735
0.476371817309557,0.122657124853687,0.0131449906454937,0.172290657165291,0.215535410025971,0.0663774402196227,0.180661154867074,0.0782884990119097,0.047020206234801
0.395758549849378,0.135500973949245,0.0649769525980796,0.181776947649195,0.221986575954103,0.0150379140604861,0.198976022412196,0.0832937671982145,0.0211126999677042
0.442868330226175,0.145679406847123,0.0283372756146834,0.142088737431282,0.241026249880737,0.0934254781971175,0.125488889308021,0.0926515637111758,0.0476413122255126
0.435994497732126,0.0770959899187952,0.0387980338975782,0.145101567036395,0.303009911415105,0.028460742336969,0.125717592121855,0.032056374300467,0.00885651549615
0.41970435498283,0.079407585075085,0.0307562071063089,0.232272147088619,0.237859705747158,0.131824090811834,0.0984426926727279,0.0777029030331651,0.013545807880844
0.414999921801426,0.126623882861444,0.0883945163665766,0.152044263622297,0.217937415348256,0.152894231653938,0.160529067521644,0.144315034283747,0.0321905116840812
0.434485548868993,0.0965857625076951,0.0546020835854809,0.103861370292556,0.310465234745275,0.0637800274824373,0.119675143952994,0.0513702711252005,0.0412395705139405
0.406880108327431,0.145429972956505,0.0684815632987064,0.181664236211474,0.197544119205884,0.114764870481863,0.164264258887842,0.098470762499704,0.0312680670707918
0.357033499187646,0.244242756775487,0.090323378631173,0.0570432875172189,0.251357077888475,0.195728106023851,0.179531175599928,0.0994487947180472,0.0168348329035739
0.51360856393914,0.127240700254451,0.0754473649201514,0.0973862900655483,0.186317080820709,0,0.206140056290267,0.145471652800087,0.0244462987368351
0.460231698916643,0.106473531990377,0.0192770151795474,0.188864603707903,0.225153150205529,0.157924395237681,0.136406816446229,0.123390349598261,0.0429068293141593
0.475525565710742,0.161494769277203,0.0642707796919257,0.0542687718244332,0.244440113495697,0.0475961574242164,0.161999732861847,0.124818598239946,0.017263417430807
0.43357081996006,0.169835690350897,3.31729577039355e-07,0.213422480583816,0.183170677375649,0.162151007726078,0.240356211225882,0.0941062716183461,0.0317245870407643
0.44590349893296,0.185328081144828,0.0427074372450182,0.121647124733937,0.204413857943256,0.149829667152987,0.156578322906558,0.154156656253581,0.00432202263758364
0.438720331082208,0.093101565672881,0.0390136132137758,0.168477676526756,0.260686813504379,0.0980601767122186,0.0966988599625167,0.0628565054254431,0.0656358260809184
0.444964232285352,0.188863354636053,0.0518348496455871,0.153691795920896,0.160645767512112,0.0560002956139477,0.137422516774559,0.117143720212235,0.0226593115388272
0.438551898901953,0.220134825860938,0.0877668058142723,0.107215512369223,0.146330957053614,0.0862054722416448,0.191274478184828,0.21453462169859,0.0295817394235656
0.397214634814138,0.10820490362734,0.0462950748088427,0.143232030914826,0.305053355834854,0.15041661446805,0.18382082494085,0.106521723310991,0
0.38164481699929,0.167791201682096,0.0549134900590424,0.178084158388004,0.217566332871569,0.158635198289174,0.166176976488299,0.107628302388214,0.00955976664342571
0.362130646006726,0.0935654993117319,0.092535381567684,0.164350750388215,0.287417722725643,0.0698688971409598,0.172762415525844,0.0936458866221688,0.0229000732272303
0.35226883571224,0.177909298329033,0.0708227914884444,0.180173358234258,0.218825716236024,0.163364315891424,0.166691257811506,0.13686120511983,0.0413132581784681
0.314466345959979,0.199262566575284,0.0345805370738619,0.178538649965658,0.273151900425216,0.014620896159198,0.143647372333403,0.0996448330128141,0.0330758693464395
0.405189677992974,0.169810590858743,0.0493674826723929,0.167790225225662,0.207842023250227,0.0684062963413514,0.16122439688365,0.089129479927026,0.0891912766475182
0.449665446278621,0.0957937386888156,0.0695742759679197,0.0825126271679523,0.302453911896691,0.00965916817870844,0.128586488762447,0.0347818003678624,0.012805606706696
0.46880690334414,0.1197090440087,0.0551411437542281,0.110475956542862,0.24586695235007,0.0920866320270177,0.15240688011019,0.0893017570905582,0.0347865919855241
0.42220103516493,0.140831294922622,0.0474120457745945,0.160495230021977,0.229060394115877,0.163711930888738,0.100043102427821,0.0903428156965101,0.0165703174442539
0.39966218673693,0.0878401921895377,0.0264227144819639,0.213083611702486,0.272991294889082,0.038922769997411,0.107612591705861,0.119675177871284,0.0247304055572438
0.450427068367679,0.114365098589441,0.0714375797735972,0.139014768540484,0.224755484728799,0.164614911004695,0.23006780922355,0.112847137523954,0.0215179270888054
0.415824030415142,0.141189809772258,0.0981251810921793,0.116223952770395,0.228637025950025,0.0653932130603339,0.127511412039956,0.056050943078886,0.0573099440299702
0.428685040437836,0.135859785441409,0.0496104601766546,0.16380499544009,0.222039718504011,0.14420317787132,0.170078788106793,0.16381448640644,0.0491729726001212
0.420822718149559,0.155578322879864,0.0591588119765735,0.155331562738819,0.209108584255184,0.0649569107303669,0.152860823999438,0.122310545058055,0.0262564026605844
0.431619235970198,0.102005779761537,0.0223089497937592,0.187515912020538,0.256550122453968,0.111131372988691,0.121771195314143,0.054771651363458,0.0205846869024274
0.385832592000952,0.128271671689378,0.0698505018422372,0.157834853033504,0.258210381433928,0.20500101254422,0.112037452268443,0.0990261963124952,0.031629292822292
0.447808234910496,0.104686848374427,0.0607804758125147,0.122952164629799,0.263772276272762,0.063629525193513,0.144802132151419,0.0113752494021078,0.0526587392826173
0.426140965595605,0.108135974167044,0.0771074607794046,0.111997193998599,0.276618405459347,0.165961948085531,0.184717382032526,0.0620068073991155,0.022429991501309
0.429965153518107,0.165225649537537,0.0419657378953008,0.181236637761297,0.181606821287758,0.150841715408219,0.133445694620838,0.0938693921967747,0.0195925344439189
0.43705205006794,0.210867616608815,0.0521610094021751,0.123543234007,0.17637608991407,0.0932457981539909,0.152999813577713,0.0787175369170768,0.0452776777861196
0.457245952754411,0.0770440185192041,0.0595745804762633,0.211774367454336,0.194361080795786,0.0814633089612709,0.177391055177275,0.0782505962580827,0.0567438835354632
0.467880570871016,0.10067845366356,0.0654885035872488,0.0822975194848628,0.283654952393313,0.059672912522082,0.128827799664762,0.151855357058398,0.0540309186824556
0.380334879215417,0.11856209904328,0.0649090432928078,0.159389588867613,0.276804389580882,0.0875019965213376,0.121568305358977,0.141559280057129,0.00692018378226365
0.516042835200379,0.164166949548835,0.0504541123367084,0.0988573081638523,0.170478794750226,0.142205123549932,0.135044313582813,0.143355414509581,0.0355505357016503
0.407138895371386,0.127393962643065,0.128698692418139,0.10170740878677,0.23506104078064,0.125336266524568,0.0978107742537574,0.171130347676588,0.0443633320026658
0.392998965825886,0.107931640667458,0.0401419334099661,0.190137025251728,0.268790434844962,0.150280334932491,0.184864605920119,0.0718848669873024,0.0302306344630031
0.348698210638017,0.172429806927115,0.0485778929729893,0.133380149420831,0.296913940041047,0.139117526093485,0.180797298261988,0.154173343377018,0.0236630017222512
0.451895407519309,0.123315277149923,0.0309343493108067,0.183647621872473,0.210207344147488,0.0463120170996949,0.154794875460535,0.0833281071648921,0.0392555831154416
0.422265403730427,0.203716095499935,0.0882051741593594,0.126259947184306,0.159553379425972,0.157601300649168,0.136009976122821,0.141907826402201,0.0202543224520931
0.384853610378241,0.168622989162716,0.0417875553435981,0.173951659867377,0.230784185248068,0.0973279177639269,0.155295375888322,0.116110412724968,0.0171295323539616
0.349044172531312,0.189105331685566,0.0603386481925068,0.150987249227425,0.25052459836319,0.0773946801225458,0.164544894694119,0.153986814272889,0.014824581449081
0.333180607236428,0.205493144806876,0.0416705191603928,0.189251649579044,0.230404079217259,0.198854945985292,0.161578199809062,0.156487362635098,0.0110364052940007
0.42146313033874,0.10835372239696,0.0185124328802153,0.136373453075296,0.315297261308789,0.120892278145901,0.100785707755373,0.14972785300887,0.0155540441813727
0.408170043053206,0.116164858922585,0.033107353221156,0.133493760388427,0.309063984414625,0.0690544009172328,0.114216575451062,0.105677842141625,0.0177358086875566
0.423135733577005,0.164310929400452,0.0625155609370546,0.115378044030601,0.234659732054887,0.102073250791102,0.150916856847541,0.103569905488765,0.0148075991262399
0.49422238480017,0.105905625817612,0.0480866169948642,0.107264677464504,0.24452069492285,0.10006591808177,0.113562958926505,0.0776015917627782,0.0264449513396792
0.426428443354256,0.182688107808592,0.0452575602311687,0.104905672001224,0.24072021660476,0.087357950406864,0.10946077855051,0.0987758530213315,0.0157236760259745
0.487855030528181,0.114088379699186,0.00908504759605488,0.194796413500872,0.194175128675705,0.203644981214982,0.122299306081122,0.165504112336521,0.0543168192717993
0.451973846589573,0.16401726077491,0.0635172895776541,0.177310288406635,0.143181314651228,0.0480836488064211,0.144453968339313,0.0821039206507759,0.0267502579521247
0.44536916995488,0.145864355022564,0.0321398852482035,0.163813441284861,0.212813148489491,0.108644875524793,0.219623612772006,0.102128969906967,0
0.386393269104818,0.162900190742297,0.0526777835065437,0.147657755821438,0.250371000824903,0.0226466704315251,0.127484631424274,0.062163490986104,0.0124981892220331
0.469703012463366,0.109026565227277,0.0401124765321337,0.142713571247998,0.238444374529225,0.189067659071455,0.185214983481352,0.0998798337475792,0.0293425854496762
0.41337513091067,0.129173644219538,0.0784070036946943,0.146904944301565,0.232139276873533,0.139550748778267,0.209889791921598,0.082888152793527,0.0237568079698996
0.430057939167359,0.102215020969189,0.059747367978095,0.150274496838608,0.257705175046749,0.106856997318751,0.130318477603662,0.0752261044107916,0.0493951720090494
0.38068382359028,0.158028913443441,0.0570037636108403,0.139255045183069,0.265028454172369,0.0585636888138018,0.147673491003146,0.114807114688565,0.0306887340211956
0.39276962186184,0.154034535719688,0.022777973615492,0.202839100672954,0.227578768130026,0.0728898793487665,0.107598404669977,0.0906363686912962,0.0327737142492002
0.527151750594355,0.085516751889933,0.0611704760983728,0.13123178973511,0.194929231682229,0.0597292628472926,0.173759309038617,0.0977898607491078,0.0446817979340778
0.442380668148886,0.1515693671672,0.0305999718774792,0.131186260535451,0.244263732270983,0.117379931854281,0.171291526384516,0.15211158936676,0.00936264575212669
0.363121205476229,0.14554125443032,0.0506569259934995,0.200621908796241,0.240058705303712,0.0813032031696097,0.1148763233824,0.0919621136788953,0.0477371154631988
0.41449995941399,0.155367654141591,0.0572974370022778,0.141318946147712,0.231516003294429,0.173821536260467,0.178912650083355,0.126220179343952,0.0206909557950757
0.427928726641142,0.10778783426228,0.0301567073749579,0.184913498921206,0.249213232800414,0.0646438087131515,0.134423348812392,0.0579429261088057,0.0535688377489766
0.381856709076881,0.15891278348906,0.0433988193337191,0.171083862882726,0.244747825217614,0.118952003865202,0.154212101128471,0.0994393388658126,0.0281645367830952
0.369242285998648,0.204197807949251,0.0551312697308731,0.133690873296543,0.237737763024685,0.132997617215537,0.176482170613525,0.109936222941806,0.0125531915999235
0.402001813326978,0.142013326923292,0.0540330490364402,0.126489782678871,0.275462028034419,0.0858156940354205,0.158577216341785,0.0765429611026691,0.0188369082699895
0.371721913434226,0.195038901550298,0.0570572422295328,0.148468732261965,0.227713210523977,0.21506919920711,0.184148692311221,0.125045499535429,0.0402379771399217
0.45219314785598,0.112996654217233,0.0221512089440693,0.202322716263298,0.210336272719419,0.146538603175077,0.130509175340142,0.0993062732340448,0.023504980791858
0.365224569970164,0.168826906628489,0.0419077512189934,0.141859419701318,0.282181352481036,0.197506146004892,0.174526654000761,0.0717557994665648,0.0283686356976027
0.375252354920052,0.118398759928775,0.0815623925556441,0.160833203778338,0.263953288817191,0.16842264822174,0.124863679086961,0.0997970467413326,0.0263683013146373
0.401464794202601,0.110734986318454,0.0633782257157151,0.174283258381123,0.250138735382107,0.136738029178329,0.146801921024229,0.0278923592132356,0.0189802359236851
0.45713532795876,0.0992106116590305,0.0361540310134234,0.147778213648043,0.259721815720743,0,0.15678510982546,0.090178615836777,0.0220577595973014
0.407698862465544,0.122028901869964,0.0921411763665025,0.151856159833611,0.226274899464379,0.224860307313539,0.149109200874343,0.0848615121929928,0.0494864921477105
0.38171623241088,0.133553695312832,0.0386730984476684,0.105658713945798,0.340398259882821,0.025152292941256,0.108280877934681,0.0662374265711508,0
0.416326899495953,0.104499361771237,0.0507373901110854,0.183105440249608,0.245330908372117,0.0580550094133823,0.174631197475107,0.0523035698270301,0.0498424769260693
0.303473450197778,0.173702941800841,0.0774856135758527,0.217397272774508,0.22794072165102,0.189634701362915,0.187433534739868,0.0492331060617477,0.042976741407122
0.427225769696148,0.140403235799705,0.0542072538520056,0.134761716649466,0.243402024002675,0.173221961780054,0.165453595805094,0.129689571149864,0.00728618099066333
0.404094979666807,0.118792029054616,0.0539724980421204,0.213959864260943,0.209180628975513,0.126094176329141,0.160088513284732,0.0843605523506024,0.0389947247451873
0.379068830784047,0.0991574631327082,0.0520009845137487,0.22350343603652,0.246269285532975,0.0199985543486027,0.14733311880791,0.0916705762119212,0.0374412267957427
0.508122589445601,0.123941795096035,0.0718108762715484,0.123291331404645,0.172833407782171,0.0212339305303824,0.146297125261664,0.142189754272439,0.030568718177635
0.409296806229858,0.157271737054254,0.0244733675178974,0.141093975629304,0.267864113568687,0.146034115677177,0.111063145615564,0.0925426756719749,0.035593778515591
0.424173033988716,0.0970506452648716,0.0524159834136909,0.170650541728137,0.255709795604584,0.00128953773661662,0.131383456444552,0.083332816499042,0.0411903910884576
0.388804335920506,0.126283467342862,0.0527062408277319,0.149441868596505,0.282764087312395,0.0514808718462887,0.0940177804543172,0.110491454283187,0.0134160167045158
0.489381739346437,0.0473910487965258,0.0586509101641819,0.142374458848361,0.262201842844494,0.0388665866703376,0.178239566144934,0.11362997655689,0.0172448178938654
0.408018844968372,0.0605843894800441,0.0145701687368869,0.169219400269279,0.347607196545418,0.150812671653647,0.0842930517973759,0.0365987353260793,0.0430264602129667
0.390042461116547,0.119950291120854,0.0523797669018098,0.244780682730621,0.192846798130169,0.163147157075912,0.152768232432654,0.104386769108678,0.0405212501512396
0.379260623644135,0.0890314552656612,0.036400742933867,0.194574642935982,0.300732535220355,0.104567403969896,0.142590370694762,0.0353892481182658,0.0545735965237214
0.369537998142415,0.136553184641237,0.0364390491612742,0.120348380295951,0.337121387759123,0.102285996166749,0.13295684067479,0.0729610390916856,0.054169674960206
0.352670618851638,0.1179840997017,0.111663717983828,0.167278287874677,0.250403275588158,0.129545792673023,0.146417381753894,0.0913892212069087,0.0309878473246441
0.39744782443474,0.116575472071899,0.116871395010233,0.160013412699704,0.209091895783423,0.121337003278048,0.197280304805872,0.101104439235745,0.0389789737580365
0.43105956188754,0.156084383801852,0.0429504003045972,0.115669972331409,0.254235681674602,0.0962786545566648,0.130360552152601,0.09541909036171,0.0126627980699875
0.409853309794492,0.148959258801756,0.0410951275347535,0.134746328079805,0.265345975789194,0.0901188432801699,0.149352824928225,0.150850053334898,0.03869156463928
0.521344759285615,0.0836536133985407,0.067291404194309,0.115714982664117,0.211995240457418,0.158136029185314,0.107653746759744,0.0579537202974336,0.0254722760116486
0.478298224180131,0.178543475376852,0.0454851565339412,0.109690216470158,0.187982927438918,0.0227088161015269,0.165327333794293,0.078523753036884,0.0247789676108919
0.463716316357433,0.0955194685250879,0.0352358174376494,0.135037420774277,0.270490976905553,0.0658186889915649,0.161898254196698,0.0897212901719161,0.0110280999609576
0.419672887307931,0.111108389178785,0.0345935932204606,0.163290452561463,0.27133467773136,0.128307568955782,0.083437512685048,0.0674745933517674,0.0156514576823268
0.352439661042298,0.142816428821146,0.0805519666119665,0.202092728462357,0.222099215062233,0.147003994555226,0.108731973865345,0.107749337671847,0.0138500464821644
0.405519416872845,0.174634866576632,0.0704893386122602,0.163326139998069,0.186030237940194,0.210590176089601,0.120568985060595,0.177337434767844,0.0211963246318966
0.411730936600544,0.11960277041916,0.0565353561027901,0.158604820380668,0.253526116496838,0.135383939151843,0.108291848991258,0.0836881720991497,0.0121702552612298
0.351110214772955,0.188271170527899,0.0584465424942952,0.162673382586482,0.239498689618369,0.215305294633493,0.197431789289436,0.0933062261029267,0.0291182578466761
0.363377130492548,0.166228688427379,0.0258719145754802,0.185166824554812,0.259355441949781,0.199147728415554,0.0982856444137768,0.104086270630689,0.0166793284030153
0.497657992616473,0.129985749001086,0.0302213613831862,0.118209850219757,0.223925046779498,0,0.118666371839449,0.123167846031081,0.0262911625080611
0.325148384047798,0.152222311011153,0.0725842269786343,0.135765369022286,0.314279708940128,0.134148203124446,0.210825952907145,0.0668492899374096,0.0297840033414245
0.338910856916299,0.173198817053989,0.0798643360405187,0.175039225169153,0.232986764820041,0.229457317868833,0.109899691058771,0.104146750532402,0.0393691587489905
0.403319971660231,0.1573141405818,0.0451750918078124,0.23665888252163,0.157531913428526,0.213518885935593,0.171584901395629,0.0967983111953223,0.0477292053940055
0.448616086656152,0.155239276607181,0.0410484525234927,0.100764223691806,0.254331960521369,0.0863494318488053,0.144141058234926,0.171634646258006,0.00819469463752608
0.309585400105827,0.224447535254431,0.0704163203766184,0.192198759695241,0.203351984567883,0.158207904592163,0.228719257801207,0.19778218707588,0.0454050262712934
0.467490712916888,0.116977354482494,0.0524460106047503,0.131592026351003,0.231493895644864,0.0530384767200212,0.113328491072103,0.173841776870599,0.00474351904707803
0.424494800021857,0.156941767898804,0.05144663883416,0.226046968994654,0.141069824250525,0.131432625705936,0.189140036956054,0.123516192343103,0.0415996908942795
0.375299985992391,0.161718558760417,0.0586143642904627,0.163905036645539,0.240462054311191,0.0998114883228507,0.172570295656257,0.136630129956757,0.0113848040170795
0.362440642922215,0.102104604992727,0.0892670408197369,0.178078788375276,0.268108922890045,0.137741799595646,0.179535561625299,0.0276937103041,0.0227727135004597
0.36759013787046,0.142726272142831,0.047609881456987,0.194429251934103,0.247644456595619,0.0554973378400928,0.139318820016621,0.067025304346889,0.00904177206083241
0.440205217221993,0.14714328133869,0.110233900193508,0.133795007403621,0.168622593842188,0.17201986757441,0.154446376604881,0.192953062253696,0.0306544864449007
0.481675532952194,0.0458852845292307,0.0486218680819332,0.128648530706509,0.295168783730132,0.0252457456002352,0.0980322225558899,0.0789105711972828,0.00668490662042198
0.468314879616151,0.114837780024249,0.0838981227783365,0.127198626617659,0.205750590963605,0.156840537731454,0.174450848361424,0.116914628839209,0.0232430250233483
0.361141179336624,0.148192673060947,0.0932156952993777,0.16794427325939,0.229506179043662,0.165463998565217,0.14488282993002,0.190829528384488,0.0173106280202944
0.447320905006687,0.138880751188143,0.0739054584903916,0.144155674241475,0.195737211073304,0.162111935164479,0.255037826638382,0.116815634292973,0.0286700367466828
0.369135828736768,0.137445916513298,0.0579749243930461,0.167042804474749,0.268400525882138,0.200036299600457,0.18654984279143,0.0957869726963282,0.0054548206289435
0.495996820709295,0.111370369289613,0.0526013030390231,0.12915316528064,0.210878341681429,0.112250707737417,0.138891776605543,0.0542475267133837,0
0.455859341721941,0.0911804130935103,0.0486267635259934,0.165141780892393,0.239191700766162,0.205994888133201,0.189811852822293,0.044596368491464,0.0318053975121686
0.335129606639517,0.119533731147917,0.0562958208695968,0.167407917556637,0.321632923786333,0.173186490202409,0.143284893286153,0.0765004980646283,0.0513504665477425
0.403591384176323,0.16815446871499,0.04707004576296,0.128566883065744,0.252617218279983,0.162589884844244,0.143422025900757,0.154285847095843,0.0146800998621923
0.405508723289176,0.134878700553556,0.0367703609681063,0.173250812372195,0.249591402816966,0.0488552355278996,0.170180161939085,0.0954534919897072,0.0485553746418639
0.377848316048107,0.227856690818551,0.0279067205100096,0.135243383286382,0.231144889336951,0.0611396308646064,0.156923105169513,0.0910846811247171,0.00998811119522305
0.366743014667797,0.164248654199802,0.0599622275624098,0.182482225314839,0.226563878255152,0.0831932191663694,0.147995266111838,0.1234487837561,0.0453624469262045
0.447397408727007,0.122234513929429,0.039090365640811,0.14066779708747,0.250609914615282,0.0447521547199844,0.183896339748549,0.117404844004608,0.0118034337253598
0.471984466239865,0.119317541190967,0.065268575347198,0.0576087225554924,0.285820694666477,0,0.160228874291203,0.118272218939868,0.0343250449137832
0.426252715424876,0.0707782584053423,0.0330699274856416,0.21361045862662,0.25628864005752,0.0962197380334056,0.133504314034839,0.074956394117167,0.0427278172042134
0.41209939558522,0.169838362028128,0.0595574827922078,0.156517705979998,0.201987053614446,0.240255967631265,0.158154427222417,0.0991000009466331,0.0142175920820734
0.412351059985068,0.127385160305387,0.0446962171102164,0.200985629822546,0.214581932776783,0.092185932061821,0.124444869198738,0.105498186818279,0.0359044612154016
0.418528753941481,0.18536855720085,0.0268138168416849,0.131342271342321,0.237946600673662,0.20046150346151,0.0905920894464351,0.0608996152579591,0.032058084556358
0.29585484543127,0.226124630492673,0.0560494221742354,0.175083989263448,0.246887112638374,0.205662994829656,0.151267692211885,0.106700220497172,0.00432791449802079
0.381685672497154,0.0735782935143781,0.0376502557790111,0.165604674279328,0.341481103930129,0.110961263043033,0.121686414202839,0.0334414355189016,0.0295126787816056
0.324356186437412,0.216306101898539,0.0183059370145458,0.184720098014387,0.256311676635116,0.124035070077945,0.245565302818941,0.132679665530205,0.0252041883722645
0.363430692538178,0.218175590213964,0.043779467770598,0.177042048271239,0.197572201206021,0.174428468250402,0.166273514791114,0.138133583694472,0.0236588873823484
0.398554883393192,0.165918602063776,0.00926010673605034,0.270282526166754,0.155983881640228,0.04389082837148,0.189038755227711,0.0824425785568672,0.0412156443439526
0.374539106517815,0.12650788508657,0.0695857516924014,0.211098050130895,0.218269206572319,0.126933871476368,0.153842944008791,0.0260225002742042,0.0494869111157328
0.420418314768363,0.148402775172076,0.0625817823934772,0.127731418704722,0.240865708961362,0.124357679233434,0.156250105486446,0.0990566215623662,0.0158829116016486
0.33670186819618,0.179184566802319,0.0573418564992678,0.169605325534663,0.25716638296757,0.0598044024580993,0.18810137121065,0.0994453115595307,0.035765139111282
0.424421588788242,0.0879091044706545,0.0601314234785464,0.134537824351571,0.293000058910986,0.0553126996964104,0.185357605779439,0.143737508523772,0
0.372318081501362,0.139276466781324,0.0624193421903022,0.143013124673433,0.282972984853578,0.085741065121418,0.130997354993933,0.0737939532875009,0.0113347291204802
0.462841792734678,0.103439008512258,0.0819838719695296,0.119303502670434,0.2324318241131,0.0724632410769953,0.166436732374369,0.159021017871462,0.029345362068364
0.434862951668951,0.10263993415278,0.0697149072361006,0.155189975819256,0.237592231122914,0.039543034104986,0.182987647717433,0.0997408464903987,0.0172196823586807
0.417118211284831,0.135735517480566,0.0699201441343544,0.146137593794136,0.231088533306113,0.151557882864379,0.137253653713623,0.165818865115076,0.0568732327656242
0.392981172391677,0.143848678898258,0.0724960768097011,0.150511900121557,0.240162171778807,0.16013332369864,0.161900481913855,0.135312505613752,0.0392279094415552
0.439897310985081,0.124378799742712,0.0249983050145307,0.133756281995043,0.276969302262634,0.103263579728009,0.152511497270661,0.0495889856341779,0.00844004024748958
0.416997989472597,0.160858014448259,0.0553372663135645,0.155998228884715,0.210808500880865,0.0874461402772779,0.15720566012169,0.127165989617465,0.0153820878780963
0.4608644048857,0.0997552986874951,0.0993652215083249,0.101071223441051,0.238943851477429,0.0851120408728935,0.138160926076059,0.103722394567732,0.0131014192628731
0.385703079961446,0.115768645899428,0.0726199068261079,0.184767464358673,0.241140902954346,0.103443387040825,0.095349985239964,0.138698460685571,0.0285630128993609
0.421715831025165,0.16472159565948,0.0765390139737311,0.147625505724722,0.189398053616903,0.217973026133409,0.14448201746956,0.123199924158573,0.0329883929450059
0.460262616705312,0.080002904194044,0.0457824161082216,0.144402689848704,0.269549373143718,0.112229903079903,0.142060126593694,0.0378922768913268,0.0048966302977823
0.398280282668043,0.124412102563539,0.0575896640389833,0.168800011525088,0.250917939204346,0.171495020627488,0.125956105828998,0.060150033193265,0.0211443946040169
0.364570902613536,0.187420410538626,0.0707022251972609,0.162725528130328,0.214580933520249,0.149328923107963,0.155536590307047,0.148051717971262,0.029377331786777
0.45764205528891,0.105292543254345,0.0950401195385805,0.0923874326038335,0.24963784931433,0.0104912123585391,0.146262791409137,0.0196348034511904,0.050130010981438
0.366014230794923,0.119289551985063,0.0562562901105033,0.125638341608828,0.332801585500683,0.187761106804312,0.128085566392893,0.0922374508548253,0.008674423123203
0.352971629296983,0.196154498508656,0.0542840239465063,0.180830810400759,0.215759037847095,0.0837691937404122,0.187237419621183,0.0812186364762855,0.0715885871903962
0.399627111913091,0.160670065564423,0.0410304336771579,0.174922327171147,0.223750061674181,0.175282933603363,0.192625971599516,0.0988692268173922,0.058968451807301
0.400287141050203,0.0787951414973593,0.0651319754036939,0.205480249978541,0.250305492070202,0.0790296956306333,0.105049755139453,0.0752327209659877,0.0196765737626094
0.334764117148828,0.199425251162671,0.0695941275412812,0.146173731789938,0.250042772357282,0.0824175459522046,0.161285449058778,0.177415480291079,0.0500819198949203
0.448146456633357,0.115049064556374,0.0463907463112311,0.138890407298293,0.251523325200745,0.133250487924604,0.11456613074607,0.16207368467996,0.0367980516554266
0.379376057320263,0.0968359588943368,0.0277845116901655,0.223610647608882,0.272392824486352,0.155618542722486,0.122909704687925,0.0623850910474177,0.0241836625096678
0.482602778271174,0.0608520072872808,0.0547553861020761,0.210775603915393,0.191014224424076,0.0853863498813947,0.139870341695859,0.102904890050185,0.0388721247510808
0.493382837573624,0.12592687598597,0.0636312074035549,0.0859165392863123,0.231142539750539,0.0234184462512203,0.155494083082724,0.127405099078481,0.0090717976244269
0.336293297222203,0.165356919543465,0.0712680568352671,0.132279517580141,0.294802208818924,0.134646217736706,0.112564701726559,0.180511124337274,0
0.45532260595631,0.184365474744227,0.0376535623473026,0.143054711754963,0.179603645197197,0.139069851812524,0.204125643375066,0.120649467995637,0.0271365436301221
0.444555837808786,0.179554447458295,0.0662580800069495,0.121324385192867,0.188307249533102,0.1846871925992,0.151787052943648,0.116021413846456,0.0286976903731319
0.40744932157989,0.182330533205625,0.0270715470953366,0.164522842824645,0.218625755294503,0.133488177951998,0.15415096568919,0.119858964571008,0.0371165495429947
0.418185558505572,0.170803701114305,0.0742528347728603,0.121043957521832,0.215713948085431,0.117357357677304,0.156256690832879,0.146249070545249,0.0292432000568947
0.46441502257103,0.153076465621383,0.0275308338446367,0.125882067258711,0.229095610704238,0.263979955407904,0.210171697132533,0.142169700631088,0.0113782215435123
0.378734213415706,0.106911277679616,0.0631763281597654,0.121000077440183,0.330178103304731,0.128535848936459,0.122402817761108,0.110031452751832,0.014275969899302
0.355516080550236,0.153049430543201,0.0189535229274622,0.165484937428067,0.306996028551034,0.104641755004273,0.152696134522219,0.09244994457489,0.0158343276501871
0.442988595975902,0.122180050029151,0.0638914051529357,0.144054792399809,0.226885156442203,0.154105489886898,0.111575603311066,0.0639153121529228,0.043199327461431
0.417819506054048,0.106458031064195,0.0317233284961195,0.211015667040128,0.23298346734551,0.193726129625911,0.0884647454558585,0.0668391233097573,0.0395017485492019
0.486234911298477,0.0809201754423117,0.0397630107925091,0.139932816969338,0.253149085497364,0.145603345094545,0.145710147630104,0.0527175475406487,0.0236149521895156
0.474698225633504,0.0794077858191187,0.0320214120958149,0.199932087312372,0.21394048913919,0.101489580663489,0.144729461383394,0.0605201990059979,0.0599034101062592
0.478313085328821,0.069263218299328,0.045182697871912,0.169020951015587,0.238220047484351,0.127382757851596,0.188467614645936,0.132541463306347,0.0374984081326326
0.38308649112774,0.173396180235491,0.041941669153943,0.163666924938207,0.237908734544619,0.194475232723517,0.0916617939305064,0.0889316610263057,0.0286918280618821
0.469104948405689,0.135059696409492,0.0297089471348367,0.178858577385662,0.18726783066432,0.0797638587312075,0.156245453152139,0.276739617276578,0.0340023417346069
0.489152061841499,0.095645741994648,0.0785667605053311,0.108749537596115,0.227885898062407,0.0101259089936206,0.182974564584564,0.0932958059237078,0.036166067157306
0.400063731489328,0.165906435324785,0.0700226785703945,0.125267332516483,0.238739822099009,0.103393652251962,0.158456354474333,0.0906471463728733,0.0404331543017764
0.493070241512335,0.122944489938703,0.0435283765454777,0.102201653039195,0.238255238964288,0.104309574935758,0.169640804557763,0.158490388144795,0.00916357900346721
0.425639755799683,0.104494459137767,0.0278010977449677,0.130064933834465,0.311999753483117,0.105890611286573,0.11745611921791,0.0785080010185909,0.0246709066388987
0.496164706783962,0.0768473507648954,0.101878543628655,0.0884715454607621,0.236637853361725,0.134785590599008,0.173692511222033,0.167795427005849,0.020736883828942
0.354861625384844,0.115894170699643,0.0356048690082695,0.174582967335985,0.319056367571259,0.0528927566131648,0.13405539886605,0.128532543589656,0.0451639187312288
0.383927879007896,0.133023585580566,0.0808844096928364,0.141495516218053,0.260668609500649,0.150673286668083,0.19776825184775,0.0925748543909286,0.0101697262164108
0.367232126743205,0.213017657662458,0.0843521819193862,0.15885052766084,0.17654750601411,0.311922764194055,0.173835735211866,0.099083215849566,0.0483886010671283
0.382403170173155,0.104540376510078,0.0799937109478698,0.146921436218952,0.286141306149946,0.00861140484538285,0.17435241223288,0.0303185968502564,0.0221474350163381
0.386034265704721,0.155035423584438,0.013214388274043,0.235784594806207,0.209931327630591,0.0826360245465493,0.0857723729315852,0.174401053065592,0.0312256423590228
0.51043056442022,0.0690602453133688,0.0511078650634504,0.113575404189727,0.255825921013234,0.0164430220377852,0.085698283036735,0.148482836343586,0.0147400663994289
0.51560413589742,0.09088264735796,0.0423319428624112,0.0973864371111603,0.253794836771049,0.13422043427194,0.118801435081645,0.0922086485352227,0.00536252451582545
0.421035833063674,0.125892036495602,0.0350803178007214,0.132859114872001,0.285132697768001,0.0928085816564001,0.137699314572234,0.04484306141706,0.00996282548518877
0.39078175835286,0.15777454034687,0.0468394760831253,0.148647849953374,0.255956375263771,0.159592873907467,0.132811581840018,0.0794569340703637,0.0464023908350128
0.40162598627935,0.0702004376339644,0.0675105595093662,0.171801578074672,0.288861438502648,0.0865607612854357,0.170347233772064,0.0802187421598833,0.0252338950323911
0.456239546995065,0.118006361526663,0.0524949012178587,0.147171000821997,0.226088189438416,0.0182813385261962,0.147025649523941,0.118320924919229,0.0267991703120556
0.432205818814161,0.0954512151342468,0.0443235060322049,0.178347424128467,0.24967203589092,0.0959974525532699,0.144685939242177,0.102341377592645,0.0294401147186585
0.40311535465097,0.126478825613156,0.0541075670222871,0.181732451498742,0.234565801214844,0.0698515986427186,0.129582443929168,0.0998501994517852,0.0193714533849932
0.42557555539766,0.141578331481073,0.0548651304995873,0.153061476593218,0.224919506028462,0.0292343668533096,0.121196777590912,0.109519571784758,0.058227890236733
0.454713894554623,0.152573021987954,0.0126003392245486,0.108173634526675,0.2719391097062,0,0.164224768000346,0.0886891208742376,0.0372128965308181
0.486206281720407,0.0977153589743537,0.0586581272382967,0.128415740158895,0.229004491908048,0.0442464135423276,0.13288859504564,0.0893991014024355,0.0116330810499536
0.476466412027132,0.100626063677326,0.038895457708651,0.143746783546382,0.240265283040509,0.0376368354237041,0.153121283796667,0.0367376886767777,0.028557220570577
0.381109548596219,0.113077353956571,0.0464758028983812,0.153601715589065,0.305735578959764,0.174235951333646,0.161366502525393,0.0586853838637237,0.0280130401499519
0.45678640017327,0.0658973449194768,0.0369757567842523,0.170538853622491,0.26980164450051,0.189246325837313,0.159513061186425,0.0608029957136621,0.038156829377644
0.49834772149498,0.117304045495768,0.0500930174613833,0.129649892712794,0.204605322835076,0.1358533592696,0.205034049657603,0.159016306112148,0.0359870913930537
0.381001516939911,0.127326546403329,0.0900960537029665,0.211927798207175,0.189648084746619,0.141119575998247,0.189929366852847,0.077334598816117,0.0416495429572043
0.437355441652285,0.118670307099046,0.0472503110246585,0.113236612700991,0.28348732752302,0.0527743190936185,0.147943386949624,0.111264276500551,0
0.464894771833753,0.121877177355323,0.0590220843526131,0.118909500727171,0.23529646573114,0.0494269397393286,0.18596807220222,0.130538208047347,0.0109429421779113
0.376133534080617,0.210530480252021,0.0397497649975454,0.171448141577729,0.202138079092088,0.157994674757088,0.199312066940358,0.126759093958949,0.0275300634199168
0.373564998711654,0.149969257988738,0.0522336281113414,0.137732291280038,0.286499823908228,0.128657627720635,0.138667988521768,0.038894396852812,0.0124090192872156
0.406941014976038,0.148495667473512,0.035995865283899,0.198185953213027,0.210381499053524,0.0947252222711488,0.157599169004654,0.138541602393734,0.0203824228038295
0.420422349156207,0.13362593415459,0.0593751274865549,0.172101853484256,0.214474735718393,0.161666721339093,0.130682051866633,0.0990769156881792,0.0481406688726407
0.405437397573698,0.168337205413861,0.0482872375632502,0.161238665031271,0.21669949441792,0.087520108551428,0.167771747714377,0.0536472694994133,0.0253346274500664
0.395416580023279,0.126086137702554,0.0683455100787959,0.191228107427562,0.218923664767809,0.10882897268427,0.11672760475421,0.0826767023209884,0.0364961255721583
0.465196622118956,0.127843647362306,0.0640331526664137,0.154984584589954,0.187941993262371,0.153839610346493,0.18872679262482,0.0834829798077743,0.042824555983266
0.453410353114967,0.134213300415865,0.08824103055951,0.115955511151391,0.208179804758268,0.0861129691522783,0.128874168624645,0.188818838908482,0.0361436265361768
0.429341503237024,0.13851584078884,0.0567213635806244,0.15152892364408,0.223892368749431,0.0377449787072577,0.211514855929662,0.0826851065554542,0.00397876512819115
0.427927892414868,0.0728266568092514,0.028900202740886,0.213695657471917,0.256649590563078,0.178635709129989,0.113417566763279,0.0736433549300147,0.0560989456226916
0.42854913003586,0.112417770825779,0.0620588620471663,0.0978660241483498,0.299108212942844,0.0946927620013256,0.132344277064885,0.0941589578966278,0.0114313230843286
0.367668622872682,0.155013307560814,0.0477058758432466,0.149931982099449,0.279680211623808,0.174131992217107,0.181433761403896,0.0615131031880463,0.0450980865734292
0.481406875080691,0.0823936696797462,0.0543015592684838,0.149022222360954,0.232875673610125,0.0779873687488215,0.109861062145942,0.110935923169951,0.0627921423954257
0.357462146981536,0.1672215400117,0.0564998929934269,0.189802225439999,0.229014194573338,0.112233684138293,0.165359450921508,0.0632629533841068,0.0228331717361801
0.380360747601532,0.126347756521319,0.0389035443979115,0.165235609862394,0.289152341616844,0.106845574810762,0.0916991941778307,0.0865137292051037,0.0112504620775897
0.398760007596277,0.134922994188862,0.0339960542412832,0.154916024419632,0.277404919553946,0.0239758080203802,0.119164740478419,0.0629352317160477,0.0406477589874007
0.452784349104659,0.116848962937698,0.0624924565971715,0.135465357671718,0.232408873688754,0.0815411684189235,0.172988688136716,0.0819366732597621,0.0312808851739662
0.391279897007192,0.229123909627505,0.0497716994796402,0.131707873174135,0.198116620711528,0.222912694789029,0.1763313031794,0.154384698677086,0.0504375022894426
0.432966712839861,0.126993785534847,0.0406226023218073,0.114399805927111,0.285017093376375,0.0732053502055533,0.194420767332751,0.0753643267686912,0.00379127183213747
0.464295992795063,0.164555241120389,0.0956131015679205,0.0780216436436582,0.19751402087297,0.12946223893204,0.174388606677078,0.0956525431653638,0.0347346104599969
0.396817718660284,0.175612532109623,0.0822304247945788,0.104966982861311,0.240372341574203,0.180341835554281,0.152750915208899,0.0678916344135343,0.0112605302654017
0.379940772773591,0.104551360839712,0.0388847287207208,0.196353337407491,0.280269800258485,0.105909537489335,0.15185215082737,0.0597499028418785,0.0171960743964725
0.435809704250122,0.178662583986372,0.0204524489434893,0.127416942636286,0.23765832018373,0.0933046369444707,0.133214378875736,0.136338399090777,0.0192082424849628
0.358791168836283,0.153478564502068,0.0423847158832563,0.179724199215527,0.265621351562866,0.149010229500244,0.127845525628474,0.100634297168777,0.0412755789035683
0.414034185526972,0.148288950088739,0.0560493999050411,0.142904366704777,0.23872309777447,0.21496403597271,0.179035584173931,0.139022802107052,0.029233350726235
0.39481198612044,0.116000809812498,0.0418512522044758,0.187957692839568,0.259378259023018,0.104130197943496,0.162856155578815,0.11081220702829,0.0371925151322804
0.381358069348457,0.118293713424286,0.073153796906461,0.235552231408102,0.191642188912693,0.150443857583233,0.160313378058009,0.110529385658146,0.017596046748597
0.365383906535735,0.161196676801752,0.0556271965816149,0.185547482689819,0.23224473739108,0.0789658083574742,0.160270621638847,0.110859703272819,0.049117023705926
0.431334851938063,0.111149109352233,0.0617015441882959,0.157563464113736,0.238251030407672,0.14653187750562,0.144900490660666,0.115489963765987,0.0126366063000192
0.428900066490492,0.120169111959793,0.0454994371887397,0.183707328997594,0.22172405536338,0.150108343106067,0.120393372423021,0.0236781075154329,0.0407497177006664
0.488381760014719,0.0995299600212523,0.0667591033780908,0.123762202271802,0.221566974314137,0.00463989484419675,0.139831470409766,0.0940041189822215,0.0616307814619554
0.403612397544495,0.0933192825871822,0.0360536834488348,0.176829316310928,0.290185320108561,0.076406291559676,0.123144599816462,0.0809915664481043,0.0228786558842386
0.452242664461687,0.143656759938392,0.0595608716792298,0.107672557041381,0.23686714687931,0.0953210712744628,0.171082727415903,0.0913774558423854,0.0337543397412727
0.411650005497098,0.184766696925265,0.0739465393758498,0.120908899221735,0.208727858980052,0.164729755719817,0.104183577429581,0.10988155243165,0.0206764629379911
0.455920023886945,0.132651116796984,0.037554229412803,0.175119762340629,0.198754867562639,0.131010610978916,0.136009500697581,0.136298541024709,0.0290604022493399
0.424568594842732,0.154874603194518,0.0744924159667331,0.103102731222174,0.242961654773843,0.0563028340034559,0.130289008851582,0.183555711511936,0.0220135834664359
0.321399690130215,0.182005529635455,0.0929325465260546,0.182222999144362,0.221439234563913,0.101828199704299,0.118152642689039,0.106849872581597,0.0366178449293868
0.490962149414116,0.099339475286192,0.06196257660356,0.112373716194874,0.235362082501258,0.128648888552948,0.15831357061053,0.0989441990084568,0.0320970664107028
0.367999070846799,0.185647397097897,0.0740204201950043,0.176500132819695,0.195832979040605,0.137768356332412,0.154390494348615,0.186366866200429,0.0294853511454734
0.37951562365907,0.144291726591326,0.068940013021503,0.145248720468548,0.262003916259553,0.186720564432898,0.138562223434652,0.0937113219522063,0.020122186064574
0.385845252004603,0.177439244450839,0.0365154793912956,0.155290658485297,0.244909365667965,0.234304704451034,0.115301747926068,0.128434546968799,0.0199910061242432
0.404510664609296,0.145682579797392,0.0718698552703602,0.140445726093121,0.23749117422983,0.11127157910802,0.123379501470762,0.0943320566110309,0.02801264051106
0.388513014225974,0.13167152372092,0.0428157819140881,0.192010114348121,0.244989565790897,0.0467722115359572,0.0908189401510024,0.162120000674237,0.0441363961464844
0.501942931456252,0.118518415175357,0.0370388305218051,0.153083319473417,0.18941650337317,0.134441011019788,0.176686168888887,0.0905159999466257,0.0152315654362161
0.459059146791262,0.0869518406185641,0.0934583951110735,0.131950138523573,0.228580478955527,0.0824942700671302,0.170734070636231,0.0718813171265566,0.062511385949181
0.38641785712502,0.121152344990595,0.0510706233392019,0.176840062496446,0.264519112048737,0.222894271538394,0.143798449490195,0.0730772579932551,0.0307699684682197
0.334636479288366,0.179562493676996,0.0935033640592094,0.110253676018938,0.282043986956492,0.189165512963773,0.21064234839322,0.0803058733821977,0.0338068246007157
0.460044214445487,0.090633705708433,0.0499137792419875,0.156829910873437,0.242578389730655,0.137955767255282,0.116085514141701,0.0286364795334048,0.0291321050256418
0.349896219250675,0.0962273704309938,0.0462256895965392,0.222148666760837,0.285502053960955,0.20435925905568,0.108567869723449,0.107487850915414,0.0276715731379433
0.384213900833051,0.174331158844074,0.0608773974427781,0.116082090565193,0.264495452314904,0.180359687939472,0.18928407024574,0.150724363634298,0.019920078534397
0.374500524168024,0.182829244002601,0.0348884844551032,0.146976991890814,0.260804755483458,0.118114851748012,0.206636632914441,0.0923761119512004,0.02816276860429
0.326535645783581,0.175252254929678,0.0418723915220029,0.183607528824769,0.27273217893997,0.108606947117498,0.133169058741577,0.101895981278492,0.0157543886548192
0.317285036385763,0.189536026993722,0.0296561316190598,0.201602211775706,0.261920593225749,0.187847220190858,0.198618284176084,0.0816879124602981,0.0224965016906304
0.46864262878473,0.1086486324276,0.083571551502461,0.0850303166604666,0.254106870624742,0.0446147226234962,0.18938711896207,0.0804567476646867,0.0189508982107715
0.383611454879169,0.1240588799584,0.040023179969263,0.184627115277763,0.267679369915404,0.0584033839462964,0.122259007383771,0.0805494246665547,0.02896305664929
0.35902583330283,0.199230157290933,0.0205692299489033,0.14517821109778,0.275996568359554,0.101778707166868,0.124955023017449,0.16258355648807,0.0163902936450534
0.354077043960812,0.204418727591243,0.0560747347739294,0.147973683014987,0.237455810659028,0.167484834022008,0.175962121575646,0.137762038138562,0.0347868542828069
0.419695749852055,0.153272813248386,0.0246210798586949,0.185014757467261,0.217395599573602,0.216825846691082,0.112470765986327,0.0667376702241767,0.0053654126829786
0.381194807103686,0.156998106438941,0.0334382091274117,0.146363644341038,0.282005232988924,0.08598608628909,0.134788662732199,0.0851675711947994,0.00417174466914088
0.485066730677122,0.110710027826173,0.0530336585711302,0.119750881463387,0.231438701462188,0.0631846502433846,0.106885732694089,0.0900046005958151,0.0374652482997833
0.43840831667511,0.0948228054957081,0.0511281818087108,0.127727580432264,0.287913115588207,0.0657334440580121,0.119217010313894,0.0349725028745309,0.0242572995234763
0.385769667844382,0.122420363732787,0.0852093319398979,0.140244387669717,0.266356248813216,0.113870087922205,0.144992417667024,0.0482792514321671,0.0319353569305017
0.33622447794888,0.184706915571097,0.0586260395307929,0.220614020558415,0.199828546390815,0.10901518942075,0.173644804842342,0.101346933685965,0.0342113061296881
0.422833015852055,0.154347335236119,0.0379546209140185,0.147594794807629,0.23727023319018,0.158347334858418,0.145744052094745,0.115201862022086,0.0116084319711084
0.456017814406712,0.0920357882866496,0.089097536043984,0.14352024095041,0.219328620312245,0.120943840260483,0.173359644396784,0.0510060807218622,0.0493583360750891
0.35296603684499,0.16932926352112,0.0407614450279097,0.198059542195449,0.238883712410531,0.0779992067388668,0.260223096679874,0.102825541081485,0.011502213246268
0.43124229689501,0.109290727223557,0.0838489406507394,0.141939881647466,0.233678153583228,0.0740635786819345,0.149594302478315,0.0643050239973991,0.0408125974432847
0.422444890766269,0.0837161405276822,0.0409637300054204,0.131045955867297,0.321829282833331,0.127467589475765,0.125643089427281,0.100678229110207,0.0452478239486507
0.410380769827518,0.140144264358351,0.0638049145849346,0.129088260014242,0.256581791214955,0.121805374041707,0.145874246396942,0.130733437435386,0.029997991475638
0.397829654511194,0.112638722178935,0.0660601736236748,0.207956385674127,0.21551506401207,0.128440611639274,0.208745895649594,0.132952641766698,0.0240682332428034
0.448754537369376,0.0855767727008206,0.0610772502640077,0.175134092952032,0.229457346713763,0.129414525298454,0.127358521350135,0.138127391527958,0.0588229889296804
0.404503839976417,0.146330827993855,0.0615616980474672,0.170766361172822,0.216837272809439,0.0951468949454332,0.228959866228647,0.0670791422566337,0.0610941527453657
0.351729412425452,0.166549592585842,0.0834952020091607,0.223652487281336,0.174573305698209,0.0983208308631723,0.197237332792101,0.0636072134803098,0.0311028670735181
0.381004905539283,0.137289578682616,0.054998854156569,0.210258883420094,0.216447778201438,0.146419726088756,0.219044196168008,0.0584761212541881,0.0371636644664534
0.305116358268449,0.14989997694247,0.0471708842851128,0.157943619157632,0.339869161346337,0.14345874719718,0.152638978375865,0.0979028634776345,0.0615413640724287
0.418278384470041,0.142533721369361,0.0233762676059282,0.151340294173374,0.264471332381296,0.133792347498888,0.143787817228601,0.110823819422653,0.0442143799233475
0.382570670230745,0.145436441015636,0.0515883265381362,0.179639187577761,0.240765374637721,0.0284572304767537,0.17670488524272,0.0924477753157862,0.0100794460226548
0.374112488410989,0.220222629801055,0.0955920596894494,0.102830413585293,0.207242408513214,0.119741806684045,0.189759366631933,0.128560784930165,0.0424953485519978
0.415995389571159,0.108266834227977,0.0371106752022469,0.125221637361487,0.313405463637131,0.0766403958757177,0.105496305929432,0.0669690170579056,0.0594018148911076
0.35816381325006,0.137516347742199,0.0271009526738474,0.206403333596521,0.270815552737372,0.136059763084393,0.139355275896576,0.0954243842080757,0.022940900240349
0.358503086941246,0.20146915426623,0.0419269599979588,0.187310666945918,0.210790131848647,0.157151728773293,0.179250308990092,0.172074299281142,0.0196260325924775
0.490738833341681,0.104076773626468,0.0335442905225101,0.174863650633259,0.196776451876083,0.0893156246897763,0.113413412090913,0.0718987676813432,0.0217026042305165
0.417582801710108,0.146224364364425,0.0444884127722041,0.159019261266991,0.232685159886272,0.0793221089400894,0.15600525727849,0.179050290738004,0.0285673526972056
0.428845053518378,0.128831088258723,0.0237766154923998,0.155856703632235,0.262690539098263,0.0651904710739657,0.110086328008299,0.107376805834839,0.017744244148839
0.449276692040013,0.118410142928093,0.0210636281498436,0.194713483427084,0.216536053454967,0.0720437862540444,0.120222476816575,0.216125078009433,0.0333573488828938
0.437286868550107,0.123360061952694,0.0777664103181715,0.103192144124964,0.258394515054064,0.0742137799671816,0.147624611341535,0.0918685952311583,0.00373912061716245
0.417539601095752,0.146170063493547,0.0445370084685077,0.169264919579462,0.222488407362732,0.139233052372746,0.163464752873409,0.087409582235897,0.0538186561476524
0.416383364911315,0.129410146074267,0.0431137757350087,0.208144455296798,0.202948257982611,0.0849334137385854,0.146410708606935,0.0670620554554768,0.0198028361744166
0.433659763566655,0.161704134507354,0.0580064580818168,0.13974656539558,0.206883078448595,0.0995022315716237,0.121952545333307,0.179638550692188,0.0213715598556278
0.490699651640446,0.099564279504084,0.0645375256616342,0.136352741396337,0.208845801797499,0.0377375251984326,0.150889353907563,0.101870250279879,0.0296201788269595
0.481972831380396,0.0881758111512983,0.0475656170982696,0.123457137113979,0.258828603256057,0.0551843724519239,0.0819565967702838,0.0976870627515027,0.00739895249475
0.3693704678828,0.155154294046615,0.0611732334459196,0.203041674905296,0.21126032971937,0.111941551929228,0.13590699507216,0.126634398151883,0.0517559927690418
0.45835625322854,0.154630239589291,0.0264877242236855,0.14421861596351,0.216307166994973,0.127612839895588,0.173492214491779,0.1256028612726,0.0221563869908148
0.418667009150255,0.11139603122324,0.073993703762416,0.111969197130666,0.283974058733423,0.0782980895598695,0.137615025593998,0.0897735647739877,0.0242876390160881
0.4079831848232,0.197757454958575,0.0721379827656583,0.184569453816795,0.137551923635771,0.146641211442868,0.18665262038389,0.118115517554575,0.0310983101317916
0.408378948060552,0.115640501622689,0.075123106242522,0.162001829013904,0.238855615060334,0.241287385227229,0.146259168825693,0.0715577615318011,0.0440602241281931
0.412022081871046,0.119151470424137,0.0939636065848821,0.166981063264559,0.207881777855376,0.067592419178557,0.192808676513017,0.144089593297326,0.04530166394484
0.511572820048073,0.145910997216668,0.0402103526152455,0.107140590796535,0.195165239323478,0.169915267049467,0.124863377428838,0.117800493607638,0.0203903706128895
0.390327781399972,0.121763484727902,0.037987666581233,0.173985110748174,0.275935956542719,0.0727807988778693,0.139092397789108,0.120158497499745,0.014660273690954
0.44847468970728,0.0721026114264602,0.029553226874682,0.215507586567907,0.234361885423671,0.12542219102187,0.18746867140348,0.132775146558506,0.034924929838083
0.367111076140431,0.161775320025018,0.0998133309345012,0.141903706870202,0.229396566029847,0.207138229594753,0.161093614559555,0.103592564674814,0.0357463102405604
0.448865664265524,0.0703404481101941,0.067466142106537,0.126031524650991,0.287296220866753,0.0366598818470063,0.122903058575009,0.103001531437074,0.0388536650379631
0.402308322663426,0.153273154349283,0.0770948198789876,0.131522605430994,0.235801097677309,0.128400824244047,0.209326390517446,0.119512192244412,0.0281673425838036
0.364457620471372,0.184709217609824,4.41056596706108e-10,0.192954888309068,0.257878273168679,0.14030731071422,0.176857597118546,0.150469424360099,0.00149935661892514
0.421365855781591,0.0939885094385681,0.0462470477728344,0.181368071815138,0.257030515191868,0.0970411336232337,0.172497088789632,0.10795244254177,0.0278462150003052
0.384029407538036,0.15096124602478,0.0418600513313772,0.137764967841334,0.285384327264472,0.0471224680132281,0.104325869294568,0.138522570651412,0
0.305465743412783,0.220646466856182,0.109369244767978,0.118854743551083,0.245663801411973,0.158420560238452,0.261260556080222,0.123763120626412,0.0166746200413207
0.409676738077342,0.175304780767088,0.042823145075042,0.144695027530375,0.227500308550152,0.0406302874310661,0.13190955335803,0.190075247646693,0.0166915758266995
0.431576104079102,0.145841091313813,0.057928744546437,0.157956659327393,0.206697400733255,0.108200787695081,0.154144810444172,0.110516374031353,0.0545904501151937
0.351346675216086,0.243433623921697,0.0476955757839535,0.142698455352943,0.214825669725321,0.145179181419293,0.154090288956578,0.104813557560863,0.028351909754962
0.343806753191445,0.167979421371806,0.0701098996371302,0.144982584751007,0.273121341048612,0.129897221565451,0.134043764345573,0.0964026995348077,0.0408629539195116
0.477780547835915,0.0835991151577307,0.0545915000391921,0.127427983811066,0.256600853156096,0.0901815376357381,0.122377116810286,0.0705192728015097,0.0340408478834636
0.46469735119804,0.105476449961553,0.0363074061981737,0.142787127821979,0.250731664820254,0.159351173275687,0.0958437141968725,0.0306600880113053,0.015510361565736
0.402427072899122,0.237231288479254,0.0626911751558591,0.152612460245727,0.145038003220038,0.211180867239583,0.0841282096245839,0.190019661781536,0.0322871305481748
0.363154068713522,0.101235857232157,0.0914062786949896,0.194195194448395,0.250008600910937,0.0296783251859018,0.137036801065791,0.0778381497789862,0.0088389144125226
0.369498352889583,0.166979068652039,0.0889927712253441,0.138028571372005,0.236501235861029,0.0968143938163929,0.21880498256195,0.0816400905170275,0.0437623523158526
0.428362756278928,0.0789679318526877,0.0429816124202674,0.0985432601373981,0.351144439310719,0.0428869175195846,0.129348667524075,0.0160263642362223,0.00407759948071243
0.43861299322226,0.0992005131819839,0.0217339644222691,0.171257504788967,0.26919502438452,0.10957511826092,0.124261722203828,0.0670877622619265,0.0214321139310615
0.449272820879427,0.0983987691427779,0.0377313173262787,0.137406245503155,0.277190847148361,0,0.159027322217833,0.0787358891273668,0.0457474312559334
0.447037617407017,0.12908688760447,0.0578412734439383,0.167705850770626,0.198328370773948,0,0.136741239046096,0.112594780518925,0.0131127119517586
0.412793356417589,0.155241335581612,0.0649061889570368,0.168118236629612,0.19894088241415,0.0750378483451044,0.177890697030734,0.159231291461094,0.0333780791706581
0.4341625537997,0.117076996925328,0.0249374722188757,0.18401082761822,0.239812149437876,0.115868120230813,0.135833244610347,0.200107184372865,0.0189277622024901
0.343198329726048,0.181700278568865,0.0963100403186596,0.103044769819739,0.275746581566687,0.038934826511208,0.149974106489176,0.146341860705968,0
0.378667841020667,0.172860603064895,0.0361126936613888,0.169847429218055,0.242511433034994,0.0610248462490485,0.154644536423256,0.161347152455331,0.0290870184948469
0.380749398701392,0.164569027076719,0.0544215713613013,0.196228541601618,0.20403146125897,0.121174127670728,0.134757269397983,0.185017443563021,0.0328411595416833
0.421318530377265,0.107301495527732,0.0419432892863055,0.135114481790125,0.294322203018572,0.160037843100667,0.173192802145716,0.0256097661067278,0.00987547911858455
0.451700519793574,0.177577677490564,0.0261398600260254,0.164044432640002,0.180537510049835,0.0636647227264067,0.158871296070689,0.073886066481245,0.0216562027431268
0.401771911799254,0.116346624243249,0.031000082244759,0.166368204770844,0.284513176941894,0.299158364720439,0.102968000865038,0.073662557432098,0.0102735945945151
0.374494795757978,0.119973439194491,0.108623913445842,0.189323695311764,0.207584156289926,0.104727759238337,0.153926591920612,0.143086508598041,0.0291225243974511
0.489970594589123,0.0725261333586172,0.0301272161452792,0.152185602521113,0.255190453385868,0.061434736834755,0.0717401744161232,0.0814509726228922,0.0154369959410411
0.465730453712907,0.116069782636484,0.0234461504688665,0.157813803058654,0.236939810123088,0.0803732340756476,0.204945822885676,0.0834919777731574,0.00948954214987447
0.434056659664185,0.233042313312796,0.0502364403086504,0.137351182878252,0.145313403836117,0.0367816381119254,0.151931682063263,0.0995563126532198,0.0375441228816678
0.314159408578953,0.221712265004637,0.0606212287544201,0.191799973820446,0.211707123841544,0.170033124823919,0.230414298310525,0.231537499753897,0.0150552686909354
0.448889571266993,0.0923777557523511,0.0268504492886249,0.135346189273012,0.296536034419018,0.0509890651228934,0.123929257092768,0.0941765403361708,0.020902021605042
0.41416263106274,0.190581179183275,0.0344261395171509,0.165289545307305,0.195540504929529,0.0531314459194028,0.15243924056391,0.102262835086366,0.0130522627914406
0.433088590781888,0.0899356262598228,0.0447245106403822,0.172847791759848,0.259403480558058,0.259961950613513,0.192839401000269,0.0705040402694605,0.0307158261079731
0.412285201245215,0.141786786878557,0.0445365226603447,0.160102218688455,0.241289270527429,0.00915714313904856,0.133108541477233,0.0914195420540592,0.0220517507882141
0.407438042133294,0.105427628476402,0.058044093317867,0.0748543931608421,0.354235842911595,0.125910450811931,0.158097416630212,0.0874476315594278,0.0263446671424787
0.485154737776362,0.0898750735407513,0.0479926097825262,0.135319587170154,0.241657991730207,0.132904622583388,0.1437366921931,0.0630457370067339,0.0294984255442889
0.356191067079952,0.156348198680686,0.0472628967077888,0.179059122851875,0.261138714679698,0.0462374044219339,0.180657049011829,0.141610320201475,0
0.482911675818459,0.117824591334611,0.0582887427705022,0.148682229768307,0.192292760308121,0.184043815427295,0.139753281141006,0.0938347399173931,0.0207171265511761
0.448163315243036,0.0770772138201982,0.0573550578124311,0.142953538082507,0.274450875041828,0.155396205359209,0.145402015871391,0.103159358588275,0.0397778734946683
0.4397696296727,0.155516752154659,0.0489638769606723,0.116474580644356,0.239275160567613,0.149154712766109,0.171155565699143,0.159039438809519,0.0231562696961589
0.528951444910042,0.141028559368774,0.069430056377707,0.143472807140508,0.117117132202969,0.0566463838998603,0.157850850262311,0.126291529908659,0.0321588103714091
0.397773993039345,0.186029361850715,0.0399578712806774,0.117641792920185,0.258596980909077,0.229867448805433,0.162651623537493,0.034507044975855,0.015886303603347
0.443199338389265,0.115520527818134,0.0799336327701318,0.126721618436972,0.234624882585497,0.132325081242196,0.116421380937159,0.116588368248858,0.00614056533244496
0.480347308743226,0.192492156298158,0.0354039896136903,0.125466946027755,0.166289599317171,0.237505466716134,0.161498417968948,0.113685712473735,0.0381184458258414
0.394091335941733,0.148276699427799,0.0950659468316356,0.189311705353146,0.173254312445685,0.191251630047266,0.195573467942148,0.116959471003,0.035479731342422
0.402392158637172,0.0803391576541552,0.0323691873704361,0.128048896819919,0.356850599518317,0.025352780452197,0.135380531575651,0.0470360788844305,0.00330976285226034
0.403421461683621,0.116904076158536,0.0577586585837466,0.211886862740637,0.210028940833459,0.0869634882752197,0.128741244234891,0.0719971284988235,0.0216942244525426
0.408003482044419,0.1185130106485,0.0814146711067261,0.14545730485632,0.246611531344035,0.0932014267113678,0.140790784353336,0.0619181299642916,0.0376117546309048
0.389730060901256,0.195475686342009,0.068527455549829,0.150744324242719,0.195522472964187,0.141424902294807,0.129425325119643,0.142127297633688,0.0256340231698728
0.498386538190869,0.159311015422867,0.0361933896750374,0.151990010288137,0.154119046423089,0.0917354955493598,0.133472402583482,0.107781073968577,0.0345419700402434
0.463583950253171,0.0972960438961374,0.0495541206335751,0.166227023911444,0.223338861305673,0.109614535916982,0.120522718935307,0.120038049713177,0.0241871520408164
0.394532324891128,0.165516232294872,0.0220486197905631,0.113132683409709,0.304770139613727,0.0748313766332666,0.104865409858245,0.13971981111415,0.0254921311196216
0.49854481099099,0.0969689757369634,0.0537552571732375,0.121998594863353,0.228732361235456,0.0253782281982921,0.158682106695821,0.0898419692737158,0.0161212621963937
0.443660146082689,0.136140959938361,0.0265426675821175,0.148543122694545,0.245113103702289,0.154857654014785,0.167625072934352,0.0604244555915033,0.0235343360088207
0.42226010373978,0.141269346388768,0.0837571685621778,0.119618470150163,0.233094911159111,0.170254157732022,0.159178061817608,0.128144888470953,0.00666708518843423
0.33266489649414,0.159132822877728,0.0381896943856732,0.182180869047925,0.287831717194533,0.0972894510597586,0.15272797556434,0.0681021803892345,0.0202707516986746
0.466600161698962,0.0944299831338138,0.0697804610158506,0.15833962027173,0.210849773879644,0.089553574652666,0.163807502525963,0.109117236547761,0.0508629969099056
0.435462074550677,0.0961846184383189,0.072120531292753,0.17192189109411,0.224310884624141,0.145465531369652,0.140379189259177,0.0959826786204656,0.0239102097262639
0.451803773510484,0.121159857295055,0.0289323215483292,0.195431404939522,0.202672642706611,0.00652743299963989,0.111282243718075,0.0447180116323963,0.0292800091631811
0.516477928491753,0.050940142569517,0.0347331344803572,0.126684689479871,0.271164104978501,0,0.124814207050195,0.0835700027978115,0.0316079494603136
0.465860661813517,0.150664599909106,0.0394538268433843,0.15494310226514,0.189077809168852,0.153478121682773,0.173063631025719,0.0853791096335898,0.0150329887324628
0.478014640678537,0.125363238159395,0.0403141574604004,0.110128775366701,0.246179188334967,0.0900093450836744,0.107983165437537,0.179211762206869,0
0.354636540519671,0.156244429491249,0.0801618076941511,0.165969446774134,0.242987775520796,0.106669586608572,0.167888063091013,0.184483076354346,0.0569600931025518
0.440712855529837,0.119549208016496,0.0815034213826564,0.0845112990291925,0.273723216041818,0.16586177794327,0.155393519347045,0.109708690156464,0.0222765627805528
0.43096911505415,0.162137470091491,0.0361999121185688,0.102251553397781,0.268441949338009,0.0423334516904859,0.144223518103909,0.113518677138309,0.0302839161438151
0.342863506125041,0.179503984825914,0.07247008082996,0.184215957463369,0.220946470755716,0.178491206770752,0.134758741430235,0.12572026228932,0.0213337045766309
0.42176231232591,0.133654071554975,0.0846553752334519,0.158997932721769,0.200930308163894,0.14896761858648,0.140618497327286,0.1342340140073,0.0158334221431565
0.406500735154942,0.181039136111701,0.0708451287110709,0.114738885342314,0.226876114679973,0.126289108301947,0.193721230226021,0.121390799908435,0.0311445077488382
0.444040020982605,0.0799329732205553,0.0707715880615728,0.180203231295116,0.225052186440151,0.0692061937146276,0.159543624818461,0.11379539232396,0.017590103120648
0.429544332541021,0.16406180374707,0.058803577066517,0.0999602970353867,0.247629989610005,0.070629791480581,0.195149951948385,0.0877936441668169,0.0199334905244474
0.412796873541298,0.101259558731809,0.0156006929594994,0.177358632922159,0.292984241845235,0.0631587969646512,0.122885207137654,0.0828655139132227,0.0187148313864395
0.458573976335751,0.133828007376819,0.100081743768882,0.143213241385262,0.164303031133286,0.0743499390785168,0.180800511197585,0.12904086568697,0.041255810892311
0.449837328703998,0.0613663421883622,0.0538105553392012,0.127154593509181,0.307831180259258,0.155673863281603,0.142212725019786,0.0957756999850704,0.0102650597603637
0.432605859781549,0.168922620773589,0.0418557878267778,0.165676663485546,0.190939068132538,0.24607460152018,0.146479805139547,0.0937938382652153,0.0402569867086593
0.424670632304107,0.083735022724203,0.0512943099818945,0.180233069183551,0.260066965806244,0.0427796003903112,0.0978241437978427,0.134442139827128,0.0114958598003678
0.47645860285276,0.150303778835366,0.0548002887401001,0.139085590357571,0.179351739214202,0.0994691703562685,0.0808723038293364,0.0932001318750039,0.040065419326982
0.353374197505955,0.171281692908851,0.0822319842002622,0.139240202133974,0.253871923250958,0.228533891680436,0.260320815634272,0.121782833660429,0.0233612523068343
0.400187961153297,0.165280638725328,0.0433705301057543,0.191156271588828,0.200004598426793,0.109026851684819,0.129758512232617,0.0692340557096292,0.03059388613029
0.407692766467156,0.148353255227125,0.0402659209929729,0.126639202703561,0.277048854609185,0.158548185272365,0.187588466663132,0.102673768602875,0.0235515683466194
