"V1","V2","V3","V4","V5","V6","V7","V8","V9"
0.328079661472258,0.0504808371413231,0.0221351512889791,0.112761586550116,0.486542763547324,0,0,0,0
0.269786860606408,0.0567334068983931,0.039155469352327,0.059059103770087,0.575265159372785,0,0,0,0
0.310462155690851,0.0817500972768357,0.00837838542379591,0.107263286657136,0.492146074951381,0,0,0,0
0.327566490646816,0.100309545456099,0.0149325991713168,0.0863556274763429,0.470835737249425,0,0,0,0
0.396618016450108,0.0525824249350422,0.0263565418661666,0.0930563790212073,0.431386637727476,0,0,0,0
0.39077384116424,0.0512499779087263,0.0267087553474881,0.0685408944590284,0.462726531120517,0,0,0,0
0.296621878322222,0.0902777071565846,0.0142670902001507,0.139145993510777,0.459687330810266,0,0,0,0
0.322187727199164,0.0744377991855951,0.0376297367882777,0.0774247694990247,0.488319967327939,0,0,0,0
0.386646139950039,0.0173232402325533,0.0383817401879688,0.14251025149041,0.415138628139028,0,0,0,0
0.389347006067695,0.0657439481213401,0.00630613344280775,0.122094598626147,0.416508313742011,0,0,0,0
0.368575733027553,0.0585370675391769,0.0106708061907139,0.0601941427627435,0.502022250479813,0,0,0,0
0.225740064983644,0.12393205002298,0.0132351482552814,0.0546406363619493,0.582452100376146,0,0,0,0
0.418376484445478,0.0501152751138171,0.0740846388145897,0.0721909087587179,0.385232692867397,0,0,0,0
0.376586657691225,0.0553144808848582,0.0101309463371004,0.103315325630826,0.45465258945599,0,0,0,0
0.321189959041291,0.0860933492091001,0.0261493438971846,0.102287892427705,0.464279455424719,0,0,0,0
0.402662168776801,0.0371401974767004,0.0360033076037853,0.115165813152566,0.409028512990148,0,0,0,0
0.355594916273745,0.0903271608371044,0.0271109470147039,0.103370348389604,0.423596627484843,0,0,0,0
0.359506046250473,0.035987166442501,0.0347597123893677,0.0985204811665508,0.471226593751108,0,0,0,0
0.352773151529918,0.0478406805044523,0.0400528420682443,0.12728452713506,0.432048798762325,0,0,0,0
0.291085899034333,0.082021586907577,0.0318129333448474,0.126593861962138,0.468485718751104,0,0,0,0
0.267347984448014,0.0831693584125319,0.0210829409526011,0.0958028153010621,0.532596900885791,0,0,0,0
0.279534283373729,0.10055273143098,0.0119549828488634,0.104249714075687,0.50370828827074,0,0,0,0
0.364241905147061,0.0841570367086987,0.0410780893272822,0.1015705810896,0.408952387727358,0,0,0,0
0.371731831518322,0.0340783366947882,0.0170346514051925,0.0949740553939463,0.482181124987751,0,0,0,0
0.277911771402839,0.0658625408224691,0.0549300489517606,0.0826668457941117,0.518628793028819,0,0,0,0
0.342737000822608,0.0933972373993969,0.051284203302412,0.0714963853546384,0.441085173120944,0,0,0,0
0.272477793288487,0.093535519879149,0.0437785828609311,0.0699870571737064,0.520221046797727,0,0,0,0
0.316854438421862,0.0469436378777759,0.0197378523441215,0.0786230960405596,0.537840975315681,0,0,0,0
0.319994711920706,0.0887854345995541,0.0320320256987812,0.118877586045466,0.440310241735493,0,0,0,0
0.346533223473911,0.0652390441488706,0.0137812679079297,0.115521382804958,0.45892508166433,0,0,0,0
0.25425309408249,0.0668007013092377,0.0317754955655237,0.0825813599291262,0.564589349113623,0,0,0,0
0.336819519734242,0.0764004666120165,0.0226121352933409,0.0770383306755542,0.487129547684846,0,0,0,0
0.297788039782789,0.0592648449930227,0.0224527021050998,0.0993872511603213,0.521107161958767,0,0,0,0
0.344839913284718,0.0222049297656997,0.0518775957011163,0.12050185047153,0.460575710776936,0,0,0,0
0.341204119614184,0.0503174257469771,0.0445729551728658,0.148386661567253,0.41551883789872,0,0,0,0
0.288214391639339,0.0657016423385106,0.0300083818310335,0.121834803406972,0.494240780784145,0,0,0,0
0.363325087970322,0.0801605659269317,0.0111557378114064,0.0729656721139218,0.472392936177418,0,0,0,0
0.358279911432548,0.0960208318663363,0.0343090414927009,0.0833428251639838,0.428047390044431,0,0,0,0
0.297182000879305,0.038129146569574,0.0503514034913794,0.0732899683720069,0.541047480687735,0,0,0,0
0.315884187434263,0.0643817285290661,0.0215526117636705,0.101424094014957,0.496757378258043,0,0,0,0
0.326151634020247,0.0736223529837439,0.0219675145597074,0.0790356678993386,0.499222830536963,0,0,0,0
0.296580484940468,0.103198731206938,0.0139062491012975,0.0653606134282958,0.520953921323,0,0,0,0
0.209746464244461,0.112569648720264,0.0378879405628816,0.0919058753131223,0.547890071159271,0,0,0,0
0.34063204472855,0.0302179957517326,0.0503555212335171,0.108855242063782,0.469939196222418,0,0,0,0
0.345609870163977,0.09012102797331,0.0182669003502587,0.12619802430126,0.419804177211194,0,0,0,0
0.306046338419262,0.0528476192841597,0.025695418987166,0.103714215343643,0.511696407965769,0,0,0,0
0.405495355594477,0.0500160170136413,0.0393978275457195,0.0829885765095878,0.422102223336575,0,0,0,0
0.342386728360412,0.0897699377983307,0.028654696202323,0.0847941046988765,0.454394532940057,0,0,0,0
0.291828270818269,0.10649837097706,0.0255752999489227,0.0572743991378881,0.518823659117861,0,0,0,0
0.33138578192892,0.0571926911191486,0.0276662914656653,0.103609451408611,0.480145784077655,0,0,0,0
0.34612156882565,0.0494512637137726,0.0296691311547557,0.104072800648834,0.470685235656987,0,0,0,0
0.296794687897378,0.110421997809754,0.0132531442458898,0.068651749436256,0.510878420610722,0,0,0,0
0.343738642448406,0.0648683610001378,0.00659822467534039,0.121144607676954,0.463650164199162,0,0,0,0
0.331428334186134,0.0514472748725553,0.0257230470600205,0.10970239517472,0.48169894870657,0,0,0,0
0.336048847227386,0.086612549062985,7.00301377136732e-10,0.071143049838093,0.506195553171235,0,0,0,0
0.379641800571086,0.0849628901195763,2.34684969311124e-09,0.0808121209720861,0.454583185990401,0,0,0,0
0.256437667878484,0.134781937500308,0.0139256978945443,0.0937229963101121,0.501131700416551,0,0,0,0
0.350972949542372,0.0420579210582613,0.00538654171635717,0.0789528587863706,0.522629728896639,0,0,0,0
0.286868826116947,0.0931487990972333,0.0356465586332455,0.122959302966695,0.461376513185879,0,0,0,0
0.363568921193905,0.0513209847460448,0.00622223208514015,0.0711057406356309,0.507782121339279,0,0,0,0
0.296117901246367,0.094320445001691,0.0369386731400345,0.0619340314305507,0.510688949181357,0,0,0,0
0.344756153240682,0.0435592719908818,0.033586484605261,0.0629278705288053,0.51517021963437,0,0,0,0
0.321430786816823,0.0885507234412326,0.0318739263598032,0.0889879110024266,0.469156652379715,0,0,0,0
0.358341645566863,0.0431094809729984,0.0489650467981542,0.0629508668247086,0.486632959837275,0,0,0,0
0.353590843867636,0.082511754199664,0.0292843754188345,0.0827957917230822,0.451817234790783,0,0,0,0
0.2913661240823,0.074214955412965,0.0197312830413846,0.0688440076071192,0.545843629856231,0,0,0,0
0.343487854954363,0.0792464932194596,0.0210215180116001,0.0966698986983293,0.459574235116248,0,0,0,0
0.355708323037344,0.0681744413713259,0.0250906416527761,0.0667868519859305,0.484239741952623,0,0,0,0
0.348050614923481,0.0430192324082032,0.0346076850312772,0.0843261199663245,0.489996347670714,0,0,0,0
0.359517448363603,0.0482166715420873,7.12742587816415e-09,0.0921584028051153,0.500107470161768,0,0,0,0
0.310528065302997,0.0287276448388323,0.0411149607731757,0.121948722920206,0.497680606164788,0,0,0,0
0.300823490892342,0.100613059568918,0.0210802776864414,0.103646086795696,0.473837085056603,0,0,0,0
0.308938794437364,0.0958325580487926,0.0213421131379778,0.114555949263032,0.459330585112834,0,0,0,0
0.353901505335842,0.0841249697207966,0.0309938426215839,0.0790363523140284,0.451943330007749,0,0,0,0
0.352802486357599,0.0597407766990517,0.0283622027536152,0.0717374599646447,0.487357074225089,0,0,0,0
0.379496508302043,0.047177278734658,0.0283401746991349,0.0336506302363278,0.511335408027836,0,0,0,0
0.344491168348821,0.0653045737505497,0.0243363914656211,0.0707625679452402,0.495105298489768,0,0,0,0
0.307092750340215,0.0525363026768294,0.0623025167000884,0.0776537307406825,0.500414699542185,0,0,0,0
0.367562421918924,0.0890306101897198,0.0115142067401337,0.0840124623542012,0.447880298797021,0,0,0,0
0.316605296991676,0.0777078473429849,0.0432975669677767,0.0821892749981291,0.480200013699433,0,0,0,0
0.365886619082826,0.0707166309653132,4.36343031334993e-09,0.0680070569786277,0.495389688609803,0,0,0,0
0.368994611479811,0.0487682817246963,0.0219124020677506,0.0877015895469051,0.472623115180837,0,0,0,0
0.321313533247397,0.047715947564959,0.0437574931267838,0.0763534326950953,0.510859593365765,0,0,0,0
0.354191045096332,0.0889798347695299,0.0340227805649207,0.0812655748172087,0.441540764752009,0,0,0,0
0.29988370326498,0.0599012253563265,0.0318654374781072,0.0844359987789094,0.523913635121677,0,0,0,0
0.287564408229197,0.0698219191697438,0.0410263471755124,0.0923495141725216,0.509237811253025,0,0,0,0
0.348856904048555,0.0744054064445568,0.0174969312217668,0.1262645285167,0.432976229768421,0,0,0,0
0.358473778081652,0.06172819557277,0.0208767559731223,0.100320168053039,0.458601102319417,0,0,0,0
0.345018284627954,0.0350080956321648,0.0332797201711015,0.119386369067735,0.467307530501045,0,0,0,0
0.363646755105625,0.0761965577520947,0.0350708654284026,0.113476597823348,0.41160922389053,0,0,0,0
0.302344757511507,0.108842747227516,0.0337892216848991,0.0947305493739613,0.460292724202116,0,0,0,0
0.321830769593861,0.0655653395630475,0.0228906968606116,0.0799953926392519,0.509717801343228,0,0,0,0
0.297163391427937,0.0897188917350896,0.0182166991467215,0.0797634228752281,0.515137594815024,0,0,0,0
0.36179709324634,0.069659121622898,0.00871053360264244,0.0713829072908953,0.488450344237224,0,0,0,0
0.372850627679108,0.036992389701413,0.009722736962008,0.0733881519074804,0.507046093749991,0,0,0,0
0.307178283835878,0.0869653239472753,0.0457140700233047,0.0860774437447365,0.474064878448806,0,0,0,0
0.336471632704998,0.0685989207474762,0.0101775632766121,0.0653413190863831,0.51941056418453,0,0,0,0
0.363529036243904,0.0267719036767634,0.0373306795472924,0.0753277792483854,0.497040601283655,0,0,0,0
0.297558285018833,0.115590202692776,0.0286168123098896,0.0771851477218192,0.481049552256682,0,0,0,0
0.279734868362411,0.0781800118550081,0.0443076059561025,0.0766249885523873,0.521152525274091,0,0,0,0
0.364354636120251,0.0621043852989211,0.0368912759590467,0.0911804403024082,0.445469262319373,0,0,0,0
0.304436393596776,0.10595750062751,0.0415660442313445,0.0465572091380034,0.501482852406366,0,0,0,0
0.270448664392362,0.0882892528039832,0.0324304275840915,0.110206737944092,0.498624917275471,0,0,0,0
0.322536449416654,0.0811858326251261,0.0235534399659303,0.0700348004192606,0.502689477573029,0,0,0,0
0.329725847973129,0.0586743435237931,0.0299200398854393,0.079221798735937,0.502457969881701,0,0,0,0
0.374197875916763,0.0252579566843903,0.0316212587869654,0.0721040323379513,0.49681887627393,0,0,0,0
0.369574024415598,0.084246362739339,0.0348117188209096,0.0590480794824973,0.452319814541657,0,0,0,0
0.318402743655213,0.0681234955608038,0.0355817090925956,0.110693421020702,0.467198630670685,0,0,0,0
0.251443041447761,0.116497127870283,0.0394023210990957,0.090158663061483,0.502498846521378,0,0,0,0
0.375240154147843,0.0795924788657318,0.0307561589661107,0.0728096384245765,0.441601569595738,0,0,0,0
0.318680861068078,0.0892091618410462,0.0209225054753843,0.0937210293003142,0.477466442315177,0,0,0,0
0.278001929560171,0.0961512097536115,0.0134914128820228,0.0717576385352762,0.540597809268918,0,0,0,0
0.310364026541465,0.0998090548514635,0.041232543091659,0.10145407547876,0.447140300036652,0,0,0,0
0.3771067711312,0.0824521784885365,0.0405671381631703,0.0967538377046297,0.403120074512464,0,0,0,0
0.352726641596704,0.0654175394797836,0.0202007133634408,0.0855840698539927,0.476071035706079,0,0,0,0
0.295891008841293,0.133525902407048,0.0244755859537375,0.0512142314374569,0.494893271360464,0,0,0,0
0.315009349982404,0.0875655653747913,0.0258902362060688,0.0707888361754901,0.500746012261246,0,0,0,0
0.341193666672253,0.0855585213850808,0.0256640408552323,0.118708276960295,0.428875494127139,0,0,0,0
0.334254643933862,0.0684567416838348,0.0333388991177246,0.0451086779042552,0.518841037360324,0,0,0,0
0.393165281514724,0.0527820161754443,7.50963949932196e-10,0.100338933848018,0.45371376771085,0,0,0,0
0.361452171220987,0.0555909418327728,0.0303899148809612,0.094399726590686,0.458167245474593,0,0,0,0
0.212552695246565,0.0932501635415631,0.032248796622611,0.0967426149510765,0.565205729638184,0,0,0,0
0.362530740139208,0.052814632160603,0.0257736786257454,0.0767100711270766,0.482170877947367,0,0,0,0
0.270622903358555,0.102315553539016,0.0322890246962645,0.0666615933920467,0.528110925014118,0,0,0,0
0.326545273275132,0.0804837997573295,0.0166907334604081,0.0789638507124819,0.497316342794649,0,0,0,0
0.386847426946846,0.0459806389984512,0.0300440663021857,0.0980929080237263,0.43903495972879,0,0,0,0
0.314202047635785,0.071758157273088,0.023325812584812,0.128327974230762,0.462386008275552,0,0,0,0
0.356043011828978,0.061000341268225,0.0117608284854603,0.0661624540184415,0.505033364398895,0,0,0,0
0.275148280771039,0.07064918900711,1.67478986103997e-09,0.126313058823049,0.527889469724011,0,0,0,0
0.204832261946757,0.0965009665346577,0.0257716183066563,0.0891676436942318,0.583727509517698,0,0,0,0
0.405913710732121,0.0665783302425124,0.0599410322210367,0.0824575470857663,0.385109379718564,0,0,0,0
0.326226985879686,0.0894846276396848,0.0206894468164152,0.113561415679562,0.450037523984652,0,0,0,0
0.349544981786191,0.0644889768773834,0.0225020133884638,0.0956250938134879,0.467838934134473,0,0,0,0
0.257844509010175,0.103334363216172,0.0137687555898653,0.0809255236248597,0.544126848558927,0,0,0,0
0.333377485185375,0.0626847435675643,0.0164594824845588,0.0499729090445335,0.537505379717969,0,0,0,0
0.280446531806735,0.0900049097315862,0.0197531101005988,0.0796039806816399,0.53019146767944,0,0,0,0
0.34514515155336,0.0653574287573737,0.0203901310384478,0.103970408017893,0.465136880632926,0,0,0,0
0.270579602326546,0.0615593093077948,0.0117201700838061,0.0818707097991446,0.574270208482708,0,0,0,0
0.341042602650884,0.0786141764118987,0.0444616820902341,0.0913381538548618,0.444543384992122,0,0,0,0
0.39620104340057,0.0543387764297305,0.0134486508260235,0.089747401530519,0.446264127813157,0,0,0,0
0.355336643352647,0.0561537472871627,0.028927975365126,0.088030293864994,0.471551340130071,0,0,0,0
0.31077384822187,0.0740368811189683,0.0359148640036967,0.0601042318657918,0.519170174789674,0,0,0,0
0.331764661834203,0.0865790624609566,0.00696801265993814,0.0681368812667631,0.506551381778139,0,0,0,0
0.384782131972059,0.0619230939596689,0.0773747793229735,0.0489911786126465,0.426928816132652,0,0,0,0
0.303557276972115,0.0825772171783055,0.0338697734966227,0.101682397017687,0.47831333533527,0,0,0,0
0.330512958256932,0.0969993085673276,0.0130065148222589,0.0661301147519481,0.493351103601533,0,0,0,0
0.332476400889719,0.0672254525125427,0.0143373934621668,0.0739266184512086,0.512034134684363,0,0,0,0
0.27911720470365,0.0846215799439973,0.0309682202133217,0.10698470955791,0.498308285581121,0,0,0,0
0.429427114902401,0.0292444191165305,0.027838053792443,0.101454176014352,0.412036236174274,0,0,0,0
0.318039387461849,0.0823965673559356,0.0494632392165589,0.104568854730729,0.445531951234927,0,0,0,0
0.278013063503525,0.0904533074137971,0.0498317326514973,0.123138418823022,0.458563477608159,0,0,0,0
0.234092308372555,0.0767098794763903,0.0379258047762107,0.106169838852058,0.545102168522786,0,0,0,0
0.330764314487911,0.0766870973981345,0.0210847537431562,0.0792002805440247,0.492263553826774,0,0,0,0
0.334092359921025,0.0546152859090887,0.0404290638699656,0.0717337732708734,0.499129517029047,0,0,0,0
0.386625343427743,0.0134388489793041,0.0116044987950983,0.104918706929362,0.483412601868492,0,0,0,0
0.287690359989817,0.0779565318531291,0.0286447185889681,0.116786285700093,0.488922103867993,0,0,0,0
0.347638133699977,0.0437023352769684,0.0423507578659063,0.070649823900212,0.495658949256937,0,0,0,0
0.340002220810025,0.0875273765107579,0.0455514365069755,0.0820826975631954,0.444836268609046,0,0,0,0
0.354452918984248,0.0726218668349783,0.0387625239986981,0.0558465352975851,0.478316154884491,0,0,0,0
0.303620410251527,0.0811786750489032,0.0289814472933532,0.065687520992145,0.520531946414071,0,0,0,0
0.353784683625196,0.0634014719743722,0.0640356426537693,0.0693801049113948,0.449398096835267,0,0,0,0
0.42578750154715,0.0342680995492957,1.74871493518123e-05,0.0905713409297506,0.449355570824452,0,0,0,0
0.424125855508108,0.0315528477606067,0.0305846290191216,0.0656758477240777,0.448060819988086,0,0,0,0
0.275968159092302,0.0859810629149952,0.0127387796796215,0.128604446140133,0.496707552172948,0,0,0,0
0.340236608306009,0.0528743223377175,0.0273007473749543,0.0905612524053033,0.489027069576016,0,0,0,0
0.342015480641475,0.0428022231406279,7.30620745315735e-10,0.10353178212526,0.511650513362017,0,0,0,0
0.322782619283049,0.105090118270712,0.0316944409539129,0.0819675735815243,0.458465247910801,0,0,0,0
0.422570035138712,0.0340299045911472,0.0494463974210375,0.0513001979828962,0.442653464866208,0,0,0,0
0.263089385988591,0.0348966019056838,0.0233186950417746,0.102264970302023,0.576430346761928,0,0,0,0
0.336889650616267,0.0290772777239165,0.00613482141108819,0.073760257459121,0.554137992789607,0,0,0,0
0.327165576869729,0.0615685824386836,0.021703050540128,0.0415959452166551,0.547966844934804,0,0,0,0
0.297722652414364,0.0740890072377669,0.0430841512402725,0.0661540313959609,0.518950157711635,0,0,0,0
0.333755576971175,0.0467480606027253,0.0261950778228421,0.11294499235977,0.480356292243488,0,0,0,0
0.325559191295411,0.0484303191027149,0.031215650280996,0.0858673394104454,0.508927499910433,0,0,0,0
0.325914677332764,0.0578369690453088,0.0309482012119617,0.0939087195563996,0.491391432853566,0,0,0,0
0.309752539997321,0.0663146399893605,0.0180281065789788,0.134109202691507,0.471795510742832,0,0,0,0
0.297444204288597,0.097248118783786,0.0353180972297652,0.0485161270919068,0.521473452605945,0,0,0,0
0.335600956091889,0.099745841992105,0.0526517320005237,0.0733549093276189,0.438646560587863,0,0,0,0
0.299915604343232,0.0936935662077531,0.038036810523994,0.0708788841729831,0.497475134752038,0,0,0,0
0.304806152250493,0.0524962264660551,0.0401783401740259,0.0762546745764116,0.526264606533015,0,0,0,0
0.341223862383645,0.071722731499105,0.0414398297611912,0.0755058276756925,0.470107748680367,0,0,0,0
0.320184887864672,0.0884612375105967,0.0280805262315307,0.0859570657506104,0.47731628264259,0,0,0,0
0.357133713339323,0.0743679231976225,0.026589938057685,0.0793647068080496,0.46254371859732,0,0,0,0
0.28548918188562,0.0879457885747387,0.0312451218713958,0.119217556755088,0.476102350913157,0,0,0,0
0.3739473160321,0.0629266070391224,0.0190458909130929,0.0837740259023153,0.46030616011337,0,0,0,0
0.278010835018029,0.0780694181229187,0.0464714830895526,0.037537927565582,0.559910336203918,0,0,0,0
0.30526967345164,0.0421363679462664,0.0373927401715722,0.120057442447807,0.495143775982714,0,0,0,0
0.379666011469902,0.0618131955276411,0.0172589899670157,0.0539227852415819,0.487339017793859,0,0,0,0
0.353155780468521,0.0423499969970379,0.0229722829148457,0.0911824582409453,0.49033948137865,0,0,0,0
0.309445731379927,0.087871208585724,0.0107146522244407,0.0653257136550566,0.526642694154851,0,0,0,0
0.316424189212242,0.0649796905192371,0.0395199433974947,0.0862376486109229,0.492838528260103,0,0,0,0
0.27969287685664,0.0579702687276148,0.0153315302176939,0.124434041541163,0.522571282656888,0,0,0,0
0.36762914911404,0.0618255882490454,0.0228496476298182,0.0724712823542034,0.475224332652893,0,0,0,0
0.285655445905111,0.105311792475268,0.0313840240482448,0.106150813027522,0.471497924543854,0,0,0,0
0.33372219959868,0.0585200670635253,0.0173323553325977,0.091526542941005,0.498898835064192,0,0,0,0
0.350200912793494,0.0808694780577904,0.0288350979614734,0.0562307947852676,0.483863716401975,0,0,0,0
0.311933812981373,0.0552985595052778,0.0474754205850846,0.0990448383578094,0.486247368570455,0,0,0,0
0.292195844219922,0.117975691676277,0.0205899682519634,0.112568486240628,0.45667000961121,0,0,0,0
0.355709601439976,0.0919694997592767,2.99214079117883e-05,0.0818576935705349,0.470433283822301,0,0,0,0
0.339826997428305,0.127134465244716,0.0151931737092598,0.0663817445376598,0.45146361908006,0,0,0,0
0.318692648615105,0.0634137352645892,0.0150498984850222,0.0601847766166927,0.542658941018591,0,0,0,0
0.306055243906447,0.0538322142411009,0.0255119370437937,0.0822370920205703,0.532363512788088,0,0,0,0
0.336289408595701,0.082835766332158,0.0122194125664941,0.0646828791012204,0.503972533404426,0,0,0,0
0.27861963318674,0.0549592201975946,0.0339058420250809,0.0945010411995617,0.538014263391022,0,0,0,0
0.274540844213498,0.112979755352979,0.0575193210678728,0.0875107969252452,0.467449282440405,0,0,0,0
0.380804991051672,0.0555807040006425,0.0269241757441461,0.0711771478728991,0.46551298133064,0,0,0,0
0.386115854474123,0.0590501445902866,0.0365348528033944,0.0673071166666132,0.450992031465582,0,0,0,0
0.366147527282905,0.055931233586072,0.0300998183089481,0.0895734905583756,0.4582479302637,0,0,0,0
0.332618492291844,0.0749442969578164,0.0218424033594784,0.0934790646824001,0.477115742708461,0,0,0,0
0.347508748047599,0.0684865883578546,0.0290806825292005,0.0953368324871313,0.459587148578214,0,0,0,0
0.410167819922608,0.058741989983676,0.0146623096398214,0.0782093510825661,0.438218529371328,0,0,0,0
0.367185013031967,0.0443744493180845,0.0259785376485773,0.0910714747996419,0.47139052520173,0,0,0,0
0.303340222429527,0.0359443391165607,0.0405713459432196,0.107315737083664,0.512828355427028,0,0,0,0
0.314557664739675,0.0570428119385845,0.0167618989808646,0.106656810620626,0.50498081372025,0,0,0,0
0.338676990503676,0.0600069501328537,0.0185288858972611,0.0643845037348877,0.518402669731322,0,0,0,0
0.336094087540966,0.102151818280899,0.0119146073248007,0.107569915466639,0.442269571386695,0,0,0,0
0.35703371665087,0.0598059280467798,0.0294414061848961,0.0755580647299735,0.478160884387481,0,0,0,0
0.334582492661188,0.0255488778688005,0.0371550084285529,0.0944306831704121,0.508282937871046,0,0,0,0
0.384075786061733,0.0385959456895121,0.0479707430110514,0.0603841798286605,0.468973345409043,0,0,0,0
0.424211372713533,0.041441947486525,0.0185059587061832,0.0856957100183462,0.430145011075413,0,0,0,0
0.322240747445991,0.0682635416746577,0.0240210830638401,0.116772684509741,0.46870194330577,0,0,0,0
0.284393137876518,0.0262467573806789,0.030903242733191,0.0690490608957377,0.589407801113875,0,0,0,0
0.372344734798592,0.0899143816745775,0.0162030725332143,0.105019452221395,0.416518358772222,0,0,0,0
0.344960578785008,0.0608666774794601,0.0187115826271861,0.0756454964628614,0.499815664645484,0,0,0,0
0.329422317331398,0.0755667076440838,0.0304799733456983,0.0799296668703281,0.484601334808492,0,0,0,0
0.36229473322576,0.070462071648954,0.0163664927287735,0.107857411252624,0.443019291143888,0,0,0,0
0.352080230888302,0.0496892348430304,0.0112781137685433,0.0642736835149944,0.52267873698513,0,0,0,0
0.325587447297105,0.0794957453375146,0.00984160200609355,0.0960921898975602,0.488983015461727,0,0,0,0
0.3153958992277,0.0391777592244204,0.0254745481977196,0.102370910285598,0.517580883064562,0,0,0,0
0.383124055275379,0.0513997687998447,0.0307551818472109,0.103474258860136,0.43124673521743,0,0,0,0
0.381470441379634,0.0716635639162395,0.0118146431443374,0.118060071387121,0.416991280172668,0,0,0,0
0.382348053384897,0.0438277860414343,0.0220323138492446,0.092165673950797,0.459626172773627,0,0,0,0
0.316892971789426,0.0688793236881635,8.55312628233527e-09,0.0845500368362457,0.529677659133038,0,0,0,0
0.328325414760282,0.070393289065728,0.0121487081796226,0.124158790514023,0.464973797480345,0,0,0,0
0.38224916080654,0.0640086913556481,0.0148375350774886,0.068903938814983,0.47000067394534,0,0,0,0
0.277756790068818,0.079681383299109,0.0519434366394388,0.0789543369054451,0.511664053087189,0,0,0,0
0.283104851212348,0.0749702118694354,0.0171445440041873,0.0787704424173305,0.546009950496699,0,0,0,0
0.308226691487371,0.0551222304490449,0.0292818645782152,0.0522848684216805,0.555084345063688,0,0,0,0
0.316758056006339,0.094800933293649,0.0113317414479139,0.108093640009495,0.469015629242602,0,0,0,0
0.38526356264802,0.0638946603784911,0.0106642764074943,0.0640642686966605,0.476113231869334,0,0,0,0
0.327962317257324,0.0624241028612882,0.0504922140334608,0.0608488164696782,0.498272549378249,0,0,0,0
0.327123931086608,0.0589276638125259,0.0290046011481461,0.0931457215004587,0.491798082452261,0,0,0,0
0.286074820558333,0.074175735001444,0.0148340992899089,0.111675535954786,0.513239809195527,0,0,0,0
0.309308551534292,0.0604611224273529,0.0155377919095161,0.113060583270611,0.501631950858228,0,0,0,0
0.368797031160154,0.0517122271010023,0.0457628714659874,0.093313451823853,0.440414418449003,0,0,0,0
0.273713743911791,0.064663480947613,0.0250374067972546,0.100208881905106,0.536376486438236,0,0,0,0
0.308680832066804,0.0950326580163536,0.0374897659460286,0.075687717180845,0.483109026789969,0,0,0,0
0.3151836196165,0.113751928052966,0.0325709889703638,0.0704179548508508,0.46807550850932,0,0,0,0
0.293848863491291,0.101934167395768,0.0177939813732761,0.0903623948030105,0.496060592936654,0,0,0,0
0.334664921204744,0.0633844035623932,0.0262423682024791,0.0817806866257017,0.493927620404682,0,0,0,0
0.326090234759669,0.0798898191274092,0.0555521569836593,0.0856209398923681,0.452846849236895,0,0,0,0
0.351168961633283,0.0833890810067875,0.0251178300682645,0.0869254740957248,0.45339865319594,0,0,0,0
0.26421444744585,0.0838367593141987,0.0408088669130836,0.101046819411351,0.510093106915517,0,0,0,0
0.342495245083767,0.0716016910914038,0.0257830020508457,0.0936953818502888,0.466424679923694,0,0,0,0
0.279582852966539,0.102301122256615,0.0167480955916022,0.0873189655194669,0.514048963665778,0,0,0,0
0.344189911844268,0.0873223312693661,0.0480766923662502,0.0765019997467878,0.443909064773328,0,0,0,0
0.32426928530053,0.0819969954976064,0.0220287623122036,0.0877416521066754,0.483963304782985,0,0,0,0
0.349817351691972,0.0621841694259448,0.025647520077847,0.113463750993554,0.448887207810682,0,0,0,0
0.267497863888702,0.125603961671608,0.046801721231778,0.0483113841041463,0.511785069103766,0,0,0,0
0.336559736980736,0.086464335227876,0.0326253897224144,0.0945709574582564,0.449779580610717,0,0,0,0
0.322988446563781,0.0870568528118818,0.0230276355940539,0.100903365979718,0.466023699050565,0,0,0,0
0.361513503173444,0.0786763490818485,0.0384666299787482,0.0765393807661402,0.444804136999819,0,0,0,0
0.429098714964838,0.0280368566634439,0.0584294797222019,0.0662611165692781,0.418173832080238,0,0,0,0
0.371821513273412,0.0351688530258217,0.0238065293430472,0.0782078772645461,0.490995227093173,0,0,0,0
0.315682112450216,0.0263286005536342,0.014799830119047,0.115993452192144,0.527196004684959,0,0,0,0
0.355789875042426,0.0886475311267362,0.0528670171088614,0.043350706688108,0.459344870033868,0,0,0,0
0.242958185300493,0.0732859456532059,0.0104859626836364,0.0961880465501211,0.577081859812543,0,0,0,0
0.296288014337369,0.0789274232308506,0.0235891612122366,0.109724840339223,0.49147056088032,0,0,0,0
0.31128537987227,0.0941658479831981,0.019724690483642,0.0960542461180953,0.478769835542795,0,0,0,0
0.255526415259141,0.0910244901498534,0.052340999922112,0.0592198675482651,0.541888227120628,0,0,0,0
0.340524956379083,0.0402546184078981,0.0407813137520421,0.0720892122369117,0.506349899224065,0,0,0,0
0.335120680036094,0.0513128501018114,0.0291861487368108,0.0951754783417431,0.48920484278354,0,0,0,0
0.367424974811976,0.0575942908219998,0.0272983810444336,0.0804965327885038,0.467185820533086,0,0,0,0
0.349513297517315,0.051658107011344,0.0245051648302708,0.0806860440373903,0.49363738660368,0,0,0,0
0.372163186700525,0.0459637547659822,0.0312351077113594,0.137221442884479,0.413416507937655,0,0,0,0
0.306749906044664,0.117479616010056,0.0368004486523265,0.0777410041372178,0.461229025155735,0,0,0,0
0.367823401029353,0.0622611281930554,0.0145095189578301,0.0606599573391537,0.494745994480608,0,0,0,0
0.217908236736142,0.0960920703848775,0.0311467169318956,0.081150699851941,0.573702276095144,0,0,0,0
0.331818639315669,0.056556967419454,0.0140844218013975,0.0870507298537983,0.510489241609682,0,0,0,0
0.364450124692155,0.0804302606597972,0.00957182244223962,0.0783475563963492,0.467200235809459,0,0,0,0
0.340559779062652,0.017104026160633,0.0205596407864184,0.0512564392045865,0.57052011478571,0,0,0,0
0.442358217595345,0.0348132934962396,0.0395220912214898,0.0769035580527932,0.406402839634132,0,0,0,0
0.270493454822375,0.0784158041412791,0.0415831767101343,0.0769965197049259,0.532511044621286,0,0,0,0
0.264451480169028,0.107927484106863,0.0255163580007257,0.0789099258899873,0.523194751833396,0,0,0,0
0.389426706603635,0.0785289024157223,0.0311689947448233,0.0313326285224763,0.469542767713344,0,0,0,0
0.366040178073705,0.032237034982588,0.0253655515494366,0.0547871357787435,0.521570099615527,0,0,0,0
0.315828512560599,0.0371019928447845,0.0251886410989873,0.0739343479140129,0.547946505581617,0,0,0,0
0.387079009479896,0.0713774417915132,0.00960261823474039,0.0637575348935972,0.468183395600253,0,0,0,0
0.272994827810398,0.0640128155473628,2.78385450738225e-09,0.0873993864191994,0.575592967439185,0,0,0,0
0.332992424882924,0.064364815894373,0.0324799788883958,0.0821065419754279,0.488056238358879,0,0,0,0
0.295781159677927,0.0571830046343669,0.0232007853222728,0.107294105965829,0.516540944399604,0,0,0,0
0.325031576682468,0.103017352360888,0.0221600050266988,0.0983934301771467,0.451397635752798,0,0,0,0
0.338952112433309,0.0739299331822534,0.0115865234957234,0.0988095332770233,0.476721897611691,0,0,0,0
0.305267105435317,0.0277920538661383,0.0248239884477323,0.112314372501881,0.529802479748931,0,0,0,0
0.330882477971937,0.0373592566062163,0.0248846850892786,0.0689977148784793,0.537875865454089,0,0,0,0
0.270202183510343,0.134695519673958,0.0369320081062687,0.0979343632514639,0.460235925457967,0,0,0,0
0.320949213026173,0.0853851335066466,0.0163523420493084,0.063844252915218,0.513469058502654,0,0,0,0
0.36603013585859,0.0320281455278225,0.028382313096088,0.113815149180051,0.459744256337449,0,0,0,0
0.282242976376802,0.109165729056089,0.0584430470374484,0.0525904744296778,0.497557773099982,0,0,0,0
0.323621740234876,0.0545411867580859,0.0314218051348256,0.0831675861342834,0.507247681737928,0,0,0,0
0.362850939243371,0.0480025970662232,0.0163294925713242,0.0798342330807941,0.492982738038287,0,0,0,0
0.342794062487644,0.0858294446371514,0.00830243862475234,0.116810393139948,0.446263661110505,0,0,0,0
0.311301218045196,0.0837676246406529,0.0481713674946011,0.0981564669714962,0.458603322848054,0,0,0,0
0.317495379193682,0.0711906588419195,0.0443739947259535,0.108362496411459,0.458577470826986,0,0,0,0
0.339495467835476,0.0554031088192494,0.0366106854448392,0.101364528210381,0.467126209690054,0,0,0,0
0.294719362796588,0.126592588420065,0.0415271983577614,0.0550636909329336,0.482097159492653,0,0,0,0
0.399402598832502,0.0495131901296195,0.0259454423260438,0.105833299797017,0.419305468914818,0,0,0,0
0.295057836901273,0.0489631812689304,0.0287537902378811,0.136715311752974,0.490509879838941,0,0,0,0
0.34348262774147,0.0684094352569298,0.0173349490317168,0.114005964652392,0.456767023317491,0,0,0,0
0.348224338906768,0.0567238752492705,0.015347027486006,0.0669004959384487,0.512804262419507,0,0,0,0
0.277106279357634,0.0839631330399682,0.00639679189368076,0.0766837880687267,0.55585000763999,0,0,0,0
0.361935148669642,0.0670423782695839,0.0380818820767215,0.0695980546725612,0.463342536311491,0,0,0,0
0.362718991520256,0.0560712569010344,0.0442441393331644,0.0863921602603287,0.450573451985216,0,0,0,0
0.290794287651392,0.0823179580351289,0.0335554081049451,0.0954940881646927,0.497838258043841,0,0,0,0
0.313590068066316,0.0720419545165266,0.0383689612017925,0.113467398367304,0.462531617848062,0,0,0,0
0.410587325264344,0.0463346778496045,0.0114570025088497,0.0790298310429387,0.452591163334263,0,0,0,0
0.377842502071291,0.0514915532050838,0.0232164275222629,0.0865164825104743,0.460933034690888,0,0,0,0
0.310409988554962,0.10327585677838,0.0204689376141867,0.109899470824902,0.455945746227569,0,0,0,0
0.381421973227417,0.0496865905103723,0.036145710690706,0.0710520563587717,0.461693669212733,0,0,0,0
0.308059860921245,0.0818243580152844,0.0340837643144942,0.051105786613557,0.524926230135419,0,0,0,0
0.358951515960944,0.0664745745539519,0.0273455713832714,0.0819219178490252,0.465306420252807,0,0,0,0
0.371534572934067,0.0649145453728648,0.0177474670368889,0.107495931405163,0.438307483251017,0,0,0,0
0.385868045767655,0.0752847799814769,0.0212692591539676,0.068520888144069,0.449057026952831,0,0,0,0
0.332966003531833,0.0741262001054385,0.0476632364573126,0.0685736332577121,0.476670926647703,0,0,0,0
0.430161868198935,0.0151665011575078,0.0466413255408358,0.0539717317093672,0.454058573393354,0,0,0,0
0.432865971294423,0.0698195574392034,0.0183548110298681,0.0659694270746318,0.412990233161873,0,0,0,0
0.339391739192784,0.0655488481558494,0.000713707782911695,0.0754843050661954,0.518861399802259,0,0,0,0
0.334749428904646,0.0618671808657177,0.020489765524087,0.0639488287406307,0.518944795964919,0,0,0,0
0.368586656263519,0.0473252131065201,0.0300008642658391,0.0519153145840898,0.502171951780032,0,0,0,0
0.395664336349037,0.0790373532745335,0.0179784612003,0.0426066345950124,0.464713214581117,0,0,0,0
0.407573536869353,0.0657011345346613,2.28683853255142e-09,0.0657027386198969,0.46102258768925,0,0,0,0
0.347614088530281,0.127631081435594,0.0390908863471516,0.0703708289402171,0.415293114746757,0,0,0,0
0.38444971090855,0.0195726631658376,0.035931992765172,0.12666848977454,0.4333771433859,0,0,0,0
0.331056682524968,0.0970600500500455,0.0280121529041403,0.0586645252986855,0.48520658922216,0,0,0,0
0.343033403947821,0.0824058367874848,0.0353333918112235,0.0723073399253222,0.466920027528148,0,0,0,0
0.243350520667391,0.063861292345069,0.0197290278237654,0.0660699119635134,0.606989247200261,0,0,0,0
0.306035877744332,0.14601363758826,0.0517999557749556,0.0566435606152868,0.439506968277166,0,0,0,0
0.301676314124304,0.0870595990795689,0.0292220387048824,0.0995037583325787,0.482538289758666,0,0,0,0
0.359431264475727,0.0651952242269186,0.0260590201086032,0.113261905957192,0.436052585231559,0,0,0,0
0.399620103023956,0.0873850434598805,0.0222572712397492,0.0995616033687751,0.391175978907639,0,0,0,0
0.346038947708134,0.0758977970700598,0.0400388665778709,0.0809073910249192,0.457116997619016,0,0,0,0
0.258111575337668,0.0950829500270262,0.0255173534196273,0.0777961474422806,0.543491973773398,0,0,0,0
0.282745932653655,0.0724053935114494,0.0605531932508048,0.0799047108153335,0.504390769768757,0,0,0,0
0.326956510893751,0.0381633459556626,0.034308760045809,0.128955485043213,0.471615898061564,0,0,0,0
0.43135003600515,0.0323886014044309,0.0348287269060038,0.0474255741418302,0.454007061542586,0,0,0,0
0.287711929553928,0.0563390353581861,0.0140056587498695,0.076664592974222,0.565278783363794,0,0,0,0
0.336268227045765,0.0784620547833451,0.0338859269274285,0.0827971942358816,0.46858659700758,0,0,0,0
0.312985570815299,0.0524755269257868,0.0313976868614423,0.0933790814426917,0.50976213395478,0,0,0,0
0.37532913607994,0.0554148198552061,0.0279990413753943,0.0766725583550752,0.464584444334384,0,0,0,0
0.301921379215159,0.10827209589743,0.0711032211520393,0.0834631756486719,0.435240128086701,0,0,0,0
0.335928585970944,0.0491402387128131,1.8706806750541e-09,0.092834439251045,0.522096734194517,0,0,0,0
0.315860465173876,0.0768430993345705,0.0395199317425888,0.0517262788419222,0.516050224907043,0,0,0,0
0.317894312586049,0.0322896638612959,0.0101994301608065,0.0788085588581205,0.560808034533728,0,0,0,0
0.300612624154073,0.0751822899027527,0.0282047710985039,0.0945601495065358,0.501440165338135,0,0,0,0
0.342128077019108,0.0750630501883303,0.0258579057219969,0.0824757934076329,0.474475173662931,0,0,0,0
0.283514685295711,0.0552397491463184,0.0256694869212011,0.0911506358072614,0.544425442829508,0,0,0,0
0.337541096340361,0.0622984988281373,0.0425957967309638,0.079841262611321,0.477723345489217,0,0,0,0
0.32866176466074,0.0403646987133794,0.0109372162532862,0.0776181730826227,0.542418147289971,0,0,0,0
0.393142597788956,0.0477154677033129,0.040107918831424,0.0834504265322473,0.43558358914406,0,0,0,0
0.290669457714036,0.0531591879848265,0.0173719554695317,0.115836919710527,0.522962479121079,0,0,0,0
0.385652663068354,0.0651456511567904,0.0437130350491465,0.0369312405734181,0.468557410152291,0,0,0,0
0.24491573684174,0.133345003537854,0.031398535796203,0.0825442842651375,0.507796439559066,0,0,0,0
0.289746011743566,0.100857258554443,0.044899069161513,0.0828273554059157,0.481670305134562,0,0,0,0
0.356476793873415,0.0285083216452951,0.0183543206247412,0.0797807968898127,0.516879766966736,0,0,0,0
0.318420496261905,0.0363536272319122,2.21865881114693e-09,0.126023035602941,0.519202838684583,0,0,0,0
0.339114398829841,0.093873067773941,0.0187118330237074,0.0687377124331077,0.479562987939403,0,0,0,0
0.326683163457499,0.102269232320655,0.0188123827443218,0.103709108444452,0.448526113033072,0,0,0,0
0.332330771969667,0.0720588002038793,0.0336460729232141,0.0720346494118413,0.489929705491398,0,0,0,0
0.312139170926984,0.0805043178864605,0.0363327270992979,0.064411531056685,0.506612253030572,0,0,0,0
0.412467665276906,0.0385315730006594,0.0149595572100817,0.0688238145412088,0.465217389971144,0,0,0,0
0.394520616767068,0.0830864353675766,0.0298872828565085,0.0756380453168501,0.416867619691997,0,0,0,0
0.394343860308982,0.0278533179586075,0.0132626560218162,0.0589884544183575,0.505551711292237,0,0,0,0
0.365265527216048,0.0674319573770254,0.0210240123985628,0.0593144674287618,0.486964035579602,0,0,0,0
0.31782965208305,0.0822362168211549,0.0321430921376808,0.0750358643251112,0.492755174633003,0,0,0,0
0.414462016276175,0.0755538441623091,0.0271043437756985,0.0472026664370866,0.435677129348731,0,0,0,0
0.353048391570065,0.0902133559551173,0.0292915445296481,0.0582636762643517,0.469183031680818,0,0,0,0
0.328713797843126,0.0815152355020674,0.0266510877704604,0.0651515419553254,0.497968336929021,0,0,0,0
0.373101068878592,0.0776878835168984,0.0139019949812099,0.0321010315528646,0.503208021070435,0,0,0,0
0.281232010633131,0.0925063430018557,0.0283296670182768,0.0818971845821502,0.516034794764586,0,0,0,0
0.350148872328486,0.0705172435144952,0.0206270707873505,0.0807056345307244,0.478001178838944,0,0,0,0
0.340857261960962,0.05383895549008,0.0304232302865271,0.081036107643761,0.493844444618669,0,0,0,0
0.344885855344072,0.0572170713486872,0.027090029370907,0.098681048444145,0.472125995492189,0,0,0,0
0.350114372734565,0.0758023895809653,0.0526288398001487,0.0967190439865487,0.424735353897772,0,0,0,0
0.358468963786962,0.0532959236392032,0.0178126428756366,0.0915256310773571,0.478896838620841,0,0,0,0
0.340982726396319,0.0513250781899061,0.0153162360405078,0.0711463013375831,0.521229658035684,0,0,0,0
0.370829215517686,0.09143817727754,0.00685597392046926,0.0801835389379283,0.450693094346376,0,0,0,0
0.389806349065651,0.0644683150218073,0.0218568554546604,0.0604635202876463,0.463404960170235,0,0,0,0
0.358995044824262,0.0407121621653776,0.0432268837279363,0.0671914033898367,0.489874505892587,0,0,0,0
0.352446982878203,0.0680202319372563,0.0152034053454471,0.0701391166509951,0.494190263188098,0,0,0,0
0.296176884669986,0.0668194943747697,0.0330238626617044,0.109714619906638,0.494265138386903,0,0,0,0
0.303871481629349,0.0768813553623337,0.021958882282327,0.0691909500414711,0.52809733068452,0,0,0,0
0.369593362722515,0.0550497578359096,0.0451436280298618,0.0738164801731021,0.456396771238611,0,0,0,0
0.291961974718566,0.0527402361901454,0.0488371274343839,0.0424787478503276,0.563981913806578,0,0,0,0
0.272474196892906,0.0703066026698608,0.0249152170356655,0.109592080756256,0.522711902645312,0,0,0,0
0.268180964000421,0.073463721856001,0.0136683324162592,0.0785537580224853,0.566133223704833,0,0,0,0
0.329635313192876,0.0332168848913988,0.0339316408899147,0.109317114113296,0.493899046912515,0,0,0,0
0.341366125084411,0.0273690178307898,0.0416929587486347,0.0763937999848326,0.513178098351332,0,0,0,0
0.360636884973799,0.0568029612899039,7.51751101547698e-10,0.081162716858404,0.501397436126142,0,0,0,0
0.276084086794465,0.0976980436066278,0.0294582393476428,0.0896667308968529,0.507092899354411,0,0,0,0
0.307504001870879,0.112624904807068,0.0380330222819867,0.0703712194652844,0.471466851574782,0,0,0,0
0.33275897972169,0.0584298363565484,0.0273968949813513,0.101529539853181,0.479884749087229,0,0,0,0
0.399610589793925,0.0562170571751797,1.26358887597192e-09,0.100125372527667,0.444046979239639,0,0,0,0
0.318731289530405,0.0516276327275358,0.00816360469369333,0.0965797993144338,0.524897673733932,0,0,0,0
0.371313535505629,0.0777836902954274,0.0174422388343928,0.079745674963824,0.453714860400727,0,0,0,0
0.259601486906836,0.119902127699911,0.0314329862768193,0.110284493824588,0.478778905291846,0,0,0,0
0.288603520022413,0.0799327563863072,0.0198663342835072,0.087217169826201,0.524380219481572,0,0,0,0
0.390185520610531,0.0946894307285941,0.0273726763093719,0.079844668789756,0.407907703561747,0,0,0,0
0.320923243621579,0.0918875091205977,0.032066229251876,0.0857257634384954,0.469397254567452,0,0,0,0
0.408912303989796,0.0707159944870072,0.0349079060680935,0.046504077412613,0.43895971804249,0,0,0,0
0.335016834787825,0.113070157420473,0.0412837346416139,0.0718936758594137,0.438735597290675,0,0,0,0
0.357258673171607,0.0430006977373634,0.031233733249968,0.100211142495374,0.468295753345688,0,0,0,0
0.367715819869555,0.0516176186323245,0.0420194715670274,0.097919134961223,0.44072795496987,0,0,0,0
0.313371904054134,0.0734783839037931,0.0499712507643159,0.102200530808966,0.460977930468791,0,0,0,0
0.359523818739428,0.0441494804850878,0.00910780754573585,0.0594887684255637,0.527730124804185,0,0,0,0
0.219900859723414,0.0913550123283396,0.0267445224460227,0.0746542351425386,0.587345370359685,0,0,0,0
0.383476548501328,0.0475918268044015,0.0242534195477942,0.0645486563973585,0.480129548749118,0,0,0,0
0.375610010586868,0.0449342089822379,0.012489422804732,0.120501859612608,0.446464498013555,0,0,0,0
0.298424141384822,0.0536231861773581,0.0248369981531187,0.106654324848756,0.516461349435945,0,0,0,0
0.380225794515034,0.0492262544613498,0.0272068354890181,0.103644674814335,0.439696440720263,0,0,0,0
0.33278785255817,0.0488210053834621,0.0290890957288325,0.113134452223368,0.476167594106167,0,0,0,0
0.318484833000198,0.106257406898058,0.0195791542007962,0.11954995605554,0.436128649845408,0,0,0,0
0.349300864785834,0.0899360457427097,0.0140138542848752,0.0694603831254244,0.477288852061157,0,0,0,0
0.293891877961578,0.0634125118502282,0.0525024107703461,0.0847867981384765,0.505406401279371,0,0,0,0
0.411013599935141,0.0456021360652421,0.0199807824851482,0.038038427783014,0.485365053731454,0,0,0,0
0.349723202064863,0.0660489983903917,0.0393960056643186,0.0532105193409178,0.491621274539509,0,0,0,0
0.396893487991723,0.0941911211484777,0.0620888594069449,0.0760678364240508,0.370758695028803,0,0,0,0
0.336682530433844,0.0924652546996861,0.0226930453325292,0.0674786720979043,0.480680497436037,0,0,0,0
0.293182091335839,0.0715085141316987,0.022732834776798,0.109118528244853,0.503458031510811,0,0,0,0
0.334061156881636,0.102331224400418,0.0192121399201238,0.0425131992504955,0.501882279547326,0,0,0,0
0.318557527448765,0.123868596980252,0.0238143013948586,0.0817142886250453,0.452045285551079,0,0,0,0
0.420890161989751,0.0588948045610183,9.31105419383951e-08,0.0898367795661344,0.430378160772554,0,0,0,0
0.332337503113204,0.0586576962332424,0.0182917509236379,0.0667323873282241,0.523980662401692,0,0,0,0
0.360970080476458,0.0579894523085874,0.0563104493270386,0.0877915554079774,0.436938462479939,0,0,0,0
0.266127373409979,0.0793024954012639,0.0550615323837414,0.0762230015079481,0.523285597297067,0,0,0,0
0.258134981498155,0.102100944936312,0.0273330588501817,0.0648376469805879,0.547593367734764,0,0,0,0
0.358635260747711,0.0763810327616416,0.0206181264032582,0.0631323485624202,0.481233231524969,0,0,0,0
0.334039291565869,0.0871923543352802,0.0524470503482068,0.0723915148403298,0.453929788910314,0,0,0,0
0.35500246696531,0.0688562542744353,0.0323778713183371,0.0824246433201919,0.461338764121726,0,0,0,0
0.345531479257429,0.0426098294454045,0.0610810794086396,0.0961054650779849,0.454672146810542,0,0,0,0
0.301544804800389,0.0402250126159091,0.0568703930727993,0.0485888029234315,0.552770986587471,0,0,0,0
0.286727630596758,0.0816536568190377,0.0368470659947068,0.0677624964473402,0.527009150142157,0,0,0,0
0.254776409945768,0.0943620953357891,0.0320710562599662,0.0978390739289794,0.520951364529497,0,0,0,0
0.292183534924878,0.0950205873400764,0.0430583753258151,0.0795036095153925,0.490233892893838,0,0,0,0
0.342971584562937,0.0931436251521821,0.040087438646953,0.103427853841907,0.420369497796021,0,0,0,0
0.353607555187862,0.0880923950691447,0.0258922411221079,0.0700867659987286,0.462321042622157,0,0,0,0
0.319074244027205,0.0447670384694959,0.0151140389942839,0.0444650336210283,0.576579644887987,0,0,0,0
0.305562268349824,0.0675674186127195,0.0297754790452995,0.116513699837875,0.480581134154282,0,0,0,0
0.328327481038649,0.0746286120634205,0.0624851309493639,0.0655868385219538,0.468971937426612,0,0,0,0
0.327486480649454,0.0781659099145642,0.0265455978676265,0.0792278742792118,0.488574137289143,0,0,0,0
0.328460823107405,0.0829189089955559,0.0247303597347364,0.0856434016876607,0.478246506474642,0,0,0,0
0.352456705215201,0.0706234680038509,0.0244031326160439,0.094814465221877,0.457702228943027,0,0,0,0
0.270344484871177,0.128871757665655,0.0354365587753958,0.078977561273767,0.486369637414005,0,0,0,0
0.374000058155873,0.0668167454456575,0.014766012079176,0.0664697678190385,0.477947416500255,0,0,0,0
0.345215682192233,0.0949750809445017,0.0276045142433015,0.0443376348111414,0.487867087808822,0,0,0,0
0.332325809285411,0.0541110992864698,0.0326808014010315,0.116123661775841,0.464758628251247,0,0,0,0
0.312390738065859,0.0949268313352993,0.0157295354450419,0.0476571112323542,0.529295783921445,0,0,0,0
0.375719295900993,0.062725898488983,0.036281429773505,0.0729065126145722,0.452366863221947,0,0,0,0
0.2895095729187,0.0626289091334135,0.0229727008699168,0.139501220387214,0.485387596690756,0,0,0,0
0.225845805985362,0.109227710381721,0.0307702730130967,0.129915759293361,0.50424045132646,0,0,0,0
0.372898473843525,0.0848054625378657,0.0252744713526064,0.0554174438664028,0.4616041483996,0,0,0,0
0.364904711623153,0.0575427135937367,0.0196957374096078,0.0926007835001298,0.465256053873373,0,0,0,0
0.324257856152195,0.0532373430888932,0.0178996236312694,0.105533145675884,0.499072031451758,0,0,0,0
0.229386915042456,0.075981788540368,0.0460355239234771,0.107724517925463,0.540871254568235,0,0,0,0
0.321137336496377,0.0580753847189158,0.0125676352055128,0.0927077407444969,0.515511902834697,0,0,0,0
0.300018667835766,0.0539109887001105,0.0287965879387813,0.122739818521001,0.494533937004341,0,0,0,0
0.357234458901502,0.0392927117977531,0.0346051723488121,0.100524002225474,0.468343654726459,0,0,0,0
0.285015729083598,0.0976034916640897,0.0322121015042675,0.120130328215859,0.465038349532186,0,0,0,0
0.310688461466825,0.0739645233543968,0.0572266663709852,0.0906854117765485,0.467434937031245,0,0,0,0
0.340985813164833,0.0937914430917779,0.0214530787551347,0.0504687397272064,0.493300925261049,0,0,0,0
0.273764676078162,0.109622610359265,0.0329780795609519,0.0939768576408123,0.489657776360808,0,0,0,0
0.37132293207012,0.0406645017286418,0.0445725315444243,0.0883103661630366,0.455129668493778,0,0,0,0
0.344516436402617,0.0627085027622314,0.0445199609806855,0.0943996781820943,0.453855421672372,0,0,0,0
0.24805518588708,0.124575293456472,0.0247397972631681,0.112790872139787,0.489838851253493,0,0,0,0
0.300174920921905,0.0528716657898349,0.0326760684259728,0.0994626057152913,0.514814739146996,0,0,0,0
0.336111843103793,0.0496504793257965,0.033863799557419,0.108780599567084,0.471593278445907,0,0,0,0
0.306727725056218,0.110010012540145,0.0140299289628164,0.0676687246735465,0.501563608767274,0,0,0,0
0.385042529103677,0.0482512914804523,0.0341898286672359,0.0866312355440613,0.445885115204574,0,0,0,0
0.332902874276156,0.040828045637363,0.0374173591551248,0.105821512690022,0.483030208241335,0,0,0,0
0.3589299382978,0.101138166860197,0.0105993482153061,0.0895670062327745,0.439765540393923,0,0,0,0
0.307503252034664,0.0627844827818588,0.0418436059244679,0.102857971784199,0.48501068747481,0,0,0,0
0.304210076354526,0.0377397645838035,0.0231359428906165,0.0532194689406354,0.581694747230419,0,0,0,0
0.329261469232595,0.0652236837370232,0.0167839709798705,0.132927306081273,0.455803569969238,0,0,0,0
0.342080514914753,0.0356969962871659,0.0346159209782806,0.123338311274491,0.464268256545309,0,0,0,0
0.328035524624355,0.0744930483414889,0.0175402453462517,0.0986657410648599,0.481265440623045,0,0,0,0
0.30072901328581,0.134330278832856,0.0426134612997037,0.089329218105354,0.432998028476276,0,0,0,0
0.281342498883502,0.0838211353026381,0.0284825405223114,0.0659825435958759,0.540371281695673,0,0,0,0
0.328838915733387,0.0575517663747902,0.0154224847402606,0.12382423458058,0.474362598570982,0,0,0,0
0.304899745786257,0.0698046191526282,0.0341406743956708,0.0532348965023523,0.537920064163092,0,0,0,0
0.337812781617514,0.0638608526335061,0.0144666402447474,0.0736473266690307,0.510212398835202,0,0,0,0
0.28400488846468,0.0763960889656108,0.029385807652892,0.100582654368415,0.509630560548402,0,0,0,0
0.40399969128129,0.0667349541869098,0.0374149968321369,0.0786545319451074,0.413195825754556,0,0,0,0
0.42163210286687,0.0766329737671168,0.0172882265212237,0.0665261639428509,0.417920532901938,0,0,0,0
0.340947966718365,0.0838802145649218,0.028720947120127,0.090893866597712,0.455557004998874,0,0,0,0
0.312477704024492,0.0731612332826994,0.00979621134342871,0.079450369262495,0.525114482086885,0,0,0,0
0.215401732859511,0.0744999426831004,0.0173562951556416,0.0991431003074956,0.593598928994252,0,0,0,0
0.304150309057239,0.100088623224296,0.0411700348737895,0.0739294377901516,0.480661595054524,0,0,0,0
0.358087197906714,0.0909447467853563,6.06137297647172e-10,0.10545052388086,0.445517530820933,0,0,0,0
0.315311333788196,0.075009883027695,0.0267924449179408,0.0756216751131854,0.507264663152982,0,0,0,0
0.330711270549077,0.0764439199978415,0.0274516931603274,0.105931617061782,0.459461499230972,0,0,0,0
0.310995231100591,0.0740262413351626,0.0139029542392081,0.0966683120718557,0.504407261253183,0,0,0,0
0.290601174990745,0.0961485893313588,0.0307875655867749,0.115951893572596,0.466510776518526,0,0,0,0
0.3804092595598,0.0460643652425267,0.00917490252843674,0.0813034575752318,0.483048015094005,0,0,0,0
0.342402800979928,0.0580034017087941,0.0227622441434222,0.0912444961110977,0.485587057056758,0,0,0,0
0.336208240051417,0.0602791167423571,0.0114222681995648,0.0671701351486672,0.524920239857994,0,0,0,0
0.355116906307166,0.0609003740689098,0.0467035272312228,0.0564846904580748,0.480794501934627,0,0,0,0
0.271855425865329,0.0903062262479642,0.0289652267581793,0.0794477403911054,0.529425380737423,0,0,0,0
0.374643033458704,0.056439496222001,0.0388093685325331,0.113055257895469,0.417052843891292,0,0,0,0
0.299737281493643,0.0723991995382172,0.0702871233762076,0.0675305119540204,0.490045883637912,0,0,0,0
0.291380405234373,0.033446156009695,0.0147825616677589,0.0691118798764713,0.591278997211702,0,0,0,0
0.328735288911034,0.113432815807302,0.0100124071878894,0.0771152280236501,0.470704260070124,0,0,0,0
0.294897568752788,0.0670881194433752,0.0205470606384356,0.0987882146261323,0.518679036539269,0,0,0,0
0.303741960764397,0.0689820794959083,0.0537111756565923,0.0446281858824565,0.528936598200646,0,0,0,0
0.273721596711148,0.0895470241332391,0.042875623546143,0.0804519762590199,0.51340377935045,0,0,0,0
0.353998206140722,0.0729928968186523,0.0222444417165993,0.0928256284737254,0.457938826850301,0,0,0,0
0.352820533299904,0.0994600762457016,0.0367790502713191,0.0536506199592913,0.457289720223784,0,0,0,0
0.223303285357686,0.149657718246018,0.0275029636475219,0.0833434387304047,0.51619259401837,0,0,0,0
0.297355688997927,0.0754721842399044,0.0340637408636577,0.103499338019898,0.489609047878613,0,0,0,0
0.354875944108249,0.0639730846051426,0.0144111309835223,0.100599488737166,0.466140351565921,0,0,0,0
0.367663296739311,0.0464372836168443,0.0320978919784179,0.0670725885590781,0.486728939106349,0,0,0,0
0.251494732523418,0.107471297145753,0.0482058572380836,0.0786104751138063,0.51421763797894,0,0,0,0
0.351821432732976,0.0934705961141123,0.0202796230436286,0.0675078928670775,0.466920455242206,0,0,0,0
0.341308374262943,0.0763652740884652,0.0248738488492791,0.0695114651530672,0.487941037646245,0,0,0,0
0.280221770778241,0.0926316204278452,0.0177884736501676,0.107726964925094,0.501631170218653,0,0,0,0
0.346368102212429,0.0544343642187602,0.0335447040850979,0.0594670348699602,0.506185794613753,0,0,0,0
0.260493439661665,0.0795666774099111,0.0299487266809142,0.124539565933061,0.505451590314448,0,0,0,0
0.331883204526884,0.093276046743189,0.0515063284353554,0.12299305485229,0.400341365442281,0,0,0,0
0.312018752725977,0.0500322307199664,0.0487851443742031,0.114640371004776,0.474523501175077,0,0,0,0
0.379156112545008,0.0601096426105605,0.0241643910170667,0.0867589940577743,0.449810859769591,0,0,0,0
0.326032509485934,0.0590369780186465,0.0118108924798646,0.0994777609733114,0.503641859042243,0,0,0,0
0.361750741779606,0.0821362046316332,0.0462858098839001,0.0834672157952432,0.426360027909618,0,0,0,0
0.376958364711846,0.0150503285027737,0.0323265445985807,0.0797437118554606,0.495921050331339,0,0,0,0
0.309994106450426,0.0903031266589885,0.0400539085286608,0.0930238641944743,0.466624994167451,0,0,0,0
0.373758467030718,0.0550884687311444,0.0343563590267654,0.0786317213328967,0.458164983878475,0,0,0,0
0.326582660688565,0.0466316065115801,0.0266869133525049,0.0935998546397831,0.506498964807567,0,0,0,0
0.363778184982379,0.108739905453353,0.0310472137496187,0.0391393876510474,0.457295308163602,0,0,0,0
0.309216265274862,0.0739942719326821,0.0198292097241669,0.0730373174385876,0.523922935629701,0,0,0,0
0.26490513439866,0.0957405184039659,0.055387992546648,0.0933292163093726,0.490637138341353,0,0,0,0
0.335305876182873,0.13070863791651,0.0462085648690454,0.0657173263516219,0.42205959467995,0,0,0,0
0.362968271227937,0.080576587350229,0.0323949629356294,0.0630821288732189,0.460978049612986,0,0,0,0
0.357154301036609,0.0830114321580787,0.015549069348622,0.129087228889319,0.415197968567371,0,0,0,0
0.353040963319954,0.0622158669760148,0.020578538846825,0.125142978100328,0.439021652756878,0,0,0,0
0.295359010040266,0.0733475504328918,0.0291462218554407,0.106890512013758,0.495256705657644,0,0,0,0
0.339450800323015,0.110479923683862,0.0165882074024253,0.117042763479207,0.416438305111491,0,0,0,0
0.28673116447428,0.0976364805857445,0.0152748880478125,0.120288745799828,0.480068721092335,0,0,0,0
0.287865244806581,0.0845941814024553,0.039906410326314,0.0940785071199858,0.493555656344664,0,0,0,0
0.281092020346302,0.127437970334456,0.0451741808166452,0.0582375444090879,0.488058284093509,0,0,0,0
0.429765627711195,0.0846679628847275,0.0306369451432263,0.0785013391246013,0.37642812513625,0,0,0,0
0.312538390259303,0.0611961900255368,0.0213341032184933,0.066051151328164,0.538880165168503,0,0,0,0
0.28284709368591,0.102073639087741,0.0161997940825959,0.159993045535386,0.438886427608367,0,0,0,0
0.30751126658085,0.142849617055353,0.0239623053256728,0.116508322794836,0.409168488243289,0,0,0,0
0.389774158498509,0.0620236075586693,0.03762452475389,0.0777382812634459,0.432839427925486,0,0,0,0
0.310989978909688,0.0584963255977432,0.0105066405707612,0.0504422805705213,0.569564774351286,0,0,0,0
0.386376302445177,0.0918713490947776,0.025596950378343,0.0829600932612849,0.413195304820417,0,0,0,0
0.410137988778554,0.0648982117716378,0.0119495977742097,0.052804373020396,0.460209828655203,0,0,0,0
0.289017057686096,0.06325239453216,8.47391621050661e-10,0.074882267498219,0.572848279436134,0,0,0,0
0.353434674168695,0.0322292980569571,0.0282409865929456,0.0869728653671816,0.499122175814221,0,0,0,0
0.359275395779627,0.0661468038298966,0.0832695799855158,0.0609735636723007,0.43033465673266,0,0,0,0
0.294286788722453,0.0679629875599681,0.0165633095640236,0.0771603723556989,0.544026541797857,0,0,0,0
0.340840357190407,0.104681340544473,0.0357975608001644,0.0538384909956858,0.46484225046927,0,0,0,0
0.32765505781167,0.0514774449992129,0.0209770758445911,0.0719928192112547,0.527897602133271,0,0,0,0
0.358501132847728,0.0698290670728988,0.0498351263811519,0.0808134683567584,0.441021205341463,0,0,0,0
0.286127904518433,0.0807365696848436,0.0233509478447797,0.0546216611612378,0.555162916790706,0,0,0,0
0.260147613938029,0.0957856353595125,0.0175422012858614,0.125846737680451,0.500677811736146,0,0,0,0
0.336775489088644,0.0798466593030548,0.0194100921889174,0.032699429082961,0.531268330336423,0,0,0,0
0.396010996404511,0.0754958400744738,0.020593847484144,0.0961405042835571,0.411758811753314,0,0,0,0
0.340854833089893,0.0519173473755361,0.00919207749933044,0.092228085719598,0.505807656315642,0,0,0,0
0.307016499611009,0.0717975120116676,0.0364983423754212,0.088588598030961,0.496099047970941,0,0,0,0
0.33102880460156,0.0946412620212411,0.0248579525961568,0.0789114767905594,0.470560503990482,0,0,0,0
0.28669227413939,0.0800811163978907,0.0228462018680845,0.109580630596536,0.500799776998099,0,0,0,0
0.3881339094518,0.0380336206887673,0.018553891388443,0.0794801117477406,0.475798466723248,0,0,0,0
0.362293731470677,0.0544788627043755,0.0418003983412336,0.0777589663827303,0.463668041100984,0,0,0,0
0.370971616201028,0.0663007667058831,0.012751202866507,0.0963696804030408,0.453606733823541,0,0,0,0
0.403713927682715,0.0443263557650048,0.0210672948911257,0.0720577574265997,0.458834664234554,0,0,0,0
0.35072629261516,0.0931928024217507,0.0184926515926018,0.0705237722958402,0.467064481074647,0,0,0,0
0.297630296554982,0.10494098238336,0.026572501542888,0.0894041959477191,0.481452023571051,0,0,0,0
0.341866455556452,0.0797454684261956,0.0170203497074483,0.139209471504133,0.42215825480577,0,0,0,0
0.310224398496112,0.110985723801259,0.0163709010630494,0.0480368268631881,0.514382149776391,0,0,0,0
0.34110250378703,0.0740370982286758,0.0425403730471206,0.052019635410417,0.490300389526757,0,0,0,0
0.300482281860872,0.0733338259157338,0.0440641133646967,0.0974850266791234,0.484634752179574,0,0,0,0
0.261829512504918,0.0946392551446135,0.0171373193478922,0.11351556717832,0.512878345824257,0,0,0,0
0.298830953985847,0.0901490510113025,0.0279783575447511,0.0983866379896754,0.484654999468424,0,0,0,0
0.302676546693123,0.0594671946436071,0.0408706851576824,0.0978582151059184,0.499127358399669,0,0,0,0
0.33431594815304,0.0267789526096963,0.00770177209263115,0.112262402843222,0.518940924301411,0,0,0,0
0.327150895723076,0.0533893436548171,0.0318379854686522,0.069597259674808,0.518024515478647,0,0,0,0
0.340040703510687,0.0776498477511565,0.0137799227245249,0.0836934327683399,0.484836093245292,0,0,0,0
0.280454022569337,0.143828814470191,0.0487073699168354,0.0691056442432004,0.457904148800437,0,0,0,0
0.310120873243873,0.071210142354803,0.031039060164836,0.061006336485788,0.5266235877507,0,0,0,0
0.364938676975666,0.0894483898809164,0.0406839823378936,0.0766234314626646,0.428305519342859,0,0,0,0
0.360975383480515,0.0528000733907488,0.00783499544915615,0.113619052461575,0.464770495218005,0,0,0,0
0.38844015608655,0.0498466488725748,0.0191374493641984,0.0886346312426681,0.453941114434009,0,0,0,0
0.36123177108483,0.0351098336487447,0.0345124542641448,0.0768003689058661,0.492345572096414,0,0,0,0
0.301953995922325,0.112315233371527,0.0655122724305204,0.0652177704014721,0.455000727874156,0,0,0,0
0.391379606613808,0.0519675960852699,0.0495393917514619,0.0915324692373607,0.415580936312099,0,0,0,0
0.233107318041258,0.101798339636171,0.0408527342364892,0.062213377188165,0.562028230897916,0,0,0,0
0.329139115060502,0.0725165504578422,0.0590023812638718,0.0726144090527806,0.466727544165003,0,0,0,0
0.248298006880478,0.0599518448893956,0.0436162505856468,0.094649014788765,0.553484882855714,0,0,0,0
0.372541601066722,0.0603270180939975,0.030564045780367,0.102335090824385,0.434232244234528,0,0,0,0
0.369698852118075,0.061997673553601,0.0653520488025706,0.10117381667806,0.401777608847693,0,0,0,0
0.314236576100383,0.126642499875481,0.0160485492207269,0.0630670237047719,0.480005351098637,0,0,0,0
0.34455519958507,0.0547127913406649,0.0434286725298247,0.0952565901261832,0.462046746418257,0,0,0,0
0.395931028805817,0.0437717722909354,0.042750996731582,0.0828157514221881,0.434730450749478,0,0,0,0
0.296697795997746,0.0744215076487464,0.0396378791550335,0.0901931785437184,0.499049638654756,0,0,0,0
0.281546019277715,0.100384834405508,0.0407315116771618,0.0605474680060026,0.516790166633613,0,0,0,0
0.333169111515359,0.0366793939451976,0.0489481988063733,0.0380950760503542,0.543108219682716,0,0,0,0
0.339663170872758,0.0515850942747705,0.0390965495987485,0.0846536360402627,0.48500154921346,0,0,0,0
0.332658290341531,0.088755408458032,0.0381917974048816,0.116865751081926,0.423528752713629,0,0,0,0
0.32218166698332,0.0759892594178908,0.0272657969334607,0.0882140145908732,0.486349262074456,0,0,0,0
0.340154368810653,0.0793148763177846,2.00101406736294e-09,0.112245032830904,0.468285720039644,0,0,0,0
0.269112699151445,0.0943758798760345,0.0368746219249938,0.115171708165158,0.484465090882369,0,0,0,0
0.331892639802333,0.0885481573384596,0.0113219596430167,0.0783988863172331,0.489838356898958,0,0,0,0
0.346484767380207,0.0675634245426055,0.0389845520119494,0.094766225915844,0.452201030149395,0,0,0,0
0.390216268625672,0.046504412981644,0.0145372276728838,0.130106293840095,0.418635796879705,0,0,0,0
0.332073417512636,0.0445883673636774,0.0524248999877527,0.0638585438472855,0.507054771288649,0,0,0,0
0.346581127091387,0.0736531894840875,0.0343860935555112,0.054597936370142,0.490781653498873,0,0,0,0
0.340373473270369,0.0661164915319596,0.0442953278612662,0.0932582629426847,0.45595644439372,0,0,0,0
0.31065342650869,0.105371549099338,0.0307028131720475,0.0439288637700652,0.50934334744986,0,0,0,0
0.321619240672957,0.0952329762697599,0.0466181769406793,0.0667212719510568,0.469808334165547,0,0,0,0
0.332009122650931,0.0478435318883703,0.0348265879187873,0.0960107031381615,0.489310054403749,0,0,0,0
0.324908657232907,0.100987554933538,0.0145230092984811,0.0493841763021943,0.510196602232879,0,0,0,0
0.330760009073848,0.0436553555592646,0.0334722281844877,0.115249185870374,0.476863221312026,0,0,0,0
0.370658871675587,0.0935991235854655,0.0364604912666767,0.0363435593435045,0.462937954128767,0,0,0,0
0.364695251838843,0.0470282916911211,0.0390967785289139,0.0892733680958945,0.459906309845227,0,0,0,0
0.339471454661019,0.110389279901083,0.0400581752336885,0.096330203457405,0.413750886746804,0,0,0,0
0.258770986603017,0.148895049298216,0.0380396357040392,0.0656641399052902,0.488630188489438,0,0,0,0
0.352823246100999,0.0295029420992108,0.00136945137721118,0.10420927271242,0.512095087710159,0,0,0,0
0.356479249770664,0.0727505872776213,0.0289706734055057,0.0806711969090168,0.461128292637192,0,0,0,0
0.279958062704946,0.0495834588391597,0.0409476126627712,0.0999491769381598,0.529561688854963,0,0,0,0
0.301114515935288,0.0459864871056899,0.0629532763773561,0.0966826365066603,0.493263084075005,0,0,0,0
0.249377813169117,0.136067651155727,0.0262265465565306,0.104974891387743,0.483353097730882,0,0,0,0
0.247465950525847,0.121786661404134,0.0366597285187022,0.0885361725450642,0.505551487006252,0,0,0,0
0.376298063911517,0.0713895484516389,0.0303982701383595,0.0710597474530638,0.450854370045421,0,0,0,0
0.332066125326229,0.0882106457922958,0.0322887338660093,0.0494031131707671,0.498031381844699,0,0,0,0
0.388272089541154,0.0505130204398387,0.0325845421022797,0.088041082729543,0.440589265187184,0,0,0,0
0.333705345683934,0.0579828308657152,0.0213351817104479,0.122658096603329,0.464318545136573,0,0,0,0
0.317891151800659,0.0661516468622242,0.0413698571412965,0.0476797362760884,0.526907607919732,0,0,0,0
0.343970496554259,0.0854534853718829,0.0365163850874888,0.0821042544822738,0.451955378504095,0,0,0,0
0.302472324455365,0.0723097471312927,0.0201480913144992,0.0714505824286461,0.533619254670197,0,0,0,0
0.289759875971852,0.128941193897574,0.0447305553374385,0.0788267346892136,0.457741640103922,0,0,0,0
0.352023507564728,0.0773225270942037,0.0176400324913971,0.116946469108312,0.436067463741359,0,0,0,0
0.365970156189206,0.0412236926476494,0.0370576373472281,0.0753792760991536,0.480369237716763,0,0,0,0
0.361014089032509,0.0709478070585165,0.0438102553350678,0.0493023131606977,0.474925535413209,0,0,0,0
0.350023716386268,0.0484993793444936,0.0459167524265784,0.0399051982074918,0.515654953635169,0,0,0,0
0.403309315883163,0.0689329416348649,0.0174841915654177,0.0722859360890708,0.437987614827484,0,0,0,0
0.371940778323328,0.108661379096638,0.0238284892035687,0.0738522548663352,0.421717098510131,0,0,0,0
0.327485417519895,0.042907447854343,0.0345709972441182,0.112557798983183,0.48247833839846,0,0,0,0
0.290457637510935,0.0661254870218111,0.0511020805092675,0.0656024873584882,0.526712307599498,0,0,0,0
0.29336576371867,0.0750154289302036,0.0214243573834944,0.107905323578623,0.502289126389009,0,0,0,0
0.368839689972887,0.0976991915183512,0.0214074350476388,0.035785319467272,0.476268363993851,0,0,0,0
0.302496660046094,0.085705734168069,0.0910051047319721,0.0311979359972274,0.489594565056638,0,0,0,0
0.295520329396436,0.0641058404371562,0.0289542667718559,0.080391877423218,0.531027685971334,0,0,0,0
0.257885029521933,0.0685429512417529,0.0437159823597994,0.0824435529609865,0.547412483915528,0,0,0,0
0.315457280870519,0.0814086160356953,0.0229263988393621,0.111655292599167,0.468552411655257,0,0,0,0
0.390877319542615,0.0831770327101262,0.0452010890591413,0.0588755417678653,0.421869016920252,0,0,0,0
0.29012689329754,0.101054755261519,0.0270143641760188,0.107412264299435,0.474391722965488,0,0,0,0
0.318846317065566,0.0698321162613307,0.0173212476408958,0.101560442917354,0.492439876114853,0,0,0,0
0.339999076690099,0.0677243044505579,0.0126090286295209,0.0958368506091902,0.483830739620632,0,0,0,0
0.344592983287195,0.0475695903193702,0.00330585567852078,0.0785102665194177,0.526021304195496,0,0,0,0
0.321671284710726,0.0773021597916838,0.022241217686451,0.0877569892163475,0.491028348594792,0,0,0,0
0.338334301863875,0.0884085833546003,0.0421895978507188,0.0903697222830182,0.440697794647788,0,0,0,0
0.425572106571219,0.0402336716825786,0.0310179999784887,0.073145586799464,0.43003063496825,0,0,0,0
0.36654073792325,0.099444840622384,0.0247308950846058,0.0558137579647737,0.453469768404987,0,0,0,0
0.387212919070867,0.0240275836942939,0.0110604427671263,0.081587605240852,0.496111449226861,0,0,0,0
0.35571023413123,0.0818481649306432,0.0499105944411707,0.116564330044018,0.395966676452938,0,0,0,0
0.361625578973803,0.0603462057676366,0.0265415197224799,0.0898029964243347,0.461683699111746,0,0,0,0
0.333841374113565,0.11253364461365,0.0231538544639731,0.109682328519253,0.420788798289559,0,0,0,0
0.375661728238216,0.0239207867721085,0.0212915569750005,0.0518032374549643,0.52732269055971,0,0,0,0
0.309372245866426,0.0753038719334734,0.0549404594841929,0.0681373273766328,0.492246095339275,0,0,0,0
0.336828920175889,0.0642103882628716,0.0262856104182432,0.0693147247311773,0.503360356411819,0,0,0,0
0.290361425094086,0.0857589564038918,0.0227019242070319,0.100597267699455,0.500580426595536,0,0,0,0
0.327684483614598,0.0920345544820301,0.0224039870960483,0.129490817473514,0.42838615733381,0,0,0,0
0.358067398183291,0.0423979873548201,0.0531435203681229,0.0808809057192488,0.465510188374517,0,0,0,0
0.350435819303051,0.060350406128145,0.032918673285825,0.0809956865779771,0.475299414705002,0,0,0,0
0.262210919374501,0.0952838356124633,0.0260501185525237,0.135270433934558,0.481184692525954,0,0,0,0
0.3315776216431,0.0635145527195752,0.0272807140549757,0.0539436551668096,0.52368345641554,0,0,0,0
0.339758514027781,0.0591882290580355,0.0151698081994065,0.119410305858837,0.466473142855941,0,0,0,0
0.331332750037298,0.0430844624227134,0.0245559216040278,0.11422005396792,0.486806811968041,0,0,0,0
0.347222171810366,0.103654248588263,0.0255333214280961,0.0372267167206273,0.486363541452648,0,0,0,0
0.332399788925302,0.103981661884442,0.0471459592363982,0.0577088344878735,0.458763755465984,0,0,0,0
0.321182260811217,0.0606989628580907,0.0167534792402999,0.0743945256292521,0.52697077146114,0,0,0,0
0.363782377097073,0.0669030995308925,0.0386075643801182,0.0591271730286002,0.471579785963316,0,0,0,0
0.328834374356765,0.0458621790759151,0.0337709003226589,0.0738545014525868,0.517678044792074,0,0,0,0
0.308983667688771,0.0525522348776408,0.0471991889957017,0.074510034566474,0.516754873871413,0,0,0,0
0.340199908332495,0.060489705194988,0.0288222776860481,0.109807454083468,0.460680654703001,0,0,0,0
0.317962641924868,0.0824016873192893,0.042652742704269,0.106275186485206,0.450707741566367,0,0,0,0
0.363742664645655,0.0255572772118796,0.0606053425375058,0.0576854443289053,0.492409271276054,0,0,0,0
0.314138706462636,0.100422552984312,0.0265616070492992,0.0631673505999847,0.495709782903768,0,0,0,0
0.311997185070154,0.05768417699312,0.0234063206699825,0.117112662074187,0.489799655192557,0,0,0,0
0.275002320038105,0.0725166369516135,0.0365032392322068,0.115632355170501,0.500345448607573,0,0,0,0
0.389059558090559,0.0290647797895057,0.0465771934696423,0.0604686502592131,0.47482981839108,0,0,0,0
0.346392680185822,0.0512401484199551,0.0293648036485019,0.100947849976596,0.472054517769125,0,0,0,0
0.248914946725816,0.0901599350351571,0.0264337421256148,0.151750546845445,0.482740829267968,0,0,0,0
0.34520330642178,0.0880695036937795,0.046260868347363,0.0852979337904083,0.435168387746669,0,0,0,0
0.324652507625944,0.0820111878411637,0.0455065431990894,0.0723352424328518,0.475494518900951,0,0,0,0
0.323787570544587,0.0417517435861828,0.0423615368446537,0.113933800599179,0.478165348425398,0,0,0,0
0.346019619348442,0.0731677826008396,0.0351966247215963,0.0975197432556398,0.448096230073482,0,0,0,0
0.353601251399284,0.0159415796053562,0.0201237252110514,0.099165813810916,0.511167629973392,0,0,0,0
0.353218061675126,0.0392112372089009,0.034420984650728,0.0613603054928891,0.511789410972356,0,0,0,0
0.297530436221104,0.0718355665564488,0.0491149531520168,0.10532644969352,0.47619259437691,0,0,0,0
0.308078973864701,0.0585767601094134,0.0122902848893561,0.0982052153947953,0.522848765741734,0,0,0,0
0.282214171878358,0.089349369905249,0.0279913601582665,0.0467778790036563,0.55366721905447,0,0,0,0
0.31075857946342,0.0540909915354482,0.0460727426070996,0.0958510231011632,0.493226663292869,0,0,0,0
0.330366346440936,0.0451838734734328,0.0451275490592564,0.0781567960317632,0.501165434994611,0,0,0,0
0.384822672932304,0.0990387018513195,0.0151453498145651,0.0630279581820158,0.437965317219796,0,0,0,0
0.295247013949879,0.0757736370561682,0.028242583819253,0.072772966325002,0.527963798849698,0,0,0,0
0.4403831310335,0.052335560182607,0.0326906485571276,0.0664928084612988,0.408097851765467,0,0,0,0
0.333791461899531,0.105028086116691,0.0336642277448509,0.066850341828057,0.460665882410869,0,0,0,0
0.370395082793453,0.0642019978661359,0.00184166868492165,0.0933554814293691,0.47020576922612,0,0,0,0
0.389742749293047,0.0592466637192174,0.0296700896327662,0.094718057755818,0.426622439599151,0,0,0,0
0.332388999077025,0.0783079064826091,0.0343952166868056,0.112288793316139,0.442619084437422,0,0,0,0
0.346417367349081,0.0741285658485535,0.0346256347265174,0.0654843405182699,0.479344091557579,0,0,0,0
0.368209650386243,0.0562828223713432,0.0351636062522637,0.108551206415984,0.431792714574166,0,0,0,0
0.27852898018235,0.0844798150019318,0.043082588036517,0.064300330153051,0.52960828662615,0,0,0,0
0.369826990053254,0.0586967017831021,0.0222869244778515,0.0959032401869591,0.453286143498834,0,0,0,0
0.373640642105831,0.0800256706908693,0.0112812624603533,0.0789420373481364,0.45611038739481,0,0,0,0
0.268250097369046,0.0729652508391918,0.034166737465487,0.0835674872606613,0.541050427065614,0,0,0,0
0.302118721910002,0.0816468617095435,0.0383081764699238,0.0946160756033943,0.483310164307137,0,0,0,0
0.343431168369243,0.041814638915743,0.0314559019785108,0.0921777208169856,0.491120569919517,0,0,0,0
0.339764456802428,0.106401973946634,0.0108843779139221,0.0506216326392972,0.492327558697719,0,0,0,0
0.271776996834472,0.0680365177009913,0.0113359828431373,0.0929411425872144,0.555909360034185,0,0,0,0
0.392805489282658,0.0506595210642757,0.053364370749299,0.0696993164575629,0.433471302446204,0,0,0,0
0.32206197924295,0.074365989625376,0.0325055723426136,0.113022400582301,0.45804405820676,0,0,0,0
0.298874107373029,0.111896534342072,0.0332521212752265,0.0629085737994684,0.493068663210204,0,0,0,0
0.333032218286079,0.0551741201504398,0.0149618772859107,0.0932289533622539,0.503602830915317,0,0,0,0
0.317295190420646,0.103921930740727,0.0124866495609399,0.137716281966621,0.428579947311065,0,0,0,0
0.348518219999923,0.0574472784274893,0.0345505153655958,0.0795287094275553,0.479955276779436,0,0,0,0
0.379531267833112,0.0459533273067686,0.0329900005434828,0.0891176186530412,0.452407785663595,0,0,0,0
0.355421069469305,0.0524211948859218,0.0323375776654926,0.0539213462293373,0.505898811749943,0,0,0,0
0.294096013860948,0.0684441710163379,0.0254148729182557,0.0718496476664986,0.54019529453796,0,0,0,0
0.310251620782292,0.0674202918512819,0.0177960397858368,0.0637887386872366,0.540743308893353,0,0,0,0
0.289549984955434,0.0643269798094499,0.0434634007564171,0.0572804306330971,0.545379203845601,0,0,0,0
0.393621524431428,0.0777894513318011,0.0311171299328678,0.0743272236368777,0.423144670667025,0,0,0,0
0.369262168407109,0.0341826511650592,0.0293105370456072,0.0559029635577023,0.511341679824523,0,0,0,0
0.290359166358778,0.0534582326101877,0.0407243781615836,0.0751498814870669,0.540308341382383,0,0,0,0
0.356425543179904,0.0626920282468025,0.0161992863085033,0.0609463939214469,0.503736748343343,0,0,0,0
0.319003581846025,0.0700397011857359,0.0173825288184181,0.0885175495150269,0.505056638634794,0,0,0,0
0.279024517283226,0.161019842480713,0.0249706616566226,0.0743110139664248,0.460673964613014,0,0,0,0
0.294802708358495,0.0713015196758026,0.0246350794168005,0.109196751206311,0.500063941342591,0,0,0,0
0.333100899519437,0.0645484253330855,0.0310207020631221,0.0885023038970968,0.482827669187258,0,0,0,0
0.295879591662402,0.0979369495420797,0.0440397049047368,0.0485399670977094,0.513603786793072,0,0,0,0
0.348596343664566,0.0314719053242356,0.00604589407363893,0.0993400178647375,0.514545839072822,0,0,0,0
0.356545388104969,0.0652898269310325,0.03153847544349,0.081856048391412,0.464770261129097,0,0,0,0
0.318640717038903,0.0599301007854495,0.0316420491385225,0.118854720210925,0.4709324128262,0,0,0,0
0.37651089007665,0.104436127453561,0.0164174292815564,0.0760854628693723,0.42655009031886,0,0,0,0
0.29128828212601,0.0952569980385928,0.0550861335175178,0.0653521674485536,0.493016418869325,0,0,0,0
0.33211371566785,0.0466936128811093,0.0180843216845322,0.10411897335241,0.498989376414099,0,0,0,0
0.253521215900167,0.0850717012519048,0.0155817019770128,0.0748963258719977,0.570929054998918,0,0,0,0
0.307687006299466,0.0911636463120936,0.0167215583497532,0.0935471586520069,0.49088063038668,0,0,0,0
0.286523218081891,0.122077682748415,0.0190271326054113,0.129620868981052,0.44275109758323,0,0,0,0
0.293547587796229,0.0807928351089905,0.0362108614550804,0.120671041697248,0.468777673942453,0,0,0,0
0.34900596986466,0.0659535493467408,0.0227765440223567,0.0795291354839066,0.482734801282336,0,0,0,0
0.25717148725066,0.120454321778051,0.0191497551034575,0.103425236389462,0.499799199478369,0,0,0,0
0.283253473034751,0.0586464685993484,0.0374647147496991,0.106456711095589,0.514178632520612,0,0,0,0
0.308600780242088,0.103208914486804,0.0264375407164207,0.0783725278969594,0.483380236657729,0,0,0,0
0.333512598283738,0.0369838726175484,0.0527503211377482,0.0637251584024746,0.513028049558491,0,0,0,0
0.318978979788393,0.0559586510806478,0.0314432422875401,0.097775465187103,0.495843661656316,0,0,0,0
0.316598650455856,0.0407164787227455,0.0149513399475007,0.0945563525788092,0.533177178295088,0,0,0,0
0.29547169550814,0.0682702645754529,0.0221826777314897,0.0650601907021461,0.549015171482772,0,0,0,0
0.371915270080794,0.0627882654674245,0.00849971945989716,0.0916439495933427,0.465152795398542,0,0,0,0
0.361095949610006,0.0519099651029175,0.0313257609680229,0.095365715525839,0.460302608793215,0,0,0,0
0.381565125167496,0.0448394069505211,0.0506914391393816,0.0692820342052669,0.453621994537335,0,0,0,0
0.349345170224415,0.0505760357619216,0.0179709746300071,0.113833426280332,0.468274393103325,0,0,0,0
0.350642428142042,0.0775120632355162,0.0268932241403445,0.0586585834235633,0.486293701058534,0,0,0,0
0.407723350655226,0.0642476539723979,0.00284899930698422,0.0768453491790256,0.448334646886366,0,0,0,0
0.36723164756328,0.0515693240316346,0.0425474745597241,0.0935361700860277,0.445115383759334,0,0,0,0
0.295404867151998,0.0843255185225093,0.0289460079965487,0.0564290104457376,0.534894595883207,0,0,0,0
0.362760441067145,0.0939520256684644,0.038837852245221,0.0510783719880406,0.453371309031129,0,0,0,0
0.341056702564589,0.0288159846557016,0.0266497399398134,0.0787836376851633,0.524693935154733,0,0,0,0
0.255798526412019,0.106001581100301,0.0498268543566164,0.0793255345704279,0.509047503560636,0,0,0,0
0.336108100352023,0.0657214735548634,0.0151401986638548,0.0478188759328819,0.535211351496377,0,0,0,0
0.354790090281782,0.0319229510143055,0.0331371469913674,0.150922185561885,0.42922762615066,0,0,0,0
0.252758902202894,0.0836669727938326,0.0385499317234067,0.0778929428938924,0.547131250385974,0,0,0,0
0.350520434991537,0.0593606811150964,0.0127015216467389,0.0677582005878693,0.509659161658759,0,0,0,0
0.348720068332465,0.0350933702058599,0.0221569348447861,0.118826865724054,0.475202760892835,0,0,0,0
0.368170214903611,0.0332271831428868,0.0333600414515611,0.10467696170925,0.460565598792691,0,0,0,0
0.391739357857717,0.0644127866283288,0.0283208373486376,0.066863887460684,0.448663130704632,0,0,0,0
0.319289441788405,0.0491671108895998,0.0482796692048674,0.0752825273546236,0.507981250762505,0,0,0,0
0.334043415230127,0.0998127857645363,0.0249159664965695,0.0516085673078596,0.489619265200908,0,0,0,0
0.369279465182141,0.0648629910014144,0.0310727286242996,0.0535513401461073,0.481233475046038,0,0,0,0
0.319264639699782,0.086923961609774,0.0190822658644375,0.0970675201240305,0.477661612701976,0,0,0,0
0.318199713646119,0.0828344811939786,0.0433711566577972,0.0660429988689248,0.48955164963318,0,0,0,0
0.351557959845234,0.0585624221428431,0.0228782586310773,0.071025603152293,0.495975756228553,0,0,0,0
0.328122769592581,0.0633696210897002,0.0254114862832181,0.0591963944338875,0.523899728600613,0,0,0,0
0.281430356482701,0.0865932688540439,0.0172874841408273,0.0704972153431325,0.544191675179295,0,0,0,0
0.392602297671779,0.0678392299820377,0.0261027551137635,0.0754231828862506,0.438032534346169,0,0,0,0
0.386551509649142,0.0227557145822059,0.0298695951036143,0.116997063281461,0.443826117383578,0,0,0,0
0.412623124589464,0.019930244766207,0.0331541264900216,0.0719265069386596,0.462365997215648,0,0,0,0
0.333892946379062,0.0634026826520842,0.0229110287382473,0.104860769848185,0.474932572382421,0,0,0,0
0.332553277592097,0.0333156821260908,0.0190165399786851,0.0620459391793114,0.553068561123816,0,0,0,0
0.368951342436044,0.0705885587866777,0.0230824458505768,0.0910357681627236,0.446341884763978,0,0,0,0
0.287240141635848,0.0795214553177166,0.029613891240729,0.0894487696690819,0.514175742136625,0,0,0,0
0.322700313613022,0.0633173461048105,0.0520361602801386,0.0804211366009935,0.481525043401035,0,0,0,0
0.318063713801193,0.0922869752717429,0.0351465740433626,0.0737470436921148,0.480755693191586,0,0,0,0
0.344785805769446,0.0646698896292496,0.00851358468349155,0.0822035280738847,0.499827191843928,0,0,0,0
0.351540001145229,0.0543013802003064,0.0172681298739125,0.0864522886003843,0.490438200180168,0,0,0,0
0.356326277256068,0.0399722649049053,0.044108212952116,0.0487153181396675,0.510877926747243,0,0,0,0
0.26425636457578,0.0656393306452497,0.0233097774085724,0.0824832507807612,0.564311276589637,0,0,0,0
0.318711894176713,0.0629936056738287,0.0499652677714811,0.0640917606881367,0.504237471689841,0,0,0,0
0.32027884959708,0.0675568315708054,0.0351232859095,0.0573885106420949,0.51965252228052,0,0,0,0
0.285591222542974,0.0850436829785092,0.0413991628411125,0.100069021450086,0.487896910187318,0,0,0,0
0.340027206841938,0.0812988165660542,0.0139445644555644,0.129313209512242,0.435416202624202,0,0,0,0
0.40898494482027,0.0442623483487596,0.0287123004661182,0.0716677589898148,0.446372647375038,0,0,0,0
0.454035115848503,0.0305834791776097,0.0214170410362697,0.0544487469169471,0.43951561702067,0,0,0,0
0.380054440144245,0.0823692371082102,0.006891718737325,0.064068573340259,0.466616030669961,0,0,0,0
0.313014641701957,0.102425825029112,0.034830468063154,0.0602273465942664,0.48950171861151,0,0,0,0
0.305265635557411,0.0480605498352504,0.0304242126933346,0.102340890137801,0.513908711776203,0,0,0,0
0.340213885427265,0.0576873380107859,0.0135638400659006,0.109477089489,0.479057847007048,0,0,0,0
0.32632166508355,0.0705136027868938,0.0301224195244308,0.0859876822773554,0.48705463032777,0,0,0,0
0.316347003527513,0.0811423973828887,0.0393719541422296,0.114400004054831,0.448738640892538,0,0,0,0
0.299824790912718,0.104507722245873,0.0297922302070475,0.101770174205033,0.464105082429329,0,0,0,0
0.318375958110526,0.0924459038022736,2.70529952773596e-09,0.0896443272210018,0.499533808160899,0,0,0,0
0.415020105477495,0.0656365640582257,0.0215389134835039,0.0832358984564402,0.414568518524335,0,0,0,0
0.367905423239512,0.0714754995227976,0.0127493077166098,0.100041470897151,0.44782829862393,0,0,0,0
0.322451431059018,0.0538075418657118,0.00725616244871103,0.0744762420743184,0.542008622552241,0,0,0,0
0.365933001671395,0.0393134112033548,0.0265979305684377,0.0721475596755481,0.496008096881264,0,0,0,0
0.325495883227448,0.0491301547716551,0.00807077162464699,0.0580017498589338,0.559301440517316,0,0,0,0
0.339173096110596,0.0482076640840987,0.0318852935925884,0.0809516550936673,0.49978229111905,0,0,0,0
0.339677205862067,0.0858844661640342,0.0314610559987177,0.075723139790911,0.46725413218427,0,0,0,0
0.350543953523294,0.0659259253953446,0.0392033397829137,0.0814908986619613,0.462835882636486,0,0,0,0
0.325372633808595,0.0909353708027247,0.0264652600296059,0.0491037867443515,0.508122948614723,0,0,0,0
0.335399938347768,0.0852622539286904,0.0391278772624232,0.0718574259559057,0.468352504505212,0,0,0,0
0.315574260700738,0.0582865070626831,0.0258826683158498,0.118840321933,0.48141624198773,0,0,0,0
0.349338487497596,0.0570161532779603,0.0279080323381689,0.0573963591967663,0.508340967689508,0,0,0,0
0.343204421183402,0.093221096434865,0.0190471915832737,0.0990120357085678,0.445515255089891,0,0,0,0
0.343057108473418,0.0651436810377726,0.0416197587863225,0.112616927930344,0.437562523772143,0,0,0,0
0.366967214624576,0.0432320549252912,0.0296686251918539,0.091110414806996,0.469021690451283,0,0,0,0
0.348962347310901,0.0436104205269045,0.0682238723881434,0.0516201404334629,0.487583219340588,0,0,0,0
0.311522905823923,0.0872271702065081,0.0120034829398202,0.105920506745136,0.483325934284612,0,0,0,0
0.375134988359536,0.0152745077619199,0.0158702495004729,0.0924212169471572,0.501299037430915,0,0,0,0
0.358471887892196,0.0581730822828779,0.024163843279204,0.0676056575425334,0.491585529003189,0,0,0,0
0.296646650618637,0.0784323007214772,0.0132431686320269,0.0473114141757275,0.564366465852131,0,0,0,0
0.339127968599832,0.0395243110625993,0.0341462167225698,0.0953297400798799,0.491871763535119,0,0,0,0
0.282155783258565,0.11916626291696,0.0438000069393774,0.109670914388304,0.445207032496794,0,0,0,0
0.329954528459266,0.0856288841119544,0.0430283407676674,0.0853129135960426,0.45607533306507,0,0,0,0
0.326784143870444,0.0705772922867081,0.0124035857127573,0.121450600946165,0.468784377183925,0,0,0,0
0.342928294763851,0.0585408429671677,0.0561932550741556,0.087337036833319,0.455000570361507,0,0,0,0
0.318114257958371,0.106120592431913,0.0174755170693209,0.0415995007427269,0.516690131797668,0,0,0,0
0.337213020378266,0.0801514378097326,0.0172014744470993,0.0834959882035198,0.481938079161382,0,0,0,0
0.367892672510535,0.0590462967952777,0.060639623977156,0.0521370408043558,0.460284365912675,0,0,0,0
0.391897061177697,0.0461534403659142,0.0415077475386917,0.0627473130771398,0.457694437840557,0,0,0,0
0.336247456546508,0.0449747035873938,0.0150166365464618,0.127540831144954,0.476220372174682,0,0,0,0
0.363725517855746,0.0720637820576632,0.032416252253964,0.0615825995380694,0.470211848294558,0,0,0,0
0.284881628580618,0.105097518480983,0.00841062508545896,0.0939299481041133,0.507680279748826,0,0,0,0
0.322585825795962,0.0576059406047371,0.039564819210164,0.0636011321485021,0.516642282240635,0,0,0,0
0.264532219019284,0.0583412165898691,0.0304100792766918,0.119584921352574,0.527131563761581,0,0,0,0
0.271909869540523,0.0799296667913007,0.0255704993600874,0.135217399815098,0.48737256449299,0,0,0,0
0.272105246179675,0.0938373436507922,0.0144791486030438,0.113300338123163,0.506277923443326,0,0,0,0
0.340056985353155,0.0657465771041848,0.0348068001694147,0.0929792305048104,0.466410406868435,0,0,0,0
0.345876711041519,0.08994783781431,0.0305779724113016,0.11167393902007,0.421923539712799,0,0,0,0
0.331778288499667,0.0734415083425681,0.0255596286488041,0.0758276642126036,0.493392910296358,0,0,0,0
0.37007594025134,0.0616663126666364,0.00917992213688069,0.089282335637351,0.469795489307792,0,0,0,0
0.340011315607429,0.0726865574311459,0.0384270592114333,0.066898155919627,0.481976911830365,0,0,0,0
0.347503935657586,0.104099328866986,0.0484800518971975,0.0629474653144239,0.436969218263807,0,0,0,0
0.360469489524845,0.0627758646883525,0.0210912795038706,0.0880175951722312,0.467645771110701,0,0,0,0
0.33645658452145,0.061327647647114,0.0402269204904387,0.0649410542159036,0.497047793125094,0,0,0,0
0.288600407203772,0.100887232580341,0.047077117658126,0.112839192270428,0.450596050287333,0,0,0,0
0.374089127549187,0.0438006342468778,0.00769520086202138,0.0740047634085666,0.500410273933348,0,0,0,0
0.330156739566172,0.0455051809858703,0.0297656385042298,0.10816385001321,0.486408590930517,0,0,0,0
0.344166746148739,0.066037052539544,0.0235850865736807,0.0707721059203971,0.495439008817639,0,0,0,0
0.385547500025634,0.0436015768329589,0.036713467807714,0.0613611321364478,0.472776323197245,0,0,0,0
0.368978960495605,0.0828804386315502,0.0142423546871629,0.0729847691098508,0.460913477075831,0,0,0,0
0.284869311187841,0.0846394687068617,0.0236286724022351,0.110547345772539,0.496315201930523,0,0,0,0
0.384742185167164,0.0532533366135703,0.0330915832336343,0.0749825823250385,0.453930312660593,0,0,0,0
0.314639097323418,0.057231788486945,0.0546747714697562,0.0680893219347418,0.505365020785139,0,0,0,0
0.345505105427148,0.0489257878411882,0.0195484348565062,0.0712375590147968,0.514783112860361,0,0,0,0
0.2639288605962,0.0841939324142622,0.0300891449292418,0.0523839639455614,0.569404098114735,0,0,0,0
0.386012766377924,0.0744017731760402,0.0289072788342518,0.0770210279281023,0.433657153683682,0,0,0,0
0.32406368809306,0.0163353734748159,0.0442601272353919,0.112308837116042,0.50303197408069,0,0,0,0
0.292734558967055,0.0900169153893509,0.0200992706729016,0.0345260797059981,0.562623175264694,0,0,0,0
0.319830111898025,0.0807976759103559,0.0148346549865472,0.0779612256524085,0.506576331552663,0,0,0,0
0.30367324322829,0.111695101445412,0.0150211105115338,0.088690864103403,0.480919680711361,0,0,0,0
0.277767899054104,0.0782744111103834,0.00669441019777639,0.0991676599388705,0.538095619698866,0,0,0,0
0.32132585039641,0.0864355441866828,0.0500855510136768,0.0528099510399968,0.489343103363234,0,0,0,0
0.33293225161059,0.0675088023658739,0.0118899078402805,0.110878633769521,0.476790404413734,0,0,0,0
0.279706562891916,0.110564063238125,0.00738387500198292,0.0720485254596274,0.530296973408349,0,0,0,0
0.282915778539649,0.0840797692316484,0.0405584349715009,0.0664528373669233,0.525993179890278,0,0,0,0
0.387402974593994,0.103821361565144,0.0101041152096227,0.082340535310276,0.416331013320964,0,0,0,0
0.339215284458451,0.107909704774063,0.0186133876094738,0.107057214000863,0.427204409157149,0,0,0,0
0.385149472936521,0.0640040251037925,0.0333711287498743,0.0815716659583262,0.435903707251486,0,0,0,0
0.388370651089585,0.0534434876144168,0.0319961496653814,0.0817471392630367,0.44444257236758,0,0,0,0
0.350687722993746,0.050941137556714,0.048294308464727,0.0827961830036285,0.467280647981184,0,0,0,0
0.25372824561073,0.100187046829299,0.0337911900851017,0.106476473576043,0.505817043898826,0,0,0,0
0.365608897304925,0.0773204025496224,0.0239124820741071,0.0814977222662912,0.451660495805054,0,0,0,0
0.350219887381161,0.050928600097569,0.0388573392564606,0.0816940300644368,0.478300143200373,0,0,0,0
0.331687647497832,0.0643658488667616,0.00917800221274068,0.12705422935868,0.467714272063986,0,0,0,0
0.314555295818655,0.0721023498197542,0.0125247424732415,0.115233568081615,0.485584043806734,0,0,0,0
0.318378807021742,0.0678349060025389,0.0459742231833296,0.0302253590496737,0.537586704742715,0,0,0,0
0.3410244196436,0.0650531184959106,0.00828439814997662,0.0709974587096208,0.514640605000892,0,0,0,0
0.30177301059006,0.0688815067330774,0.0525534950829617,0.101758733345919,0.475033254247982,0,0,0,0
0.352458448169572,0.0242972539299791,0.024604053593117,0.0823787574521328,0.516261486855199,0,0,0,0
0.299215539875899,0.0744228948017136,0.0375512199312131,0.0637578523100011,0.525052493081173,0,0,0,0
0.297214492955325,0.0857375180391008,0.00824696300122589,0.146955673984442,0.461845352019906,0,0,0,0
0.330484042765755,0.0537389421405745,0.0083059868952971,0.118893307202326,0.488577720996047,0,0,0,0
0.230290364428658,0.0846399317088353,0.0232823930921471,0.0853859735749037,0.576401337195456,0,0,0,0
0.333783214291294,0.072765442939387,0.0164522960405169,0.0898887324496513,0.487110314279151,0,0,0,0
0.280210396651466,0.108201874965657,0.0213917550811973,0.120813230735797,0.469382742565883,0,0,0,0
0.293949275266651,0.104356058253959,0.0146183131162344,0.0713391376849081,0.515737215678247,0,0,0,0
0.32425092934163,0.0737664322098482,0.039353336805551,0.0790312855188293,0.483598016124141,0,0,0,0
0.304936136924097,0.0703565501349759,0.0403451146908329,0.0886711174965577,0.495691080753537,0,0,0,0
0.310855103132273,0.074394056297022,0.022035335550036,0.0776635819072125,0.515051923113456,0,0,0,0
0.421072775759315,0.07959273096903,0.0190178804956327,0.0876620240436991,0.392654588732323,0,0,0,0
0.276182865347509,0.0669523976324487,0.0265080641448024,0.0947685058697731,0.535588167005466,0,0,0,0
0.38527365142158,0.0710572625580948,0.00122871433712279,0.0910553598189175,0.451385011864285,0,0,0,0
0.285835470177951,0.0955845595328922,0.0350658333620496,0.0959989166902244,0.487515220236882,0,0,0,0
0.352960480957332,0.0696979493650222,0.0431272985298404,0.0862968701413099,0.447917401006496,0,0,0,0
0.355572276437705,0.0758166181806782,0.0326856304037287,0.0581770716958499,0.477748403282038,0,0,0,0
0.3209339015597,0.0856114876464681,0.0373466997294283,0.112491008006493,0.44361690305791,0,0,0,0
0.330426277503121,0.0803113271526698,0.0463552448657032,0.077184184262335,0.465722966216171,0,0,0,0
0.370054985510244,0.0807020541421045,0.026774914357001,0.0777384327603789,0.444729613230272,0,0,0,0
0.40842485019004,0.0535396584561291,0.0267366960263099,0.093894270155241,0.41740452517228,0,0,0,0
0.297846562488081,0.0734528583781636,0.0308295772253012,0.125063581304551,0.472807420603903,0,0,0,0
0.325491438461033,0.0828185561461769,0.0442898339134016,0.0804206123356483,0.466979559143741,0,0,0,0
0.372976957738534,0.0433075456238654,0.0321319730524441,0.0675154445480456,0.48406807903711,0,0,0,0
0.345496907827221,0.0822252928017153,0.0418179159428694,0.0827487946178496,0.447711088810344,0,0,0,0
0.367478755643922,0.0512579478774319,0.0151728697522559,0.0552767445665376,0.510813682159852,0,0,0,0
0.255822996016318,0.0922701088451583,0.0333906828485517,0.0914937528134534,0.527022459476519,0,0,0,0
0.443594702195917,0.0562089927857496,0.0208574109629056,0.0498612431179361,0.429477650937492,0,0,0,0
0.298316573317812,0.0844326036686458,0.0188515318274358,0.0835927224897781,0.514806568696328,0,0,0,0
0.303218664672468,0.0344132067019386,0.0209760421667932,0.114936647337262,0.526455439121538,0,0,0,0
0.296803304932707,0.0970675473425515,0.0298894840069641,0.0322807240836315,0.543958939634146,0,0,0,0
0.32801729587197,0.0418337854849689,0.0372519385072497,0.0936691591572149,0.499227820978597,0,0,0,0
0.291863323895152,0.0791519397173246,0.0403882853737296,0.0618518550248874,0.526744595988907,0,0,0,0
0.281981643661652,0.113532794151069,0.0101046744789097,0.110585336735153,0.483795550973217,0,0,0,0
0.352740023446438,0.0398253768684677,0.0135593428797897,0.0967522960244278,0.497122960780877,0,0,0,0
0.289500214997812,0.1162713969325,0.0276499573439084,0.0952590138042722,0.471319416921507,0,0,0,0
0.26347545654434,0.0795155506328415,0.0641518753288806,0.0699346538134704,0.522922463680467,0,0,0,0
0.295370779744825,0.0980926656145607,0.00614885826548232,0.10734870596792,0.493038990407212,0,0,0,0
0.251908774837598,0.132322182889581,0.0212783906763175,0.0589316171533612,0.535559034443142,0,0,0,0
0.30723219886212,0.13590934872101,0.0233491015923072,0.0816656860562348,0.451843664768328,0,0,0,0
0.294185184356481,0.0836604960180056,0.0370782023699027,0.0675296417211355,0.517546475534475,0,0,0,0
0.387579097630599,0.0569353755484036,0.00237129254456215,0.0906658225441096,0.462448411732325,0,0,0,0
0.433039327211256,0.042930818196321,0.0326195222358379,0.0835773939460499,0.407832938410536,0,0,0,0
0.381631415583061,0.0767246218779784,0.0420547877361141,0.065474471180085,0.434114703622761,0,0,0,0
0.296772173623428,0.0812280575588472,0.0599677548245128,0.134883780970503,0.427148233022708,0,0,0,0
0.231311692003403,0.091243224635452,0.0584294145189255,0.092707253728918,0.526308415113301,0,0,0,0
0.34014742627154,0.0711278986893847,0.0201445471107496,0.0743988477833761,0.49418128014495,0,0,0,0
0.373616721294554,0.0540627350575375,0.021676809815495,0.105139870791412,0.445503863041002,0,0,0,0
0.298404971363362,0.0560432843751081,0.0237910886501877,0.110198118951662,0.51156253665968,0,0,0,0
0.344147961585865,0.0849623674650115,0.0312554653673882,0.114912233664079,0.424721971917656,0,0,0,0
0.266331376975976,0.0789950398026583,0.0389555726608738,0.107638632638616,0.508079377921875,0,0,0,0
0.283200383529097,0.0712220376514787,0.054237875160148,0.0804264307351922,0.510913272924084,0,0,0,0
0.224874008386919,0.133689102647446,0.0600727653741776,0.0686173695288532,0.512746754062604,0,0,0,0
0.296240658650941,0.0741393623434133,0.014776168505373,0.10491425974117,0.509929550759103,0,0,0,0
0.322966929276363,0.0512797267885648,0.0439133163061014,0.0799535094105945,0.501886518218377,0,0,0,0
0.376921145120041,0.0421781079210582,0.038022013581184,0.053441679128349,0.489437054249368,0,0,0,0
0.379594180008488,0.106150422368567,0.0170783841331014,0.113814654635945,0.383362358853899,0,0,0,0
0.387399893796013,0.039565198599495,0.0111209354614069,0.0902122601537115,0.471701711989373,0,0,0,0
0.25760971056944,0.0499139233809598,0.0621563778992532,0.121163852297708,0.509156135852638,0,0,0,0
0.417946922331515,0.0480571749146725,0.0208555153283834,0.100263211533658,0.412877175891772,0,0,0,0
0.356294294724294,0.0557630290513048,0.0410183816960205,0.0916762149389095,0.455248079589471,0,0,0,0
0.304331877274176,0.133045388526229,0.0261041613410462,0.115874714311074,0.420643858547475,0,0,0,0
0.281833562807295,0.0852196826388446,0.0166665267525112,0.0761141681426129,0.540166059658736,0,0,0,0
0.341985786412953,0.07173101481087,0.034602179525602,0.0878867011059489,0.463794318144626,0,0,0,0
0.314380461490176,0.139004181109363,0.0264147203240912,0.0813038516430387,0.438896785433331,0,0,0,0
0.320892382903792,0.0540559459297088,0.0150616553177758,0.0645750768130625,0.545414939035661,0,0,0,0
0.366489499100411,0.0575248180039395,0.0224919116628126,0.12104017659971,0.432453594633127,0,0,0,0
0.293009678739956,0.0795553250076772,0.0277030099244002,0.0343299146003851,0.565402071727581,0,0,0,0
0.412320127581447,0.0478165423492726,0.00803890033210347,0.0627783574899846,0.469046072247193,0,0,0,0
0.254715373930646,0.0834131671340596,0.0387410230131596,0.126062351923131,0.497068083999004,0,0,0,0
0.38098021031609,0.0538136624134579,0.0348328715033376,0.0727960800195765,0.457577175747538,0,0,0,0
0.38160240470073,0.0188543399392131,0.0365510497383686,0.0542287351573882,0.5087634704643,0,0,0,0
0.305857106650173,0.0822651503135674,0.0463171037790831,0.0374048092883985,0.528155829968778,0,0,0,0
0.388957141550817,0.0791923902042969,0.0234719914129652,0.0833266597415165,0.425051817090405,0,0,0,0
0.373045173186361,0.0800318806875271,0.0346582231738412,0.0393103415611623,0.472954381391108,0,0,0,0
0.38497541653429,0.0717896896476337,0.037903845428174,0.0553599823295497,0.449971066060353,0,0,0,0
0.407785766353714,0.0478271294774055,0.0264128192728641,0.0476805498128132,0.470293735083203,0,0,0,0
0.322103547357245,0.0484200417933162,0.0417063446607342,0.0931022473844309,0.494667818804274,0,0,0,0
0.353453736547797,0.0657964093152486,0.0062128386816062,0.0787212295544588,0.495815785900889,0,0,0,0
0.345527935778187,0.0736829688146505,0.0264946003288633,0.127923257801025,0.426371237277274,0,0,0,0
0.328823040875507,0.0745424987092386,0.0391663658649749,0.0742193274259009,0.483248767124378,0,0,0,0
0.331032455099413,0.094445203768567,0.0412746393162815,0.0553177842711407,0.477929917544598,0,0,0,0
0.350102465401614,0.101448774965709,0.0399540198408106,0.0919440076876844,0.416550732104182,0,0,0,0
0.400647289253691,0.0264818090181869,0.0213489465336665,0.0748769512625405,0.476645003931915,0,0,0,0
0.322367124392355,0.101093106272781,0.00728247325776111,0.0542333284614671,0.515023967615635,0,0,0,0
0.366229788500606,0.0462450357957686,0.0262770214490904,0.0942705643624346,0.4669775898921,0,0,0,0
0.38406849609424,0.072624356248956,0.0101326653971007,0.0384661588988658,0.494708323360837,0,0,0,0
0.351776998526926,0.0552875132413632,0.0273238553861296,0.0541106806916902,0.511500952153891,0,0,0,0
0.290620511044885,0.108371576015828,0.0242858456161925,0.0934241813486907,0.483297885974404,0,0,0,0
0.333090724945218,0.0572296642619005,0.066960241006784,0.0805625442969234,0.462156825489174,0,0,0,0
0.373352176526682,0.047342696736253,0.0427187025313868,0.0839554174431844,0.452631006762494,0,0,0,0
0.354850260351375,0.10358563959517,0.0219550887113379,0.133916720269297,0.38569229107282,0,0,0,0
0.388028262628165,0.035328804366461,0.0359627288714015,0.0850634198149605,0.455616784319012,0,0,0,0
0.37276609238622,0.0640675404589989,0.0313213338506047,0.0918004171749633,0.440044616129213,0,0,0,0
0.396430209036575,0.0567196518791565,0.0274336440365097,0.0824038822181776,0.437012612829581,0,0,0,0
0.227289696996315,0.0760105331765985,0.00674434887992959,0.0957380615237678,0.594217359423389,0,0,0,0
0.351089077232171,0.0471006645983884,0.0618846047486974,0.0370198525257342,0.502905800895009,0,0,0,0
0.343799791514549,0.0793176774974804,0.0315528599917072,0.0609681232864128,0.48436154770985,0,0,0,0
0.350653416885468,0.0440814864204039,0.0383749371127374,0.0908703190208072,0.476019840560583,0,0,0,0
0.350552582998203,0.0726802433979899,0.0485724770366214,0.0704830940322894,0.457711602534896,0,0,0,0
0.302564430824618,0.104886576239486,0.032245147090909,0.0487355379657861,0.511568307879201,0,0,0,0
0.366173820054028,0.0363099187471658,0.0243485011989331,0.0844485716323056,0.488719188367567,0,0,0,0
0.343546937738786,0.0964528415285248,0.0283059103196741,0.0444312211992545,0.48726308921376,0,0,0,0
0.343222190421859,0.0709077459867701,0.0113758270357619,0.0967324929095023,0.477761743646107,0,0,0,0
0.341793952393261,0.0360482974627853,0.0270286645367526,0.117417021860113,0.477712063747088,0,0,0,0
0.348364239027944,0.0247031569674897,0.0355036346305667,0.0742570298428193,0.51717193953118,0,0,0,0
0.366247994343357,0.0682602013687909,0.0186013866164505,0.0926155565785777,0.454274861092824,0,0,0,0
0.353978092411562,0.0501315354401747,0.0215006522005261,0.135167160067354,0.439222559880383,0,0,0,0
0.403394373525847,0.0845638717897078,0.0134928825265369,0.0816700436546915,0.416878828503217,0,0,0,0
0.322432179754151,0.0499189105888262,0.0268187806104113,0.0493187391312056,0.551511389915406,0,0,0,0
0.348926487047338,0.105944069971589,0.0118660284570657,0.112446655695273,0.420816758828734,0,0,0,0
0.301090636908534,0.0628711080525443,0.0184276086699495,0.0703344846248526,0.54727616174412,0,0,0,0
