"V1","V2","V3","V4","V5","V6","V7","V8","V9"
0.373253411209279,0.24839851006972,0.171424575042353,0,0.206923503678648,0.319696430212513,0.262602442271969,0.0792709504580708,0.0319603137750342
0.380853232165827,0.195590831940793,0.207643799900539,0,0.215912135992841,0.252713478035139,0.219610952411509,0.255007459204277,0.0375887703471393
0.352000277510517,0.259193140622829,0.136066983642853,0,0.252739598223801,0.186567236148784,0.260454555878929,0.102878933823239,0.0120785638522087
0.39359529449236,0.232717756906773,0.127145415159773,0,0.246541533441095,0.125348485793515,0.143498090522206,0.121596367747505,0.0372862377748805
0.508061292088201,0.117613545383678,0.142797733251184,0,0.231527429276938,0,0.113779815090351,0.110232269643874,0.0408336981774023
0.47332691882411,0.220205011945655,0.0922658738149256,0,0.214202195415309,0.217846174110568,0.231046513034508,0.08239793908514,0.0155863404186512
0.3213574441273,0.24797133000806,0.172699453629907,0,0.257971772234732,0.19514335914562,0.181366177408519,0.0930507602955963,0.0174919416992452
0.399539800478538,0.187981045947607,0.137818059041829,0,0.274661094532026,0.095862386642199,0.150225066044466,0.116094857871899,0.0169093870018963
0.382098053700361,0.147134095830905,0.264151966750263,0,0.206615883718471,0.133892377319342,0.203062465532709,0.0822250157186947,0.0254353028403641
0.416377923018726,0.212833274923314,0.129147943361443,0,0.241640858696517,0.164855432915221,0.150529450725095,0.0995105085940376,0.0395534107276097
0.446571582023709,0.200790369318186,0.0870568110795564,0,0.265581237578549,0.263720196612887,0.172799854299764,0.095378945189532,0.0474356814560313
0.268688501455242,0.2551945470047,0.119052214021989,0,0.357064737518069,0.14220680847012,0.203680342395004,0.153085903392898,0.0203149869989324
0.453355354687185,0.0976157758509512,0.162915831965911,0,0.286113037495953,0.0896676413979977,0.0440050890535358,0.0819002840285055,0.0115963965440087
0.446016976822764,0.165525393219455,0.102313939184173,0,0.286143690773608,0.161301333726845,0.14838866838117,0.107423079481124,0.0249995702153385
0.425926488183058,0.187982712488673,0.0973489265619948,0,0.288741872766274,0.12554950548573,0.191688674214283,0.0724313493239748,0.00540389221712035
0.403123503328542,0.195141967991833,0.174983639795073,0,0.226750888884551,0.189944637733239,0.140867083092005,0.10785176547457,0.0147039955535863
0.478922166586538,0.214030823211364,0.164228838429498,0,0.1428181717726,0.104705104434136,0.227099874887573,0.119890136212671,0.0256943715306325
0.454411729767361,0.154382380845498,0.164346259431298,0,0.226859629955843,0.153789792532188,0.176843863595851,0.112218256258697,0.043860506086309
0.37514417960171,0.26442833866041,0.19674829362633,0,0.16367918811155,0.25197073115222,0.195697207904679,0.167247920971418,0.0237793778994583
0.357730616564842,0.236610377659084,0.16382805064048,0,0.241830955135593,0.162673389522407,0.200369874472632,0.168525649698098,0.0148457277373058
0.302265444825816,0.253288258328318,0.164629505445393,0,0.279816791400472,0.199448925535419,0.225006113404724,0.164491732157005,0.0289153882287382
0.355329644314895,0.214606047089685,0.116523276184952,0,0.313541032410467,0.108626438093454,0.204570321882117,0.0884339855845496,0.0200852267454439
0.427248575451275,0.222321246083421,0.131577356381083,0,0.218852822084221,0.13882557245333,0.198348397244639,0.0823317899037768,0.00845667318467633
0.418814470462096,0.223380465647623,0.126231170355619,0,0.231573893534663,0.289804613678608,0.135295936084636,0.19660053391346,0.0327176243415623
0.294151844115249,0.219089535691622,0.224532884873606,0,0.262225735319522,0.168128206962621,0.255330796000357,0.0746236687929567,0.0663184020837603
0.344318471532067,0.301914531466622,0.132589970678532,0,0.221177026322779,0.205828090236173,0.167851892466867,0.121166409289003,0.0191657540110017
0.379480784643148,0.221647456444208,0.168258186997879,0,0.230613571914765,0.136296875162596,0.184765318727694,0.160538653552856,0.0466044612236435
0.394297003380606,0.179129450444784,0.107846989587018,0,0.318726556587592,0.195055643528721,0.217782872933352,0.107857644517701,0.0272516040500406
0.387263176746487,0.210690433294403,0.174139780778907,0,0.227906609180203,0.154504265772793,0.250368647090802,0.0675971200199258,0.020957858053959
0.38492890204407,0.218258791383834,0.143717943588139,0,0.253094362983957,0.228327406650852,0.147951994245847,0.115052856504727,0.0159614052220388
0.363586454414829,0.191291690338029,0.11985031094799,0,0.325271544299152,0.184141446021132,0.207668591511524,0.162200335230932,0.0361224282370133
0.406759588922598,0.22421143801982,0.119356335819949,0,0.249672637237633,0.258077718721272,0.240963904849262,0.0807529079993636,0.0192591632497366
0.357594598569607,0.236539178032369,0.189802458174673,0,0.216063765223351,0.307377249485527,0.198566214308406,0.122457401036247,0.047928454671342
0.364936289711599,0.136052850119587,0.208569623988624,0,0.29044123618019,0.165192837979981,0.201522822104291,0.0652532601188312,0.00915320027141805
0.372578467735575,0.164420715425319,0.231069811108629,0,0.231931005730477,0.201989905476397,0.191044859935171,0.0502620610143308,0.00463131653164618
0.317459864333871,0.241979986908346,0.167603566341892,0,0.27295658241589,0.203667189993385,0.21288345729936,0.115791989825814,0.040763993818393
0.463498601937234,0.217581887410513,0.100432884044253,0,0.218486626608001,0.181845930582365,0.11475216665942,0.160674651621586,0.0363423504033558
0.42448477362198,0.213534718807955,0.130666060416288,0,0.231314447153776,0.0747162012624642,0.165753200653683,0.0654291368441699,0.0353358016817755
0.344769941106418,0.282721705293441,0.120910389290819,0,0.251597964309322,0.336609561091751,0.243034547749595,0.136096667182134,0.0324319143513021
0.432043856853429,0.16351895763256,0.141776267417097,0,0.262660918096914,0.122051919877075,0.219423605620598,0.0792128161652673,0.0334555713582916
0.387611567445026,0.253443604779707,0.161450640168076,0,0.197494187607191,0.22896530718752,0.187820430160579,0.2323018096212,0.0306032834402111
0.283914728150446,0.246322265659344,0.160726134476553,0,0.309036871713657,0.18070419801856,0.166971365940483,0.113286665447055,0.0289004285175295
0.384604781167039,0.245655845358426,0.16194791382119,0,0.207791459653344,0.169385085652682,0.266473405238646,0.145702449395014,0.0484745433230337
0.377610965773799,0.171656413668104,0.179874375645689,0,0.270858244912408,0.195246793984392,0.155358681126923,0.0855491132224424,0.0335802448303686
0.426752625791435,0.163344251182925,0.138459264976533,0,0.271443858049107,0.0522354227686887,0.13676405560293,0.0987195080110192,0.0329713772193707
0.389637455346957,0.17754757742478,0.177356595992954,0,0.25545837123531,0.141056870203026,0.172700419493396,0.140031993335674,0.0646441736862596
0.459608556819626,0.182809580527972,0.107635527656352,0,0.24994633499605,0.196946285574421,0.118451623079417,0.0932843843430278,0.0273742335265787
0.385261942096527,0.11446389582305,0.15047124650492,0,0.349802915575502,0.025391033737899,0.0714089101852358,0.0436675524559754,0.0367736994874799
0.45735779761678,0.20358421377296,0.123467753540014,0,0.215590235070246,0.150049776628617,0.174378322858767,0.17156083287471,0.0325583056683154
0.399005526283029,0.181540233727708,0.181097305057735,0,0.238356934931528,0.0847350503356796,0.216467479538409,0.0954767337738393,0.0629166788406737
0.406900169824243,0.211898367370059,0.176373389109725,0,0.204828073695973,0.176295040989119,0.180218330594559,0.131136778130526,0.0254938720957671
0.294034598591846,0.272192416997863,0.157524223381118,0,0.276248761029173,0.134238275966327,0.219999102267285,0.125157479440009,0.030895523006178
0.38059903269133,0.185326878505701,0.237122489644802,0,0.196951599158167,0.147409261774586,0.214369967017979,0.104728519557687,0.0199962098104201
0.456817859772976,0.186514440174866,0.139813196715939,0,0.21685450333622,0.0644269285349344,0.234588390971736,0.155341074735014,0.0405185716937363
0.420145151453311,0.214856546029428,0.0677139564971257,0,0.297284346020136,0.0600018487366979,0.194377223111904,0.134048832565386,0.00278973563886681
0.48508940873932,0.157676713058098,0.0870043653064961,0,0.270229512896086,0.0267824011526581,0.108539337444639,0.143083559400712,0.0221852933476973
0.349588422540025,0.237923879498985,0.144344087313547,0,0.268143610647444,0.0133914744129158,0.218318215919325,0.132165880853849,0.0294065572943647
0.470427821430826,0.133525211479823,0.0799425066781964,0,0.316104460411154,0.181696628049446,0.192795303028694,0.0667544821881224,0.0380320393511936
0.358975679471219,0.227942032065256,0.179429676198765,0,0.233652612264759,0.139787280004486,0.21174013841518,0.115641331687379,0.0205440074481755
0.459116583697358,0.209684583093302,0.114029044827744,0,0.217169788381596,0.311130535480362,0.205745149864468,0.168073422105012,0.0280389597684224
0.45076846132129,0.196977768173705,0.124112577160618,0,0.228141193344387,0.118999814632311,0.2639029671408,0.0911329865579045,0.032327985565083
0.40783558411498,0.254333837191517,0.118621121682954,0,0.219209457010549,0.309933631339642,0.190412608639724,0.137607053622925,0.0225566404306115
0.366612979187877,0.25743566813473,0.144230466133303,0,0.231720886544089,0.182780449410172,0.174802698445642,0.148501080980238,0.0146911836645112
0.45541823437904,0.118344636128047,0.210619606152292,0,0.215617523340621,0.17334644074158,0.138684431585625,0.0947691783552767,0.0872243626764783
0.412855528691033,0.217729608922382,0.11986387860346,0,0.249550983783125,0.145862044750805,0.174995220144034,0.126725793483875,0.0292455234240549
0.390652613921369,0.20642145584306,0.105024997550595,0,0.297900932684976,0.166939199600675,0.248103196038498,0.0939355913740756,0.0109153109215101
0.38398279544714,0.268187040732948,0.139810092021884,0,0.208020071798027,0.187646696188229,0.183391951499451,0.163674957025101,0.0201295914691725
0.374018842615272,0.226503588056115,0.169027790114592,0,0.230449779214021,0.259790302624662,0.211371660067487,0.131650193845408,0.0206723028898712
0.422576691790597,0.218722537425644,0.134980924902057,0,0.223719845881702,0.264724283626906,0.240543124412635,0.112894827766985,0.00892377237987591
0.411208090819792,0.149618827262936,0.164537825027277,0,0.274635256889995,0.0964151456120631,0.218164537386682,0.0546424788229308,0.0442609153088334
0.419389801756287,0.122645607302721,0.193623296069193,0,0.264341294871799,0.147570014227053,0.195033611107941,0.106022945232318,0.0353376275873312
0.346456083270165,0.256848308159961,0.174014806874794,0,0.22268080169508,0.134725652361387,0.168819144528073,0.116263348193568,0.0353513561552688
0.395448660705483,0.240897263915503,0.159980974451397,0,0.203673100927617,0.135690086458232,0.212266012384715,0.0966933648790619,0.0367722557213991
0.493354534824895,0.174003339479162,0.118539062587409,0,0.214103063108535,0.0917210710743185,0.229517040866242,0.0819380833103142,0.0387154288519476
0.514977454493186,0.105802619606859,0.0902699137041449,0,0.28895001219581,0,0.224886061446556,0.0740291887616401,0.0144045711444702
0.452380098830209,0.147013055516698,0.104222810444103,0,0.29638403520899,0.194115615739978,0.160056621442008,0.056260684057062,0.0422906983408885
0.388607833069517,0.150190689086541,0.13700097593887,0,0.324200501905072,0.136576824769585,0.101244104476845,0.112612237313755,0.0236699226368133
0.383633915613497,0.147147010269727,0.19429509263361,0,0.274923981483167,0.126887348751389,0.251739416315437,0.118865687401305,0.0211951325297551
0.438723427790613,0.237618113180446,0.129264872258358,0,0.194393586770583,0.15769515880868,0.192073456311066,0.0844391726891741,0.0374910319388566
0.386307731275059,0.273761417509377,0.153355503612703,0,0.186575347602861,0.268376877202711,0.172655844281034,0.151027963316828,0.0135895604328842
0.444079816193023,0.210039098364567,0.0537488426273847,0,0.292132242815026,0.168568086939829,0.147557478960154,0.120492608491011,0.00972675139430017
0.43605889779601,0.236906340555447,0.153106322238222,0,0.173928439410321,0.227455088717903,0.208852235609439,0.0961284842627538,0.0430267042191959
0.459583817364197,0.178655756435227,0.180078673183688,0,0.181681753016888,0.201815751058023,0.239319164400444,0.171104432385516,0.0158993995729841
0.375786428243449,0.264441449501945,0.166836102991288,0,0.192936019263318,0.18513019156428,0.184137331675461,0.0918708754946182,0.0119027030613551
0.353583827445423,0.244839073918708,0.143436783962033,0,0.258140314673836,0.21129156940274,0.2055275331344,0.146574257691325,0.0449326933630778
0.400867275477997,0.135757139729193,0.131547302511085,0,0.331828282281725,0.158796788276349,0.14567446076154,0.134486936211889,0.0206258981041736
0.446270143153245,0.187272893280234,0.191241230631062,0,0.175215732935459,0.0690833474413676,0.283044228163679,0.0813609728194552,0.020074559579293
0.362482938741796,0.220187117681547,0.129120001162729,0,0.288209942413928,0.138473647354781,0.209055570544544,0.0688545155716868,0.0328643730090652
0.358952630325458,0.251446393274647,0.196962431504954,0,0.192638544894941,0.31436230870096,0.329805070206826,0.108637910287212,0.0388847100709963
0.422209527651951,0.186588001194687,0.186841686825556,0,0.204360784327806,0.055452955350289,0.200935645662159,0.101508365307313,0.0110296428023717
0.308696292748725,0.275575954840878,0.15664368814413,0,0.259084064266267,0.222710694110239,0.139961987941872,0.0910303679820735,0.0339631551362805
0.373576612979631,0.194021307693943,0.135441490891348,0,0.296960588435077,0.183615993963211,0.166096394299694,0.112578201391016,0.0358589833212994
0.433940675244094,0.184550591768638,0.102777774438216,0,0.278730958549051,0.0752878639547419,0.17320861413092,0.0897029816005576,0.0477370501242796
0.432591709650971,0.136240030181704,0.117060837249583,0,0.314107422917741,0.144443900512584,0.158680190715591,0.0346530588134303,0.0188468361397685
0.434876359077134,0.139347610269657,0.135837046968917,0,0.289938983684292,0.166313368122175,0.143655687819699,0.106458723012703,0.0325624280473213
0.337506857907095,0.271784491800714,0.153428912922732,0,0.237279737369458,0.177012577066189,0.278121986335725,0.0974552727036984,0.0296193619006614
0.347373421765789,0.233840353822938,0.134610503390721,0,0.284175721020552,0.155786709677333,0.182451225006226,0.143538315144866,0.0228187026062097
0.38191174978558,0.190572233513029,0.163083014104632,0,0.264433002596758,0.253071040633918,0.194613798681447,0.14408748551846,0.0141884285069248
0.520255478959285,0.19542820575491,0.128973056611514,0,0.155343258674291,0.148731024645187,0.227945194184988,0.163756777463264,0.02515404331839
0.374749746876929,0.217537847399842,0.142625025325558,0,0.265087380397671,0.143812074607547,0.206651118544291,0.146075884358554,0.0278682480006577
0.38245855089149,0.21228058817178,0.170948411025814,0,0.234312449910916,0.186819203991065,0.180232318518694,0.0675364092727461,0.03276010695007
0.333262340737914,0.294551283183862,0.139669214101051,0,0.232517161977173,0.189173606735815,0.194646648669694,0.156016409059405,0.0328057026299678
0.335327123127866,0.206570796948452,0.204279071567639,0,0.253823008356043,0.152071335684615,0.195892379445167,0.12608477818801,0.0249573777854795
0.457192962203136,0.14561186516972,0.142622785284316,0,0.254572387342828,0.0164512033468997,0.161734212896036,0.124211259318256,0.0459581034948901
0.413772214379692,0.180927673529977,0.167033531914495,0,0.238266580175836,0.226730912180937,0.201899039478308,0.107672407931683,0.0249741954984511
0.415240420524421,0.224375632520842,0.120700812272102,0,0.239683134682635,0.261449212685747,0.211773581843318,0.13844243211838,0.0120833068370733
0.464607495576408,0.150120041501315,0.10613012819779,0,0.279142334724488,0.044345034293892,0.206851881983012,0.0507444033567884,0.0149905783788361
0.353717044509721,0.224735488613052,0.178585586962913,0,0.242961879914315,0.180329702024155,0.160522257030346,0.130975824444537,0.0345981996198904
0.275880675295995,0.269657808729884,0.165778002889724,0,0.288683513084397,0.157592720379861,0.196623711969871,0.0985373849909244,0.0269164197081178
0.449056426664913,0.190735277522237,0.164797376221093,0,0.195410919591756,0.184137284281931,0.158253232413813,0.135290485208899,0.0265306906706781
0.438615837807372,0.213925146193677,0.134012305764698,0,0.213446710234253,0.0461889745101014,0.164959608483473,0.134149316666823,0.0763695735206353
0.374205582877814,0.221709859907664,0.124478201282501,0,0.27960635593202,0.0798661697467027,0.206424101396417,0.122330831621128,0.0550103519377284
0.3753359606617,0.27794471962042,0.155638057576603,0,0.191081262141278,0.216734305002912,0.170925143721976,0.0924401020165788,0.0340313751717524
0.395244761182301,0.264735319123269,0.151041842478013,0,0.188978077216417,0.182682557119785,0.18305207750017,0.0902297834212627,0.0236516197128566
0.430778737462334,0.203412111046138,0.154262792065554,0,0.211546359425974,0.121539628615502,0.17842894841836,0.118208567323638,0.0379931292790734
0.404576098673772,0.296861177884495,0.090998225711192,0,0.207564497730541,0.188092006411428,0.298870875146226,0.0900866381941305,0.0306363412763382
0.316264090043358,0.237539380816411,0.144746901616494,0,0.301449627523737,0.169110507162307,0.164510770081487,0.0886547553564687,0.00754061317560979
0.363056388845788,0.248551635239789,0.182945455598837,0,0.205446520315586,0.194719650660765,0.246044363403617,0.147577817267119,0
0.472379464493513,0.131146121916497,0.0836598230441993,0,0.31281459054579,0.1535704265421,0.153112555378535,0.105457487441024,0.00206610521449425
0.436950329807232,0.208158298664444,0.112662727079916,0,0.242228644448409,0.218059074406908,0.214969727261744,0.0870933192738735,0.00773486506729652
0.420856255815936,0.164607765018748,0.140196079160024,0,0.274339900005291,0.159390902749924,0.170587651065201,0.0782936299538315,0.015305253923332
0.324616902468794,0.192320595873526,0.200370631957945,0,0.282691869699734,0.0646470261093476,0.256729991527435,0.160498687157074,0.0371615041659647
0.424033898062504,0.212888428058684,0.0869652018107323,0,0.276112472068079,0.24627108508973,0.228134902467267,0.106132715508992,0.00893378772442571
0.316945325866438,0.293121515720975,0.162256626389209,0,0.227676532023378,0.239224915948186,0.284101259005497,0.155734189111048,0.0333620677156968
0.43260937853298,0.178978344208939,0.125144631692289,0,0.263267645565792,0.0994034785502369,0.144044422504123,0.11076160751451,0.0375518078158855
0.415177424309012,0.117647000101896,0.133220185911567,0,0.333955389677525,0.092907979299411,0.0940088857598205,0.0508346015572405,0.0158590730985819
0.341116141974569,0.271400035417368,0.192096684367904,0,0.195387138240159,0.194497863263578,0.279582632500708,0.0732926404942637,0.0265907906410661
0.451234163889864,0.175003162792198,0.1126138168251,0,0.261148856492838,0.154124273536377,0.172072585755482,0.145859112947857,0.026596706558498
0.293105488210398,0.246566911371092,0.168931717667592,0,0.291395882750918,0.175187794134045,0.234649226961851,0.118434281813354,0.0177263737191325
0.249150311277928,0.253807645161936,0.177650378876293,0,0.319391664683842,0.108278366672331,0.240019691282166,0.209056123212088,0.0247971772125771
0.483380263635709,0.127591729721127,0.158872161276286,0,0.230155845366877,0.00887515143725853,0.136142155804914,0.0904841934150943,0.0137425754332504
0.450124735620129,0.138099511884449,0.15176890822155,0,0.260006844273872,0,0.198048447812223,0.062010016736715,0.025841450671608
0.413156969091786,0.189185848056133,0.159053242961958,0,0.238603939890123,0.142053903589039,0.149172102060698,0.126013834186547,0.0317942015481428
0.274350573947317,0.288446682050715,0.222835520658718,0,0.21436722334325,0.139513476343119,0.279002467521142,0.146571836218825,0.0261871853119387
0.4786465121755,0.152266698107315,0.147318546763053,0,0.221768242954132,0.205852468957412,0.208028414959047,0.117018952271395,0.0457387220180645
0.369068615767841,0.264428597381038,0.152653499989805,0,0.213849286861316,0.183043318112549,0.311900853874503,0.0922028272991499,0.0412317127561965
0.371783990910753,0.23706173614847,0.145078644820985,0,0.246075628119792,0.281793650168466,0.192354494998798,0.0865085308509266,0.00929085203368574
0.330170156430324,0.215805110336061,0.11721152598189,0,0.336813207251725,0.179552818431555,0.226901055759229,0.138912653559152,0.0233060912021254
0.406480803124814,0.157150017553429,0.179979800097562,0,0.256389379224195,0.0295529760744792,0.130913173882373,0.143552769174518,0.0325896529950553
0.487846097834444,0.163703343289366,0.102050266285587,0,0.246400292590602,0.137413806816715,0.206911045129394,0.110154682819639,0.0188622431209426
0.455585228918935,0.186862496059791,0.14401951849954,0,0.213532756521734,0.234497478793617,0.182989953699414,0.0910190572118412,0.037222690102932
0.429681184588503,0.179649532074846,0.140798113369574,0,0.249871169967077,0.12166978687741,0.240608910222793,0.091962291639377,0.0317733872266832
0.431189258270068,0.203979346255401,0.123682656881965,0,0.241148738592566,0.0997528869994354,0.1358661884082,0.193895083788735,0.0282403762597196
0.462121750896896,0.172908730485482,0.172789897261531,0,0.192179621356092,0.222058407366324,0.136549885895249,0.0611764814551816,0.0646446021805999
0.338123373758926,0.22512153631783,0.176385818477336,0,0.260369271445907,0.153985374150317,0.185363503672632,0.0794471658868877,0.0428226126343852
0.3614636565342,0.248921513774825,0.154747130249625,0,0.23486769944135,0.208586161863951,0.187289474965543,0.160755743728538,0.0213204507751186
0.398133332369668,0.26926922942589,0.162877111055504,0,0.169720327148939,0.261509903255646,0.268993433903176,0.196414212879356,0.0190234896369635
0.392954545099372,0.184008748015018,0.148883323514603,0,0.274153383371007,0.139665512267641,0.215467575625543,0.0880331027801926,0.0400543430516439
0.485581803735298,0.206926757613453,0.14096480298103,0,0.166526635670218,0.223679574116372,0.209500071119227,0.140721457864347,0.00958504057553495
0.439920335450683,0.191914590135796,0.160452403919805,0,0.207712670493716,0.10121210661415,0.191659395440472,0.0964174456832215,0.0452521480603361
0.306508168359392,0.289136979772809,0.213377194702042,0,0.190977657165757,0.162113237476705,0.213964172168766,0.0892266206316799,0.0765683665122212
0.280860792295683,0.296809454686282,0.159098653406656,0,0.263231099611379,0.214624916576562,0.269245489369871,0.118668339191442,0.0465680243349393
0.402647971094338,0.188500379844355,0.141552664832836,0,0.26729898422847,0.126173591419051,0.196042339513475,0.137903842294421,0.0212975089857915
0.377903714414621,0.18515523410999,0.104664073732432,0,0.332276977742957,0.183783062573011,0.182229097219332,0.0610412174464458,0.0335173510466745
0.423597660249872,0.134312591019323,0.201833503467205,0,0.2402562452636,0.200554598702768,0.180543947803478,0.121215934552279,0.0288741301968472
0.381102428327867,0.193387546642631,0.162323436295328,0,0.263186588734173,0.111098367400135,0.22302246620738,0.0834401857474033,0.036797498581657
0.43026064148005,0.112186707334252,0.15972284887644,0,0.297829802309258,0.0838257410459165,0.138436901475122,0.131100240842082,0.0164646226671089
0.374246130892168,0.218789485667357,0.159672409126833,0,0.247291974313642,0.180135412301012,0.158218730564359,0.0615177329411956,0.0273003447831663
0.376894926015478,0.237388706925869,0.0855933886915552,0,0.300122978367098,0.213647948338445,0.157536504814082,0.0653158684013305,0.0165986319737922
0.354014045491471,0.184346426697235,0.10488266724588,0,0.356756860565414,0.135100158935698,0.148116810754909,0.13680479455578,0.00556400346478995
0.490537442343569,0.17402670649425,0.1641814362397,0,0.17125441492248,0.209050358924658,0.173464226440145,0.153121771449932,0.0384362837104895
0.424286305849723,0.211680084487296,0.122502571896291,0,0.24153103776669,0.273321843056736,0.151136402274237,0.0727411742846049,0.0192851930831961
0.475879304276927,0.16600885478491,0.134141653541968,0,0.223970187396194,0.223582670379956,0.201610724026086,0.0773204466752482,0.0400414928474674
0.358446635474308,0.20161102569156,0.189815511713027,0,0.250126827121104,0.15480921573771,0.220391932806499,0.160240984278677,0.043042925988474
0.369382389776652,0.167980636135528,0.167804367567082,0,0.294832606520738,0.187941181023542,0.185669789016036,0.151486935221135,0.0265427246526184
0.386714492449291,0.258313775310648,0.173068732580927,0,0.181902999659135,0.364801737470081,0.273355029462282,0.151738803827256,0.0233404652840146
0.39896861621047,0.240599650041127,0.121906150863413,0,0.23852558288499,0.162470189889599,0.24512196943395,0.061034030007236,0.016724278931636
0.41448911303983,0.19439832109441,0.152241700592962,0,0.238870865272798,0.329967043095127,0.155668200929175,0.0564679228218192,0.0157183836795462
0.363480056420992,0.165610805292542,0.161692297972217,0,0.309216840314249,0.195183245970784,0.21384076417815,0.104945191342601,0.0405705930130661
0.36216873648882,0.221618678030633,0.0754804620717644,0,0.340732123408782,0.341487803154437,0.309082997801926,0.0670957535710507,0.0251288006674151
0.46143365551256,0.209473954053278,0.0640762642940827,0,0.265016126140079,0.197196442088588,0.246401990759015,0.222206717883471,0.0160652308298012
0.363147535621063,0.227194041573136,0.159535814575458,0,0.250122608230343,0.170868758835307,0.208254173944437,0.161254052276528,0.0270700569645483
0.335310462862653,0.24337935381092,0.21518013554625,0,0.206130047780177,0.266654059442944,0.257215459176735,0.126808346735957,0.0315457454995995
0.411320338457206,0.221315746719847,0.168705299435256,0,0.198658615387692,0.227295105521187,0.218558763455585,0.140255131507528,0.0320189296019976
0.407817941136322,0.247164684907787,0.146833182002701,0,0.19818419195319,0.267547027365569,0.21040496145528,0.104185189567753,0.0572275594835091
0.331949135867803,0.199933355857774,0.181230228100242,0,0.28688728017418,0.166236186776507,0.206973411878102,0.0497787124186224,0.0313540149484106
0.394629360577966,0.192875516966864,0.119636770488813,0,0.292858351966357,0.124498132948725,0.170923341508552,0.070836100948645,0.0327487821643144
0.43853682611091,0.195399881804318,0.12664482355347,0,0.239418468531301,0.145045536788164,0.201818048334317,0.0683081941940898,0.0153281320237134
0.315556322172091,0.263336991153844,0.200386286648609,0,0.220720400025456,0.163406964681042,0.236635322150024,0.100737362656714,0.0417921149292081
0.339614019403851,0.228121841594072,0.155950603057054,0,0.276313535945023,0.262946861436292,0.242400219461244,0.0774364779868018,0.0446946308648949
0.403136411537409,0.212623929694289,0.122546902551925,0,0.261692756216376,0.145512310818196,0.186224699145179,0.124231067278425,0
0.464854130792774,0.150091785546049,0.105180492406765,0,0.279873591254412,0,0.186143448238549,0.172371549871133,0.0124588020862001
0.403879026586287,0.172321518633542,0.159732219467361,0,0.264067235312811,0.110188536855653,0.129248561972211,0.122282918788533,0.026729525767915
0.33951782514496,0.30691286799638,0.12575616307416,0,0.2278131437845,0.252614959801828,0.220115940470771,0.190570748825034,0.015452763499008
0.419916979570386,0.167742709385384,0.118625193726819,0,0.293715117317412,0.165703621674184,0.138150164018437,0.125486163858376,0.00874544436570658
0.356270090568486,0.200868518918553,0.120497770290839,0,0.322363620222122,0.108978385764845,0.18181484233935,0.124317514460221,0.0413822219052952
0.321054729939026,0.203659103759273,0.235564386475047,0,0.239721779826654,0.250966471122977,0.164591477351328,0.109353478911213,0.0517807706748038
0.448487262423007,0.173498365833732,0.0677419247435236,0,0.310272446999738,0.0856750715728151,0.15883919829816,0.158987800422467,0.00266495074423722
0.372246139777893,0.208859390832923,0.13481743392205,0,0.284077035467135,0.228988421133007,0.16002939794108,0.110089736716538,0.038073040073293
0.404253905546181,0.146361181505763,0.0894571961175846,0,0.359927716830471,0.0519721659350737,0.120939222267701,0.0895381063161123,0.0259914148372865
0.443397467976771,0.187375461732092,0.195942330256134,0,0.173284740035003,0.158730968724377,0.269371309829088,0.164590111967613,0.0429496723291434
0.323341541687756,0.244897362377061,0.143570157494413,0,0.288190938440771,0.216029563468114,0.241046876607326,0.11563313813028,0.0451904396353934
0.433173742049282,0.19039529370239,0.0841067908373355,0,0.292324173410993,0.171710643749898,0.191107304417637,0.0739995433407702,0.0277210892769438
0.346450193881439,0.221209650347079,0.161713417233599,0,0.270626738537883,0.129295896876021,0.222401291180986,0.115469704486252,0.0135878390488276
0.352316363757365,0.222292694983518,0.187784376503824,0,0.237606564755293,0.192017136107942,0.130704643638231,0.190770349048025,0.0295731087575689
0.467014237937915,0.215594020775,0.0879396537168061,0,0.229452087570278,0.176647268669175,0.170416925178706,0.173969307508234,0.0211578383625848
0.361215333925338,0.240443661590251,0.169669218118249,0,0.228671786366162,0.215319370527524,0.192578182492868,0.155293072857255,0.0159810246351717
0.381495177648124,0.265353708896329,0.154789386617521,0,0.198361726838027,0.13055227938862,0.252073982100109,0.100333178539707,0.0208097342672056
0.4403093121859,0.165613614044651,0.0558496170200731,0,0.338227456749375,0.0304716810833941,0.131344555213166,0.0904983009605598,0.0301725306649509
0.446226128915269,0.28701253356343,0.0772286095291572,0,0.189532727992144,0.0997745599383342,0.175866038475232,0.140064356625292,0.01098476602712
0.356086693319535,0.199749729996381,0.193418207737245,0,0.250745368946839,0.188174653433718,0.222115089060648,0.203029721130276,0.0253688957946215
0.398168505389351,0.170761567261531,0.12779619195831,0,0.303273735390808,0.17818133547862,0.159868037878986,0.174700264816748,0.0418152341559315
0.357980071512964,0.251755634765705,0.0952455486066867,0,0.295018745114645,0.211445346080159,0.137507073125133,0.167647747089462,0.0257602406079028
0.392284545688509,0.220439293990216,0.17392164054713,0,0.213354519774145,0.277842258980843,0.281519331553123,0.153741326572219,0.0417128364616886
0.344996803573177,0.264433873972689,0.163623635440687,0,0.226945687013447,0.108476064290694,0.140251282952892,0.136826810682238,0.0375272250240478
0.476530766397207,0.158274063329904,0.113375254934346,0,0.251819915338543,0.181486793206447,0.206652537313284,0.0935285366827131,0.0331594882441529
0.522992382266752,0.18743752290896,0.138167620721821,0,0.151402474102467,0.198384109619978,0.200987231981295,0.11972742103128,0.04696335700912
0.404862804451333,0.276090861255251,0.145036143658216,0,0.1740101906352,0.304393150750007,0.214799920257189,0.113006339670471,0.0388750650774787
0.380756135047267,0.221788762793685,0.122998403844955,0,0.274456698314093,0.105047212651306,0.211502146279628,0.126779865433476,0.00240059132059621
0.366980269019789,0.231596083241475,0.127992891429838,0,0.273430756308898,0.155893434475187,0.142963644396761,0.113835481382066,0.0199804887339622
0.472934621762644,0.189783976313158,0.102618896523558,0,0.23466250540064,0.205581414204275,0.225341350875017,0.068928577976749,0.0268298546961847
0.420293024047142,0.199199473224524,0.140723315250662,0,0.239784187477672,0.191652111010125,0.239136271249737,0.0845224312172224,0.0121155094327733
0.32995388215214,0.230595951062252,0.211655529218432,0,0.227794637567176,0.176369029801282,0.231786765117934,0.206490461928365,0.0348935047053763
0.36642895394919,0.151452977726507,0.22118086340293,0,0.260937204921373,0.121612620970823,0.266171898511801,0.0847782478210942,0.0403787460285386
0.343649453798836,0.277318752803803,0.144604188537633,0,0.234427604859728,0.255649820041067,0.211827691274498,0.113099039250438,0.0416871955323495
0.387894233274995,0.28558683591679,0.108731446329866,0,0.217787484478349,0.199348333981367,0.217272522346492,0.151156144575048,0.0036029019187217
0.403396866762004,0.25904883481048,0.122196242778519,0,0.215358055648997,0.314281470066185,0.262385595636954,0.127302528683777,0.0143183579740289
0.401469858926473,0.200621481619029,0.128134125474629,0,0.269774533979869,0.248662396109069,0.202415401975907,0.13858138602652,0
0.465558133474382,0.114047811870322,0.143290217334362,0,0.277103837320934,0.175590271950215,0.120195179161614,0.0730275247074253,0.0341767667488177
0.453522419070296,0.130863245521784,0.118674416573845,0,0.296939918834076,0.140091865847115,0.149168273694768,0.0678547171373666,0.010214477600683
0.420622723625119,0.184777556454304,0.177055484580359,0,0.217544235340219,0.184702535869725,0.218205980259093,0.108001787480822,0.0358003079135946
0.312336139791022,0.201707109889253,0.164658712617704,0,0.321298037702021,0.32572407065425,0.204669473169287,0.152735661906992,0.0393296671364593
0.438609722303919,0.206387347936742,0.167571912808308,0,0.187431016951031,0.13041827117622,0.188822235020561,0.0970065564181793,0.0223801454906102
0.445597055071911,0.161649555136485,0.106106792846721,0,0.286646596944883,0.170428974909615,0.248589282277225,0.043675908293583,0.0333240506362933
0.475970156702784,0.14436140704521,0.13345189563782,0,0.246216540614187,0.0420763274138552,0.22860707305457,0.0803629960950874,0.0264593772789912
0.401495391564526,0.204875399928731,0.163480811755149,0,0.230148396751593,0.107066933000177,0.21014949730358,0.0898702138878609,0.0302951559365514
0.414414907920274,0.19852439263836,0.12307300973651,0,0.263987689704856,0.216241030811316,0.214001025820654,0.124990890355055,0.0179297619010175
0.401695271400644,0.247141604256712,0.133732304537852,0,0.217430819804792,0.168319800099343,0.13397295758154,0.255142395661087,0.0444991484250069
0.353951411173062,0.201309079613932,0.163055429851875,0,0.28168407936113,0.281633898213542,0.208734036061901,0.116300316539595,0.00345621237472168
0.431728738395289,0.205127409746882,0.149040897062721,0,0.214102954795108,0.1997058553158,0.218407158441625,0.0742338102192198,0.0137766057230886
0.429904534469155,0.231729418398733,0.164525307676014,0,0.173840739456098,0.163780222801442,0.171668063946653,0.158447437062141,0.0193547135102229
0.44654449552657,0.196076495995455,0.122416611460538,0,0.234962397017437,0.267980200852422,0.115607966664152,0.129588567990384,0.0178659065517516
0.366755624782285,0.236119292861704,0.138747115291661,0,0.25837796706435,0.239566077553836,0.233041207932231,0.135568700812765,0.0250306903709989
0.329607491068855,0.280387367399,0.196746514491303,0,0.193258627040842,0.264990581216059,0.220123647734914,0.165018539229011,0.025868076722155
0.450098202005089,0.179643884870391,0.105229558970079,0,0.265028354154441,0.227455533462328,0.155987293164409,0.0685038065962814,0.0276842335812075
0.336330746979646,0.180193955868812,0.136192190383883,0,0.34728310676766,0.129573574229949,0.222306011463462,0.0283492931539761,0.0305991781866463
0.356859889683918,0.223866807020007,0.152992164380491,0,0.266281138915584,0.219691322035838,0.31504684630027,0.127313632423659,0.0309333745620677
0.383426630381756,0.21264183759887,0.126126349750128,0,0.277805182269246,0.187489031277918,0.171710282132801,0.162344793999989,0.041735169172969
0.427664889835555,0.215423359741802,0.189515116732298,0,0.167396633690345,0.141512571316065,0.209018051350866,0.13121839334029,0.0355437152051186
0.49043355089243,0.17453226032895,0.0956767922718783,0,0.239357396506741,0.133537593635596,0.151792952049185,0.159567102448057,0.0207437327647332
0.387379661204506,0.231689273195404,0.185070714197971,0,0.195860351402119,0.202861079534162,0.174341182641093,0.143153161894936,0.0441083030948288
0.419058539108999,0.190065212083266,0.19040258221585,0,0.200473666591886,0.0853906996654795,0.225000360244084,0.130495265555271,0.0468239288683519
0.31792560086258,0.221082707244028,0.161203547500622,0,0.29978814439277,0.201006643032798,0.175514316233994,0.146080352576517,0.0465218715785556
0.318242545900752,0.223088891058281,0.172823723715936,0,0.285844839325031,0.261636920971187,0.141441539715876,0.145151190946246,0.032047953136433
0.422496384879511,0.142155051383603,0.177179652085984,0,0.258168911650902,0.0902462077975647,0.193674969421583,0.0579648893770703,0.0068886003349445
0.369529309987361,0.197055565185125,0.16384708509928,0,0.269568039728234,0.115053325851974,0.218181969580616,0.118922374557009,0.0523223753037559
0.38140517488035,0.193491968213582,0.13056071862605,0,0.294542138280018,0.0922943973698248,0.189436682651037,0.0592915239576812,0.0309549675306616
0.426336131470636,0.257990771310489,0.127410322168818,0,0.188262775050057,0.119097063305155,0.209395999115704,0.132351912947682,0.0253122669415785
0.386155886890114,0.183670407539547,0.151745256598018,0,0.278428448972321,0.035148826262371,0.20362686680692,0.137135066887024,0.0176459335838624
0.33870069620375,0.168229796320036,0.158319008415696,0,0.334750499060518,0.143930601169558,0.154905058435114,0.103885165954258,0.0310100435396568
0.392499533022444,0.182619237436039,0.162837571856124,0,0.262043657685393,0.119067164410546,0.132547881526577,0.0723701305842028,0.0290890072706067
0.446712256941763,0.161179940668704,0.126884720355852,0,0.265223082033681,0.0385921163831124,0.186762449901681,0.0560067180470236,0.032209249000274
0.352145788677521,0.234253751891456,0.177715179059238,0,0.235885280371785,0.110905594336998,0.255780905306245,0.104503677780823,0.0327668578403334
0.329107044965298,0.208984323727458,0.209271488665319,0,0.252637142641924,0.187849122396175,0.177482108605947,0.0668823900284534,0.0336580969694157
0.335835166456661,0.19624162789074,0.170020757468659,0,0.29790244818394,0.0994060069631435,0.16610945241492,0.0976995728947399,0.017510621240679
0.410486529907377,0.229912803103667,0.193725682306528,0,0.165874984682428,0.199211526755563,0.197383344705981,0.12505365060971,0.0363349893920897
0.410303497036717,0.239810691646553,0.140475906956788,0,0.209409904359942,0.185681965389167,0.24907337940305,0.156329718631764,0.0266080878319483
0.392121614755969,0.173609115645277,0.141777732910229,0,0.292491536688525,0.205549483866758,0.210171907909336,0.0426711387995678,0.0193357873816017
0.440650296071746,0.196143915796301,0.0997821688858824,0,0.263423619246071,0,0.1852977364719,0.158862712384611,0.0153876268490535
0.388076077469921,0.214332859069987,0.125942183317986,0,0.271648880142106,0.170170532948098,0.16563805502759,0.0923112639847023,0.00871760791455925
0.397343988011893,0.207201822221301,0.131492059791207,0,0.263962129975599,0.0961421110484058,0.201448524761361,0.0889577778695609,0.0277527550483722
0.411687570310839,0.182417150054883,0.117913193398047,0,0.287982086236231,0.115743473137944,0.159475263864423,0.0366380357337934,0.0466827287962448
0.51430328680644,0.141935278970628,0.172980991921443,0,0.170780442301489,0.212277431934294,0.158126341289948,0.13380401343796,0.0248046047089634
0.420397301465569,0.135675447312057,0.161906485571046,0,0.282020765651328,0.181830481059694,0.139073833669917,0.141228594812349,0.0339394351014685
0.370969260453659,0.214999828181911,0.1237631643187,0,0.290267747045731,0.259449715897432,0.195810937720768,0.163713811248534,0.0184057928917954
0.448896070993986,0.185073814886862,0.120185525595355,0,0.245844588523797,0.100711104755286,0.165700565253262,0.0738383504824362,0.0269638005144686
0.285627933517901,0.239762574586619,0.183045270596844,0,0.291564221298636,0.224563495390352,0.197635937839857,0.176562813167217,0.0678043247179078
0.335820424819711,0.212116941482698,0.155074155710358,0,0.296988477987233,0.172138387551472,0.138244969871434,0.128249971278641,0.0571822406142436
0.363967556761585,0.268636269387073,0.194446582530098,0,0.172949591321245,0.208661024413838,0.25502105185165,0.117387254284046,0.0476751058129077
0.324294012626132,0.262212288033533,0.177835416910676,0,0.235658282429659,0.174356666003563,0.257604172275361,0.163978868931632,0.0372287314862103
0.464527991443777,0.18024764241744,0.164623135093721,0,0.190601231045062,0.202522906798202,0.189539400006156,0.136923010188035,0.0744988971693862
0.402535577650064,0.186933228639277,0.152435085468223,0,0.258096108242435,0.1716835876348,0.182008992558104,0.135347268913059,0.0180732440078644
0.416388621266377,0.160030133387753,0.122737283300369,0,0.300843962045501,0.13941109266847,0.110593429709504,0.126273792944235,0.00971448340147026
0.4635375492655,0.200605192343634,0.122220080780074,0,0.213637177610791,0.208378957419079,0.186549758569667,0.180041028996161,0.0323334375435455
0.410325792524176,0.252599335883877,0.188067145905542,0,0.149007725686405,0.221960282740325,0.194779711789114,0.146881640315334,0.00378181395194609
0.363363343981081,0.271141253946398,0.130569162805578,0,0.234926239266943,0.117397631267204,0.174278979243499,0.164545986194912,0.0266384809505857
0.373700760910776,0.313266521892531,0.0860895963981088,0,0.226943120798585,0.316352753482787,0.208335430613827,0.162619655910822,0.0211010961638818
0.29939254860456,0.255937349523038,0.140680235257696,0,0.303989866614707,0.132427035707254,0.241862760487588,0.183054559843743,0.0337442528421628
0.360324966760841,0.160311385870481,0.111803005394083,0,0.367560641974596,0.220866263142797,0.0843029839293096,0.111900378342897,0.00397007342373061
0.413541379640277,0.171835962747305,0.136873158284392,0,0.277749499328025,0.132485819535219,0.17308086780233,0.153242764812176,0.0195583730622916
0.420725944827003,0.150953680332765,0.18081916930653,0,0.247501205533703,0.299058228444512,0.185455360659699,0.19483945303356,0.0303518673448883
0.469305723249458,0.11958309181428,0.101907001243676,0,0.309204183692586,0.159192285966663,0.115952235417437,0.0316766811605509,0.0103727163698322
0.3785500930436,0.246786787838922,0.173043657483475,0,0.201619461634004,0.167669782445596,0.245974938745979,0.158713647522136,0.0453887585422228
0.340707560403146,0.283414005647747,0.135321157475527,0,0.24055727647358,0.0991672693267748,0.213017005000057,0.229786863257762,0.00426517566390943
0.474803996656658,0.180009449706937,0.0757613933192673,0,0.269425160317138,0.0757326741455839,0.208746557134621,0.111570561220414,0.00382636494608124
0.484489325103082,0.133310942124056,0.141043299237736,0,0.241156433535126,0.183575045424938,0.14458740027083,0.178199146114037,0.0569551753792842
0.411185280775212,0.177959689117049,0.129897743596298,0,0.280957286511442,0.291084050321724,0.280513249807438,0.108763685166047,0.0239640020808706
0.466287196254363,0.144705462199638,0.12151122310194,0,0.267496118444059,0.117513025542308,0.13243031425998,0.080729196504012,0.0287781657907432
0.399640954583178,0.204302447869686,0.122434618159453,0,0.273621979387683,0.241960767707705,0.206550409542884,0.167855259529152,0.0635106306799748
0.408120203004285,0.121225417854878,0.115260941025886,0,0.35539343811495,0.01076404279539,0.162929794520988,0.107401237711497,0.0154456404787196
0.391640314468902,0.213403336627107,0.216674029822753,0,0.178282319081238,0.19470026409593,0.273354431393082,0.173909372254637,0.0645692907011163
0.390598626933909,0.221863843372768,0.126903808552521,0,0.260633721140802,0.0635180306594442,0.173413455962485,0.13029620587601,0.0257560439454913
0.373136326792848,0.228178029367763,0.131575447811363,0,0.267110196028026,0.158694252150445,0.185752726915699,0.0826120988544485,0.012694425015987
0.391533115756105,0.135345301688327,0.158240783407949,0,0.314880799147619,0.164822150500514,0.186964141528733,0.133182604066719,0.0500475980174679
0.417598794091555,0.153387412095771,0.141109843597825,0,0.287903950214849,0.0850174271160396,0.209100492347421,0.136388310491429,0.0206479077497047
0.303450194998718,0.300122444227219,0.145458615940967,0,0.250968744833096,0.146095317348405,0.265256610527226,0.0879595211498012,0
0.38104377369036,0.244810431649087,0.137624564913568,0,0.236521229746984,0.202548445870106,0.244930878531658,0.130802426987512,0.0308597829375062
0.358548121371003,0.234243062399013,0.177377211696105,0,0.229831604533879,0.257579735596765,0.209738010076569,0.0895509720182092,0.0555073075508722
0.362156744127812,0.246734938942182,0.134927843603272,0,0.256180473326734,0.143420893235251,0.200694109140397,0.0879965628462599,0.0323558394122796
0.373954390059135,0.218064389388092,0.135482535395473,0,0.2724986851573,0.215296581035212,0.227688325152942,0.119180043387311,0.0167950845232469
0.423734106861401,0.132620731770778,0.144400924931139,0,0.299244236436682,0.155546841134861,0.183490039669617,0.107467677456942,0.0390308559877953
0.381953570678592,0.240105997792224,0.155634716671287,0,0.222305714857897,0.153726794373187,0.204098446499223,0.103270094652213,0.0271947372051848
0.428578018233038,0.219334305682202,0.142870895726636,0,0.209216780358125,0.14962566646417,0.206177430978564,0.0844263958111643,0.0523844648341781
0.397677386580761,0.156203812209039,0.166675978108531,0,0.279442823101669,0.0656446236073329,0.12775694817676,0.146397563879491,0.0104714528753246
0.310620167550322,0.238614885350098,0.172489551541747,0,0.278275395557833,0.263641168078135,0.202318318195083,0.0387589261510439,0.0155892038951693
0.448048277794705,0.179995057108378,0.0861952713986568,0,0.28576139369826,0.0554621573989268,0.162551770120521,0.057679506732822,0.0349574761120883
0.470041237214575,0.156086210687293,0.175304790744146,0,0.198567761353986,0.183275241714947,0.221475166731473,0.0727422712603565,0.0208817127321744
0.325820178321874,0.262490755552981,0.143311982149518,0,0.268377083975628,0.172607911683086,0.195572511081027,0.150756951429795,0.0307507207764099
0.344929308613415,0.201138709994289,0.144042441854875,0,0.309889539537421,0.150087957596615,0.209799109236904,0.0755388172030506,0.00392106799189815
0.416082580652109,0.164276240090107,0.152555192893842,0,0.267085986363942,0.185143937100498,0.152994736210363,0.0936362860969136,0.0649476318546562
0.318019078527613,0.248481182311138,0.176999660829771,0,0.256500078331478,0.155310422384859,0.177563646406768,0.170526010765747,0.054875768584676
0.433213497247738,0.178367676025785,0.144394038667103,0,0.244024788059374,0.107581388223374,0.1126629352825,0.134478870037495,0.0213928328647677
0.379701289511355,0.132856948838798,0.187013551385734,0,0.300428210264113,0.118477100065509,0.0868997753163909,0.0481285856452277,0.0379492072712948
0.405394838640396,0.234132805439508,0.162523626927294,0,0.197948728992802,0.114772750238641,0.216394725291166,0.167204575347102,0.0373354123094502
0.401021243365529,0.181757627700485,0.165285904699698,0,0.251935224234289,0.181207230044375,0.21866916973822,0.107707500871861,0.0257247634589119
0.461470590183616,0.150185604958016,0.107958797756099,0,0.280385007102269,0.177631798940615,0.134716975929286,0.0516533897173818,0.0176059167762577
0.435211552148154,0.24720997617,0.111702135968111,0,0.205876335713735,0.284799325502778,0.160997289885808,0.0944435978198359,0.0428513950660115
0.354840922391378,0.219269262791654,0.148433996894846,0,0.277455817922122,0.0619649238121911,0.19590002363224,0.0858719305802865,0.0370242830617978
0.410833374266003,0.227274031019029,0.133176895015467,0,0.228715699699501,0.276830641922565,0.180407361950314,0.103671425029847,0.0460963482364344
0.434889709283948,0.173885155350979,0.174392447961514,0,0.216832687403558,0.142987972604989,0.221743155624483,0.0887152550766331,0.038373787987577
0.411309017639612,0.201292045501775,0.128466087274538,0,0.258932849584075,0.197391678669604,0.148283186208483,0.0953456870362483,0.0398357312454083
0.431125695027884,0.173622286338597,0.167319744448793,0,0.227932274184725,0.173238030585985,0.154995596010163,0.0612701471995697,0.0415497141546326
0.398271625101556,0.230231552375307,0.137140968458806,0,0.234355854064331,0.180766249518668,0.203263874775625,0.122257693392736,0.00537364287516707
0.450589952172211,0.176975353861742,0.144999133633997,0,0.22743556033205,0.126935267312014,0.217118507856697,0.0522513928249697,0.0261050191445344
0.487730357128667,0.083034134285401,0.175096293706799,0,0.254139214879133,0.236861679282983,0.144076572247901,0.0897703921000366,0.0169356725256302
0.512094522325442,0.184273660296444,0.121971182185193,0,0.181660635192921,0.125015656827967,0.152250993903308,0.0836757905212,0.0417104451366664
0.433444074712421,0.161661491413855,0.124066559664735,0,0.280827874208989,0.118988668075329,0.144676480421796,0.150827724891307,0.0411570677290167
0.415568771415905,0.244096561657229,0.116364989344023,0,0.223969677582843,0.299562329056277,0.23913717072944,0.197889458451548,0.0251181664070594
0.429968551792152,0.198480850018751,0.126052621367571,0,0.245497976821526,0.229214796608884,0.141881202417522,0.144611762488677,0.0287763233364866
0.477655901216781,0.142165407134414,0.0920099066047166,0,0.288168785044089,0.109143548707143,0.101949923589617,0.15468078272622,0.0128965754837034
0.404555313421066,0.220059060101612,0.0887541897596817,0,0.28663143671764,0.226383299713348,0.174096239185053,0.0710490169751363,0.0386956667459122
0.494910568456608,0.199191169509337,0.151542623248017,0,0.154355638786039,0.029120327691274,0.167935041528776,0.0955617733742506,0.0470856295194604
0.449294980025974,0.204466351200452,0.153235264757643,0,0.193003404015931,0.265394065353883,0.184346766963271,0.118325946053257,0.0353559318034473
0.394433704897524,0.204977841925248,0.143220684775855,0,0.257367768401373,0.0655704008469701,0.219752372692255,0.110478465901593,0.0366320182954481
0.384832672805571,0.189970548039489,0.148779454404239,0,0.276417324750701,0.107257708135648,0.172559731876116,0.0979633657532643,0.0108916625854578
0.325248815465391,0.275093872632191,0.111855350705756,0,0.287801961196661,0.296335116060651,0.309556111619151,0.11846347095472,0.0643430741129131
0.451011819241695,0.199036613252715,0.103899295016225,0,0.246052272489365,0,0.137476891279388,0.128006559803244,0.0263661591541962
0.317305246223991,0.26287025356813,0.145861767134726,0,0.273962733073154,0.243689909584504,0.218354600233586,0.108625411033701,0.0236141600027827
0.399890952835159,0.219081424283334,0.158296373152192,0,0.222731249729315,0.18746200874281,0.165006409262852,0.131058719825514,0.0442670102712812
0.42706783434292,0.241846312481944,0.131723288706214,0,0.199362564468922,0.192474077311854,0.124004458541314,0.123568367269712,0.0207838632334332
0.414742773803357,0.209816679388382,0.175782953858958,0,0.199657592949303,0.122533243708518,0.195455322024086,0.104887687495047,0.0287552593205656
0.397903112455368,0.229471362512409,0.0988536146546412,0,0.273771910377582,0.166031758080424,0.238093789490482,0.198994589155766,0.0234246547341508
0.373831286516964,0.201975837620546,0.160713092409989,0,0.263479783452501,0.125115694240078,0.149982851378913,0.156327860713629,0.0268869522108256
0.460095754254012,0.127578100595653,0.154236911565713,0,0.258089233584623,0.150134530516628,0.208861988316581,0.13007761849436,0.0149952053709627
0.541931215697493,0.0920842956340248,0.0754577018084325,0,0.29052678686005,0,0.142275575910852,0.0882340764838818,0
0.310638868288127,0.238263039980285,0.149661062899293,0,0.301437028832295,0.282089336265436,0.194009398257497,0.134092988836502,0.0282277022702273
0.487113028587807,0.144693716400777,0.124694422302399,0,0.243498832709016,0.0829484596642411,0.236763744289725,0.109251857932148,0.0232615017657849
0.288332891411819,0.31673946879409,0.12046401649511,0,0.27446362329898,0.324888544093831,0.194001675603856,0.209180377287477,0.0113601415663922
0.39780780054943,0.226762553141773,0.131483826336226,0,0.24394581997257,0.199638617377152,0.169965261875021,0.178312616013138,0.00356530808617143
0.408884395204251,0.168911970559487,0.142110823556351,0,0.28009281067991,0.0259647269768028,0.110050830735564,0.092441826412314,0.0165032546206978
0.320724980915338,0.2275898297276,0.165836744482237,0,0.285848444874826,0.237759982267811,0.188294949009379,0.130156722026402,0.0293467725560532
0.389317135084254,0.201756903190259,0.125462981526644,0,0.283462980198843,0.130799433488886,0.16879121206818,0.154885029294562,0.0128066486930391
0.444517863842117,0.193425560658555,0.0806513156901935,0,0.281405259809134,0.246010454381787,0.198006469202344,0.193986984591048,0.0259416466837888
0.362038912146973,0.185884407252815,0.15124030721315,0,0.300836373387061,0.118942726043608,0.223829560919269,0.0831336575915977,0.00596548128377019
0.364742790708011,0.225461007210897,0.140551745520276,0,0.269244456560816,0.196840852700828,0.122337062082767,0.12317354618191,0.0159818475264133
0.361217973584237,0.247727739826698,0.149889060546138,0,0.241165226042927,0.263130169056119,0.252762689229074,0.121954285029408,0.0362061615572321
0.400927001242916,0.238932440496942,0.170663760960925,0,0.189476797299217,0.146723050778324,0.191210679659816,0.13367621192868,0.0527638791367877
0.461129938592511,0.141982833077408,0.127104843976508,0,0.269782384353573,0.0774588671511844,0.204847643906196,0.112281645266938,0.0679891412756948
0.404540911668419,0.218434004692158,0.191650719006498,0,0.185374364632924,0.222784955315815,0.198959160113193,0.119587517963367,0.0289977239333455
0.349219575318161,0.218814615774251,0.112321819607506,0,0.319643989300082,0.181348179618185,0.192315412191397,0.158124378790966,0.0173597273577545
0.485135437077441,0.15161548155883,0.133079949295731,0,0.230169132067998,0.132468463369777,0.204492549952018,0.0577789615000005,0.0216658816103485
0.32735396412981,0.323842627218613,0.100832392493719,0,0.247971016157859,0.169818573623971,0.227899842280865,0.199914702499873,0.0107747225169251
0.388867737905621,0.158464997572443,0.153662414653764,0,0.299004849868172,0.0636579361413511,0.199903504205972,0.0947817587524467,0.0118481969202558
0.372608934170831,0.212629431961178,0.156383965278389,0,0.258377668589602,0.263546971494546,0.197407145198928,0.196503044925454,0.0248984903591168
0.42160181599129,0.211112185096539,0.0987871820440697,0,0.268498816868102,0.239840384193452,0.239847348483654,0.0950111534664698,0.0210006759442197
0.44035044994709,0.18381810497492,0.0872902451759868,0,0.288541199902004,0.0624250526579167,0.201621741481456,0.074809051946623,0.0216250715250821
0.411138530263808,0.193217824984992,0.142559366680555,0,0.253084278070645,0.0692005056047063,0.168200537199051,0.146160981399205,0.0390626977471437
0.443440281643349,0.188082481900343,0.109629975646799,0,0.25884726080951,0.114521278257955,0.197381987183842,0.126950081677305,0.028889310746089
0.401060923833134,0.227868659626559,0.173528237858569,0,0.197542178681739,0.138584173467233,0.236336908897101,0.179571899142003,0.0215982482862162
0.420105856201289,0.32115205833155,0.0732940362600775,0,0.185448049207084,0.373650949848127,0.295737614527232,0.138243198097816,0.0155141317682012
0.415620261913043,0.260616933595099,0.0959994870471372,0,0.22776331744472,0.209241523006427,0.145258192653151,0.0908457641132052,0.014794947475569
0.496439857804792,0.131300569337595,0.105680323260548,0,0.266579249597065,0.172214851603889,0.191711881520518,0.16944110410677,0.0329741732302343
0.461368889270802,0.167755752938101,0.125804029720479,0,0.245071328070617,0.196877777497339,0.186999598691991,0.135977116687714,0.0184938573438316
0.350211757526626,0.188729700020922,0.161482675347447,0,0.299575867105006,0.0937815112477567,0.163790752863653,0.146951384709029,0.0366816600382481
0.432363613603499,0.172256964884883,0.107636430206006,0,0.287742991305612,0.120938063692583,0.154389356028622,0.0421123705325146,0.00853517192597582
0.45034022283702,0.158970691705926,0.104445042321323,0,0.286244043135731,0.0169928301378928,0.20879547161612,0.0854101749235554,0.0230973638385038
0.408726045497657,0.240533894402919,0.104647030581878,0,0.246093029517546,0.165224986911652,0.215144237841656,0.143820104403276,0.0257865482128421
0.505797279704731,0.116434746381425,0.0840512222925031,0,0.293716751621341,0.0628793789747404,0.158552541487768,0.116812356252924,0.0142089867454946
0.369425359059826,0.260639534015869,0.1616613295797,0,0.208273777344605,0.144638131876618,0.209151096538059,0.125054631164891,0.0599434068985934
0.380572579940388,0.229063884949778,0.117013685571777,0,0.273349849538057,0.127669634864636,0.21804136408712,0.0889219437053852,0.0242895873794134
0.441526877094593,0.16018255612163,0.160065130097055,0,0.238225436686722,0.172072478753054,0.218617078358794,0.085191629049732,0.0371869251713692
0.456789505036453,0.144928976625161,0.162736635858862,0,0.235544882479524,0.13435104710905,0.174471525260016,0.0622536009743582,0.0547314745668247
0.399488425937619,0.235366209363646,0.124488102039935,0,0.2406572626588,0.257007818667527,0.130175730383128,0.0939411039408228,0.0218704871045447
0.416740438420033,0.258568659031306,0.125185264233539,0,0.199505638315122,0.2912253917875,0.208619046588954,0.175360032284522,0.0430630457913215
0.461405010533183,0.143247339766898,0.143712305828219,0,0.2516353438717,0.171488925245271,0.221834470350467,0.134463034418121,0.0300847696042782
0.430862526642048,0.263319943695608,0.11686832677482,0,0.188949202887525,0.222227860170028,0.140134717249797,0.204307333594029,0.0274663761233435
0.477372074365132,0.170058479264486,0.124995451087387,0,0.227573995282995,0.200548026807342,0.118041176071103,0.202552443180817,0.00768904585834017
0.394333489111759,0.217703552491056,0.146643500430694,0,0.241319457966491,0.230321243831508,0.196495568928945,0.114572339204132,0.0212787179412027
0.418580594321706,0.2112217670581,0.14141464902786,0,0.228782989592334,0.147385653969476,0.209790490086841,0.129623182761034,0.0416326501730153
0.390380336679639,0.168121745253902,0.135371992416167,0,0.306125925650292,0.144263319076436,0.136336124798822,0.134660623310962,0.0243156368620683
0.384714874104682,0.229328449139078,0.134185753768424,0,0.251770922987816,0.170714252052736,0.215765542509341,0.192837702312747,0.0148656002221001
0.427631037129659,0.15198544679481,0.163285158133851,0,0.25709835794168,0.141237098747175,0.133458176561281,0.107384077501628,0.0379741930967294
0.385835109330534,0.180546385018107,0.14363525720112,0,0.289983248450239,0.259185081521549,0.21427186383256,0.119222861363951,0.0397611866823692
0.356888573888291,0.200361593174682,0.140684364960605,0,0.302065467976422,0.104030570694251,0.209890094292842,0.127670539427092,0.038660305743573
0.332389919332291,0.170915234132044,0.122475984486304,0,0.374218862049361,0.078459574960193,0.183240970946961,0.0559495260120551,0.0547235713440733
0.472267304253212,0.0902324562851756,0.162595671564066,0,0.274904567897546,0.143545014976435,0.15462689330682,0.140605658970545,0.041546021684739
0.374467517221464,0.17673689013095,0.148177018795797,0,0.300618573851789,0.202743318225352,0.164284534848654,0.154268728083877,0.013004577587655
0.428326705396004,0.154723743675389,0.105020234835217,0,0.31192931609339,0.108963716824982,0.162908076716586,0.136304089639577,0.0283178911458971
0.38962084956797,0.198611909846368,0.098473159560424,0,0.313294081025238,0,0.234411907380537,0.167653635583988,0.0166962846072996
0.326945345953691,0.314595327675122,0.156376353048516,0,0.202082973322671,0.141435119955517,0.172607823264203,0.187704921133466,0.0400979119157746
0.412260926423681,0.165079919968174,0.194396350861359,0,0.228262802746786,0.128526154905406,0.150673062279306,0.14977224766345,0.0477550556714077
0.401849909306445,0.162623117278598,0.117200457874339,0,0.318326515540618,0.17635530354826,0.0594198672330506,0.123952975091703,0.0251666856915612
0.447669146454294,0.242513924421011,0.0952066867093593,0,0.214610242415335,0.310403493838234,0.268313462545373,0.126659040880421,0.0227833926252631
0.40534217096965,0.204576261496132,0.0917670931655728,0,0.298314474368645,0.185555223548654,0.164516276827726,0.0660067953954402,0.0117409928504861
0.374340493171815,0.262416989358131,0.165100752356331,0,0.198141765113724,0.125913368939089,0.195329397050943,0.155424923362978,0.0423576328499095
0.399021348662025,0.178896576388538,0.124551003323187,0,0.29753107162625,0.0641353837286272,0.173466460620558,0.176711605735709,0.0213456512458768
0.413346079768735,0.228157784598281,0.104481100006733,0,0.254015035626251,0.217954209730958,0.127632705443954,0.100345672315282,0.0212368944285127
0.389023418387059,0.216911826032576,0.165632926864968,0,0.228431828715397,0.146297757466991,0.193646887286557,0.094352108829881,0.0402162845450429
0.408311749768926,0.218386650096816,0.146226898094827,0,0.227074702039431,0.164343400233947,0.215289436311992,0.123845428694616,0.00363323029414049
0.371468156375194,0.204232129785852,0.113190112419032,0,0.311109601419922,0.126566137651116,0.125416794762244,0.0629247284359289,0.0148123255690744
0.444704534430031,0.112411641676515,0.131011358117908,0,0.311872465775546,0,0.132199318707929,0.1567949170134,0.0211158726111292
0.437656406791151,0.163440215558522,0.149815127100535,0,0.249088250549791,0.12754953345724,0.123335890546025,0.137688967116767,0.0173913848173076
0.368774875561459,0.1286460440643,0.196148530524703,0,0.306430549849538,0.0827798617976079,0.190118059505956,0.0344662820956391,0.0330615566380641
0.391452857498068,0.199631993915169,0.117282313394203,0,0.29163283519256,0.277564632534949,0.152350856540917,0.162651410571195,0.031762764111173
0.375952613047088,0.192797200643755,0.14289851621308,0,0.288351670096077,0.102437751789589,0.300726882978091,0.144117825021031,0.0440348880240627
0.424424852063415,0.0971234611301904,0.14904865794467,0,0.329403028861724,0.0949355665841616,0.122560088706156,0.0701465214033253,0.0176456061364651
0.406402070102473,0.203844684678044,0.147119053354081,0,0.242634191865403,0.16089689826417,0.187853521652645,0.13874468510774,0.0108725717610239
0.431614249962333,0.127909948350114,0.193390154732432,0,0.247085646955121,0.127044444611895,0.204421022568291,0.140279026427402,0.0310668482472542
0.43634915887882,0.145467782049403,0.177902694323442,0,0.240280364748336,0.168334305380337,0.190937633855553,0.0299918507462866,0.0328890138769419
0.436460190569234,0.156453400603963,0.161492208880358,0,0.245594199946445,0.150497584607789,0.147118979306478,0.100383957493645,0.0318368563960063
0.344244203261516,0.259335904894221,0.138358736782196,0,0.258061155062068,0.258510501222984,0.209307367851276,0.0708729476275721,0.00449690077314088
0.428179885175119,0.222032274330061,0.106491852348911,0,0.243295988145909,0.115446243546729,0.191457216439179,0.15208680522647,0.0250522792009698
0.41343080371228,0.246862689524787,0.129736714004151,0,0.209969792758781,0.189101531423644,0.253270298459058,0.18014493560213,0.0227587393344928
0.384524813686066,0.269441950958552,0.104139021961987,0,0.241894213393395,0.272882951173223,0.153121582276984,0.108575382652439,0.0211824617334421
0.417558820422176,0.192276433358,0.145853342919585,0,0.244311403300239,0.195177185408481,0.220267258729382,0.0397155978298924,0.0553676552338422
0.471080032031813,0.195242610115828,0.114251582494641,0,0.219425775357719,0,0.119971485194611,0.113214643621768,0.0130142594306966
0.384004069177847,0.210513539739136,0.141397634117085,0,0.264084756965932,0.161609357991515,0.137857832080758,0.129164879736317,0.0213461856062366
0.351063855265295,0.238827713805292,0.171078493944022,0,0.239029936985391,0.171263318108752,0.239052242729558,0.120264859647612,0.0424211032404542
0.375386886048776,0.25163291571224,0.0978635635568118,0,0.275116634682172,0.168434210456373,0.227326860614444,0.113076934922399,0.00358192856443302
0.400846007522826,0.281317797672406,0.0966895371529566,0,0.221146657651811,0.088544204298381,0.190217592337394,0.105319483126628,0.011736039900154
0.523669572244632,0.198550462792601,0.125284142489578,0,0.15249582247319,0.107665938987571,0.191658688841128,0.128637283575001,0.0314829478814675
0.401470709665685,0.213077975139927,0.106040409794094,0,0.279410905400294,0.255126046817716,0.179547743611383,0.133036520736143,0.0354381043252202
0.435287753852462,0.218249996877632,0.154628385938481,0,0.191833863331424,0.220486311736763,0.224054848658226,0.0769501471058691,0.0276221171594508
0.334252378478926,0.255718680647783,0.136597227640015,0,0.273431713233276,0.135788306125137,0.243133104991188,0.188314825940495,0.026033181175815
0.362790829951325,0.278581484748175,0.118755787882037,0,0.239871897418463,0.229247011179324,0.241203025403453,0.147530244645738,0.0569767458500892
0.419460113301066,0.260310934644009,0.0890182601355226,0,0.231210691919403,0.270262804018558,0.172391310086222,0.164161462832661,0.00238220253704652
0.466666517170676,0.149042497044597,0.149299927634924,0,0.234991058149804,0.100729472013885,0.140392933476832,0.103622559718109,0.0223087576468566
0.405035657145496,0.207655963810917,0.0954957810084161,0,0.291812598035171,0.134113995102558,0.184658941976373,0.0996807844496859,0.00502669534449921
0.433196245681836,0.160945077550549,0.170206240113002,0,0.235652436654613,0.21715900264776,0.185002919092296,0.103387771103422,0.0250148558414772
0.312154735506164,0.205477140157658,0.205935752395451,0,0.276432371940727,0.249830675945412,0.155096430107071,0.174369153972188,0.0353835316699991
0.345365164413301,0.209222891284341,0.146906541774525,0,0.298505402527834,0.165003829172929,0.22854834325569,0.123883920428934,0.0130028324840528
0.371516245741141,0.219042746872797,0.200599319763376,0,0.208841687622685,0.114514884150811,0.204625038358046,0.211116173051546,0.0339320075673838
0.336168220885178,0.214940327654304,0.137084582725747,0,0.311806868734771,0.0434552514330839,0.173611162447258,0.110253968415385,0.0214969276166944
0.434408233915197,0.165035451430406,0.171939947154982,0,0.228616367499415,0.0627313044540437,0.115128976637551,0.114601454006918,0.0266249277927936
0.462075200110048,0.180438678119874,0.100207731008837,0,0.257278390761241,0.0521183044858552,0.181670777180433,0.09349985494646,0.0234365070404301
0.395154508171654,0.165877713694026,0.173499924174885,0,0.265467853959434,0.220873661309113,0.224419784480433,0.171573357002744,0.0494529378017875
0.337922133863243,0.217131537557238,0.214447985081956,0,0.230498343497562,0.182810364585242,0.161279365072629,0.134692212359275,0.0328793620776207
0.45651861899728,0.189674496945756,0.15538615060894,0,0.198420733448024,0.114707665278422,0.225434135303639,0.0846303389700286,0.0671148022321394
0.402605025705793,0.16334036857139,0.186011789639024,0,0.248042816083794,0.211111138248823,0.211221462610221,0.0905617209377475,0.0255978251732255
0.39809889118048,0.250937638762116,0.121583684912113,0,0.22937978514529,0.180232309096839,0.294845295532973,0.102855011858834,0.0098168771425391
0.469337852669385,0.17316048461185,0.138202802576044,0,0.219298860142721,0.108223587543085,0.201774484417628,0.0881903824809482,0.033840303005985
0.309398435166827,0.28569430673262,0.158533007394405,0,0.246374250706148,0.131636458209231,0.170553400613076,0.144213671750701,0.027343465214231
0.425223686292746,0.18837110724934,0.134548358423323,0,0.251856848034592,0.164079694365791,0.225861651834825,0.0553276934750998,0.027813316220761
0.395583850603086,0.21954543451162,0.13581529952332,0,0.249055415361974,0.135503267846589,0.158439219655412,0.116390977947284,0.0454270431984731
0.370886840532555,0.187899887588904,0.180191101335109,0,0.261022170543432,0.149861516861984,0.140199275046994,0.149881722106643,0.0274245284191031
0.456080703157746,0.13334979785113,0.0892353908039415,0,0.321334108187183,0.00621862053947826,0.237101983015903,0.0773788904852221,0.0184352779637744
0.375214261708249,0.257893231496272,0.152900777100374,0,0.213991729695105,0.261943456312157,0.154595528875865,0.114236889024061,0.0161394845759998
0.37780982976898,0.144354690457364,0.223497786411797,0,0.254337693361859,0.0950411662224074,0.273802849967605,0.149410362503855,0.0200118630571066
0.322260353307336,0.298810307520122,0.16111939883996,0,0.217809940332582,0.153060570826349,0.249296772320641,0.183069722094246,0.0427883076002101
0.502845416233395,0.207255303928244,0.0934868386082687,0,0.196412441230093,0.153724269901863,0.213586871412444,0.130815893854787,0.0374392011210915
0.414718276387717,0.231608425506655,0.143008825923009,0,0.210664472182619,0.228971329462837,0.244206505142246,0.137849989823497,0.0214584853113646
0.365805440088107,0.239816625615925,0.163921332976682,0,0.230456601319286,0.261802541504201,0.241359279932351,0.0818455925580921,0.0686114464484625
0.253341746311214,0.284235942752624,0.192331611509083,0,0.270090699427079,0.269709082643771,0.256006343765706,0.114966173904962,0.0334700416443988
0.377680229400509,0.220009687223065,0.195026957110541,0,0.207283126265884,0.172059517160278,0.28859940934992,0.0824862740877131,0.058602023868478
0.386635985233723,0.184620682287567,0.178915604806341,0,0.249827727672369,0.240915664461752,0.220260886989651,0.108261403680702,0.024341846906993
0.417242432295621,0.162354669564742,0.136323350794415,0,0.284079547345222,0.190276946001644,0.213223146251027,0.0607563624938822,0.0048982349692727
0.375469752417105,0.271415229561638,0.134235037541344,0,0.218879980479913,0.157188726317265,0.207384626542883,0.139567207038663,0.0335714212469437
0.483042579532928,0.202776889463567,0.117028737752281,0,0.197151793251224,0.11379502643476,0.22490698079737,0.141119941715672,0.035441046448412
0.365932413273151,0.189954541187752,0.120570797787049,0,0.323542247752047,0.182419754434656,0.149459298922005,0.122979904964492,0.0248461642860332
0.321150646065071,0.254258624453576,0.200933441221305,0,0.223657288260048,0.170611560112517,0.243496448852906,0.129303743331769,0.0148681362998779
0.366241488446007,0.203003672765543,0.180566749898365,0,0.250188088890086,0.238525527839477,0.178355826840385,0.105046420763679,0.0247056055185978
0.352856963651965,0.26672971049998,0.150131697997239,0,0.230281627850816,0.217657903364388,0.214438488723861,0.128691077798124,0.0341268519287307
0.338724699709325,0.280736035924968,0.124492573119663,0,0.256046691246044,0.151726640999396,0.205586723416411,0.159834552011166,0.0258633768970006
0.346690292231729,0.199099748974407,0.144555413290389,0,0.309654545503476,0.146117503727886,0.19265925234146,0.132366470609622,0.0307450604975013
0.485862655220856,0.135800183766495,0.180357664646744,0,0.197979496365905,0.0202314887886856,0.239415407838703,0.110889868494507,0.040441265634732
0.373859547813339,0.25457493572178,0.101114649023897,0,0.270450867440983,0.136999839488977,0.250868693008668,0.146261007900147,0.0070444193672542
0.415960852314183,0.154148275788314,0.132694355160463,0,0.29719651673704,0.12094143203546,0.175670341139925,0.0454478283794738,0
0.426770603600206,0.162011051837498,0.239400139019985,0,0.171818205542311,0.225094370995671,0.294840693504561,0.100543673217584,0.0334821780215128
0.40656524526077,0.267831556008672,0.104797426606361,0,0.220805772124197,0.145196773489199,0.17926063994432,0.200885926999783,0.00314639844875797
0.354809714121801,0.179844205820374,0.162781362587444,0,0.30256471747038,0.12754278741927,0.196889053120312,0.0979952631036905,0.0139785656280392
0.370796665071563,0.187515280181117,0.151896226780615,0,0.289791827966705,0.248930961568298,0.154617813664888,0.121444554447667,0.0734634337233053
0.457436468771897,0.159137782167027,0.182445142036291,0,0.200980607024785,0.129642468330237,0.207042891897924,0.0761371640449273,0.0322210069674333
0.367129162956781,0.218405320323902,0.14499996088861,0,0.269465555830707,0.236104293822787,0.215619637415678,0.0962869446429545,0.0210212142614413
0.386075659972345,0.253235645680542,0.118729177573299,0,0.241959516773814,0.139327950977942,0.205042590308384,0.135685977468518,0.0317912837758564
0.326659405603812,0.304887159734493,0.140327664229734,0,0.228125770431961,0.13530768977695,0.201133685773702,0.135050827958308,0
0.349153886093498,0.245225853046369,0.179404769154282,0,0.226215491705851,0.294311292975782,0.16945582532051,0.163478090520597,0.0559640810225361
0.355537024461885,0.25636972640876,0.175848362052905,0,0.21224488707645,0.195819759354748,0.190427694808435,0.12172348564038,0.0680877517763018
0.473665246228483,0.135962723721359,0.0969033341966981,0,0.29346869585346,0.0191601897120047,0.152247681233801,0.202524953522423,0.0220756751212313
0.415957494316179,0.205843504157736,0.100757812342631,0,0.277441189183453,0.188389831049454,0.188594981243777,0.122508293392282,0.0122386128630345
0.271255768204078,0.264295421163594,0.201457631150456,0,0.262991179481872,0.147505431183267,0.199794388921305,0.1520659177116,0.0164746282433327
0.508429955771927,0.16677139669062,0.122625992049161,0,0.202172655488293,0.162958903812468,0.165011474371526,0.0810002944784675,0.0145045733548255
0.442850403618369,0.236526891525669,0.0861273501538352,0,0.234495354702127,0.201700350847766,0.130650852790878,0.108675761225964,0.012296134106367
0.400274978484596,0.236735506488622,0.148887239708442,0,0.21410227531834,0.148499912219501,0.182657107763093,0.137501203419901,0.0198787220955135
0.462223142251398,0.177486660149272,0.11815005074395,0,0.242140146855381,0.0437434423323944,0.179393894177297,0.177710190114728,0.0412670019118254
0.275478348204618,0.236016082366008,0.1431404576677,0,0.345365111761674,0.236733155221545,0.229247710290534,0.259664274262438,0.0115409326249714
0.41997549723212,0.224195626958762,0.140677348667418,0,0.215151527141699,0.108277541104785,0.25596381635583,0.144075504206537,0.0250931309835244
0.406200297372938,0.285830564794953,0.106951193480324,0,0.201017944351785,0.181652580499515,0.198690591589238,0.141208754088298,0.0413400643284961
0.345912809309576,0.235597858943496,0.18019975665212,0,0.238289575094809,0.224612181703958,0.156875928234539,0.166530352628259,0.0161936770588798
0.416754939043896,0.22120564896228,0.142793794267016,0,0.219245617726809,0.0974264101580375,0.221722067008844,0.150234094959023,0.0292962596085366
0.360522050845382,0.273629167608519,0.170323810902953,0,0.195524970643146,0.272214204936855,0.267386228409171,0.141355840623252,0.0243571942477964
0.387904847662886,0.25239626393327,0.126009377284169,0,0.233689511119675,0.127286619115181,0.160848103015538,0.0783457092659299,0.0561200838731761
0.418245099864612,0.191144414660931,0.103154235452808,0,0.287456250021649,0.186784135398519,0.146348908469062,0.119795159586611,0.031612335557678
0.379104098505417,0.230731334471232,0.122763128507137,0,0.267401438516213,0.24385365662737,0.241787318280587,0.108972117578929,0.00495348288957433
0.385391936114345,0.259878101636435,0.1151328052245,0,0.23959715702472,0.218298757553847,0.196807731420417,0.181997041817691,0.0253082151036838
0.359270989339164,0.20881779143541,0.176445811772194,0,0.255465407453232,0.255978698391302,0.161396101162717,0.0985697047790295,0.0407791552288781
0.355197416661802,0.248745748949767,0.120758085273231,0,0.275298749115199,0.165829307660261,0.284992249569938,0.100555259793702,0.0307710247297637
0.43534865199364,0.251208554260281,0.126634729418977,0,0.186808064327102,0.231207519995266,0.201424831804042,0.118861966085026,0.0261520890869865
0.382231642378209,0.169631473071505,0.220416086973099,0,0.227720797577187,0.135581992711562,0.203773149582201,0.13415919342138,0.0141427348231318
0.380222767338457,0.21254591183308,0.0949526902999721,0,0.312278630528491,0.279665611031112,0.223143033270619,0.173769113223346,0.0482041948210261
0.401108816732682,0.223302479674283,0.0899499942980004,0,0.285638709295035,0.0776076127383123,0.20275777604253,0.0822570675469284,0.0118520757271325
0.355806865567588,0.213008393876896,0.208371101901757,0,0.222813638653759,0.253585119618818,0.176399627795413,0.13752215283661,0.027782339233161
0.428407074502222,0.173860560988246,0.12624763522068,0,0.271484729288852,0.1632920501674,0.18224692029067,0.121569845083369,0.0627220654264118
0.319268733449913,0.260551955966913,0.141409993094152,0,0.278769317489021,0.192139300374242,0.21948398279258,0.0982928978886706,0.0269620302395764
0.399447553637308,0.177195153465903,0.161470134677117,0,0.261887158219672,0.181877267626205,0.156101155771727,0.0935282044104731,0.00819467342211328
0.425540480445605,0.222129792029687,0.109591686835498,0,0.24273804068921,0,0.170652987196761,0.0938231617522094,0.0150328668381425
0.313326399222416,0.25470647661897,0.11916257271111,0,0.312804551447504,0.020878774568358,0.206541619888976,0.101659333893003,0.0284543913346807
0.35726375009203,0.200997540307461,0.185090188916904,0,0.256648520683605,0.2144001180676,0.160642480838897,0.129611027806573,0.0240269277019008
0.393478283870802,0.154684786569905,0.170313983584188,0,0.281522945975105,0.0402206918606429,0.138753217558569,0.0956481987747115,0.0624275649161186
0.417269822971668,0.172956676081116,0.126926357349037,0,0.28284714359818,0.186763200221051,0.190119783142662,0.083197857893657,0.0212536769231613
0.371536329650074,0.223552824393927,0.170977506730285,0,0.233933339225714,0.14346694783268,0.219431760910783,0.172899478221414,0.0142205022988133
0.410339088175165,0.223175594818426,0.144116680207163,0,0.222368636799246,0.124206543233003,0.133976413008698,0.101045994562934,0.0498092555882169
0.335271311434695,0.264054682827926,0.158494442418841,0,0.242179563318539,0.158473774420942,0.233507789631142,0.133826340870956,0.0448185637734415
0.329751576009892,0.229636031576526,0.153690415761072,0,0.28692197665251,0.144801228354203,0.197511952611607,0.111258511351231,0.0438606252252765
0.40894820300335,0.130307084188311,0.152424617141984,0,0.308320095666354,0.14797292031129,0.195724456626962,0.0670248590646269,0.022422819432455
0.311308754689304,0.215532538035979,0.162043317411974,0,0.311115389862743,0.22526303267306,0.182593481206808,0.129070382856565,0.0162630234864734
0.355442321563171,0.222585489008148,0.20738445320233,0,0.214587736226351,0.0963034780821704,0.153094102526179,0.0921662277245896,0.0209339630258399
0.287631166962564,0.243506057511389,0.214860937767663,0,0.254001837758383,0.213729443709259,0.213244825644932,0.108852993008642,0.0319087556817117
0.373802034053882,0.197740907536376,0.151565969948041,0,0.276891088461701,0.261108978710701,0.144586320891708,0.0936099122610292,0.0144543383133381
0.381784253266216,0.226826417484143,0.108961087360708,0,0.282428241888933,0.118535588435182,0.218032326244045,0.163673534681881,0.00527685530218112
0.365906301977866,0.182577913665696,0.182069262382137,0,0.269446521974301,0.156966749600537,0.118683553347837,0.11327009353642,0.00872843307149643
0.447708964492964,0.168328710285928,0.13221870860399,0,0.251743616617118,0.260012915333228,0.187519886768069,0.11251163939173,0.0311760817403307
0.400317460933082,0.181771457545253,0.126116089300676,0,0.291794992220989,0.136125500229682,0.21589649251878,0.069456754655283,0.0201787025738172
0.455372021073152,0.146945725257884,0.11964827304348,0,0.278033980625484,0.0982992470099097,0.104921417129112,0.116287385745888,0.0270460950388419
0.414422920430584,0.22414321905713,0.134392722307626,0,0.22704113820466,0.184823581087423,0.238158139252003,0.202489647257175,0.0233837070424038
0.430679914536191,0.189647318387298,0.0849759167869023,0,0.294696850289608,0.0695534575024657,0.173345783165663,0.0325373111509898,0.0192439834863421
0.372741969965089,0.224204682889825,0.0878700979602308,0,0.315183249184855,0.211552654522037,0.20038456928093,0.0980607146902701,0.020441640973248
0.38019864332856,0.209481387329085,0.199240947512528,0,0.211079021829827,0.166530798244974,0.170603754803733,0.136054440038712,0.0451430196072542
0.437611064985308,0.230952572828739,0.0920503682432755,0,0.239385993942677,0.056666560212751,0.17538637751963,0.0947087542815064,0.0377847274307649
0.49007398266357,0.157841659151334,0.0994802187402163,0,0.25260413944488,0,0.14805478820307,0.106580522149755,0.0458103734554905
0.368226948570903,0.258147404235595,0.15282987676975,0,0.220795770423752,0.242538258610564,0.119244323427455,0.0790452360266491,0.0335880605739079
0.390847620497776,0.206847072666212,0.126557449254416,0,0.275747857581596,0.191187792614214,0.208048141179485,0.0967543024476153,0.0197156253696646
0.400707214508788,0.204967942811544,0.161749022632462,0,0.232575820047206,0.115097865327486,0.21615761684526,0.131457802421588,0.030426032762197
0.37079401604313,0.273187016074797,0.126405393888787,0,0.229613573993286,0.124573323017654,0.228060253147301,0.098846986498836,0.0293083147410989
0.380330108793153,0.188338747940392,0.135877083723378,0,0.295454059543076,0.0676890833900889,0.145072263869064,0.172188868446324,0.032428724776645
0.308418757249827,0.245676005625011,0.147208880416623,0,0.298696356708538,0.12905699809126,0.202475570564546,0.12859458943235,0
0.343131881143758,0.221772901924458,0.128775194096392,0,0.306320022835392,0.164995957198569,0.210758839364934,0.0844231120188559,0.0134541137541743
0.485510722585814,0.257499145638218,0.106738929801177,0,0.150251201974791,0.268625322926296,0.180056789185587,0.0937504242559432,0.0270105128954674
0.397532159578585,0.271309284666531,0.120582429028936,0,0.210576126725948,0.239285414707911,0.223567412021314,0.18198831420638,0.0433202663750863
0.315666702784002,0.291934460097355,0.176547001868221,0,0.215851835250422,0.147948066958903,0.228724106876112,0.103057315441711,0.023864651865527
0.35740487912461,0.28655529906815,0.169579192332814,0,0.186460629474426,0.130789104126335,0.183889666150122,0.0776824601420271,0.0307682753553529
0.499670469677254,0.115568091298777,0.126815486968471,0,0.257945952055498,0.0216961192810045,0.149762281903543,0.134503089331553,0.0132795573778181
0.432961668652678,0.215607455286201,0.114721481857129,0,0.236709394203993,0.180627331043623,0.237207969113967,0.12864634899753,0.0529697127853763
0.445925191373135,0.18602412785775,0.128618071236298,0,0.239432609532817,0.111960312437343,0.0695735364494917,0.13694152214069,0.0212672804604211
0.410469362783115,0.272433834420663,0.0779579396246715,0,0.23913886317155,0.191528532322104,0.162041936568343,0.140966802971456,0.0135247964783309
0.370206310442575,0.252056111529373,0.128165683547468,0,0.249571894480584,0.279405088724228,0.181988763798541,0.185095259180715,0.0398257868284477
0.403888161656986,0.171492541430374,0.222981397234401,0,0.20163789967824,0.182207555865197,0.240214898967163,0.115142346338664,0.0528998132528036
0.382131771063062,0.186653320451801,0.174077531762591,0,0.257137376722546,0.157580476334137,0.114759515493263,0.0780379932725806,0.0201712066866863
0.379193078504941,0.240574978182401,0.110708138050595,0,0.269523805262063,0.239607187022381,0.179346567115789,0.109187098495958,0.0573447067644396
0.443139045093458,0.213845026166598,0.156015814313423,0,0.187000114426521,0.186274571632956,0.160217108693285,0.137157530578562,0.0295055035839408
0.416456416388491,0.179188082437354,0.143145388941665,0,0.26121011223249,0.152000094689943,0.208004204959258,0.131579370709822,0.0173745465233088
0.445423112705474,0.139697494780447,0.148507095119855,0,0.266372297394224,0.0553050687695377,0.165815605993035,0.0741294292029525,0
0.354643290920244,0.199330062018354,0.120187478409746,0,0.325839168651656,0.123421248892274,0.122413042394931,0.15661380693556,0.0624850066332925
0.329039789212233,0.204435009588141,0.200389463097804,0,0.266135738101822,0.136722069291126,0.285305804722366,0.0645679805356496,0.0306538792209523
0.386187833939337,0.224443208596376,0.121819602580322,0,0.267549354883965,0.249357589514982,0.200425517232811,0.126723246759995,0.0200699073243505
0.480458429331751,0.169077838232615,0.12336471705711,0,0.227099015378524,0.134134827551239,0.133860848283055,0.109377167123614,0.0245346658919595
0.403898232368368,0.167655584478736,0.186496001372687,0,0.241950181780209,0.193805304323568,0.238832010876604,0.0724393137793635,0.0142393677336569
0.383136687855505,0.194793675809973,0.166232805654245,0,0.255836830680277,0.169058334053333,0.23486943002511,0.0900551442540282,0.0301891776112675
0.372642175650803,0.183774228638935,0.154939160050736,0,0.288644435659526,0.109630408687023,0.162328919541749,0.0958752153372805,0.0241596959129574
0.41702499721539,0.161932953210822,0.177926191564881,0,0.243115858008907,0.0600443823858655,0.154581487015969,0.228592275338826,0.0309279012309553
0.363357193429066,0.275289022563654,0.116007320184612,0,0.245346463822668,0.277947976264717,0.1821543674371,0.129718731764089,0.032489700645418
0.402474160169553,0.205175547212634,0.167394299875047,0,0.224955992742766,0.275272788240321,0.171497108399414,0.0726439446337312,0.054111429012397
0.444694311398715,0.194214087833903,0.127440573644686,0,0.233651027122696,0.21515634116177,0.251532138912157,0.0903400735107906,0.0324444067354581
0.433745748037714,0.219812586106521,0.109280224717379,0,0.237161441138386,0.205113713883007,0.16053057794069,0.166940594702286,0.0193657551031332
0.440432156102774,0.22949453023577,0.0858097200591004,0,0.244263593602356,0.145242011021407,0.196693758635141,0.105294512073437,0.0182898998326353
0.41576785846393,0.212014735977271,0.0981452620453192,0,0.27407214351348,0.0161889226093472,0.192467995563393,0.155904047026531,0.0221777760945499
0.435280910841408,0.206978706607484,0.121910919724908,0,0.235829462826201,0.0956517626361428,0.228109448495384,0.102763734022477,0.0117759312159066
0.344677027191962,0.272114591108808,0.090991875379425,0,0.292216506319805,0.204570130688046,0.211718451000254,0.144306447741257,0.0162540856033978
0.380891271734309,0.146447702205566,0.115610569328939,0,0.357050456731186,0.100511327015995,0.150805654449653,0.0345809964106315,0.0261664549628354
0.351046425084288,0.184568353146765,0.191138624377419,0,0.273246597391527,0.155471695994064,0.213275812810663,0.0358282062772604,0.0453506160550601
0.346888443715905,0.230264359274988,0.131525995375904,0,0.291321201633204,0.159354220157354,0.233837848253404,0.168665731687557,0.0171223551225711
0.336400868261535,0.256326198401179,0.18274824473644,0,0.224524688600846,0.270472880279108,0.201075754508462,0.05173927023159,0.0313461602368664
0.365210314281791,0.225059532848548,0.181260511852528,0,0.228469641017133,0.252222498156866,0.166708451451255,0.148000481324929,0.0665527717677453
0.436310930638502,0.12162103132175,0.124565288042957,0,0.317502749996792,0.197511907290517,0.224606971196657,0.0550267143125302,0.0192771748163725
0.433331812743111,0.169527739164857,0.186124971922239,0,0.211015476169793,0.217840993848609,0.198682323358378,0.122914279314999,0.028456032857051
0.393488405070349,0.244567035453991,0.136685684661984,0,0.225258874813675,0.169996654940778,0.199094419743203,0.12931568541728,0.0335161425171291
0.313166793622253,0.269479119256238,0.178076313115669,0,0.23927777400584,0.094007585607447,0.155543719272058,0.101912911687986,0.0420931944587635
0.451159377529264,0.148472208817294,0.113012443344003,0,0.287355970309438,0,0.225575134177716,0.0980304895263026,0.026226727146797
0.464487176781178,0.212549152292671,0.146274257759351,0,0.1766894131668,0.124793661474718,0.187505182139081,0.0913493761318613,0.033586130512571
0.372252631907345,0.309520682610888,0.138335453292721,0,0.179891232189046,0.310959350469217,0.231923868150117,0.162275811075416,0.0290481725823012
0.383798782250823,0.216332498117153,0.164271529045553,0,0.23559719058647,0.238853606904087,0.193470895716255,0.0268104362000286,0.0321877186559039
0.410038346492407,0.181469072016202,0.128994971436483,0,0.279497610054907,0.190208505464418,0.145298307706665,0.118901054047435,0.0207145474399677
0.40463222577716,0.248460308278529,0.137043616822307,0,0.209863849122004,0.130565494665619,0.190330092647543,0.105222942829029,0.041622698848851
0.340576808838348,0.238585867949962,0.169229866900503,0,0.251607456311187,0.266658185175424,0.21328972864463,0.017523940842236,0.0151017954858327
0.299060721601779,0.256900290953187,0.15815942163031,0,0.285879565814724,0.197614201618719,0.194992991526595,0.169303882182689,0.0528816999915451
0.37793000297468,0.196417639528433,0.137010825087063,0,0.288641532409824,0.175154745309541,0.134415327433402,0.132019238908682,0.00440537073269202
0.397168568994384,0.169845804681742,0.164116938404605,0,0.268868687919269,0.0801026288114079,0.195032417277352,0.127770644667776,0.0700077605873205
0.475462316685401,0.165263525625039,0.159372269495666,0,0.199901888193894,0.148120432630609,0.215864674103269,0.0932405287116491,0.0293468809683926
0.435717440336934,0.170368861252373,0.206019243811309,0,0.187894454599385,0.118759054626002,0.213772475154848,0.0788416993658315,0.0148128631353843
0.459425081374263,0.187966446787307,0.111912372606204,0,0.240696099232225,0,0.242489636122473,0.113951737092839,0.00821767784249987
0.449843163044332,0.173521488407781,0.143053868247631,0,0.233581480300256,0.184254781628634,0.150979237496082,0.149753290577879,0.0164129838826131
0.508249908531003,0.111635289894011,0.110755865472291,0,0.269358936102694,0.0729405920135431,0.139198137748966,0.120061874463373,0
0.397721369685406,0.0984237930294891,0.131086490966011,0,0.372768346319095,0.0593359966893468,0.144923108318222,0.082513354451034,0.00236563837908493
0.422808214162654,0.193048960829053,0.128871647796138,0,0.255271177212156,0.0703472475646772,0.225185923729743,0.187435490105048,0.0255087079337912
0.386604839804268,0.14464691392471,0.185848602896424,0,0.282899643374598,0.173985436782976,0.203623796524318,0.112752018571769,0.047168147640438
0.383168992296453,0.214169176536566,0.160583278256447,0,0.242078552910534,0.138777479800895,0.213973287546707,0.113712192022335,0.0168139259852644
0.36597151673694,0.229012563831718,0.16780526856104,0,0.237210650870302,0.190778852477451,0.172549685037956,0.12575191144509,0.00968867838520434
0.386008555779958,0.215559698311497,0.159072428365363,0,0.239359317543182,0.145276799075411,0.206964410779866,0.0778178353455861,0.0255989506399213
0.475102428823608,0.20470231168416,0.120469736024999,0,0.199725523467234,0.128934312641627,0.231764414541236,0.118909069131856,0.048117807106736
0.366430731727188,0.217316791529312,0.193346789985926,0,0.222905686757574,0.0980789810541749,0.251222361970405,0.102183636096485,0.0212177417548721
0.46395948725007,0.171237144646788,0.103911112812917,0,0.260892255290224,0.100573388969812,0.154893761820628,0.104653039915218,0.0474340629016081
0.379082929568016,0.181779707391497,0.129246589957469,0,0.309890773083018,0.235274097110356,0.16580458456827,0.0336836831808683,0.00785508524142651
0.410854421078055,0.194463162594765,0.156840097989362,0,0.237842318337818,0.230368561994399,0.149844480763347,0.102665593120603,0.0145858654227711
0.403345399950836,0.163331068559352,0.197874374094879,0,0.235449157394932,0.178671976557355,0.182541644024529,0.148878363754077,0.0319092398410406
0.450937891332107,0.113749169918123,0.115920939343506,0,0.319391999406264,0.0742273899640254,0.149561688685522,0.0798526697347241,0.0412485382798282
0.415200034675233,0.212289206333653,0.168167995399988,0,0.204342763591126,0.149987838269957,0.207932872721932,0.116713436502053,0.0312376290972307
0.364314719665917,0.270206164554577,0.117651475796087,0,0.247827639983418,0.210395453462772,0.188680795709564,0.104534901442977,0.0166479421512532
0.455952535977114,0.250688428690456,0.116733493247237,0,0.176625542085194,0.230136094875575,0.254974248507334,0.149560071137594,0.0246490607278468
0.366909414364194,0.265798588853159,0.123406570435761,0,0.243885426346886,0.351309737507855,0.188096612215881,0.12145204714966,0.0428741116315333
0.467186980164784,0.195705808354705,0.086630152180745,0,0.250477059299765,0.0873099901097385,0.193313100175608,0.133997108235378,0.0171800028910912
0.374369129334102,0.244890121994367,0.182551212625186,0,0.198189536046345,0.253729242016605,0.26935998141324,0.0925650438149915,0.0314858797840589
0.480561652379975,0.211739273484851,0.0745355070473973,0,0.233163567087778,0.140944974593466,0.165292730106829,0.15637077613131,0.00326916846362475
0.4471159376653,0.150389434138013,0.102855009945718,0,0.299639618250969,0.0411796274942988,0.121360717324401,0.0822229601290173,0.0654019057064742
0.469145984733941,0.236060964818961,0.120322074475869,0,0.174470975971229,0.0258069018683296,0.204267623727471,0.120024439378404,0.0226013687700763
0.424788701326628,0.28038619587806,0.145027863272469,0,0.149797239522843,0.134512312363125,0.236141524199544,0.20893918254081,0.029566161726648
0.387861939183679,0.198271094135864,0.116684998727911,0,0.297181967952546,0.240144007628585,0.241759314400272,0.133227763338658,0
0.393441127860886,0.22826376491979,0.123698195476881,0,0.254596911742443,0.161924997303618,0.204378927612872,0.117631937344627,0.00848844797773857
0.325049386288451,0.184035449328741,0.203811613269507,0,0.287103551113301,0.16568804627115,0.230473917650956,0.103634384707263,0.0227595974644499
0.365160317103508,0.249026335979357,0.180718761147422,0,0.205094585769713,0.18018609858909,0.277680513704247,0.138291841998299,0.0423312018044182
0.239029856915898,0.321968585260164,0.175467211913761,0,0.263534345910177,0.134549348602293,0.202042385885728,0.113190472147389,0.0335936417999216
0.390780050279034,0.245128513521364,0.150252744693378,0,0.213838691506224,0.0864599113729898,0.217754079185437,0.0948448263082532,0.0895242525337202
0.46468577265445,0.113639344598374,0.123869888140096,0,0.29780499460708,0.0207212503821603,0.151031407667004,0.0640366409647173,0.0126834987259771
0.461464474393359,0.162358999596542,0.123735030740668,0,0.252441495269432,0.135231014325483,0.174230365291528,0.100833595815284,0.0347843358369172
0.388322992436322,0.212338916191192,0.14253780152938,0,0.256800289843105,0.288996406058449,0.12265981570654,0.0925516892776316,0.0162357696582483
0.3549353839886,0.191539253733529,0.195221912039087,0,0.258303450238785,0.193205338774925,0.204142734877975,0.123106152315329,0.0250384467383551
0.435754167489267,0.198199550272604,0.13819898540706,0,0.22784729683107,0.210456367589346,0.277845587873333,0.103162715305787,0.0218768996747498
0.401532489436843,0.178254131012356,0.182428512250296,0,0.237784867300506,0.0867414237838604,0.177259593992602,0.0564620329689049,0.0572836234814364
0.406425705238682,0.169376918158088,0.194485060392443,0,0.229712316210786,0.189616537205452,0.172294644762204,0.171961021950478,0.0490759872639601
0.372184934134484,0.267746042500536,0.138251710505115,0,0.221817312859864,0.165851471753189,0.177819813172647,0.129757662489117,0.026094988819352
0.405889798653006,0.200117933496533,0.147853781227104,0,0.246138486623357,0.127655646028892,0.214520345884629,0.0667141149402977,0.0213144149974372
0.386970398432224,0.196452058704238,0.124117428423064,0,0.292460114440473,0.315695301430196,0.147159965757354,0.0972141923645146,0.0312665011679504
0.445713434932949,0.160824462450804,0.127216003254703,0,0.266246099361545,0.079170529916606,0.168533219679621,0.0523665181277025,0.0530336699441726
0.415006618042513,0.186944172927822,0.109888105177528,0,0.288161103852136,0.257082962082414,0.225822652966559,0.0671540695889074,0.023127553540132
0.435502086077103,0.239016545195092,0.117741771389053,0,0.207739597338751,0.212285498800708,0.148618201769975,0.115900115185467,0.0191379927344817
0.430132792328178,0.259814488925943,0.127615830325806,0,0.182436888420074,0.11805973016561,0.197831600530552,0.0787669738412267,0.0453643804964365
0.402839946338636,0.200576095624142,0.207845233227185,0,0.188738724810037,0.155098828362483,0.245104509966073,0.0875114153496886,0.0572258945915564
0.45853876866842,0.135911318641809,0.127068154555797,0,0.278481758133974,0.160468213266058,0.135073817896518,0.172214324114415,0.0546567150061494
0.369100812983815,0.221259313925573,0.147405529947523,0,0.262234343143089,0.161938011888754,0.226325834574994,0.159974686098601,0.0197024960685689
0.513709031245515,0.182843392034039,0.111309380833614,0,0.192138195886832,0.110402871556081,0.150645838190858,0.142297107764196,0.0352772608999487
0.395399191866614,0.185100009608855,0.162787971933345,0,0.256712826591186,0.132415130725988,0.102500607404021,0.190666304938771,0.0442804548387878
0.362433770774652,0.22915864984823,0.125244775828514,0,0.283162803548604,0.238953530027104,0.256235257874391,0.0891337938847013,0.0305554979806234
0.333353907800983,0.244343845802269,0.145811242868149,0,0.276491003528599,0.195229866699616,0.266047389425897,0.169201535257423,0.0248468706381873
0.407890831279125,0.209783885112442,0.167467113711843,0,0.21485816989659,0.135154303056405,0.186618339750416,0.0841090540241952,0.0394286355140726
0.437669161397305,0.269749904950221,0.135412930989579,0,0.157168002662895,0.233666959020928,0.153827088565818,0.162597755136881,0.0203122723484948
0.371666654290228,0.231413773631316,0.143051441528955,0,0.253868130549501,0.157529659907815,0.169484713455555,0.130271791668174,0.0168740420857213
0.349270279520302,0.219977130846934,0.16378570119922,0,0.266966888433544,0.080744104624798,0.214612073174987,0.151293261641599,0.0147152315999984
0.303391392100287,0.28519843446278,0.178129797780613,0,0.233280375656319,0.223824637253824,0.25336323469732,0.150247307526922,0.0108033152704832
0.412073114385929,0.148651361088707,0.0812696822854924,0,0.358005842239871,0.189211170242052,0.12534668799296,0.137050528365117,0.0143281829483724
0.420547511024498,0.169675380788275,0.078773636681822,0,0.331003471505405,0.079000517805044,0.179705499032206,0.112366620981015,0.0166209190465169
0.415163169510433,0.226101034131449,0.133308483846677,0,0.225427312511441,0.188052804432825,0.1875459277762,0.120975111680666,0.0157656989700448
0.491603877909475,0.139252819952003,0.110051149763204,0,0.259092152375318,0.17304633128865,0.138925550582905,0.0778687293560138,0.0262145394236561
0.441275008425005,0.214845152676672,0.0745463189263108,0,0.269333519972012,0.0823380023879612,0.117742779493811,0.119965142478911,0.0156053623492403
0.474690732922514,0.178254276648996,0.142551170421238,0,0.204503820007252,0.243593814409208,0.16296723664211,0.164283322057107,0.0543729424072551
0.423028079374232,0.270066282465439,0.157442610050223,0,0.149463028110106,0.135911117988837,0.201067323678937,0.107355264584237,0.0269407172824526
0.413003497443552,0.259491229188063,0.110809165885059,0,0.216696107483326,0.189592203706332,0.270992288795561,0.123560244133534,0
0.354010980983504,0.273300295664225,0.122043510969615,0,0.250645212382656,0.0740403755183442,0.185930126645874,0.118360145762545,0.0123867371731352
0.48077052556025,0.160380257766618,0.105752369110905,0,0.253096847562227,0.20337082643501,0.201586481389883,0.111710467436589,0.0293052011661192
0.412954574472223,0.200599312225807,0.155313785442569,0,0.231132327859402,0.187447027950375,0.25173226095623,0.106244982814343,0.0237953062312598
0.420007528713466,0.14959406595719,0.145215129021891,0,0.285183276307454,0.16220872075606,0.154296132993587,0.0764862278264949,0.0490234192338294
0.375096426956011,0.236158762339672,0.12341064947872,0,0.265334161225598,0.160078766829771,0.193799806044371,0.136857348362305,0.0311992297540389
0.350595440042437,0.249641331275042,0.153411402401808,0,0.246351826280714,0.0970659437265586,0.185692840815584,0.11596021312482,0.0324840463109915
0.451287977466604,0.177619435788361,0.175430993493132,0,0.195661593251904,0.167204633142776,0.183745636238921,0.12829925489124,0.0447448133885572
0.412338312523,0.231693855350669,0.110906136288342,0,0.24506169583799,0.207382115716087,0.2140964238407,0.1852295365247,0.00911845150764578
0.324047423373081,0.239070119071897,0.175824019140827,0,0.261058438414196,0.146235121149794,0.151760174937831,0.137541744159272,0.0477030453146948
0.396098544999542,0.222401428377633,0.137320577976855,0,0.24417944864597,0.254439900324164,0.223214943381578,0.129911039264425,0.0204039970540831
0.397023989010403,0.192770784560901,0.157688893015338,0,0.252516333413358,0.162806270098503,0.189625273050414,0.0811674167552307,0.0540048485648477
0.373348749683408,0.224608589907648,0.166738633948863,0,0.23530402646008,0.170414601531247,0.211734373716388,0.114976227099247,0.0288312898877516
0.358387691989376,0.257515492231725,0.132364528236545,0,0.251732287542353,0.137186803758099,0.220918279501391,0.12405289829434,0.0122450053558115
0.378804178122804,0.187010333446107,0.137737245044087,0,0.296448243387002,0.14913823047016,0.161480750640503,0.103293233200066,0.0184058385381536
0.376591182588721,0.245728539861699,0.156580229887524,0,0.221100047662056,0.261033708388728,0.256636655458358,0.150449544638156,0.0407300893634777
0.430149339925752,0.225577077680167,0.127954412244495,0,0.216319170149585,0.170077019000465,0.164082044094442,0.119476512252842,0.0246068979054348
0.339328991376661,0.218309144888137,0.151785189750022,0,0.290576673985181,0.200458926885648,0.199492791707269,0.0967963863564123,0.0284483738116609
0.371717316235932,0.174861800700326,0.157758860864877,0,0.295662022198865,0.203345522332385,0.171456125486181,0.100627264926699,0.0259617831897962
0.379657408038019,0.201434785999148,0.152845027357357,0,0.266062778605477,0.177879425372852,0.210221473474239,0.0284905725064884,0.0193566785773578
0.439645305553867,0.136761443335182,0.134814217873088,0,0.288779033237863,0,0.183831909273216,0.0839936859650261,0.0212147576326778
0.396218989699347,0.179010234599289,0.18787471326844,0,0.236896062432924,0.238667297138591,0.189265021134772,0.0997977935670146,0.049575219973244
0.367587967025062,0.172655977200632,0.0948526988088893,0,0.364903356965417,0.028706966403517,0.157952670407478,0.0614206267697112,0
0.406080839910789,0.177354694285738,0.170999191973708,0,0.245565273829765,0.128046324478868,0.23101517550197,0.056609482112549,0.0499948816774908
0.316962744507274,0.23025885309176,0.233035957994921,0,0.219742444406045,0.232817024777836,0.261062376668794,0.0745004288229057,0.0434563052160106
0.393105148746632,0.234514222669779,0.123618351277929,0,0.24876227730566,0.261936270374107,0.237786494179745,0.138154679871638,0.00697581055880931
0.399914475152656,0.188348639895555,0.18704042650934,0,0.224696458442449,0.17773815474436,0.187118947252828,0.102015619713931,0.0389940320169129
0.351919155595623,0.170887890980878,0.200628284611112,0,0.276564668812386,0.0636850296480286,0.211397080123037,0.118410492869392,0.0371919789030421
0.505848271374991,0.13390347153379,0.158536339572452,0,0.201711917518767,0.0385943343588855,0.160333156025913,0.138928071261406,0.0298881796728301
0.383899893004249,0.240645791808156,0.0933565871282219,0,0.282097728059373,0.238312834262504,0.134468657663622,0.0934390048566847,0.0355690755236126
0.382675331499379,0.232925666605922,0.148608871428237,0,0.235790130466462,0.203386387828836,0.235750894650202,0.12140607608233,0.0419612329890487
0.400898747931822,0.156049042797004,0.12914916815152,0,0.313903041119654,0.0507991461182693,0.130427577803058,0.0941297127326324,0.0130134243440469
0.448009523159361,0.121426849812978,0.166458326511079,0,0.264105300516582,0.182965601414939,0.203173919829446,0.120406368843879,0.0172397129667777
0.407110040551118,0.0670896021403237,0.120242678193522,0,0.405557679115036,0.041767450984959,0.0662231573061177,0.0300350600244225,0.042011178889976
0.3629855909027,0.243449007760934,0.191725616473642,0,0.201839784862724,0.228843499723903,0.238641085418297,0.108015193778489,0.0409788671239054
0.347821424310582,0.182868953288007,0.150111470998481,0,0.31919815140293,0.0901831484663479,0.204326918003915,0.0497078884486655,0.0548585200671509
0.365376681038396,0.182273097561665,0.104550692847962,0,0.347799528551976,0.158335465991625,0.142381019597101,0.103932180663392,0.0540661706077488
0.321786525282222,0.153841184559008,0.25009812952106,0,0.274274160637709,0.123851196951372,0.182369435171487,0.094438602641479,0.0307494689454209
0.362688221710909,0.195325248169156,0.220241846143345,0,0.22174468397659,0.189420547147185,0.249474264821661,0.100204136199331,0.0390340258384635
0.411174816240348,0.187994750970054,0.150375071868493,0,0.250455360921105,0.113869820737769,0.187003563761583,0.102995465489383,0.0126653877145162
0.406767242779527,0.182281955900494,0.135536764305662,0,0.275414037014317,0.0952328815257618,0.203312553582255,0.159993995875817,0.0386236263246663
0.514849651833842,0.132621474237962,0.127526320851212,0,0.225002553076984,0.217839570447532,0.125624059067744,0.0627084969056116,0.025383121952743
0.470980561010367,0.191307771664023,0.133150070415322,0,0.204561596910288,0.0612000659185993,0.172412559238294,0.0820102390979568,0.0246253413247342
0.462800651048062,0.15577277231615,0.116955513046865,0,0.264471063588923,0.118749843139408,0.188248933540911,0.12693531263428,0.0110655024198315
0.436828167142514,0.141210260560254,0.120010649049026,0,0.301950923248206,0.161393616881933,0.0957190421336085,0.0720581553379158,0.0150140854410588
0.35146434570018,0.222693943565021,0.168691471322053,0,0.257150239412746,0.130949670801813,0.18390622504439,0.11546848515782,0.0134203853432288
0.429449285481793,0.223409734463389,0.128032924353438,0,0.219108055701381,0.220272518672659,0.176360361147101,0.17607241803789,0.0204184802324475
0.393354318140148,0.16961880261424,0.166987679642459,0,0.270039199603152,0.179017508570943,0.146176322028022,0.0856857919154397,0.0119746914891462
0.347217457437004,0.255707208477381,0.141041980868029,0,0.256033353217586,0.272440923163752,0.248799077705605,0.0877035149964171,0.0290845658198956
0.32211155894194,0.233633437607099,0.166315571985195,0,0.277939431465766,0.264521781966471,0.148167025862042,0.0993053484778275,0.0164337728899157
0.496042562750605,0.181655187906566,0.0779685202113999,0,0.244333729131429,0.0942220036633011,0.134849953516028,0.13910494786277,0.0257086987868903
0.329824726269527,0.182977523297056,0.161566808715323,0,0.325630941718094,0.158897907595303,0.236468113082882,0.069014467178486,0.0296920337239181
0.28990690949983,0.275563393114191,0.19717296894034,0,0.237356728445638,0.279876863487887,0.145625424553324,0.117662728870458,0.0395766262843911
0.357649188011746,0.303238351815816,0.174381535303261,0,0.164730924869177,0.333261176768439,0.222683540958153,0.1215028131251,0.0478391817545155
0.448528436251551,0.173528293397488,0.105324338398936,0,0.272618931952025,0.0558520053831315,0.170528216689382,0.159710206266738,0.00796475810197221
0.303452214808232,0.332485914603663,0.176370434896604,0,0.187691435691501,0.256308290385307,0.281872965926415,0.244070257972586,0.0462521636577653
0.443010094158471,0.165438339511423,0.133094879479387,0,0.258456686850719,0.0782803571944826,0.104919378329542,0.194015729552071,0.00468221268768943
0.447767852014745,0.243206172339525,0.160400369158888,0,0.148625606486841,0.199674190474944,0.281842442793184,0.13873099534718,0.0418024558579542
0.31365557809717,0.296107882100836,0.138371385199413,0,0.25186515460258,0.190039494119606,0.213581290576901,0.143556389636428,0.0110295105741409
0.294422423305058,0.248479060938828,0.186742176605621,0,0.270356339150493,0.243524337411277,0.219178126163249,0.0688688664560065,0.0228884005867456
0.343654972033777,0.227078865611621,0.174010380545098,0,0.255255781809504,0.102576802719013,0.21803484589054,0.0946895720834907,0.00885427625056317
0.442160601177415,0.193892318192627,0.191285165529002,0,0.172661915100956,0.204964300480527,0.176550463266281,0.222831000961965,0.030767193980963
0.455654958789434,0.113790578210317,0.115184849493571,0,0.315369613506678,0.131008678333362,0.104224733071399,0.101543911506855,0.00583257384323472
0.471394705588285,0.166122630437605,0.139835127055687,0,0.222647536918423,0.146766842939913,0.199066396349936,0.136432450519683,0.0230151201523721
0.36864825850845,0.222749019545693,0.159506082878166,0,0.249096639067691,0.226196077603905,0.201946998254589,0.190628631150058,0.0177307685572508
0.434998146570915,0.196671637016988,0.168354522266527,0,0.19997569414557,0.219981045646977,0.323716862435081,0.116874221440285,0.0287968440915659
0.347334752118673,0.26513131156279,0.10791360480919,0,0.279620331509347,0.268527374146889,0.237608889751074,0.111940201576787,0.00483549850436256
0.455902280739797,0.213787383139518,0.10687672930015,0,0.223433606820535,0.14676975404847,0.170454889744192,0.0815558914400597,0
0.433139664312237,0.223809193258216,0.102798582920628,0,0.240252559508918,0.271297945069908,0.240454793191954,0.0801049234657777,0.0335568456892335
0.308032746092455,0.235285838294996,0.158996528582918,0,0.29768488702963,0.255461120415941,0.297853625578682,0.0953731534400688,0.0535452501661584
0.421288090181795,0.217650403573239,0.0974875349276483,0,0.263573971317318,0.209865402749337,0.181582938723135,0.154994617174087,0.0140591711402368
0.385953867285917,0.224667977807914,0.13251179796444,0,0.256866356941728,0.129409564479144,0.202721699543519,0.110224770920885,0.0489105227034688
0.365046597847101,0.33653464112141,0.0580887718002539,0,0.240329989231235,0.14042259280392,0.219123993916431,0.0921526513825183,0.00741180613458515
0.353922290570922,0.224459842229157,0.193975009261284,0,0.227642857938636,0.129502419878873,0.197870863736509,0.152912680834835,0.0455232953733872
0.409970289970206,0.191757000844003,0.150220071405876,0,0.248052637779915,0.0501966829951936,0.224863407395217,0.168127619649561,0.0115789324211954
0.480370437083891,0.135453001498363,0.0967247490438637,0,0.287451812373883,0.00381046268063905,0.175862732095144,0.137486481424281,0.0344988072210599
0.383543249660151,0.139767969235914,0.17609929043025,0,0.300589490673685,0.229340886672768,0.159763865307246,0.108487262649709,0.0420785561883055
0.415657094701611,0.25238593873246,0.120426100955971,0,0.211530865609959,0.261068238493415,0.202030311755209,0.11238705771367,0.0145359722790411
0.378440175261294,0.196979135665852,0.196445628759638,0,0.228135060313216,0.176394357398137,0.141792303953408,0.11981153117218,0.0358223931224895
0.360107451380502,0.280159368951045,0.0981340792086266,0,0.261599100459826,0.255965489594733,0.127666509476025,0.0749903994180612,0.031552014203632
0.263385113776423,0.314664513460148,0.156912872322087,0,0.265037500441343,0.270744829680472,0.224839144449416,0.0998901815247952,0.00382698883526991
0.350665844922954,0.15759089465858,0.137946910374441,0,0.353796350044024,0.20751705843345,0.166692393650312,0.0781202207915335,0.0307330482263279
0.315816907299443,0.285421264639793,0.13004845783102,0,0.268713370229743,0.176874976940354,0.291687324464734,0.140688295275093,0.0252977642079049
0.326566939628542,0.31895396167802,0.147716177470008,0,0.20676292122343,0.220568118575753,0.199406029258225,0.160895055242449,0.0235728465198776
0.358762312242027,0.311329047467096,0.165894831161375,0,0.164013809129502,0.0440460726151809,0.253295651448849,0.100471356212359,0.0413720652156896
0.357297924833115,0.167978825249475,0.220276573268723,0,0.254446676648686,0.147518062390465,0.216450572209719,0.0203967671066052,0.0488844479329545
0.389152843917872,0.214470581099447,0.147705769785452,0,0.248670805197228,0.18900708190553,0.191531147153388,0.117579041897775,0.0158595439747735
0.324356436318846,0.230317176436411,0.175572695349253,0,0.269753691895489,0.0879073248659859,0.242238003710826,0.100694345947323,0.0356544774103879
0.407292392796089,0.128357005623812,0.158955629281003,0,0.305394972299096,0.0851234366344631,0.209726579707024,0.170317740731041,0
0.374825832719761,0.198971245844106,0.135579646217742,0,0.290623275218391,0.106603708604864,0.156180290922038,0.0978908513862355,0.0111100076458931
0.454677615782682,0.193609469857555,0.14099861758654,0,0.210714296773223,0.179869339139475,0.230530781311803,0.179610203639845,0.0303544652275573
0.418958571186934,0.139401424318463,0.183797955941563,0,0.25784204855304,0.067742054134286,0.225546596618345,0.100432608931025,0.0170175757156605
0.404257017635633,0.196803201867256,0.163837573633964,0,0.235102206863147,0.221266302991039,0.197904994167254,0.164936217025737,0.057104443270907
0.405547713827533,0.181929486245328,0.152027157027606,0,0.260495642899533,0.182362673760589,0.210561298954517,0.133140009457565,0.0391404403909986
0.435867652986868,0.166007673292799,0.109434550092772,0,0.28869012362756,0.165572697897685,0.170094557027014,0.0655395068134461,0.00874364032898525
0.39225462852065,0.237000680796747,0.157544833151035,0,0.213199857531567,0.149918374353749,0.2054062693654,0.12665968672563,0.0158946641351022
0.47230563439378,0.116328607351563,0.16352096034505,0,0.247844797909607,0.108862707679824,0.154337548052615,0.113654260095853,0.0129905662068665
0.375154917557173,0.22423233044427,0.167712957128367,0,0.23289979487019,0.279959541433201,0.176772838257627,0.149342183224604,0.030265878189414
0.415819953832863,0.207358975248809,0.172935793495052,0,0.203885277423277,0.23753775180552,0.172436603245134,0.124469260010905,0.032811680727964
0.449557727999771,0.1353891151975,0.122621736957218,0,0.292431419845511,0.132885829682302,0.182712408169615,0.0550899127052448,0.00430842077899886
0.361414234193119,0.198961804109007,0.189567790385664,0,0.25005617131221,0.230175230682174,0.173554995028271,0.0849813731633933,0.0212459326588868
0.345587178880045,0.278832091205363,0.1392182812766,0,0.236362448637992,0.202549371047332,0.206479192537099,0.170330061088846,0.0291783878852246
0.441461552142314,0.17029450771394,0.140558010007288,0,0.247685930136458,0,0.180563767392785,0.0597245979380765,0.0505063363233167
0.371506985778498,0.1654608831815,0.125758625907465,0,0.337273505132538,0.267812123207009,0.192866450851946,0.114623364429182,0.00798075672320362
0.321867700343711,0.277052395104395,0.167621244752203,0,0.233458659799691,0.119485571568876,0.207678359112238,0.110668349191416,0.0715242309005037
0.397503723888778,0.218996282677443,0.137285429568693,0,0.246214563865086,0.202835351276863,0.221194129421362,0.098837886658987,0.0587412368454692
0.383966853634487,0.190847410033196,0.166613169964437,0,0.258572566367879,0.210545266910063,0.169310960579679,0.0914485220931487,0.0194099889860065
0.311627676546939,0.266610014185607,0.160722523919734,0,0.261039785347721,0.155011039909633,0.188482326434919,0.173755443303101,0.0502098981681783
0.428841243137807,0.166038523937084,0.127037023204871,0,0.278083209720238,0.240745642056561,0.136576167344364,0.166756725880625,0.036365660504518
0.364238540365082,0.181387216394004,0.150695325760333,0,0.303678917480581,0.222349945414325,0.179876599279878,0.0672023050893385,0.0239075208660136
0.469996804793057,0.132681399986301,0.186361821979167,0,0.210959973241475,0.148677534962402,0.179179088324307,0.115359499047856,0.0387547907899923
0.506805106941404,0.160935280901357,0.101561018267431,0,0.230698593889808,0.0378009799742068,0.1830352462058,0.139645286000397,0.00880747349589905
0.30452363420196,0.223785459366997,0.16264032056565,0,0.309050585865393,0.185459128086422,0.129670926691103,0.183447183445793,0
0.47530708116709,0.214178448129444,0.120191721645303,0,0.190322749058164,0.128096756652828,0.214199493553193,0.129326109186721,0.0270002488225522
0.430380050513391,0.211822993707596,0.146168890684113,0,0.2116280650949,0.199217786879154,0.171191634517239,0.118594285080325,0.0281963618173643
0.396474177206777,0.269819874910854,0.123212148296334,0,0.210493799586035,0.231721498718624,0.196160405832221,0.133490989271548,0.0377354361619545
0.415447318767099,0.209287968320844,0.146261525226739,0,0.229003187685318,0.163271635244128,0.198816679014716,0.161321298875647,0.0291498755085061
0.411419000414408,0.236813342675206,0.126240123772292,0,0.225527533138093,0.367284783903469,0.214711542849386,0.151921243596335,0.0112904446974071
0.381716286589266,0.158553269744308,0.110944501308928,0,0.348785942357498,0.136354070992732,0.173646617516531,0.13434802931446,0.0136180211610095
0.337990362218405,0.208033606963219,0.097514080414578,0,0.356461950403798,0.127826221804136,0.184667045803958,0.100389016221974,0.00945258757849524
0.43889112459397,0.163459318836275,0.140523411209275,0,0.257126145360481,0.147470021619471,0.160327759098184,0.0623554634934934,0.0427070887835563
0.405388583279825,0.172773922053316,0.18462859068473,0,0.23720890398213,0.203902768831143,0.143039820865873,0.0770195727118971,0.0397044846400054
0.44814530759666,0.185245911219927,0.120081297421716,0,0.246527483761697,0.24399424059394,0.162111801671543,0.0900555638241063,0.0251770831106579
0.444794722697397,0.190878049340499,0.133473261749381,0,0.230853966212723,0.217929163340917,0.199343931703226,0.0625015264218597,0.0600488741305965
0.457358248589061,0.12872261388661,0.144005203636568,0,0.269913933887762,0.193365226699674,0.228274504975452,0.129446157792726,0.0370080676188812
0.325827993677067,0.300465152914851,0.150201662375974,0,0.223505191032109,0.277887197162644,0.186334426328948,0.0914291276886447,0.0293170276214636
0.429790122340254,0.199986996680695,0.156870926782418,0,0.213351954196634,0.159547420885445,0.196996318616175,0.246218276149617,0.0333524610521337
0.456421655456395,0.165518230499044,0.154028619885377,0,0.224031494159185,0.201350273941196,0.202921758009081,0.114751715789004,0.0365511832453564
0.39367689576548,0.219681379918783,0.133617387860959,0,0.253024336454778,0.167411761169561,0.180938366428293,0.0990565727782204,0.0405744803240217
0.502751884656353,0.15473306584961,0.0984491037859963,0,0.24406594570804,0.170946147814182,0.193934381878418,0.177724387231017,0.0084012594258624
0.441934714699432,0.140033975961059,0.115834676587123,0,0.302196632752386,0.166369651399364,0.163417099574633,0.118178109710866,0.0247997840155988
0.480707327524873,0.126116726722093,0.16824446473256,0,0.224931481020475,0.190117209063989,0.217155683553431,0.170745526208784,0.0209850471172485
0.322700252316321,0.17762797585357,0.143805703488965,0,0.355866068341144,0.130246369770239,0.157237437480566,0.115344094989712,0.0445885221309998
0.373577894037036,0.207739614059876,0.147846702517215,0,0.270835789385873,0.189885842380244,0.264357873635544,0.0947646759275148,0.00975952897576826
0.36104799908151,0.27468433259291,0.167134906597049,0,0.197132761728531,0.325231167433656,0.219489172550363,0.112972799773758,0.0481898849166371
0.361827715783587,0.153618880087946,0.19909072023472,0,0.285462683893747,0.0694987460802383,0.205228379639242,0.0463596194710874,0.0222199111196341
0.349473420847755,0.263002527486866,0.163129154370792,0,0.224394897294587,0.130354504507434,0.20772421983727,0.177790814216382,0.0310736156445488
0.495413416262889,0.118486076238507,0.117759087667988,0,0.268341419830616,0.0832826146714593,0.0948649492991682,0.152043086288833,0.0146418053690871
0.516565553273964,0.125480237849685,0.0823351318398122,0,0.275619077036539,0.117753025636825,0.133286497513855,0.102699265069122,0.00529414717251565
0.389005030190201,0.210367963915937,0.0986991488221546,0,0.301927857071707,0.17425229056593,0.170888371752365,0.0477004620306183,0.00928453106045677
0.39784324306597,0.166191833234705,0.140997401895715,0,0.29496752180361,0.125679456377953,0.143264463091795,0.0732548920987692,0.0456180928747353
0.368544662211087,0.147861111689455,0.193952512142071,0,0.289641713957387,0.136110149559859,0.246729321093505,0.106467339125375,0.0251389645342196
0.428062011300561,0.181265289986732,0.160691934922466,0,0.22998076379024,0.0957986148153663,0.18055221470506,0.135823154967822,0.0267700869761538
0.425647630390767,0.173306033010426,0.124245284139847,0,0.27680105245896,0.146784256389032,0.184268725068947,0.1238549579457,0.0290336736172005
0.404833135172009,0.19648622591288,0.163260197159276,0,0.235420441755834,0.102150135094186,0.22645839839951,0.0948529947920075,0.0194624145624948
0.442294087545713,0.180809880215343,0.14834546982408,0,0.228550562414863,0.00981774669738886,0.149591343147548,0.116504756092854,0.0584714831778116
0.44437546216695,0.188959204744838,0.0958298662000228,0,0.270835466888189,0.0756718819289813,0.217397046323941,0.0875108051765906,0.0374166060749572
0.468793826915431,0.150961845582062,0.144803769116092,0,0.235440558386415,0.070173377483349,0.169291656599014,0.0980294386567358,0.0114937805545247
0.459296739528183,0.157682440422568,0.120685711785744,0,0.262335108263506,0.106468919851714,0.197485041845584,0.0527106023805178,0.0280958689397003
0.352841055803555,0.196121709085859,0.135662118483791,0,0.315375116626796,0.255251848034692,0.200714760707742,0.0828279591230876,0.028274049790813
0.46593299421715,0.105543595419601,0.138735566018,0,0.28978784434525,0.13041985602761,0.206773833736378,0.0770031268135478,0.0381775558611505
0.475930101568566,0.228208167142117,0.0851091314346855,0,0.210752599854631,0.268870564034572,0.250488355019892,0.177450953398096,0.0362532007858163
0.325631135308893,0.231227171258836,0.2455265675499,0,0.197615125882371,0.192883773248223,0.239911945694149,0.105243159911366,0.0415538758263854
0.415801050411887,0.194868931777448,0.088707042582485,0,0.300622975228179,0.128675885344229,0.173814193514481,0.126931369328433,0
0.474947968787331,0.143997687007064,0.131551849285345,0,0.249502494920259,0.0720110795705201,0.199136316058386,0.151039103183127,0.010780104375523
0.361897906602342,0.284545121729004,0.129130663855374,0,0.224426307813279,0.165023363612949,0.227968017801679,0.130366791307764,0.0272435344181473
0.372137650503295,0.166797563299566,0.147670027011266,0,0.313394759185872,0.150191143056354,0.15388125022124,0.0492776565608516,0.0120740515886266
0.407992938605953,0.198104315532572,0.156156000001245,0,0.237746745860229,0.14083472359902,0.212866394265648,0.154297250978994,0.0199833310414832
0.386909417111442,0.238532138607209,0.127549806844152,0,0.247008637437196,0.278207450468642,0.174898298859062,0.0977541094398751,0.0478219794674265
0.405164899062904,0.22936742404381,0.154788921964237,0,0.210678754929049,0.122571465006277,0.227577363262314,0.0726828570601158,0.0254760358874096
0.383132810218992,0.185669914456564,0.17937441815363,0,0.251822857170814,0.171059786372494,0.127475004859173,0.0939122685783428,0.0360801163427157
0.399070017910181,0.26801570532712,0.155254950002326,0,0.177659326760373,0.297600027220273,0.250422597554076,0.118925259672707,0.0435882611566908
0.409284562973963,0.193160022649482,0.156233158087836,0,0.24132225628872,0.169340753238927,0.130252498806803,0.176099324476524,0.0352873975325545
0.428141056999499,0.171000723479712,0.159784173433202,0,0.241074046087587,0.0467466745227941,0.240565893399022,0.0946883767725445,0.00397381523420758
0.432830693633054,0.139115265628009,0.138772320506329,0,0.289281720232608,0.237740984578999,0.132985631876612,0.104543263543401,0.0560884598010967
0.434027101383097,0.138728683453268,0.109473922032939,0,0.317770293130697,0.12458623949639,0.154445632189643,0.0960283215238188,0.0109690041266316
0.353684147412771,0.22089026389758,0.116141921574129,0,0.309283667115519,0.198203982043637,0.221878259453181,0.0765984096523919,0.0447753411967162
0.42847214352095,0.174595245657227,0.170745129351374,0,0.22618748147045,0.207311812655852,0.141680203504087,0.127800876948035,0.0631111960167509
0.343926732058278,0.254767185801301,0.159467018201954,0,0.241839063938467,0.126302424942054,0.226988585765281,0.0803705888388693,0.0227071683243505
0.357336133751717,0.175632507418747,0.138037908974323,0,0.328993449855212,0.139831416733301,0.108565607679865,0.0984533125177227,0.0105806454625047
0.383145346811528,0.196574179835016,0.140976962410616,0,0.27930351094284,0.125670635261736,0.168788490301198,0.0675461604122532,0.0410354263538698
0.432196208768094,0.165242333933444,0.167731601539936,0,0.234829855758525,0.126825108148563,0.209346406528182,0.0910164494829052,0.0313788475802528
0.399508208945559,0.269420347062495,0.125192870830277,0,0.205878573161669,0.252927058742298,0.220867454947749,0.160732524361407,0.0504795593689749
0.417221674236112,0.194784641571556,0.111787598860197,0,0.276206085332136,0.152338589603081,0.209175904273858,0.100519125334221,0.00350103417616145
0.440613330427977,0.198216303298941,0.156974494044987,0,0.204195872228095,0.166775178213435,0.192779018122508,0.0964956398161157,0.0345664774549642
0.40037187603011,0.211727182127265,0.142975669450997,0,0.244925272391628,0.217171961134063,0.17216488142428,0.0707678554623749,0.011266922816516
0.352814685644015,0.216658590365416,0.170689075381554,0,0.259837648609016,0.220117628556163,0.22192690452391,0.104408733902791,0.0171172756300028
0.397624621989651,0.24908679471173,0.114410368032508,0,0.23887821526611,0.155723546590304,0.150511636782992,0.154799007911945,0.019027720179011
0.375868043997973,0.186957293889339,0.149311837229304,0,0.287862824883383,0.140978708828647,0.159130501046827,0.114577385834062,0.0411173313354468
0.428503094493265,0.187198846775783,0.134544477096035,0,0.249753581634917,0.171539345110568,0.235938148688513,0.14598989781056,0.0295180181439653
0.384827335893892,0.173439773520289,0.162644800436215,0,0.279088090149604,0.177197117504154,0.204228731960465,0.117712460421021,0.0370782899574271
0.34969016814306,0.2218114377919,0.220847364210471,0,0.207651029854569,0.234571522527206,0.240389316610457,0.13467642826795,0.0175619711882763
0.348101265619206,0.251599639767574,0.175855741667198,0,0.224443352946022,0.15122041293889,0.232310999980178,0.142703700202499,0.0494705711954298
0.408532833848294,0.188542896768438,0.154022223583974,0,0.248902045799294,0.21722062510651,0.167689142564706,0.130813270745508,0.0123822134617316
0.381479447979647,0.214491570042811,0.16747623715683,0,0.236552744820712,0.233637855120393,0.167737873078017,0.0238543504293875,0.0407713379960464
0.45694668361914,0.166837536374776,0.158982432876057,0,0.217233347130027,0.0915086861457868,0.162586393472647,0.114848530175577,0.061893404366138
0.38345604290928,0.175707967131298,0.131504045262356,0,0.309331944697066,0.133976078912069,0.212900253638393,0.0872298965899957,0.0229614391087167
0.441328599453126,0.190066824084566,0.13176275081392,0,0.236841825648388,0.114864231147275,0.235687004164269,0.107389331694828,0.0338690748771891
0.368963551627558,0.275463673047273,0.141110427415437,0,0.214462347909732,0.207589459853742,0.113915620256797,0.119851119374848,0.0205679245900462
0.44155503158608,0.210452726200069,0.135518373623046,0,0.212473868590805,0.162627577016553,0.205706918419788,0.139107883824112,0.0291135470224493
0.412536569553827,0.205522693988134,0.131344507206868,0,0.250596229251171,0.132249230481264,0.14273027372754,0.179480059529224,0.0220406504944498
0.306951428655536,0.254465083114689,0.19947060249101,0,0.239112885738766,0.118682555127695,0.204250907732997,0.118480755567267,0.036611688784022
0.486936255509828,0.140582101530913,0.133564245822499,0,0.23891739713676,0.203377789358544,0.174180401374916,0.103161031714503,0.0322806812215439
0.356134911352889,0.260676277376094,0.172861635059576,0,0.210327176211441,0.235654706319234,0.220300213819976,0.180615129041194,0.0298486818741145
0.364000719949106,0.177168509073186,0.181800178891329,0,0.277030592086379,0.191675346386954,0.172124358185026,0.0876071917892373,0.0199923380721584
0.369129476976123,0.240283223024578,0.116152257654963,0,0.274435042344336,0.287868847843926,0.138606450527842,0.136845062244113,0.0194290004583543
0.395837971009445,0.173970454749795,0.165731645377331,0,0.264459928863429,0.0864225409927667,0.152786969203281,0.0827499629165092,0.0278120402798733
0.389506137148107,0.201523584846903,0.134898472069073,0,0.274071805935918,0.0417551522775672,0.153620838605288,0.174506931302055,0.0439890316499553
0.482062912156088,0.184367512296501,0.136924578069056,0,0.196644997478355,0.175381423937953,0.212270774514771,0.112875408639547,0.0150479789108185
0.433088054967076,0.139236986427803,0.196568396631987,0,0.231106561973133,0.141233770021742,0.197274908604554,0.0971553885561343,0.0626766765829985
0.342663941882552,0.241286197400725,0.147866412254559,0,0.268183448462164,0.286789671271397,0.178841185903168,0.114712467087223,0.0307502679119837
0.345531907447087,0.203489381816598,0.162465489981446,0,0.288513220754869,0.203708527713748,0.271807006110117,0.0923710594542285,0.0336427203979392
0.425788400236804,0.191533687441622,0.11560177618705,0,0.267076136134523,0.149337993044948,0.148253542761061,0.0600612440480812,0.0287183543777051
0.332254647050442,0.146694323384771,0.218267425358103,0,0.302783604206684,0.248638307167748,0.12355419447654,0.12507231420919,0.0274553990997931
0.394244814308243,0.214294242674325,0.107667473199295,0,0.283793469818138,0.201934640242665,0.221773591262387,0.166876513032806,0.0194777730547461
0.371293471052607,0.246548075765586,0.129892170145695,0,0.252266283036112,0.171116525836848,0.274736082406714,0.0981093856459458,0.0292341259652526
0.316461115400272,0.247624179044368,0.150000550980745,0,0.285914154574615,0.16970311905774,0.195880998835348,0.101342235776386,0.0155057749042375
0.304625996970742,0.276537370005457,0.145336541818088,0,0.273500091205713,0.25234900119631,0.250611368715397,0.0923983104329399,0.0224058421985451
0.427464738792279,0.179712816413762,0.143101266818691,0,0.249721177975269,0.111142348294309,0.211333194306754,0.080165321039185,0.0192474873258618
0.351608520325669,0.195938453946853,0.147044368041497,0,0.305408657685981,0.125711168151566,0.158994479691563,0.0895853975972456,0.0283531482860648
0.372353376307907,0.249688006776574,0.0687365884599272,0,0.309222028455592,0.135000158215262,0.15924933020744,0.176019679975588,0.0154646256611793
0.353789027888458,0.231026081411397,0.168451403369186,0,0.246733487330958,0.156332250761302,0.219437957845894,0.13495430710568,0.0347899574962108
0.392262265989995,0.282517767955098,0.0901497383738321,0,0.235070227681075,0.290830170676383,0.195152017793016,0.0795576162853802,0.00449316363682201
0.370782509452648,0.195824651926793,0.152808774696899,0,0.28058406392366,0.092133511928588,0.198815649261165,0.0883076492361402,0.00402546962727673
0.424593253954734,0.188101176979732,0.157042450883091,0,0.230263118182442,0.198139130310238,0.118802660195493,0.0962690944791296,0.0376332923277171
0.4005232839787,0.180943605131074,0.131484870850682,0,0.287048240039544,0.264199964884526,0.11832549873151,0.0649112258070408,0.0249642706275334
0.305756142593449,0.200894031367292,0.219653143528369,0,0.27369668251089,0.231185950364407,0.157976770309909,0.0634704365580575,0.0316653690292409
0.319127386900047,0.299795536960853,0.168656829581589,0,0.212420246557511,0.168251150986557,0.256896954330107,0.124602210640203,0.0339915205446572
0.38464791556593,0.276452054804977,0.10777492132986,0,0.231125108299233,0.243537537099397,0.240576204552772,0.124704434745699,0.0122967803091614
0.455585398877494,0.12138513480173,0.192639471072946,0,0.230389995247829,0.204894030594169,0.199853436423183,0.0566394615525944,0.0493121996721513
0.322147866242353,0.263730473476339,0.204412582557122,0,0.209709077724186,0.171664362586856,0.348796587408228,0.119474643921011,0.0130989028623895
0.383467799718428,0.187936675274722,0.191993018234351,0,0.236602506772498,0.143026652832862,0.185607181191779,0.0753594091354234,0.0409153241489221
0.393326203712822,0.132950674622786,0.117173042086882,0,0.35655007957751,0.136500105930934,0.099444865681872,0.106646007267828,0.04445931144353
0.402306269153872,0.212644554565335,0.134407107411884,0,0.250642068868909,0.19583020309251,0.207735844901845,0.135971878602642,0.0305404292189985
0.367572974830516,0.216928413884981,0.19427809375164,0,0.221220517532863,0.275777222018287,0.271139151949338,0.140404749054079,0.0243986081434651
0.420284881356165,0.165547704413552,0.169200413110257,0,0.244967001120026,0.325335403558568,0.163663361711374,0.140939269989675,0.0587981777720565
0.393568416066514,0.228362669844871,0.149308134742256,0,0.22876077934636,0.116830273585416,0.29309342695226,0.073912067403254,0.0612621043831096
0.291125958959391,0.265368593688239,0.272500344845156,0,0.171005102507214,0.243571889194771,0.226157673282362,0.0635170498191097,0.0310814412594585
0.339431488649405,0.253331142578665,0.18984144892635,0,0.217395919845581,0.272741978023981,0.253598447062456,0.0652919881808861,0.0374697620900697
0.328604506297754,0.20749927544081,0.122491451388287,0,0.341404766873149,0.187342454619715,0.223620267709403,0.106357226716437,0.0627515098402777
0.425956565121816,0.20762609105006,0.110161174498339,0,0.256256169329785,0.191984316636361,0.195143973950974,0.133295108806366,0.0449713246740034
0.350195853558838,0.239781033715404,0.14868851632505,0,0.261334596400709,0.1200241518474,0.219592072288123,0.102692435834899,0.00966794981762323
0.353138998719073,0.264201293533193,0.181137248302436,0,0.201522459445297,0.182941677760875,0.207078992280858,0.135323184975087,0.0428892124341154
0.3579421412906,0.147247328644768,0.132259558508687,0,0.362550971555945,0.159130532544001,0.117729136297499,0.00928074038561308,0.0578140205478066
0.362578010864771,0.215907846346347,0.127146057105709,0,0.294368085683173,0.142105379765895,0.171852753290011,0.111809086254957,0.0224723456610108
0.357799822631774,0.277282067443724,0.143637396490262,0,0.22128071343424,0.178439112381106,0.241459688156548,0.187085033017635,0.0192874280360046
0.461308551714103,0.195508049452741,0.12860313666121,0,0.214580262171947,0.169209623906044,0.139895478430731,0.112599703908465,0.0212880912333958
0.41688064498325,0.188204674580174,0.153421383334981,0,0.241493297101596,0.153021643445661,0.22561605667459,0.178146261105725,0.0285380284822458
0.402981329017878,0.239396984343497,0.133311734349209,0,0.224309952289417,0.222426340935068,0.249582696443777,0.128811208663447,0.0183203752198112
0.447853975209896,0.157928666888685,0.130970691883322,0,0.263246666018096,0.0903030427168899,0.151729364925735,0.179020138331023,0.0323974077489162
0.432691664451365,0.157455489390507,0.145723470076646,0,0.264129376081482,0.106571226459049,0.185182335035691,0.103162236907829,0.00290962432402261
0.401100272659716,0.181313260058196,0.170019452631104,0,0.247567014650983,0.132136570180903,0.174306889147438,0.0941966122427499,0.0534267433049432
0.3686930501613,0.262115947894389,0.147905859348009,0,0.221285142596302,0.213608823713425,0.241296250604193,0.0681887616419837,0.0202554883021888
0.385357545058328,0.253729012803263,0.138213815509114,0,0.222699626629295,0.245655584158311,0.131228967922581,0.173073768233147,0.0211918365400864
0.475314697042238,0.144242664374571,0.162420641726311,0,0.21802199685688,0,0.207994220171818,0.109380367937012,0.029520906332273
0.486084516429944,0.142173395546531,0.107381271765813,0,0.264360816257712,0.0620980357063873,0.11561186472624,0.14380255202389,0.00694305126908166
0.335881234939713,0.252671116336402,0.18952592460066,0,0.221921724123225,0.196712471027867,0.210470752903657,0.139345685786302,0.0519962428178187
0.427769362098005,0.221897283322118,0.115417425419468,0,0.234915929160409,0.220088799629476,0.180910363393059,0.120978919417201,0.0213353795344838
0.367333329147945,0.172846623138075,0.194095672236865,0,0.265724375477115,0.202514878406613,0.216799415288641,0.0913487385480535,0.024362849161858
0.369760579836022,0.283105042467386,0.204804637907241,0,0.142329739789351,0.186888546549232,0.230374601683884,0.12251788634052,0.0311568680165527
0.350138559841918,0.250179213498906,0.173207770600617,0,0.226474456058559,0.350134933110137,0.192790028995073,0.103296735190747,0.0444663781115528
0.38600312292058,0.191193234909094,0.209147757284659,0,0.213655884885667,0.142284398411086,0.258873149140418,0.144315321568448,0.0454047769643126
0.533114010673139,0.191906571531018,0.0733525715012794,0,0.201626846294564,0.239558225578407,0.140164725507768,0.125140184215082,0.0203775271380415
0.369602609665932,0.238780639200152,0.0930617371880771,0,0.29855501394584,0.137120068372778,0.222672328294347,0.13700613368344,0.014238960020862
0.413372701868663,0.195284156609114,0.157756559492007,0,0.233586582030216,0.291688861775479,0.276653890271281,0.15471317069822,0.0353400164208907
0.351111393096323,0.229628532516577,0.171645432685454,0,0.247614641701647,0.248585788412869,0.201926228885375,0.0996921035833058,0.0355313696040657
0.431151296416493,0.138270777622071,0.145348578923544,0,0.285229347037892,0.149838107560963,0.141593667385941,0.109085041880712,0.0396214686763921
0.399726791737653,0.235589914759403,0.135011301400876,0,0.229671992102069,0.194221734015606,0.233773746806984,0.12834040517272,0.0289612596923196
0.317040235906232,0.33179383205853,0.0910292590325152,0,0.260136673002723,0.211921572107359,0.267001361599761,0.172471176421371,0
0.390125867404244,0.202228367470502,0.145728119202878,0,0.261917645922376,0.301188709725807,0.222137201412306,0.109159266005866,0.0286922505774113
0.372876980818831,0.208167154617866,0.123036643646775,0,0.295919220916528,0.123080234148331,0.16139556044847,0.167148192796951,0
0.232270051916782,0.280772744908188,0.239696040141312,0,0.247261163033719,0.190910353930022,0.290276543260888,0.12259817222703,0.0166209066772677
0.377073676334394,0.227916768526609,0.165904225525577,0,0.22910532961342,0.110100249245778,0.208662372936055,0.192325774503651,0.0165995262142771
0.394713264460079,0.262760667905023,0.125155726874869,0,0.21737034076003,0.180574330747004,0.189895942251385,0.142701159326488,0.0546526813654087
0.319195594657275,0.342509941934591,0.128156629912935,0,0.210137833495199,0.201390053231941,0.175468321640058,0.132164238421289,0.0291424100801408
0.332287986756178,0.221685855231324,0.160820355912206,0,0.285205802100291,0.139913025028315,0.174775392107053,0.0991513922896663,0.0408638872341767
0.41557990933061,0.173393922142228,0.159967754194736,0,0.251058414332427,0.211653963772904,0.178554751110661,0.0891173353245964,0.0342426445428595
0.457464800472348,0.151186243914059,0.108170507195806,0,0.283178448417787,0.196646780471002,0.105574749554252,0.0325529392187583,0.0147290171114485
0.382451929171261,0.288743266656359,0.145258377150435,0,0.183546427021945,0.240025330626782,0.0859778927574789,0.194254277080879,0.0315221937654392
0.332838269510881,0.14602326163015,0.243909127163872,0,0.277229341695097,0.0187535644315714,0.202349121444815,0.0800349933109965,0.0086794954858952
0.37355485393834,0.216184218905544,0.164440995430028,0,0.245819931726088,0.181377331161388,0.245209765581143,0.0857428296910189,0.0439880998786234
0.40148587835433,0.114563432638042,0.119210219150662,0,0.364740469856966,0.083198347815057,0.138585230542101,0.0310892916322619,0.00353304984614302
0.393040131867906,0.208685686657635,0.117970644425269,0,0.28030353704919,0.222737490894316,0.187439334629194,0.0848440454432347,0.021336243229819
0.427553416907341,0.153962031673839,0.164862346134732,0,0.253622205284089,0.184390830790078,0.252826119492224,0.0954003281706335,0.0466941442774527
0.448798948155632,0.169672296373339,0.168983081926066,0,0.212545673544963,0.0294806296782826,0.190432697156679,0.125413884136269,0.0126294020965934
0.401722185909706,0.227977845697711,0.168453973707002,0,0.201845994685581,0.126376259500407,0.26549356992515,0.184485365892645,0.0338196195210275
0.45103803071201,0.15033410617605,0.116471845130246,0,0.282156017981695,0,0.141754922899748,0.221790773859498,0.0178378544603109
0.371535802127491,0.20879756729738,0.131151775625873,0,0.288514854949257,0,0.196332480024784,0.156715693894009,0
0.381025778025517,0.219060943122874,0.142054843303092,0,0.257858435548516,0.0657059771933838,0.192873824609635,0.181887379117306,0.0288699840779152
0.351892806753062,0.248783168017076,0.189489152247351,0,0.20983487298251,0.157074948766055,0.211158345647912,0.175894297267759,0.0327594310466274
0.403089922377789,0.185736462956068,0.107136862571275,0,0.304036752094868,0.229783452992376,0.195407753485336,0.052593206587747,0.00936334294477874
0.454113989968248,0.27678224231782,0.0899721202415191,0,0.179131647472413,0.132990067904267,0.228284029332517,0.120723315575205,0.0227949139513614
0.401711964123563,0.185224091432262,0.112304511981487,0,0.300759432462688,0.355013741847348,0.18162230432468,0.0771249941345483,0.00964674118318014
0.365053979469713,0.221866334712994,0.206600614610423,0,0.20647907120687,0.189074005754047,0.204826530693713,0.153823698998491,0.0293886200124295
0.479074048609453,0.169856918111094,0.1005251951855,0,0.250543838093953,0.181697832880349,0.119644685017184,0.0958526804047548,0.0151808704766376
0.429223617608244,0.133384629434132,0.16953721526981,0,0.267854537687814,0.0858960724383482,0.197196988136514,0.0801289366807892,0.0090943559634089
0.430296835830007,0.297214879286956,0.14115796440357,0,0.131330320479468,0.114942860248144,0.223407540970504,0.113192180021538,0.0382676319114851
0.261839491533591,0.352166467524666,0.172683590358896,0,0.213310450582846,0.238511895621732,0.345286970937045,0.233881060465934,0.0152421169382418
0.462806402851338,0.124847196256961,0.0988710790135758,0,0.313475321878125,0,0.160869116146121,0.0935251214938844,0.0214421650954843
0.402912007025343,0.288766636927192,0.0944611551108915,0,0.213860200936574,0.176613264997386,0.167299534023275,0.0980419475084498,0.0130409816943827
0.399196040128805,0.195437907547864,0.117001722810615,0,0.288364329512717,0.345526533433329,0.239608837284016,0.074026171242335,0.0302488697876171
0.384073237170288,0.189829162774977,0.17459663416216,0,0.251500965892574,0.0120361779133504,0.206031591361197,0.0992999721271529,0.0219174206025562
0.410929921185801,0.124577585212301,0.103084279536236,0,0.361408214065663,0.109582241303484,0.179289005242179,0.102393196002212,0.0259472366322788
0.454108478611815,0.123861461998913,0.170578108334312,0,0.25145195105496,0.247264487378032,0.157281435868731,0.0757019228838802,0.0293698365370156
0.36006131674688,0.227733155993135,0.159152059843967,0,0.253053467416018,0.149977156193774,0.285322860281202,0.145230310352616,0
0.493986770447249,0.164042464710444,0.127089630730715,0,0.214881134111591,0.221877501145045,0.183690695101057,0.105267389783031,0.0204060052218541
0.445684573281397,0.128516055255601,0.123200138825711,0,0.30259923263729,0.232211452731471,0.188830753864659,0.0978604778451037,0.0394756188277389
0.41288869574839,0.222445229864822,0.103009925779498,0,0.26165614860729,0.192368034619263,0.189365143205046,0.15626912298139,0.0224399520192671
0.498130385301808,0.201826652556945,0.169642379964822,0,0.130400582176426,0.127295251971025,0.188131665169741,0.121600006691556,0.0320193566320881
0.418255010968969,0.219302039385213,0.0789620221031489,0,0.283480927542669,0.202543948978513,0.182785407858117,0.0427794375472101,0.0146808814270021
0.44938816155907,0.15649503551298,0.124728035716411,0,0.269388767211539,0.146614698043343,0.150911728269545,0.110266543383127,0.0050186224082638
0.47738821473293,0.250864225466202,0.0961916439480844,0,0.175555915852784,0.286750455521461,0.214094731643631,0.121800236235772,0.0379853940712965
0.359407991012767,0.264488159167439,0.208828216696343,0,0.16727563312345,0.242885718256911,0.239630976648797,0.148142521763684,0.0359781001103128
0.403139825838695,0.117377261094953,0.0787794979369386,0,0.400703415129414,0.0139971258488544,0.158640622973622,0.0518453880799621,0.00194247510190486
0.408720169607416,0.169730221607343,0.188996441977008,0,0.232553166808233,0.132164159090367,0.162727278875641,0.0893020134580542,0.0214144184219765
0.404189378881103,0.162464203085519,0.17264681823452,0,0.260699599798858,0.128221785320886,0.171058581684729,0.0729583548096103,0.0375338689520075
0.392881690345388,0.251787192452569,0.131343260298735,0,0.223987856903309,0.150310850820514,0.153283387464545,0.147998676391424,0.0252760304076777
0.448191647704951,0.259781614972366,0.138214472541894,0,0.153812264780788,0.151937427168771,0.182761287444157,0.122190901392312,0.034646530073961
0.458939914254074,0.146641538892411,0.136245723431104,0,0.25817282342241,0.12325510250822,0.155194834676742,0.128944038064445,0.0234967024345908
0.373195488356466,0.215698015235348,0.0906001944350424,0,0.320506301973144,0.10134027107608,0.133247986185596,0.129079294310925,0.0248901383834437
0.492895927400447,0.122035055063659,0.138270803902109,0,0.246798213633785,0.0485344063137535,0.179051237825673,0.108883170907806,0.0152589825159088
0.435093003848001,0.188571607585223,0.119049380226303,0,0.257286008340473,0.150336664109932,0.190572027613291,0.078680543469934,0.0233875331416181
0.435857495967464,0.176850177962602,0.132441815413997,0,0.254850510655937,0.201884371630251,0.18374196324936,0.130304936992923,0.0066279172005497
0.302100667027082,0.240124537204986,0.171191027956896,0,0.286583767811036,0.123107573116326,0.233428668608629,0.0711292255101861,0.0203480690488278
0.43175355927244,0.147600151188258,0.187648362629745,0,0.232997926909557,0.11039026249968,0.160747220199676,0.122512453422882,0.0504369457766173
0.393560636277156,0.204357500742322,0.173712871445895,0,0.228368991534627,0.330516578721232,0.190302592444829,0.104671683672044,0.0242156858027746
0.413859092058313,0.189840006625914,0.178028847665369,0,0.218272053650404,0.0829292843419996,0.126056459963154,0.0555393139499409,0.0291405329461615
0.481413221477239,0.116876844908444,0.116529960672876,0,0.285179972941441,0.0950855184678484,0.162151232175227,0.078032227391898,0.0315597435621726
0.468696845782331,0.225562268069656,0.11872534105866,0,0.187015545089353,0.221930753603566,0.201279942232089,0.112523918832143,0.0149796769327435
0.450942167600318,0.200860806511958,0.101883030580719,0,0.246313995307006,0.233006645822121,0.141584178642608,0.210962517761263,0
0.332729578728775,0.22486522946256,0.189143277291629,0,0.253261914517035,0.1855293229571,0.224904752685918,0.181632981415204,0.0571623134315068
0.425620051876822,0.171690930477385,0.123982313765939,0,0.278706703879855,0.228403976230938,0.174677126688138,0.109362140628618,0.0227775370227844
0.424819916823548,0.180742713153417,0.111222684824166,0,0.283214685198869,0.0681804275856388,0.142817368929196,0.141389360916852,0.0299074553329298
0.340133352891262,0.248000821227758,0.177266615851078,0,0.234599210029903,0.201615458989288,0.189418319077711,0.131521382670362,0.0214819364783753
0.382005123312796,0.232450022972923,0.164467275129671,0,0.221077578584611,0.20332941222153,0.1835037480877,0.153868770995259,0.0155263855388913
0.4209385681465,0.22011320370971,0.110299513451987,0,0.248648714691802,0.191255654104455,0.245593744525251,0.128119402679846,0.03098494222176
0.407937115071413,0.171017128334362,0.182508378529988,0,0.238537378064237,0.18037493607794,0.208798900350062,0.120670005717567,0.0175106396453647
0.431755990073174,0.204746135394964,0.107730162606229,0,0.255767711925633,0.109121562748935,0.235777953569711,0.0916873414665104,0.0197465044273981
0.390620753020793,0.172898439496185,0.134315816300959,0,0.302164991182062,0.0984540811939571,0.162839398061586,0.0983250321615329,0.0185133688757761
0.428915233705109,0.205730074833254,0.206879036761904,0,0.158475654699734,0.275041414679263,0.217620812867917,0.149183965074907,0.0415801821079099
0.422470155036404,0.121483159292663,0.140620355915933,0,0.315426329755,0.211184147916302,0.162243673248866,0.108840571252653,0.00952940754911388
0.427494964706912,0.272391498371889,0.104322449093588,0,0.195791087827611,0.309537227630468,0.216172994719291,0.112738918830054,0.0408293600526673
0.388443910019486,0.160003766175812,0.186160098229379,0,0.265392225575323,0.131265595527147,0.171089294476695,0.14359011321076,0.0115570510117626
0.472425128457975,0.193808357513887,0.128782058605059,0,0.204984455423079,0.0938113910769373,0.0834087929067609,0.118367877384636,0.0396197465832174
0.329064988277999,0.243243123476112,0.172331948722787,0,0.255359939523102,0.272655925777899,0.298165762003121,0.133668295793895,0.0233820366011927
0.380890388981671,0.248644486895019,0.154354880413791,0,0.216110243709518,0.150600885371892,0.150498066977725,0.0879377430873615,0.0305913998688193
0.397858508238845,0.174854372209791,0.133328058005415,0,0.293959061545949,0.180234458085289,0.181825789626424,0.109316699801783,0.0231744450078964
