"replicate","lr","ll_full","ll_restr","pi_full_self","pi_full_self_mob","pi_full_self_mer","pi_full_self_mob_mer","pi_full_rand","tr_full_spec","tr_full_high","tr_full_medium","tr_full_low","pi_restr_self","pi_restr_self_mob","pi_restr_self_mer","pi_restr_self_mob_mer","pi_restr_rand","tr_restr_spec","tr_restr_high","tr_restr_medium","tr_restr_low"
1,4.45393015979789e-06,-1043.78014018022,-1043.78014240719,0.562041926308911,1.38990952665566e-08,0.0454363838192388,0.171172767695795,0.22134890827696,0.0933008863883037,0.152327380280016,0.0764651458745287,0.0125328401445029,0.562041934039912,0,0.0454363845298116,0.171172770006988,0.221348911423289,0.0933008792614574,0.152327378117599,0.07646514432878,0.0125328647695235
2,2.87544388640572,-1091.27019238871,-1092.70791433191,0.508074599346798,0.0101647566934102,0.0172127524248198,0.220814294755527,0.243733596779445,0,0.152204336044047,0.0927544773312017,0.0174253700119881,0.513233623121756,0,0.0166749822734158,0.227534202106831,0.242557192497998,0,0.162678123196535,0.0930782164357164,0.0174407941164147
3,0,-1090.89581890197,-1090.8958188825,0.495064982447717,4.53969066616737e-10,0.0624266212273415,0.224243850110862,0.218264545760111,0.193637033768946,0.140280897635953,0.0896703390260906,0.0254866583443436,0.49506480542165,0,0.0624266798671987,0.224243998542133,0.218264516169018,0.193637437195206,0.140280890285689,0.0896702998998179,0.02548668259199
4,0,-1171.9932336092,-1171.99323334245,0.418860192455428,1.11240844419151e-08,0.036364825293467,0.223032012756277,0.321742958370744,0.196854026350088,0.126591370115931,0.12546663886865,0.0228347338391714,0.418860197114864,0,0.0363648256979923,0.223032015237304,0.32174296194984,0.196854026350088,0.126591370115931,0.12546663886865,0.0228347338391714
5,0,-1097.07364756248,-1097.07364586607,0.467109524295499,1.77219711873428e-08,0.057933431685874,0.21190442656758,0.263052599729076,0.23467107256396,0.130079153790518,0.0616123843598209,0.0240208209386316,0.4671095325736,0,0.0579334327125686,0.211904430322944,0.263052604390887,0.23467107256396,0.130079153790518,0.0616123843598209,0.0240208209386316
6,0,-1146.21840967957,-1146.21840809228,0.449713174161364,1.94365788980124e-08,0.0635385140790273,0.181266675322009,0.305481617001021,0.0516964664313289,0.165692012561578,0.0401401986001456,0.0445990503054216,0.44971318290225,0,0.0635385153139986,0.181266678845213,0.305481622938539,0.0516964664313289,0.165692012561578,0.0401401986001456,0.0445990503054216
7,1.50104960994213e-06,-1108.41168704756,-1108.41168779809,0.453296006023043,3.29390179898576e-08,0.107678222041016,0.197450281944518,0.241575457052405,0.232182471795768,0.165852387446287,0.0760106179301745,0.0300925982571521,0.453296020954169,0,0.107678225587831,0.197450288448336,0.241575465009664,0.232182471795768,0.165852387446287,0.0760106179301745,0.0300925982571521
8,9.2478785518324e-08,-1128.91874114043,-1128.91874118667,0.542359502189897,3.40168560615589e-11,0.0385556919356624,0.138287326403261,0.280797479437162,0.156274853798889,0.1949414551568,0.0540302481696376,0.0322646544305067,0.542358412724511,0,0.0385567964173522,0.138286994432211,0.280797796425925,0.156269952904463,0.194943030768736,0.0540295041606636,0.0322647796088966
9,4.68719764975594,-1079.10938568213,-1081.45298450701,0.518542689093262,0.0106102393403862,6.49529304541545e-20,0.232296690265631,0.238550381300721,0.1867110102285,0.150409681147433,0.0785998608117481,0.02089487139003,0.525227916904906,0,3.60410407837966e-16,0.237131185736052,0.237640897359041,0.184702619358815,0.151530529577111,0.0869866455315811,0.0209831780083711
10,4.54077962785959e-07,-1177.54639667302,-1177.54639690006,0.431238145933357,9.62743749764035e-09,0.0314722604321757,0.224785507823601,0.31250407618343,0.180762812884163,0.162276730119661,0.09903235106723,0.0391494233240126,0.431238150085075,0,0.0314722607351729,0.224785509987709,0.312504079192043,0.180762812884163,0.162276730119661,0.09903235106723,0.0391494233240126
11,0.00394862181019562,-1157.5741573801,-1157.57613169101,0.410192097482561,0.000750919118886027,0.0728872609602209,0.207557222144988,0.308612500293344,0.140913410036688,0.136873850833757,0.084007648132365,0.0242820248947102,0.410242908616119,0,0.0728932527607197,0.208377082397053,0.308486756226108,0.144659600426232,0.136842496779623,0.0840288808968984,0.0242918098852253
12,0,-1141.59384509883,-1141.59384488636,0.418271123754744,1.91154026445437e-09,0.00624885833268127,0.29219681619053,0.283283199810505,0.212123468265874,0.155421325598755,0.12162871939145,0.0182039077419373,0.418271124554286,0,0.00624885834462621,0.292196816749076,0.283283200352012,0.212123468265874,0.155421325598755,0.12162871939145,0.0182039077419373
13,0,-1172.46375372873,-1172.46375370973,0.429185604292585,5.54233124578785e-10,0.0634936290851305,0.185274670007008,0.322046096061043,0.0970563437003754,0.238587434241776,0.0696763766979618,0.0225572738510073,0.429185597855415,0,0.0634936355321413,0.185274677370092,0.322046089242352,0.0970562984544997,0.238587435456139,0.0696763738665587,0.0225572734812961
14,0,-1171.06746779336,-1171.06746714699,0.475586172821975,1.23719332571124e-08,0.0404440647485658,0.183790453283212,0.300179296774314,0.141256111963712,0.166772492588622,0.0881197986298795,0.0316184763811055,0.475586178705895,0,0.0404440652489371,0.183790455557055,0.300179300488112,0.141256111963712,0.166772492588622,0.0881197986298795,0.0316184763811055
15,0,-1104.86994199834,-1104.86994185059,0.460189232103591,2.25598161311203e-09,0.00737484309511028,0.275362944254852,0.257072978290465,0.105802140692431,0.168200140603065,0.0434939845192364,0.0281876400085432,0.460189240009958,0,0.00737484308164461,0.275362940806164,0.257072976102233,0.105802168774539,0.168200160652826,0.0434941409181689,0.0281876153420998
16,0,-1138.87964972479,-1138.87964862843,0.446129727137769,1.38852866079491e-08,0.04539124314314,0.208595741887755,0.29988327394605,0.216882519577593,0.120802399652589,0.0614337724596158,0.0340160641867147,0.446129733332408,0,0.0453912437734104,0.208595744784166,0.299883278110015,0.216882519577593,0.120802399652589,0.0614337724596158,0.0340160641867147
17,1.64315193416178,-1088.33854030823,-1089.16011627531,0.516958619582407,0.0259456208413134,0.0539457558396259,0.172924967974087,0.230225035762567,0.0881821939110898,0.182463878965964,0.0848462800007819,0.01499174195826,0.520207715707577,0,0.0544287863526123,0.19527367845106,0.230089819488751,0.1982996793796,0.181083486390322,0.0780427353423128,0.0151134544922941
18,0.00688025973477124,-1091.5636180289,-1091.56705815877,0.446296078719634,1.14133154459356e-10,0.118026852807525,0.225985727741458,0.20969134061725,0.161884576172463,0.14890807120491,0.0745820432266421,0.0412945017306268,0.446890984957571,0,0.118685065332893,0.224792010930016,0.20963193877952,0.161458964168022,0.148923824902952,0.0746555711306819,0.0412939375208756
19,5.85283032705775e-07,-1119.18703795409,-1119.18703824673,0.490178856757991,8.38468720805982e-09,0.0274100275462128,0.199954978403876,0.282456128907233,0.252533664094819,0.126680999022212,0.0615391196545482,0.0345877104414746,0.490179639222014,0,0.0274095546495579,0.199954371496318,0.28245643463211,0.252533015154081,0.126681009750929,0.0615395683372654,0.0345877149752424
20,2.90496542811252,-1068.83329996876,-1070.28578268282,0.514264524534871,0.0200927679463063,0.0686208088154059,0.179745125898246,0.21727677280517,0.106087685502701,0.0967189450122088,0.112125288758835,0.0367608894743256,0.51561811851107,0,0.0669748089478422,0.200798751396092,0.216608321144996,0.151713920581147,0.101956975282291,0.108612529339909,0.0368285402851813
21,0,-1118.07579643655,-1118.07579637145,0.46766842497515,5.3723346562414e-10,0.055506164297483,0.211188278070832,0.265637132119301,0.337943588677733,0.127789561145661,0.0646808132327519,0.04160128068504,0.46766851550139,0,0.0555065946723495,0.211187831762831,0.265637058063429,0.337938878388884,0.127789518040976,0.0646810217891646,0.0416005757999807
22,8.54538484418299e-07,-1161.08595942635,-1161.08595985361,0.441421498560034,7.91540754136415e-09,0.0258756047629162,0.20754885192905,0.325154036832592,0.0787571657515602,0.10667576373588,0.0925096060354119,0.0320907088365534,0.441421502054065,0,0.0258756049677321,0.207548853571883,0.325154039406319,0.0787571657515602,0.10667576373588,0.0925096060354119,0.0320907088365534
23,0,-1133.53450259728,-1133.53450122898,0.438195290662347,1.66730667364457e-08,0.0545045448138278,0.220837966065858,0.2864621817849,0.260024567929517,0.164226504209597,0.07090999071545,0.0115348121092492,0.438195297968407,0,0.0545045457225857,0.220837969747905,0.286462186561103,0.260024567929517,0.164226504209597,0.07090999071545,0.0115348121092492
24,0,-1116.8511863231,-1116.85118580219,0.535682013367467,1.242614846494e-08,0.0406214982045668,0.160518255434403,0.263178220567415,0.253082495516147,0.196802778037855,0.0828872441612127,0.0215328760908954,0.535682883920224,0,0.0406212414067272,0.160517192228262,0.263178682444787,0.253082097372972,0.196802514729685,0.0828868061275153,0.0215329289587219
25,0,-1117.96155469588,-1117.96155455302,0.485828076237503,1.38433566951771e-15,0.0230470652631089,0.213271068692462,0.277853789806924,0.0374168791186935,0.194330323669513,0.0570846903773337,0.0304097516987224,0.485828082924791,0,0.0230470453706189,0.213271075206302,0.277853796498289,0.0374170030944282,0.194330320397485,0.0570846698929159,0.0304097515431005
26,3.91426056012278e-07,-1084.07407603816,-1084.07407623387,0.478350404523295,1.63044039715422e-08,0.0532993798307747,0.204087732466703,0.264262466874823,0.0922124108915256,0.134543038525319,0.0464065874551359,0.0159497867621027,0.478350412322514,0,0.0532993806997894,0.204087735794232,0.264262471183465,0.0922124108915256,0.134543038525319,0.0464065874551359,0.0159497867621027
27,0,-1081.42307690415,-1081.42307372198,0.554839887348644,3.11551382600523e-08,0.101846688213881,0.138046854103483,0.205266539178853,0.0926034819867892,0.179979961575244,0.0575666693504495,0.0533846111727435,0.554839904634758,0,0.101846691386929,0.138046858404352,0.20526654557396,0.0926034819867892,0.179979961575244,0.0575666693504495,0.0533846111727435
28,0.000478951750665146,-1132.60202764079,-1132.60226711666,0.459804385360366,1.49869510528589e-08,0.0479152671077823,0.255924783605756,0.236355548939144,0.222346116669091,0.204439371521475,0.120625553378926,0.033265808215281,0.459835844895391,0,0.0479350748565343,0.25576234247348,0.236466737774595,0.222273466825034,0.204429218810374,0.120604886246235,0.0332648777097722
29,0,-1130.95905368834,-1130.95905308283,0.465144074395557,7.46139244203717e-09,0.0243914215158516,0.215163000695576,0.295301495931622,0.0650521577033758,0.1545514560209,0.0600741406548225,0.0337408062996419,0.46514407786618,0,0.0243914216978456,0.215163002300992,0.295301498134983,0.0650521577033758,0.1545514560209,0.0600741406548225,0.0337408062996419
30,3.15709121423424e-06,-1085.98438927121,-1085.98439084976,0.483078393045327,2.38674397558919e-08,0.078023075198442,0.223509209899398,0.215389297989394,0.227621584333436,0.153508172124029,0.0794093216208156,0.0264146674954862,0.483078404575171,0,0.0780230770606531,0.223509215233991,0.215389303130185,0.227621584333436,0.153508172124029,0.0794093216208156,0.0264146674954862
31,0,-1131.4139592203,-1131.41395821692,0.522086888867719,2.03609879556398e-08,0.0665604233476819,0.227477349474186,0.183875317949425,0.309082757977097,0.309429335103064,0.134344731522062,0.0173430005142213,0.522086899497924,0,0.0665604247029179,0.22747735410585,0.183875321693308,0.309082757977097,0.309429335103064,0.134344731522062,0.0173430005142213
32,0,-1095.81749671496,-1095.81749437986,0.520767416617162,2.67467694721231e-08,0.0874356540618773,0.165336343975483,0.226460558598708,0.0825553340080194,0.145315495978984,0.0894577298914251,0.0159650551110635,0.520767430546008,0,0.0874356564004986,0.165336348397696,0.226460564655797,0.0825553340080194,0.145315495978984,0.0894577298914251,0.0159650551110635
33,0,-1122.83093456778,-1122.83093378149,0.467455803135474,8.49627471883049e-09,0.0277744696571525,0.225860418033532,0.278909300677567,0.173144465192373,0.138596190144378,0.0844890836516523,0.0393482947740028,0.467455807107107,0,0.027774469893132,0.225860419952504,0.278909303047257,0.173144465192373,0.138596190144378,0.0844890836516523,0.0393482947740028
34,0,-1137.86456197607,-1137.86456188601,0.454336989448339,4.96893414256697e-09,0.0162435320347212,0.249164362094275,0.280255111453731,0.0247436318957246,0.166621740449816,0.105073510862318,0.0286020138835869,0.454336991705909,0,0.0162435321154343,0.249164363332356,0.280255112846301,0.0247436318957246,0.166621740449816,0.105073510862318,0.0286020138835869
35,9.69352868196438e-06,-1102.27938304837,-1102.27938789514,0.484196839639498,1.09463402262211e-08,0.0357837763645072,0.233861001165253,0.246158371884401,0.170095076673801,0.14684956199959,0.0578890775141549,0.024863797615776,0.484196844939681,0,0.0357837767562086,0.233861003725175,0.246158374578935,0.170095076673801,0.14684956199959,0.0578890775141549,0.024863797615776
36,0,-1137.28312739425,-1137.28312700268,0.462396972032092,1.13052527283237e-08,0.0369570675690778,0.25134832466651,0.249297624427067,0.274602641612001,0.222232790644777,0.0842607839037943,0.0321540173986311,0.462396977259607,0,0.0369570679868868,0.251348327508066,0.24929762724544,0.274602641612001,0.222232790644777,0.0842607839037943,0.0321540173986311
37,0,-1052.21660234028,-1052.21660232042,0.491220497057269,5.85786246858422e-10,0.0466265961559311,0.251218495150105,0.210934411050909,0.219583165523096,0.137122840724656,0.0709525638702475,0.0278556460823829,0.491220498924378,0,0.0466265819490557,0.251218499904932,0.210934419221635,0.219583150294543,0.137122832172496,0.0709525633335066,0.0278556471512665
38,0,-1083.94494708506,-1083.94494654878,0.481376348142042,4.90823117253809e-09,0.0160450929711362,0.224886752927749,0.277691801050841,0.217133977604495,0.0911649807104714,0.0790344321835336,0.00425331728098015,0.481376350504749,0,0.0160450930498892,0.224886754031545,0.277691802413817,0.217133977604495,0.0911649807104714,0.0790344321835336,0.00425331728098015
39,0,-1140.0782596889,-1140.07825764316,0.45619293796187,3.24585902546024e-08,0.106107695428249,0.151408943566136,0.286290390585154,0.167186967513577,0.137549174198825,0.0705783133414571,0.0373396324304788,0.45619295276925,0,0.106107698872355,0.151408948480657,0.286290399877737,0.167186967513577,0.137549174198825,0.0705783133414571,0.0373396324304788
40,8.54915015224833e-07,-1144.52232437983,-1144.52232480728,0.466849117012158,1.38028314242515e-08,0.045121695715182,0.205434848158281,0.282594325311547,0.13653246073501,0.1971537510539,0.0750082857550681,0.0303394964010409,0.466849123455998,0,0.0451216963379891,0.205434850993864,0.282594329212149,0.13653246073501,0.1971537510539,0.0750082857550681,0.0303394964010409
41,0,-1155.67516379601,-1155.67516352504,0.417277447321049,1.3994427666561e-08,0.0457480271597925,0.254071144903372,0.282903366621359,0.29018323484691,0.185192797030563,0.0902467978181647,0.0248946760731935,0.417277453160608,0,0.0457480278000099,0.254071148458953,0.282903370580429,0.29018323484691,0.185192797030563,0.0902467978181647,0.0248946760731935
42,0,-1043.33545172132,-1043.33545133632,0.575687463724288,1.02431636098059e-08,0.0334850797895296,0.231234709282905,0.159592736960114,0.330156254842755,0.189119402422333,0.0921980498131386,0.0244168120770822,0.575687469621149,0,0.0334850801325228,0.23123471165148,0.159592738594848,0.330156254842755,0.189119402422333,0.0921980498131386,0.0244168120770822
43,2.02332557819318e-07,-1137.24558459602,-1137.24558469719,0.447841189096282,1.09237993467069e-08,0.0357100898377845,0.242887131978972,0.273561578163162,0.497200455183725,0.165608167788491,0.0763899064223779,0.0255819551604904,0.447841193988409,0,0.0357100902278744,0.242887134632223,0.273561581151494,0.497200455183725,0.165608167788491,0.0763899064223779,0.0255819551604904
44,0,-1131.20688605147,-1131.2068845696,0.467035981503834,1.70646461656048e-08,0.0557846247704518,0.192110640707687,0.285068735953382,0.0534518380725931,0.123469770065314,0.0982031916683077,0.0217841921679311,0.467035989473637,0,0.0557846257223967,0.192110643985987,0.285068740817979,0.0534518380725931,0.123469770065314,0.0982031916683077,0.0217841921679311
45,8.45240915623435e-05,-1146.28386685549,-1146.28390911754,0.44215718335145,4.59389461302481e-05,0.0446947837100237,0.243039020120698,0.270063073871698,0.269888365993796,0.181951477716701,0.0844760443318345,0.0214151401520536,0.442176414460474,0,0.0446968781791417,0.243058518904413,0.270068188455972,0.269845871802759,0.181963927898632,0.0844748806346438,0.0214149447931754
46,4.09467156714527e-06,-1029.30684005007,-1029.3068420974,0.539732692881605,1.87027218175226e-08,0.0611395225339944,0.199407189948775,0.199720575932904,0.122368742879333,0.14359458642701,0.0442295112672596,0.0295864558988476,0.539732702976076,0,0.0611395236774699,0.199407193678232,0.199720579668222,0.122368742879333,0.14359458642701,0.0442295112672596,0.0295864558988476
47,5.11987808920958,-1115.54959821285,-1118.10953725745,0.440765688070028,0.0184878426594945,0.040187307891536,0.251056687511269,0.249502473867672,0.0688377830667593,0.171946145941897,0.110098185048207,0.0288755679794985,0.450008843187278,0,0.0401940852774575,0.255064041453414,0.254733030081851,0.0809514905451501,0.175078859868474,0.109018712366349,0.0288528234137024
48,1.46984848470311e-06,-1119.28932965749,-1119.28933039242,0.449026828310052,8.78690809043349e-09,0.0287245551979428,0.256667552237563,0.265581055467534,0.130129533493651,0.181195880847404,0.0927230576093502,0.0142635566832784,0.449026832255609,0,0.0287245554503429,0.256667554492878,0.26558105780117,0.130129533493651,0.181195880847404,0.0927230576093502,0.0142635566832784
49,0,-1103.32036710278,-1103.32036461201,0.465851899470574,2.5701937472263e-08,0.0840200820797009,0.181853412733908,0.26827458001388,0.157276075506023,0.122043830227349,0.0464358162632678,0.0311291985745906,0.465851912744945,0,0.0840200821155213,0.181853421999262,0.268274583140272,0.157276036209119,0.12204366742355,0.0464360126965056,0.0311290468554341
50,9.34049148781924e-06,-1183.60544947485,-1183.6054541451,0.408861206701737,1.28071289243276e-08,0.0418667269451169,0.25099647792254,0.298275575623477,0.187009894774499,0.15938483158395,0.121005455653724,0.0486683240904667,0.408861211938075,0,0.0418667274813095,0.250996481137084,0.298275579443531,0.187009894774499,0.15938483158395,0.121005455653724,0.0486683240904667
51,3.07945752288651,-1175.54732644701,-1177.08705520845,0.464827112911059,0.0113820320603979,1.30816037021115e-13,0.2119868691686,0.311803985859812,0.15326254293839,0.171387835826393,0.140980224549383,0.0192867327277689,0.469112458757571,0,6.87805983025264e-10,0.221803147690529,0.309084392864095,0.176976304136365,0.171719495132175,0.15208813648976,0.0192866814977096
52,0,-1091.14307868758,-1091.14307677566,0.444189064270786,2.14736131411706e-08,0.0701988456540306,0.20522379919735,0.280388269404221,0.031264442926635,0.12675356652149,0.0393657469595799,0.0391033228823955,0.444192907625986,0,0.0701976995629604,0.205220903413955,0.280388489397098,0.0312622537828289,0.126752892978867,0.0393656836196503,0.0391039755646477
53,0,-1132.50852336846,-1132.50852317486,0.421401490026797,1.63102591510145e-08,0.0533187913564199,0.250933063392345,0.274346638914179,0.222076163641012,0.133552120927839,0.060346408804204,0.0373639009355991,0.421400892951637,0,0.0533184408431724,0.250933440573143,0.274347225632048,0.222080776783335,0.133551262876437,0.0603466444130984,0.0373632350217329
54,2.99223756883293e-10,-1172.47368240985,-1172.47368241,0.415458683507386,2.09823556110907e-12,0.0294048598439609,0.209419217283292,0.345717239363263,0.362403886418082,0.11654502095963,0.0560177778369698,0.0319050065463829,0.415458844272141,0,0.0294047988305069,0.209419371828677,0.345716985068675,0.362408011897121,0.116545438547779,0.056017335585742,0.0319048465095013
55,0,-1055.40342814208,-1055.40342766633,0.547128721908334,9.93721543433146e-09,0.0324849298888276,0.224715287854171,0.195671050411452,0.26937077239083,0.14970082304979,0.0757143081014678,0.0261178274108875,0.54712872734527,0,0.0324849302116373,0.224715290087215,0.195671052355878,0.26937077239083,0.14970082304979,0.0757143081014678,0.0261178274108875
56,0,-1143.83493965938,-1143.83493950199,0.430673856368521,1.06473306277962e-08,0.03480630879272,0.22794614226533,0.306573681926098,0.212611376812376,0.155148302805642,0.0752635369401717,0.0175920348657707,0.430673860954048,0,0.0348063091633143,0.227946144692348,0.306573685190289,0.212611376812376,0.155148302805642,0.0752635369401717,0.0175920348657707
57,1.18372918223031e-06,-1126.46398509271,-1126.46398568458,0.501430157347909,2.23644591049041e-08,0.0731098053398737,0.162402713999691,0.263057300948068,0.0749060856212629,0.162494220232025,0.0717468043433004,0.0329763277081389,0.501430168562123,0,0.073109806974935,0.16240271763174,0.263057306831202,0.0749060856212629,0.162494220232025,0.0717468043433004,0.0329763277081389
58,0,-1125.37032224823,-1125.37032153634,0.497037805943209,7.64929231403634e-09,0.0250055540184481,0.201192850974543,0.276763781414508,0.204412118484159,0.139790398075636,0.0923734342177378,0.0162621005660039,0.497037359531061,0,0.0250057307176658,0.201193294311521,0.276763615439753,0.204410770730545,0.139790854575088,0.0923736640786558,0.0162623204559316
59,3.59922968305182,-1053.80742869058,-1055.6070435321,0.490407414651761,0.0129927630022323,0.0526347162729283,0.248176745919649,0.195788360153429,0.183173689546267,0.126645527195418,0.13046533386395,0.0208240738170039,0.494710561754395,0,0.0539401007167671,0.251227186530669,0.200122150998169,0.177527631961031,0.125779960745338,0.138519933973773,0.0208159456066679
60,0,-1103.9294317999,-1103.92943170978,0.495592148729132,1.46569229164833e-11,0.0423315124491785,0.160689391952757,0.301386946854276,0.0303788277259312,0.107639296841812,0.0576376747439266,0.0154217577040638,0.495592095766088,0,0.0423315132939667,0.160689437700205,0.30138695323974,0.03037884143348,0.107639287268146,0.0576376764233216,0.0154217598983834
61,4.65008270111866e-07,-1098.14999988519,-1098.15000011769,0.554709076510809,1.8730391455991e-08,0.0612299750628379,0.172809693546648,0.211251236149313,0.188538708832245,0.172909687425041,0.124324170581107,0.0338092436713476,0.554709086900728,0,0.0612299762096994,0.172809696783441,0.211251240106132,0.188538708832245,0.172909687425041,0.124324170581107,0.0338092436713476
62,0,-1085.09647875598,-1085.09647770105,0.518183350176752,1.77599691876674e-08,0.0580583231539861,0.233612974141677,0.190145334767615,0.104346218639012,0.193565168127907,0.0695456692883024,0.0501551295708592,0.518183352920106,0,0.0580575660978734,0.233614702170724,0.190144378811296,0.10434849045188,0.193564889029879,0.0695460886155066,0.0501541115544802
63,0,-1078.98453316287,-1078.98453189273,0.502663349776702,2.20270241866216e-08,0.0720067247299294,0.168081548905675,0.257248354560669,0.210874005055334,0.126836914916485,0.0599299020647353,0.0128341489097159,0.50266336084888,0,0.0720067263160233,0.168081552608012,0.257248360227085,0.210874005055334,0.126836914916485,0.0599299020647353,0.0128341489097159
64,1.04297084607606,-1191.8376154382,-1192.35910086123,0.383771292323576,0.0135285538115481,0.0648873973795544,0.196041677338557,0.341771079146764,0.058439122949398,0.183470038599389,0.0636388840922294,0.0326349158106774,0.389762831878708,0,0.0580883943155897,0.216698538257445,0.335450235548257,0.07551765235137,0.190939571455645,0.0670368906589613,0.032847246945129
65,0,-1053.65122989876,-1053.65122861331,0.562983648549434,1.36287887313722e-08,0.044552747128608,0.167982432482785,0.224481158210385,0.0478785317821647,0.138915204197009,0.0692263833792388,0.0148783379551493,0.562983656222219,0,0.044552747735808,0.167982434772182,0.224481161269791,0.0478785317821647,0.138915204197009,0.0692263833792388,0.0148783379551493
66,0.0054306621550495,-1095.90376333932,-1095.9064786704,0.504439583206037,1.95647016944509e-08,0.0650770306594966,0.181026414886653,0.249456951683111,0.184277937820243,0.154507165756013,0.0564917560349244,0.0327142326299241,0.504341411933391,0,0.0651239437417081,0.180460408795911,0.25007423552899,0.183983947210256,0.153925784589364,0.0564416285087771,0.0327111590929582
67,0,-1096.55646955976,-1096.55646751229,0.481199091482662,2.22286240807123e-08,0.0726659467242598,0.194679042894537,0.251455896669917,0.0417390814411065,0.19701083766883,0.0369576601015002,0.0229031148019608,0.481199077794987,0,0.0726658944816496,0.194679772424212,0.251455255299152,0.0417394924630598,0.19701138267903,0.0369578379684785,0.0229031553683863
68,1.71828196471324e-06,-1143.88242773334,-1143.88242859248,0.492466353401925,1.37175663829279e-08,0.0448429628138306,0.180130513776032,0.282560156290647,0.174588639439212,0.138765787677682,0.116115707474758,0.0253022094679052,0.492466360157365,0,0.0448429634289669,0.180130516246984,0.282560160166685,0.174588639439212,0.138765787677682,0.116115707474758,0.0253022094679052
69,2.50150333158672e-06,-1148.96227259212,-1148.96227384287,0.386419544052722,1.53253317349219e-08,0.0500987756803579,0.265233812511947,0.298247852429641,0.298329220248311,0.124767864991383,0.107848935257402,0.0199637500873052,0.38641954997473,0,0.0500987764481383,0.265233816576744,0.298247857000388,0.298329220248311,0.124767864991383,0.107848935257402,0.0199637500873052
70,0,-1098.9270611124,-1098.92706030187,0.474860699114706,1.34000076218633e-08,0.0438050171702296,0.224676784063511,0.256657486251546,0.149543740299297,0.124350235210315,0.112632606497566,0.0233287917312672,0.474863161904936,0,0.043804906942613,0.224674103355684,0.256657827796767,0.149547276096708,0.124349904639408,0.112632353133446,0.0233288490198266
71,0,-1115.82769264351,-1115.82769262316,0.507540875907243,8.53156853060253e-09,0.027889845740976,0.180703579172994,0.283865690647219,0.176242925577332,0.201851046685696,0.0981464812144798,0.012844285847654,0.507540880237363,0,0.0278898459789202,0.180703580714679,0.283865693069039,0.176242925577332,0.201851046685696,0.0981464812144798,0.012844285847654
72,4.834626452066e-06,-1155.6842916968,-1155.68429411411,0.401447985226287,2.56346030594325e-08,0.0837999627377118,0.203899798451321,0.310852227950077,0.181217564165091,0.139336246769067,0.0859067494091002,0.0236914841307439,0.401447995517247,0,0.0837999648858906,0.203899803678212,0.31085223591865,0.181217564165091,0.139336246769067,0.0859067494091002,0.0236914841307439
73,0,-1090.46925145443,-1090.46925130844,0.474650920168977,1.42675844036212e-08,0.0466409566174284,0.244363085971297,0.234345022974713,0.219760632463074,0.134763640341799,0.0947961475770801,0.0160956414246128,0.474650774122505,0,0.0466409539910928,0.244363239574164,0.234345032312238,0.219759372801407,0.134764442030621,0.0947957998441746,0.0160956789794951
74,0,-1093.00299700718,-1093.0029966864,0.42735860560115,2.04404530325221e-08,0.0668201960645149,0.309678034517072,0.19614314337681,0.200483974018723,0.177392687194174,0.128686006444034,0.0142655857227354,0.427358614336553,0,0.0668201974303501,0.309678040847032,0.196143147386065,0.200483974018723,0.177392687194174,0.128686006444034,0.0142655857227354
75,0,-1105.56240631172,-1105.56240526797,0.438744854074057,1.62803937714709e-08,0.0532208904609694,0.251473176435932,0.256561062748648,0.257469725251366,0.188398841770896,0.0305089618626119,0.024281577800318,0.438744877807936,0,0.0532208902275954,0.251473173691242,0.256561058273227,0.257469673015859,0.188398665476058,0.0305087855677743,0.0242815255648105
76,3.71723708399668,-1150.36424373665,-1152.22286227865,0.472349490364634,0.0281098205910173,0.0527768977960545,0.15595332834265,0.290810462905644,0.180662545277785,0.13244595953873,0.120865776188841,0.028398482118187,0.488369981432729,0,0.0490461630462903,0.172395091794646,0.290188763726335,0.117864713826365,0.15251613684067,0.108602190651952,0.0283845764967943
77,1.44370687263608,-1130.41260126347,-1131.13445469978,0.511791266307805,0.00808856628327197,0.0769760269849874,0.149212193961746,0.253931946462189,0.290359430153897,0.163998868989816,0.11288064013062,0.010868503607182,0.515325130290326,0,0.0765998204653646,0.14954050990045,0.258534539343859,0.285321957886682,0.165898233447683,0.112506750336129,0.0108472346006633
78,0.107060875831849,-1105.95200599942,-1106.00553643733,0.439124993196976,0.0117527478567087,0.069362415592792,0.210094779907171,0.269665063446353,0.347330494472736,0.136703543317328,0.0701436713395841,0.0141204466189812,0.443078210568743,0,0.0683637503937428,0.218566871000239,0.269991168037276,0.375316632048891,0.13677804357806,0.0692096548534046,0.0141201132032707
79,9.81636230790173e-06,-1062.09157720309,-1062.09158211128,0.518837732878298,1.91625971813332e-08,0.0626428630874633,0.208497413903711,0.210021970967931,0.200300837766705,0.172784673291191,0.07240132852871,0.0122743986714986,0.518837742820577,0,0.0626428642878633,0.208497417899063,0.210021974992498,0.200300837766705,0.172784673291191,0.07240132852871,0.0122743986714986
80,0.938223706421923,-1163.24158954217,-1163.71070139539,0.501934971816619,0.01234457095888,0.0364419872861085,0.189758289545276,0.259520180393116,0.35713547996478,0.181182097863894,0.106441684388744,0.0371144836495537,0.509693418960868,0,0.0367433207628821,0.188953660529356,0.264609599746894,0.339148445971381,0.181123570558126,0.105438653782002,0.0368183431568248
81,0,-1111.49188473266,-1111.49188356082,0.476433224609437,9.78743106032069e-09,0.0319952821680615,0.19282325178849,0.298748231646581,0.0412104502865269,0.134717801157129,0.0548982238866142,0.029239099044664,0.476433229272495,0,0.0319952824812131,0.192823253675734,0.298748234570558,0.0412104502865269,0.134717801157129,0.0548982238866142,0.029239099044664
82,3.87400632462231e-07,-1098.79189955371,-1098.79189974741,0.483367366623821,6.79018137205198e-09,0.0221972208674744,0.232248859649502,0.262186546069022,0.133516222928596,0.141754561503351,0.0820912761033859,0.00463335797132897,0.483367369905973,0,0.0221972210181976,0.232248861226514,0.262186547849316,0.133516222928596,0.141754561503351,0.0820912761033859,0.00463335797132897
83,2.92344418809125,-1061.02539194481,-1062.48711403886,0.477611840884198,0.0149731783193496,0.0176311219421365,0.287596704600658,0.202187154253658,0.226413670701938,0.137357521541724,0.137741346251968,0.00838052763762788,0.488224500971067,0,0.0174701105416688,0.287241321417536,0.207064067069728,0.22032672499787,0.14164406567919,0.13739455847348,0.00837113359694364
84,0,-1140.77436187104,-1140.77436172991,0.455540195685234,7.63840346606841e-09,0.0249700736285288,0.237584994990786,0.281904728057047,0.16410974105318,0.166993210347092,0.0652897479435036,0.0329852183398279,0.455540199164834,0,0.0249700738192603,0.237584996805556,0.281904730210349,0.16410974105318,0.166993210347092,0.0652897479435036,0.0329852183398279
85,0,-1040.57131987794,-1040.57131969407,0.547869205924804,1.90797127576062e-09,0.00623719124664083,0.195378824713352,0.250514776207232,0,0.162944321159886,0.0308776985980552,0.0106294822628743,0.547869206873995,0,0.00623719125745161,0.195378825051899,0.250514776816654,0,0.162944324619795,0.0308777031624091,0.0106295023636716
86,0.0191479313057243,-1053.70177834832,-1053.71135231397,0.534145775350664,0.00188231847940145,0.0488116286203657,0.213571890872633,0.201588386676935,0.160636674635423,0.150981343819442,0.0778233305217225,0.0291471323482345,0.53474998477654,0,0.0486023403282366,0.215125926837223,0.201521748058001,0.166489405634399,0.150944385636608,0.0778918363474985,0.0291508884553916
87,0,-1146.90987476994,-1146.90987474417,0.400494503898553,3.31083799320616e-09,0.0404088097170541,0.240230700608263,0.318865982465292,0.109472073802682,0.143834477924529,0.0933511894998325,0.01527582000566,0.400494530658907,0,0.0404087970532943,0.240230706265438,0.31886596602236,0.109472110299987,0.143834453522642,0.0933511899522335,0.0152757796905417
88,1.44515433112019,-1073.80150601184,-1074.5240831774,0.596758543835897,0.0128727856984445,0.0410914828174163,0.114680789930844,0.234596397717399,0.165610990622605,0.117326179175448,0.107619315952985,0.0233017680104088,0.603661632417588,0,0.0424740925230939,0.118906536700819,0.234957738358499,0.156040599987684,0.117437569191576,0.109929488644684,0.0233063739628321
89,0,-1098.32432354474,-1098.32432348406,0.431562320356096,8.30676238103796e-10,0.110435254662142,0.181198464499983,0.276803959651103,0.0512994793113713,0.149473102653933,0.0235194782053929,0.0298229279847247,0.431562353618426,0,0.110434475631011,0.181199274156181,0.276803896594382,0.0512993739253821,0.149472783287844,0.0235194036732669,0.0298229180294066
90,2.25904054786952e-05,-1017.52219452695,-1017.52220582215,0.422068072739665,2.60425568514264e-08,0.0851335707709054,0.294945271784638,0.197853058662235,0.0740752728222934,0.0969826676602796,0.101341904659812,0.0122724081703271,0.422068083731397,0,0.0851335729880014,0.294945279465767,0.197853063814835,0.0740752728222934,0.0969826676602796,0.101341904659812,0.0122724081703271
91,2.52671054795701,-1156.50193753006,-1157.76529280404,0.453914378549878,0.0116922474527323,0.0334079414652919,0.19599039050988,0.304995042022218,0.0376589078675499,0.122649791048907,0.114684758939757,0.0373059953530454,0.45794215885827,0,0.0328433130527762,0.206878919946365,0.302335608142589,0.0382520025073739,0.134879477021714,0.111113049275058,0.037316357780745
92,1.0707652563724e-05,-1133.60967006284,-1133.60967541666,0.432453565197292,2.20308149185321e-08,0.0720112856297324,0.204296477447343,0.291238649694818,0.149843635353349,0.151473071629568,0.0645836751057124,0.0230506261765729,0.432453439270678,0,0.0720111361531985,0.204297591197124,0.291237833378999,0.149848528411464,0.151472955891035,0.0645854863442634,0.0230505173380689
93,0,-1073.04318805891,-1073.04318774348,0.509193428916496,5.37389871002976e-09,0.0175673682409927,0.214022342905064,0.259216854563549,0.121422496664242,0.105141555551957,0.0692107042871929,0.0242909035461887,0.50919343165285,0,0.017567368335398,0.214022344055198,0.259216855956554,0.121422496664242,0.105141555551957,0.0692107042871929,0.0242909035461887
94,0.318026368710434,-1113.90528763279,-1114.06430081715,0.473921046807094,0.0054261814173558,0.0759730824111223,0.145297677075216,0.299382012289212,0.137873068801103,0.103372149808395,0.0897798024956973,0.0143158541346607,0.476550614866398,0,0.0753876304799312,0.147160047743339,0.300901706910332,0.131273969116876,0.104766497144459,0.0897415273559508,0.014312493187768
95,4.8354968384956e-07,-1094.29473224385,-1094.29473248563,0.430581607272796,2.23985326287008e-08,0.0732211922811065,0.25064293829039,0.245554239757175,0.196113219069829,0.164209215253243,0.0723420662645963,0.0224717847475511,0.430581616917192,0,0.0732211939211538,0.250642943904425,0.245554245257229,0.196113219069829,0.164209215253243,0.0723420662645963,0.0224717847475511
96,3.99606233258964e-06,-1069.45803373397,-1069.458035732,0.537228355885416,2.04196595090023e-08,0.0667522216748939,0.18110946786473,0.2149099341553,0.167071252991932,0.154194171066731,0.0883405069091175,0.0133381906239179,0.537228366855436,0,0.0667522230379516,0.181109471562924,0.214909938543688,0.167071252991932,0.154194171066731,0.0883405069091175,0.0133381906239179
97,0,-1153.27304030705,-1153.27303935335,0.453452252592374,1.5952234107102e-08,0.0521481304258586,0.208046572657039,0.286353028372495,0.175433841619503,0.191765964077248,0.0843820732134533,0.0246095666010823,0.45345225982595,0,0.0521481312577378,0.208046575975846,0.286353032940466,0.175433841619503,0.191765964077248,0.0843820732134533,0.0246095666010823
98,0,-1151.46572196662,-1151.46572058674,0.475896735937462,1.58714513261149e-08,0.0518840501114152,0.167788167619359,0.304431030460313,0.116087783207646,0.138881368236428,0.106880575232336,0.0183656653341437,0.475896743490634,0,0.0518840509348904,0.167788170282401,0.304431035292075,0.116087783207646,0.138881368236428,0.106880575232336,0.0183656653341437
99,1.38950599648524e-06,-1084.93507904725,-1084.935079742,0.510328238559095,2.45896665039818e-08,0.0803840469848119,0.209222904089898,0.200064785776528,0.192508191928237,0.235640166833618,0.060755830024021,0.024746384997068,0.510328251107897,0,0.0803840489614289,0.20922290923462,0.200064790696055,0.192508191928237,0.235640166833618,0.060755830024021,0.024746384997068
100,0,-1077.77761527226,-1077.77761443593,0.518038176091023,1.49167998969097e-08,0.0487632780046882,0.234080922083923,0.199117608903566,0.145338948109115,0.189070755391234,0.0884693739868404,0.0192544269073566,0.518038183818495,0,0.0487632787320803,0.234080925575661,0.199117611873763,0.145338948109115,0.189070755391234,0.0884693739868404,0.0192544269073566
101,0,-1127.72771595882,-1127.727715551,0.462388806026946,5.82443533691701e-09,0.0190400637269744,0.203871755766683,0.314699368654961,0.0488947898767759,0.098442198366397,0.110011095712929,0.011868833124472,0.462388129067649,0,0.0190402374596742,0.203872814558998,0.314698818913679,0.0488955027750631,0.0984418502171032,0.110010701908649,0.0118688326053039
102,0,-1129.97607992489,-1129.97607935789,0.427702240682776,9.50500824423977e-09,0.0310720370759105,0.241605992342552,0.299619720393753,0.219751481419391,0.115260129676814,0.0518288576064737,0.0191558579026676,0.42770224474809,0,0.0310720373712505,0.241605994639019,0.299619723241641,0.219751481419391,0.115260129676814,0.0518288576064737,0.0191558579026676
103,0,-1126.82533011548,-1126.82532922083,0.464694642169994,1.12382604983352e-08,0.036738068805425,0.224401581169713,0.274165696616608,0.217355752870325,0.0933325937631517,0.123014031642394,0.0248165634201005,0.464694647392354,0,0.036738069218297,0.224401583691596,0.274165699697753,0.217355752870325,0.0933325937631517,0.123014031642394,0.0248165634201005
104,0,-1093.64485787618,-1093.644856302,0.396976358831559,2.02903656850944e-08,0.0663295579183854,0.307644723732667,0.229049339227023,0.4439446298389,0.144928426608296,0.10977685619202,0.00443990735918177,0.396976366886354,0,0.0663295592642364,0.307644729974891,0.229049343874518,0.4439446298389,0.144928426608296,0.10977685619202,0.00443990735918177
105,0,-1062.71003102734,-1062.71003056189,0.467224985663297,8.1157483529786e-09,0.0265305223564989,0.282241681510181,0.224002802354275,0.161536703861955,0.12674057691276,0.0733169857984152,0.0188016101253023,0.467224989455177,0,0.026530522571814,0.282241683800784,0.224002804172225,0.161536703861955,0.12674057691276,0.0733169857984152,0.0188016101253023
106,7.4530817073537e-08,-1055.88694416294,-1055.8869442002,0.521459576849555,3.47715128044905e-11,0.0679514024417515,0.195555509638374,0.215033511035548,0.0937067215687801,0.141725135510857,0.0797527588129285,0.0270747689134003,0.52145952874707,0,0.0679514370473462,0.195555467692422,0.215033566513162,0.0937069724709861,0.141725057818135,0.079752855785938,0.027074802484609
107,0.957345625095968,-1135.84109172339,-1136.31976453594,0.466827018876869,0.00667384436941226,0.00688991666163332,0.21727552407903,0.302333696013056,0.200551861677755,0.129530528766807,0.0985118732511395,0.0231676460116811,0.469319344329068,0,0.00672575545058936,0.222396982984018,0.301557917236325,0.196843837508905,0.134440136665513,0.0989615884011753,0.0231832325917699
108,0,-1017.48571480806,-1017.4857142151,0.522145082797394,8.26881847470813e-09,0.0270309112436393,0.265089941485035,0.185734056205114,0.244402725611327,0.0894739137209183,0.0834901567758463,0.0239625581530706,0.522145087114917,0,0.027030911467153,0.265089943677015,0.185734057740915,0.244402725611327,0.0894739137209183,0.0834901567758463,0.0239625581530706
109,0,-1095.90490477638,-1095.90490374959,0.466977057201503,2.1613417249758e-08,0.0706546364679472,0.2609159027734,0.201452381943733,0.090046521196844,0.148305484763541,0.10412860004194,0.0592783821333747,0.466977067294473,0,0.0706546379950354,0.260915908412684,0.201452386297807,0.090046521196844,0.148305484763541,0.10412860004194,0.0592783821333747
110,0,-1079.68988694004,-1079.68988574389,0.509976746907428,1.69895583529394e-08,0.0555391614063875,0.201930411631943,0.232553663064683,0.386524593036461,0.133307556744807,0.0562826312042165,0.0243446809498509,0.509976755571708,0,0.0555391623499733,0.201930415062652,0.232553667015667,0.386524593036461,0.133307556744807,0.0562826312042165,0.0243446809498509
111,0,-1059.69259286757,-1059.69259043683,0.542792978854809,2.03860738274374e-08,0.0666458384237162,0.163732077100671,0.22682908523473,0.0604909716357485,0.155158473015783,0.0623218815572958,0.0146461795672148,0.542793426127037,0,0.0666446792068386,0.16373212048891,0.226829774177214,0.0604901501261385,0.155158427864146,0.0623214601068674,0.0146463443215738
112,0,-1135.35787625531,-1135.35787621846,0.451431890143583,2.76897977549717e-10,0.0727611256716837,0.186357993790389,0.289448990117446,0.351129315670707,0.138804517188776,0.0958008241118799,0.00855859201416391,0.451431811773302,0,0.072761039800442,0.186358168211505,0.289448980214751,0.351130117741244,0.138804551645994,0.0958008135027859,0.00855859645400527
113,0,-1097.40547802483,-1097.40547725096,0.525376575823508,1.15423249094649e-08,0.0377320606477582,0.181424001097782,0.255467350888626,0.162580004337939,0.199636387208796,0.0430517268004422,0.0149682491376774,0.525376581887575,0,0.037732061083274,0.181424003191837,0.255467353837314,0.162580004337939,0.199636387208796,0.0430517268004422,0.0149682491376774
114,5.06202013639268e-08,-1159.99589387632,-1159.99589390163,0.494783425242622,1.7658280126964e-10,9.5540067676613e-10,0.180454461752501,0.324762111872894,0.0270994160779725,0.155550914682442,0.0546018918198541,0.0476615837175259,0.494783423220151,0,3.02379051522201e-10,0.18045444889808,0.32476212757939,0.0270994237791231,0.155550895117695,0.0546018940330622,0.0476615795486977
115,0,-1137.82969702218,-1137.8296970101,0.449187753755737,3.66787628671333e-12,0.0534610802023857,0.225910045221015,0.271441120817195,0.117815826239906,0.159042830935684,0.108908344945019,0.0262253759961452,0.449187817970562,0,0.0534610368489858,0.225909872588791,0.271441272591662,0.117816339173171,0.159042661366365,0.108908439046413,0.026225395961508
116,1.04578975879122e-06,-1102.3337128707,-1102.3337133936,0.523934202338213,5.18787831555736e-09,0.0169592643697415,0.228678581235794,0.230427946868373,0.0735383572166921,0.222825453127608,0.0726567134573476,0.0256039644594535,0.523934205437553,0,0.0169592643990437,0.228678582056929,0.230427948106474,0.0735383572166921,0.222825449435498,0.0726567266177055,0.0256037285197598
117,12.6566083915009,-1142.93175610505,-1149.2600603008,0.441457709150303,0.0384835137431871,0.0500928119798506,0.164220545939413,0.305745419187245,0,0.129507714288009,0.081005119553288,0.0261745270590172,0.445321271444682,0,0.0500047970021943,0.202737626806031,0.301936304747093,0.157918109666735,0.147248093325644,0.0781221632314462,0.0263756396615138
118,1.04571881820448e-07,-1077.84358613019,-1077.84358618247,0.42759258254384,4.74029475698453e-11,0.117819250623958,0.216453955024878,0.238134211759921,0.205021456199231,0.20407300973806,0.0660651158953825,0.00394220422904927,0.427592751173059,0,0.117819072027624,0.216453923161875,0.238134253637442,0.205021313846163,0.204072979243003,0.0660650590099818,0.00394220051246721
119,2.48299329541624e-07,-1097.65683685007,-1097.65683697422,0.519489852333966,8.68892850053699e-12,0.0537511560702258,0.142113951728323,0.284645039858796,0.0319163171418098,0.139343708388792,0.0640335239438922,0.017171516386858,0.519490050564638,0,0.0537513831925351,0.142114044408621,0.284644521834206,0.0319161247922249,0.139344012565744,0.0640334494081533,0.0171715426050295
120,0,-1086.20361341094,-1086.20361142377,0.472354533794307,2.2975208609159e-08,0.0751063560795116,0.237149448566077,0.215389638584896,0.219209945889565,0.143228718700659,0.104783951909265,0.0265005441164267,0.472354544646751,0,0.0751063578050958,0.237149454014635,0.215389643533518,0.219209945889565,0.143228718700659,0.104783951909265,0.0265005441164267
121,2.86494190922986,-1185.2242307945,-1186.65670174912,0.410783195030083,0.0113146309622912,0.0331283532590079,0.219807416960311,0.324966403788307,0,0.16617483609553,0.105063565773181,0.0574312716406703,0.415254089255408,0,0.0321894686942765,0.225487911108183,0.327068530942132,0.00919069130626718,0.167901109488748,0.104392954983711,0.057459046138989
122,0,-1164.22807827661,-1164.22807723789,0.458462079941239,1.37462453513489e-08,0.0449367148598238,0.198965569362403,0.297635622090289,0.275151985823946,0.152798611454425,0.0736828108770132,0.0200126751644003,0.458462086243371,0,0.0449367154775349,0.198965572097433,0.297635626181661,0.275151985823946,0.152798611454425,0.0736828108770132,0.0200126751644003
123,0,-1140.86077847172,-1140.86077826518,0.474893946720709,1.09954741978611e-08,0.0359443961713767,0.18565202103808,0.30350962507436,0.209006335473702,0.108290751699952,0.126759469647568,0.0207505790364096,0.474893951942393,0,0.0359443965666024,0.185652023079412,0.303509628411593,0.209006335473702,0.108290751699952,0.126759469647568,0.0207505790364096
124,0,-1122.59908186089,-1122.59908184128,0.540381048533521,3.87443138419906e-12,0.0217027253548947,0.129431518590501,0.308484707517209,0.191544309859494,0.147712609957708,0.0383843007221237,0.036240121109878,0.540381584266741,0,0.0217026768762948,0.129430877795542,0.308484861061422,0.191538739376271,0.147712447395847,0.0383842710754757,0.0362401297865913
125,0,-1100.53744180854,-1100.5374405556,0.454643023048481,1.20551937820456e-08,0.0394086379020248,0.217716236127506,0.288232090866795,0.114747187680188,0.119798706848305,0.0401934746831161,0.029823758765691,0.45464302852929,0,0.0394086383771035,0.217716238752117,0.288232094341489,0.114747187680188,0.119798706848305,0.0401934746831161,0.029823758765691
126,0.0197868507343628,-1165.48931595627,-1165.49920938164,0.450513407078112,1.74736731642435e-08,0.0591962889366107,0.209079376504805,0.281210910006799,0.5,0.212288282939096,0.0764902211463456,0.015762460480038,0.450805239483525,0,0.0578189072826365,0.210161786627544,0.281214066606294,0.5,0.21234402315755,0.0771367047316771,0.0157624017804694
127,0,-1130.61629656129,-1130.61629633861,0.535746159604664,2.30998833654496e-09,0.00755139974315991,0.143001843227907,0.31370059511428,0.159029737777386,0.159233152995703,0.055169275773088,0.0172846951188203,0.535746423027429,0,0.0075513872817006,0.143001959857005,0.313700229833866,0.159029792258825,0.159233301871615,0.0551696156614182,0.0172847310521836
128,0,-1175.56838574624,-1175.56838573021,0.417172899343684,1.29542987594336e-09,0.0675955426391669,0.213446521837622,0.301785034884097,0.216597694666015,0.2118906895275,0.0984205976705929,0.0048434274212587,0.417172916512722,0,0.067595437283366,0.213446641831283,0.301785004372629,0.216597565392685,0.211890719508366,0.0984205824389878,0.00484342279722845
129,9.06898094399367e-08,-1124.7282163671,-1124.72821641244,0.462360422788753,3.85310485276199e-10,0.0259600053868998,0.244715886662845,0.266963684776192,0.421215520531741,0.155510400616741,0.0481703962990691,0.0164893511004653,0.462360417237134,0,0.0259600001014511,0.24471590864308,0.266963674018334,0.421215549412983,0.155510407507588,0.0481703986278909,0.0164893666665699
130,2.56841303780675e-09,-1098.80173557706,-1098.80173557835,0.442255386369162,7.12415564832081e-10,0.0750048926202983,0.191582972957855,0.291156747340269,0.0462137629771222,0.142052347909553,0.0540689511132106,0.0144433427463111,0.442255382331755,0,0.0750048197228827,0.191583056066104,0.291156741879258,0.0462139232827027,0.14205243527377,0.0540690277988948,0.014443357553742
131,1.3373442979555,-1048.06535734352,-1048.7340294925,0.503631800534331,0.0230358604249295,0.0551077095654032,0.21016169978497,0.208062929690367,0.24241415796591,0.123853450246192,0.0881704148286506,0.0164318409035761,0.513850003242266,0,0.0549761700732328,0.221739446910607,0.209434379773894,0.223183752065356,0.133158804151335,0.0815459793168302,0.016425821823962
132,1.97763711184962e-07,-1136.67556135275,-1136.67556145163,0.394565574744194,1.04477766447199e-14,0.0602337509195974,0.243472486224303,0.301728188111895,0.0873978095776648,0.141427930308942,0.110608726392652,0.0216868254573727,0.394565670042082,0,0.0602334844101946,0.243472762815755,0.301728082731969,0.0873979397003162,0.141428542519023,0.110608067329238,0.0216867118694931
133,6.33186027698684e-06,-1170.8891757751,-1170.88917894103,0.442749499558473,9.39904152099442e-09,0.0307256300167175,0.209004844938217,0.31752001608755,0.0851939849848866,0.156050402818671,0.0842719076487171,0.0372939294682887,0.442749503719894,0,0.0307256303055089,0.209004846902663,0.317520019071934,0.0851939849848866,0.156050402818671,0.0842719076487171,0.0372939294682887
134,0,-1090.72386469664,-1090.72386328467,0.408311489385233,1.99866748812469e-08,0.0653373693325452,0.22866073668959,0.297690384605957,0.273469665975207,0.0819648194361347,0.0213240065424544,0.033999281007578,0.408311354771734,0,0.0653367347510045,0.228661726535272,0.297690183941989,0.273467025473083,0.0819608095076652,0.0213240031539278,0.0339995060072593
135,0.319499200213158,-1137.44949299673,-1137.60924259684,0.466667822344266,0.00547305426803426,0.0476254331560995,0.214973226637805,0.265260463593796,0.0917662586205697,0.191127220784117,0.0703005344544251,0.0474919716003243,0.469561732406683,0,0.0475831047768716,0.217719336397658,0.265135826418787,0.101121359392626,0.192091590683616,0.0703615339538965,0.0475437105526072
136,0,-1081.10896611254,-1081.10896406708,0.467751924105788,2.31242128516928e-08,0.0755934535369266,0.226509172866141,0.230145426366931,0.127915182537559,0.193138009000897,0.0619419965947858,0.0133399858444638,0.467751934922184,0,0.0755934552849658,0.226509178103988,0.230145431688863,0.127915182537559,0.193138009000897,0.0619419965947858,0.0133399858444638
137,0,-1088.32659994477,-1088.32659890021,0.480153355494038,1.17592640179556e-08,0.0384412383621829,0.220049599272805,0.26135579511171,0.145857450003094,0.107026064845172,0.065764665647004,0.0355894567581561,0.480153361140288,0,0.0384412388142236,0.220049601860427,0.261355798185062,0.145857450003094,0.107026064845172,0.065764665647004,0.0355894567581561
138,0,-1113.37586862695,-1113.37586694116,0.471483286424172,2.4640767160445e-08,0.080551095918535,0.190201482285547,0.257764110730979,0.0736296344863905,0.15664397224049,0.0844082804844624,0.0373355578194033,0.471483298041882,0,0.0805510979033759,0.190201486972258,0.257764117082485,0.0736296344863905,0.15664397224049,0.0844082804844624,0.0373355578194033
139,0.20581963986433,-1134.48186469239,-1134.58477451232,0.425815118788309,0.0139630331587408,0.0622118851871055,0.197118073990324,0.300891888875521,0.144596621772636,0.147171818459454,0.0605385916198174,0.0133533010963709,0.429939914197222,0,0.0613941908336872,0.203278556583189,0.305387338385902,0.158724514151659,0.149477365870117,0.0540310962489894,0.0132553318014855
140,0,-1091.80996300977,-1091.80996063489,0.513758135924754,2.24791791175478e-08,0.0734848270541761,0.184085990397938,0.228671024143953,0.15418908728702,0.191187814707682,0.0852647986712774,0.0182629955624975,0.513758147473616,0,0.0734848287060547,0.18408599453604,0.22867102928429,0.15418908728702,0.191187814707682,0.0852647986712774,0.0182629955624975
141,0,-1135.11056495656,-1135.11056491734,0.484872254712931,8.74870467267024e-10,0.0424667042239308,0.204366618807021,0.268294421381247,0.110843245211149,0.189383805236039,0.0789273024485933,0.0207524539829843,0.484872272778831,0,0.0424666934544053,0.204366634508517,0.268294399258246,0.110843229306503,0.189383802544011,0.0789273108881094,0.0207524532654714
142,0,-1078.35743526265,-1078.35743511984,0.504537448298055,1.81331444301479e-10,0.0484726297972678,0.228872948179847,0.218116973543499,0.12145582638129,0.157135493223509,0.0819286024148944,0.0349557178864431,0.50453793622149,0,0.0484729963492477,0.228872431275614,0.218116636153649,0.12145601971631,0.157135746811685,0.0819282192037755,0.0349559503179945
143,2.47926982410718e-06,-1130.21103531252,-1130.21103655215,0.404959756603892,1.57977446932781e-08,0.051643101848205,0.235991332853246,0.307405792896912,0.236522949079841,0.0789217815032846,0.0780212923905625,0.0281333020921584,0.404959763001343,0,0.0516431026640495,0.235991336581377,0.307405797753231,0.236522949079841,0.0789217815032846,0.0780212923905625,0.0281333020921584
144,1.33711864691577e-06,-1211.39833735159,-1211.39833802015,0.421950623173445,1.90539278201533e-08,0.0622876210579109,0.185839569993431,0.329922166721286,0.149553180816476,0.18866823839649,0.0595726758951012,0.0644800213422016,0.421950631213262,0,0.0622876222447348,0.185839573534404,0.329922173007599,0.149553180816476,0.18866823839649,0.0595726758951012,0.0644800213422016
145,0,-1121.08857382026,-1121.08857121564,0.435667160324395,2.58724907525855e-08,0.0845776217393261,0.175484115094158,0.30427107696963,0.0821428416394832,0.0861769507476834,0.0527737113461654,0.0504454140108682,0.43566717159619,0,0.0845776239275599,0.175484119634369,0.304271084841881,0.0821428416394832,0.0861769507476834,0.0527737113461654,0.0504454140108682
146,0,-1085.0657927231,-1085.0657912874,0.527506723103402,1.63105558914037e-08,0.053319490563676,0.179739340011453,0.239434430010913,0.164620025562199,0.144350850612741,0.0595325809018694,0.0365586027790673,0.52750673170733,0,0.0533194914333465,0.179739342943102,0.239434433916222,0.164620025562199,0.144350850612741,0.0595325809018694,0.0365586027790673
147,1.43620445669512e-06,-1120.80066914546,-1120.80066986356,0.444831653362693,4.5085965857519e-09,0.0147386805642914,0.265814167902353,0.274615493662066,0.218525810621364,0.148276095630346,0.0559324101114302,0.0288296491326526,0.44483165536826,0,0.0147386806307422,0.265814169100802,0.274615494900197,0.218525810621364,0.148276095630346,0.0559324101114302,0.0288296491326526
148,1.04160623652115,-1215.76778951178,-1216.28859263004,0.394254766569935,0.00787902135339536,0.0756430577265538,0.163430280922064,0.358792873428052,0.146142471510644,0.168251002394516,0.0918326519708849,0.022582850100758,0.396504294417695,0,0.0748745074487563,0.164187125380616,0.364434072752932,0.13837003440951,0.167370131392342,0.0888355731846714,0.0225593309010585
149,0,-1134.47078696925,-1134.47078504159,0.463405792083604,2.4058327853573e-08,0.0786470917059599,0.189183413381007,0.268763678771101,0.157142035531987,0.168487535736755,0.0878042041453117,0.0221046989325064,0.463405803232373,0,0.0786470935980775,0.189183417932444,0.268763685237106,0.157142035531987,0.168487535736755,0.0878042041453117,0.0221046989325064
150,3.39982761943247e-08,-1105.97145425306,-1105.97145427006,0.437242428104841,2.61431212158197e-09,0.00854623182168061,0.280384120025174,0.273827217433992,0.25043422571851,0.156094916691003,0.0452269456859284,0.0263926194942548,0.43724242465498,0,0.00854623174131775,0.280384118948383,0.273827224655319,0.250434313176898,0.156094962321466,0.0452269875138527,0.0263924902079434
151,0,-1142.65817177929,-1142.65817165598,0.446221802127688,1.49830060073499e-08,0.0489797069298807,0.191554735712062,0.313243740247363,0.244028159442572,0.148245851340789,0.0582992756298432,0.0179209877603568,0.446221808813432,0,0.048979707663744,0.191554738582127,0.313243744940696,0.244028159442572,0.148245851340789,0.0582992756298432,0.0179209877603568
152,3.24680513585918e-08,-1083.24663249747,-1083.2466325137,0.49777759364611,4.10414715075151e-10,1.2146850314256e-10,0.239276829148728,0.262945576673279,0.0720739139771935,0.115759377996185,0.0739936650264416,0.0392404297118711,0.4977775929831,0,1.65318984166563e-10,0.239276827618847,0.262945579232734,0.0720739002252637,0.115759377920053,0.0739936662327147,0.0392404310768435
153,0,-1082.86021925309,-1082.86021866553,0.458120974846052,7.83334695019714e-09,0.0256073472647959,0.216258916632891,0.300012753422915,0.13596579537269,0.127546591999828,0.0299524768525959,0.00972940150347724,0.458120978434672,0,0.0256073474653872,0.216258918326922,0.300012755773019,0.13596579537269,0.127546591999828,0.0299524768525959,0.00972940150347724
154,0,-1138.19834226072,-1138.19834220488,0.500239493117657,2.48257700507652e-10,0.0832099585373047,0.137119392816886,0.279431155279894,0.104326140456102,0.155229235059128,0.0567753901384203,0.035510937569671,0.50023942018483,0,0.0832099920325802,0.137119236934406,0.279431350848184,0.10432588312277,0.155229246348128,0.0567755028740274,0.0355107899242271
155,0.810529666362982,-1045.82452385518,-1046.22978868837,0.476297791355967,0.00624996458137169,0.0716305236839139,0.232400713039733,0.213421007339014,0.164758596921824,0.0852165418278619,0.0788252822544516,0.0317640810606842,0.478523126676912,0,0.070889354035602,0.237391857806367,0.213195661481119,0.162316395156605,0.0887355875552607,0.0788359032034932,0.0317613895704647
156,0,-1118.60677762952,-1118.60677698299,0.515476579583882,2.03005394381721e-08,0.0663628160939398,0.160527620884937,0.257632963136702,0.212676158243634,0.155615622535154,0.0776117089171516,0.0295016370451316,0.515476590048334,0,0.0663628174411408,0.160527624143734,0.25763296836679,0.212676158243634,0.155615622535154,0.0776117089171516,0.0295016370451316
157,0,-1108.7651341939,-1108.76513416279,0.459963422772019,1.18925797656298e-10,0.0360112233827049,0.242442020242569,0.261583333483782,0.198335460707223,0.161275087262394,0.0725742369563888,0.0374345257296288,0.45996342076565,0,0.0360112312127213,0.242442013797799,0.26158333422383,0.198335460924019,0.161275095392281,0.0725742422629957,0.0374345233735038
158,0,-1095.71606483533,-1095.71606373813,0.515414269126101,1.48989903476442e-08,0.0487050583955433,0.214409421671455,0.22147123590791,0.0838068030575707,0.151212881137503,0.0949427055840159,0.0253851245206713,0.51541427849348,0,0.0487050590031734,0.214409423832075,0.221471238671272,0.0838068077016848,0.151212873614155,0.0949426929448325,0.0253850212773775
159,0,-1157.04684021863,-1157.04683980604,0.468266840296374,2.50419583900849e-08,0.0818625970179113,0.180582204552915,0.269288333090841,0.241498613937615,0.194072370125165,0.0751857480377332,0.044983977643557,0.468266852022693,0,0.081862599067911,0.180582209075047,0.269288339834349,0.241498613937615,0.194072370125165,0.0751857480377332,0.044983977643557
160,0,-1131.35244019691,-1131.35243959103,0.472103447884598,8.50795844158288e-09,0.0278126639498052,0.25150989426214,0.248573985395499,0.114419355495908,0.121008725135121,0.0951760336582161,0.0528211951145941,0.472103451901234,0,0.0278126641864342,0.251509896401975,0.248573987510356,0.114419355495908,0.121008725135121,0.0951760336582161,0.0528211951145941
161,0,-1112.0323351491,-1112.03233467912,0.426597382609304,7.13307515223727e-09,0.0233181465918127,0.291192687667211,0.258891775998598,0.5,0.133355846645743,0.0621070964247697,0.0326112881629161,0.426597385652255,0,0.0233181467581428,0.29119268974431,0.258891777845292,0.5,0.133355846645743,0.0621070964247697,0.0326112881629161
162,0,-1124.73856051821,-1124.73855993894,0.511764997725291,6.62464493221365e-09,0.0216560793698658,0.208249705079247,0.258329211200951,0.0629113222182417,0.164813962834679,0.0865457688090017,0.0389690416502654,0.511765001115552,0,0.0216560795133296,0.208249706458828,0.25832921291229,0.0629113222182417,0.164813962834679,0.0865457688090017,0.0389690416502654
163,1.69647850100546,-1183.02792416778,-1183.87616341829,0.423628942274106,0.0474599927076712,0.0478898751502847,0.153448621505166,0.327572568362772,0.186945152940553,0.18508700684374,0.0442180743414399,0.0315263067137804,0.43829600143236,0,0.0403825840793977,0.196315708259034,0.325005706229208,0.232963288610519,0.208885645864362,0.0344600748671318,0.0323572908568021
164,0,-1121.51465159943,-1121.51465155132,0.474860641284693,1.77554838404443e-08,0.0646422735188239,0.199222807882263,0.261274259558736,0.0934725912012393,0.176180662871616,0.0882646277551176,0.0330156290655762,0.474860653112509,0,0.0646422528833071,0.199222827077262,0.261274266926922,0.093472584715333,0.176180662112584,0.0882646201890205,0.0330156315156322
165,5.44855993211968e-07,-1119.07193396908,-1119.07193424151,0.461742587205099,1.27847099799252e-08,0.0417934390263931,0.236955752520353,0.259508208463445,0.239543086775948,0.131174448870992,0.0867874952028998,0.024961445010797,0.461742593108344,0,0.0417934395607101,0.236955755549764,0.259508211781182,0.239543086775948,0.131174448870992,0.0867874952028998,0.024961445010797
166,0.108432862458812,-1114.32425500026,-1114.37847143148,0.45278406020781,0.00272225116582273,0.0522691872657921,0.20862277425628,0.283601727104295,0.106267903236231,0.10534630849192,0.105262528071918,0.0121132009897603,0.4539223264194,0,0.0519254325282922,0.210690114894802,0.283462126157506,0.103888699507781,0.107426986390108,0.105259384749327,0.012110237186347
167,0,-1124.69402522033,-1124.69402442603,0.536250435774022,1.17138920728979e-08,0.0382929166855666,0.159389538611246,0.266067097215273,0.110157721879061,0.163639377564401,0.0654168729068749,0.0405974059658383,0.536250442055602,0,0.0382929171341257,0.159389540478318,0.266067100331954,0.110157721879061,0.163639377564401,0.0654168729068749,0.0405974059658383
168,1.44059413287323e-06,-1130.29984150811,-1130.29984222841,0.489177216156366,2.17066691289489e-08,0.070959478481038,0.194707153173427,0.2451561304825,0.163659277927799,0.21980323351618,0.0842014827294057,0.0343568658090917,0.489177226774774,0,0.0709594800213319,0.194707157399871,0.245156135804023,0.163659277927799,0.21980323351618,0.0842014827294057,0.0343568658090917
169,0,-1125.66338290767,-1125.66338186797,0.451420111705798,1.51133868228281e-08,0.0494059240807162,0.241708333169961,0.257465615930139,0.116134772278397,0.113217154021539,0.114447475223177,0.042015957381669,0.451420118528284,0,0.0494059248274071,0.241708336822992,0.257465619821316,0.116134772278397,0.113217154021539,0.114447475223177,0.042015957381669
170,0,-1142.48406637804,-1142.48406566663,0.509033650059143,1.07447618856798e-08,0.0351248132673634,0.224653948807782,0.231187577120949,0.321641466668071,0.183016219303113,0.101390828304539,0.0469919168973369,0.509033655528589,0,0.0351248136447711,0.224653951221636,0.231187579605004,0.321641466668071,0.183016219303113,0.101390828304539,0.0469919168973369
171,0.200800397417424,-1091.0557698956,-1091.15617009431,0.451264875739496,0.00336361401366869,0.0563283364791436,0.184542705736463,0.304500468031229,0,0.0811397960625118,0.0718354149249047,0.0166589955983683,0.452364150488893,0,0.0560493694536561,0.187424686769541,0.30416179328791,0,0.0840741312823794,0.071275949804893,0.0166495421269867
172,0,-1135.79568221218,-1135.79568193147,0.459388033489838,1.69508967749761e-08,0.0554127760363785,0.232738338249021,0.252460835273867,0.175936257236785,0.185606244043288,0.0690573192788302,0.0304886315722606,0.459388041276877,0,0.0554127769756748,0.232738342194144,0.252460839553304,0.175936257236785,0.185606244043288,0.0690573192788302,0.0304886315722606
173,1.38676898338963,-1188.91232832911,-1189.6057128208,0.389319499550473,0.00854979151943138,0.0528687481678313,0.220591338764967,0.328670621997297,0.146867545214306,0.204540627734802,0.0916231893353275,0.0250237967363376,0.394035270980529,0,0.0498680979132911,0.22907459843043,0.32702203267575,0.14386902607408,0.2135794724853,0.0926389785236404,0.0250250929393712
174,0,-1163.36929158737,-1163.36929158189,0.464119721720782,5.72277865313583e-10,0.0321310850262974,0.198313986429011,0.305435206251631,0.317435373001835,0.141970155108218,0.0804166702769637,0.040183506696705,0.464119717609108,0,0.0321310938822548,0.198313988101092,0.305435200407546,0.317435360124532,0.141970157677926,0.0804166709295454,0.0401835036074217
175,0,-1083.39806140034,-1083.3980604826,0.474098795268473,1.30536730342595e-08,0.042672683923565,0.278755221992112,0.204473285762177,0.328076470197456,0.19138122438632,0.0622066940625107,0.0285299507928223,0.474098801457204,0,0.0426726844806002,0.278755225630892,0.204473288431305,0.328076470197456,0.19138122438632,0.0622066940625107,0.0285299507928223
176,4.59353395854123e-06,-1071.64413198829,-1071.64413428506,0.47960999829924,1.11427017300902e-08,0.0364256855319401,0.238921600185241,0.245042704840877,0.151232691108572,0.124322395314533,0.0726449183999359,0.0228806439033761,0.479610003643391,0,0.0364256859378206,0.238921602847473,0.245042707571315,0.151232691108572,0.124322395314533,0.0726449183999359,0.0228806439033761
177,2.3733223315503e-06,-1168.15780156072,-1168.15780274738,0.372659083356359,2.13330974959632e-08,0.0697382663229448,0.239195062520327,0.318407566467271,0.153625786759765,0.130930240596442,0.12303427309623,0.0175352326825729,0.372659091306332,0,0.0697382678106781,0.239195067623099,0.318407573259891,0.153625786759765,0.130930240596442,0.12303427309623,0.0175352326825729
178,0,-1121.43629535667,-1121.43629460291,0.429279241790111,1.04298122348804e-08,0.0340952373874462,0.229674694332376,0.306950816060254,0.232459730704688,0.127938186933957,0.0539323833902211,0.00608218535004496,0.429279246267413,0,0.0340952377430531,0.22967469672784,0.306950819261694,0.232459730704688,0.127938186933957,0.0539323833902211,0.00608218535004496
179,0,-1141.73278278743,-1141.73278218641,0.500495429420422,1.27626020872942e-08,0.0417211679413135,0.201806486301545,0.255976903574117,0.42922371313697,0.158546671528767,0.0927819747619903,0.0421838380229774,0.500495435808046,0,0.0417211684737841,0.201806488877121,0.255976906841048,0.42922371313697,0.158546671528767,0.0927819747619903,0.0421838380229774
180,0,-1038.28325988123,-1038.28325977306,0.537857762466718,3.01592786703740e-10,0.0411634458124617,0.236884185963488,0.18409460545574,0.128381213762354,0.130613895047743,0.102745580922237,0.0292029113582275,0.537857992996224,0,0.0411635318122134,0.236883778025238,0.184094697166324,0.128381751782878,0.130613774575101,0.102745574869069,0.0292029741189903
181,6.21030403635814e-06,-1164.72556489935,-1164.7255680045,0.413003758696592,2.92786462749319e-08,0.0957124033152185,0.188046959953456,0.303236848756088,0.119323405941712,0.146978697079766,0.0895974634400442,0.028021948472152,0.413003770788783,0,0.0957124061175482,0.188046965459216,0.303236857634452,0.119323405941712,0.146978697079766,0.0895974634400442,0.028021948472152
182,8.40964275994338e-09,-1133.22897336452,-1133.22897336872,0.454829622435294,1.00091139256163e-08,0.0327199673058923,0.251661628957979,0.260788771291721,0.180852115377281,0.176695416859698,0.120912653914765,0.016424437650368,0.454829626987736,0,0.0327199676333902,0.251661631476889,0.260788773901985,0.180852115377281,0.176695416859698,0.120912653914765,0.016424437650368
183,0,-1090.08151999417,-1090.08151964291,0.49100143974011,9.54830218396707e-09,0.0312135657170017,0.24066118168873,0.237123803305857,0.245486950563132,0.157788778064008,0.0650683325746708,0.0294380579549714,0.49100144442834,0,0.0312135660150383,0.240661183986635,0.237123805569987,0.245486950563132,0.157788778064008,0.0650683325746708,0.0294380579549714
184,0,-1131.01080383027,-1131.01080228517,0.462127143767845,2.73210642510618e-08,0.0893130336711474,0.18459228626802,0.263967508971924,0.267915881538304,0.163911620969286,0.0934232318193575,0.0226650626647557,0.46212715639365,0,0.0893130361112746,0.184592291311278,0.263967516183797,0.267915881538304,0.163911620969286,0.0934232318193575,0.0226650626647557
185,0,-1119.90343143818,-1119.90342884624,0.503454774198316,2.56700364266749e-08,0.0839157950307922,0.181307076554091,0.231322328546764,0.128225694238096,0.202831449445095,0.0589195044286865,0.0338185242629848,0.503454787122019,0,0.0839157971849138,0.181307081208251,0.231322334484817,0.128225694238096,0.202831449445095,0.0589195044286865,0.0338185242629848
186,0.6550411737785,-1074.9243067406,-1075.25182732749,0.5041727811288,0.0118353723872533,0.0406181128153503,0.244477128360965,0.198896605307631,0.194513942718086,0.144767182403532,0.0667988366219184,0.0492948557637774,0.502992317272953,0,0.0414430424538355,0.258438463447093,0.197126176826119,0.25275669369462,0.147177067900864,0.0670480857724078,0.0494039315342888
187,0,-1132.87618099824,-1132.87618095345,0.44169421216213,6.93992246537498e-09,0.0226867271029203,0.260246121217661,0.275372932577366,0.220323344782328,0.163729017436022,0.0760631352089081,0.0203298797274913,0.441694215227454,0,0.0226867272603644,0.260246123023749,0.275372934488433,0.220323344782328,0.163729017436022,0.0760631352089081,0.0203298797274913
188,2.62792888144168,-1109.37168545067,-1110.68564989139,0.491116531137241,0.015195327914299,2.96364180505427e-06,0.231687963498471,0.261997213808184,0.0814452957536681,0.147523147425911,0.108580249319746,0.0233238032283374,0.494393223474994,0,6.7781249188893e-07,0.245157307970337,0.260448790742177,0.105452254426068,0.156113825348699,0.108816115509201,0.0234619127185026
189,0,-1133.20127261159,-1133.2012725699,0.485861697804629,7.67063696595175e-10,0.0387622447851286,0.182485418750519,0.29289063789266,0.0716220136800211,0.1665528011836,0.0589824737086971,0.0381662067381181,0.485861714669671,0,0.0387622585842045,0.182485369281694,0.29289065746443,0.0716220015395301,0.166552782507862,0.0589824404411186,0.0381662040658761
190,0.0101968056014812,-1057.61584670128,-1057.62094510408,0.486063094046012,6.42864688920936e-08,0.0647454865103291,0.235654784862706,0.213536570294484,0.0985316328963367,0.228992216988707,0.0767027917171904,0.0123162426203808,0.486013813653346,0,0.0641827587146251,0.236092648648464,0.213710778983565,0.098744719770906,0.228932086370174,0.077016279740881,0.0123159331751254
191,0,-1132.17979341314,-1132.17979267628,0.508686238640182,9.80113597504169e-09,0.0320400838298354,0.146396984070486,0.31287668365836,0.0723588617855541,0.140580642965887,0.0519824871628859,0.0226154524918378,0.508686243052759,0,0.0320400840552684,0.146396985716272,0.312876687175701,0.0723588900278528,0.140580609588625,0.0519824435156971,0.0226153395226432
192,2.49558070208877e-07,-1085.19299504388,-1085.19299516866,0.504600475121842,1.49561488182898e-08,0.0488919103122678,0.195525320205549,0.250982279404192,0.109085976840799,0.12281572178172,0.0525737853820125,0.0380355850661731,0.504600482668722,0,0.0488919110435025,0.195525323129855,0.250982283157921,0.109085976840799,0.12281572178172,0.0525737853820125,0.0380355850661731
193,0,-1022.27677996913,-1022.27677993149,0.512733039134039,2.26442620456799e-10,0.0507222003643092,0.245472157741056,0.191072602534153,0.189709020188506,0.137807608688166,0.0672828235141497,0.0173783190535765,0.512733017197361,0,0.0507221922691594,0.245472167774201,0.191072622759279,0.189709018582192,0.13780759220383,0.0672828267397324,0.0173783127596203
194,0,-1116.95751547809,-1116.95751459414,0.499507682696875,1.78171008759534e-08,0.0582444122905798,0.181238809917306,0.261009077278139,0.135831015634839,0.162351150187708,0.0736477786039178,0.0371171136235575,0.499507691596654,0,0.0582444133283264,0.181238813146456,0.261009081928564,0.135831015634839,0.162351150187708,0.0736477786039178,0.0371171136235575
195,0,-1101.70320833456,-1101.70320831967,0.543708682610557,1.03951419834591e-08,0.033981899733242,0.190822563940118,0.231486843320941,0.220752757886178,0.144079006883268,0.0758520993774207,0.04932986843975,0.543708688262486,0,0.0339819000864887,0.190822565923745,0.23148684572728,0.220752757886178,0.144079006883268,0.0758520993774207,0.04932986843975
196,0.976888951246565,-1128.52292494976,-1129.01136942538,0.493668418663826,0.0262381434302562,0.0534906649018033,0.17461415117544,0.251988621828674,0.111055293717219,0.129102868846466,0.139977677161459,0.0351560666227658,0.50145339143177,0,0.051391888028545,0.179135688307756,0.268019032231929,0.0906369788110058,0.127849606908071,0.123224338975186,0.035022071725321
197,0,-1074.47973007987,-1074.4797278664,0.501684776878918,1.97143177541805e-08,0.0644464472248513,0.180507278098308,0.253361478083605,0.0450386491258564,0.109958515252643,0.09544810783408,0.0144824342694849,0.501684786769291,0,0.0644464484953691,0.180507281656886,0.253361483078454,0.0450386491258564,0.109958515252643,0.09544810783408,0.0144824342694849
198,0,-1181.94289363377,-1181.94289262257,0.442832100265543,1.17009049908209e-08,0.0382508602151176,0.219108724944501,0.299808302873933,0.284991528328804,0.220719129880817,0.113557106739425,0.0324967332830286,0.442832290126181,0,0.0382504023369576,0.219109353851545,0.299807953685316,0.284991858698753,0.220718837355452,0.113557150392695,0.0324968280542129
199,0,-1073.25639267619,-1073.25639265455,0.531723417715212,1.65502118096502e-10,0.0582705621719022,0.194721448929783,0.2152845710176,0.128972498887988,0.148688969130767,0.0685700045735873,0.040328007940598,0.531723414396278,0,0.0582705593899705,0.194721450434817,0.215284575778934,0.128972443715289,0.148688974755305,0.0685700081358833,0.0403280041582328
200,0,-1120.46232922289,-1120.46232922289,0.479788983947128,1.12838191617279e-15,3.68870008675222e-09,0.244585747292708,0.275625265071463,0.30937536779442,0.189204846308532,0.0589871106172087,0.0183207553077629,0.479788983947128,0,3.68870008675223e-09,0.244585747292708,0.275625265071463,0.30937536779442,0.189204846308532,0.0589871106172087,0.0183207553077629
201,3.79598175822548,-1129.53753703868,-1131.4355279178,0.425404791587974,0.00870397305125855,0.0633003134609912,0.20387602467371,0.298714897226067,0.0800823718678601,0.0970712898576667,0.0735515802199823,0.0388861793044264,0.430198564245661,0,0.0623894192691305,0.208508669460877,0.298903347024331,0.0710110096781854,0.0962270047780213,0.083458604738512,0.0388745722381856
202,0,-1106.98273158167,-1106.98273137822,0.46731398200537,2.44349871789654e-09,0.00798783975841711,0.250004291021228,0.274693884771485,0.191614321989414,0.104020198193574,0.0857612698520707,0.0297575823025744,0.467313983147252,0,0.00798783977793538,0.250004291632113,0.2746938854427,0.191614321989414,0.104020198193574,0.0857612698520707,0.0297575823025744
203,0,-1048.53159263387,-1048.53159150187,0.4846541728259,1.51329332629567e-08,0.049469821591612,0.254293163577771,0.211582826871784,0.183687289176795,0.136809130496981,0.0641060038801324,0.00931049241535354,0.484654179473441,0,0.0494698224743933,0.254293167727571,0.211582830324595,0.183687234244749,0.136809150333037,0.0641059733606677,0.00931036117612041
204,3.3417568857094,-1106.46139407912,-1108.13227252198,0.426520260096249,0.0187231273701919,0.0228524241786153,0.249911509589972,0.281992678764972,0.140430146404553,0.177935041604165,0.0774833351481681,0.00859901827641646,0.434171108797438,0,0.020680931270816,0.266397774418394,0.278750185513352,0.15658239137493,0.182912851768063,0.0828809948759659,0.00859851013346778
205,0,-1083.18951167597,-1083.18951129425,0.490245377012631,1.03098496489483e-08,0.0337030776099876,0.246191005000326,0.229860530067206,0.427549132237592,0.153675660807964,0.0733846900536007,0.0137972188903104,0.490245382066988,0,0.0337030779574612,0.246191007538518,0.229860532437033,0.427549132237592,0.153675660807964,0.0733846900536007,0.0137972188903104
206,0,-1107.64690802496,-1107.64690716637,0.493970055646804,8.88236382145157e-09,0.029036601640943,0.229983015732139,0.24701031809775,0.176008374984541,0.162991615008749,0.0996292326374632,0.0175410749970964,0.493970060034426,0,0.0290366018988566,0.229983017774932,0.247010320291785,0.176008374984541,0.162991615008749,0.0996292326374632,0.0175410749970964
207,0,-1082.66855899202,-1082.66855832252,0.540126243395784,8.15712913171231e-09,0.0266657968410659,0.184706059483695,0.248501892122326,0.0568249582998361,0.14165769475043,0.0713702175804944,0.0243081820792713,0.540126247801664,0,0.0266657970585823,0.184706060990366,0.248501894149388,0.0568249582998361,0.14165769475043,0.0713702175804944,0.0243081820792713
208,0,-1081.11986681096,-1081.11986615082,0.547064724709346,6.38113817911927e-09,0.0208600515636859,0.184227073006545,0.247848144339285,0.167589352152176,0.118892747989307,0.0881877180720594,0.0269192977117322,0.547064728200241,0,0.0208600516967968,0.184227074182124,0.247848145920838,0.167589352152176,0.118892747989307,0.0881877180720594,0.0269192977117322
209,0,-1193.4507880154,-1193.45078779536,0.411555340074691,4.34296961436196e-09,0.0141972431174677,0.216399765025379,0.357847647439493,0.24427317187656,0.172813671931389,0.0443636883850253,0.0380943743427552,0.411555341862063,0,0.0141972431791259,0.216399765965197,0.357847648993614,0.24427317187656,0.172813671931389,0.0443636883850253,0.0380943743427552
210,0,-1082.95364229806,-1082.9536420665,0.554393555116002,5.14326948264235e-09,0.0168134372900635,0.206513113283192,0.222279889167473,0.0374455957111857,0.1756411970962,0.0977874510257231,0.0315125147563002,0.554393557967397,0,0.0168134373765395,0.206513114345345,0.222279890310718,0.0374455957111857,0.1756411970962,0.0977874510257231,0.0315125147563002
211,0,-1077.28157572294,-1077.281574961,0.472251346671581,2.31239497852983e-08,0.0755925930909796,0.226649874323065,0.225506162790424,0.3590197992394,0.191639153414782,0.0336498937236809,0.0145769610527875,0.472251358396429,0,0.0755925952866522,0.226649879234104,0.225506167082815,0.359019803038546,0.191639140323061,0.0336501158518414,0.0145769969698548
212,0,-1079.37095242016,-1079.37094968924,0.476644881919087,2.91464361901962e-08,0.0952801969439642,0.17051695571775,0.257557936272763,0,0.129845555691046,0.0447926664756416,0.0291340830565498,0.476644885582146,0,0.0952802116987711,0.170516967128392,0.257557935590691,0,0.129845159466084,0.0447923104171334,0.0291341191972413
213,4.82673385704402e-08,-1090.38794172342,-1090.38794174755,0.480328737049888,8.42798796582469e-11,0.0459511440165827,0.222751008872797,0.250969109976452,0.186958263622937,0.125783821288233,0.0863031564310167,0.0266769641850131,0.480328829291738,0,0.0459511927779421,0.222750876382994,0.250969101547325,0.18695791001529,0.125783823905834,0.0863031498813059,0.0266769699320457
214,2.57782548405976,-1107.20616970354,-1108.49508244557,0.413397813288028,0.0264649518879069,0.059387749128465,0.248750799728484,0.251998685967116,0.320500558394984,0.141829621481131,0.0978977987808171,0.0149541535295495,0.421950800720064,0,0.0553105802255112,0.264174062774374,0.258564556280051,0.308345143835513,0.146899093943455,0.0966503688202846,0.0149662714848813
215,9.82736310106702e-08,-1070.46023269244,-1070.46023274158,0.59456373800191,1.21713809718212e-11,0.0808179108726968,0.148830822502889,0.175787528610333,0.139724097355579,0.177020088364711,0.094427114786613,0.0575543346825715,0.594564401276211,0,0.0808179710348827,0.148830019103554,0.175787608585352,0.139722878897649,0.177020129715199,0.0944271479471217,0.0575541693694384
216,0,-1141.46240684561,-1141.46240519184,0.44823721449213,2.0180966352748e-08,0.0659719296004082,0.205419023817469,0.280371811909026,0.150010384064232,0.174571388202525,0.0815764058201438,0.0299736775679261,0.44823722353799,0,0.0659719309317855,0.205419027963024,0.280371817567201,0.150010384064232,0.174571388202525,0.0815764058201438,0.0299736775679261
217,0,-1152.96547144625,-1152.96547043382,0.414038135003802,1.77697281199107e-08,0.0580895499280943,0.220614176165453,0.307258121132922,0.0197266380481801,0.115785701745896,0.103399390616049,0.0308382197350236,0.414038142361148,0,0.0580895509603298,0.220614180085707,0.307258126592816,0.0197266380481801,0.115785701745896,0.103399390616049,0.0308382197350236
218,0,-1197.61497988141,-1197.61497855554,0.460193612855675,1.48820698061024e-08,0.0486497447344916,0.139773201429476,0.351383426098288,0.465772339861522,0.11424689530753,0.100661673532326,0.0261952990185757,0.460193619704308,0,0.0486497454585005,0.139773203509591,0.3513834313276,0.465772339861522,0.11424689530753,0.100661673532326,0.0261952990185757
219,0,-1097.7550921289,-1097.75509177064,0.478291888750127,7.3097321195998e-09,0.0238957200368734,0.248527951200426,0.249284432702841,0.181910324764076,0.141974300902357,0.107008642131444,0.01827347050735,0.478291850958704,0,0.0238956478476676,0.248528191631934,0.249284309561695,0.181905957922117,0.141974428072932,0.107009193320381,0.0182735202330274
220,0,-1098.19121786369,-1098.19121763351,0.455825778152848,2.53804534676733e-08,0.0829691433070443,0.177315690200373,0.283889362959281,0.234768247856831,0.0947782598085058,0.0428706391816365,0.0277164864819503,0.455825789721914,0,0.0829691454128388,0.177315694700726,0.283889370164522,0.234768247856831,0.0947782598085058,0.0428706391816365,0.0277164864819503
221,0,-1146.88068505587,-1146.88068445069,0.43454766115447,1.23562601232779e-08,0.0403933508227061,0.20317945145093,0.321879524215633,0.107577459030973,0.153481141463462,0.0628332231091796,0.0110817646810842,0.434547080296879,0,0.0403927635193085,0.203179862995481,0.321880293188331,0.107577522209854,0.153480209575966,0.0628326086221454,0.0110818034837651
222,0.224334715648183,-1113.69587897164,-1113.80804632946,0.456132097882546,0.0119927141228543,0.0256177957594795,0.231909803590226,0.274347588644894,0.129496177578839,0.145516510868126,0.10587703550756,0.0199024355092672,0.460729252844891,0,0.0251950887248067,0.235598750246038,0.278476908184264,0.117984222818814,0.147252263614092,0.101426542345983,0.0198803599583929
223,0,-1134.89391684543,-1134.89391551851,0.375863220158309,1.66831321637368e-08,0.0545374488705038,0.282018829974307,0.287580484313748,0.159713940122744,0.140840113817124,0.0674518683978788,0.0161573771217086,0.375863226428885,0,0.0545374497803592,0.282018834679264,0.287580489111492,0.159713940122744,0.140840113817124,0.0674518683978788,0.0161573771217086
224,0,-1102.16339546241,-1102.16339473153,0.450533079631767,1.36135950519168e-08,0.0445030755693949,0.221864806093253,0.28309902509199,0.147392700817231,0.0888799857409246,0.0903765393265552,0.0338374832044049,0.450533367868833,0,0.0445030765493943,0.221864945481382,0.28309861010039,0.147393927719247,0.0888799703179849,0.0903769714960209,0.0338375218057378
225,0,-1051.73917064324,-1051.73916890945,0.551061610632616,1.78088258876012e-08,0.0582173612098993,0.179871948280156,0.210849062068503,0.145839771883015,0.172731372472564,0.0550118303269572,0.0220421561554067,0.551061620446376,0,0.0582173622466821,0.179871951483464,0.210849065823477,0.145839771883015,0.172731372472564,0.0550118303269572,0.0220421561554067
226,0,-1154.01250495777,-1154.01250495777,0.46518817925463,1.88977461583414e-20,6.17770604921866e-14,0.264643470214061,0.270168350531248,0.261670843906214,0.152122618097618,0.134832261760715,0.0295754708928631,0.46518817925463,0,6.17770604921866e-14,0.264643470214061,0.270168350531248,0.261670843906214,0.152122618097618,0.134832261760715,0.0295754708928631
227,0,-1072.37697280169,-1072.37697225815,0.411286547560073,7.05028944347748e-09,0.0230475186716847,0.338422635288873,0.22724329142908,0.155907865335842,0.11437616569812,0.110471934665906,0.0292557422139755,0.411286550459763,0,0.0230475188341763,0.33842263767485,0.227243293031211,0.155907865335842,0.11437616569812,0.110471934665906,0.0292557422139755
228,1.71282226581707,-1086.96379947163,-1087.82021060454,0.461804596757333,0.00986035674679916,0.0696062621743447,0.224086380929511,0.234642403392012,0.14490162771818,0.145667773299451,0.0870860640501189,0.0190213529572582,0.467444457112878,0,0.0692999625894401,0.222158955426604,0.241096624871078,0.128420515923327,0.146442019747244,0.0848856889437631,0.0190099986180544
229,0.561047648430758,-1176.92770657949,-1177.20823040371,0.441085828232109,0.0111835186171978,0.0109527572934722,0.207209469581946,0.329568426275275,0.312492944887751,0.14997396522295,0.073114258068833,0.0320675424647871,0.443787893216325,0,0.0108034330128734,0.217488307789499,0.327920365981303,0.345761940129281,0.154547071262565,0.0736108061669247,0.0322142068604181
230,0,-1126.18458899566,-1126.18458886643,0.475295178983622,3.12741112614967e-11,0.0506539464911675,0.227293567247343,0.246757307246593,0.176773359964912,0.192854823647531,0.0874125021424371,0.0424439702969561,0.475295054174146,0,0.050654040148968,0.22729366657884,0.246757239098046,0.176772720384769,0.192854806489427,0.0874124989446205,0.042443978259545
231,5.95324177757084,-1121.0295921902,-1124.00621307899,0.435181393731298,0.0310991391563597,0.133223850322015,0.155679295894737,0.24481632089559,0.185561373366868,0.163883362787163,0.089617013946376,0.022523464715725,0.449157156940783,0,0.133016418852116,0.16603225038975,0.251794173817351,0.203795169882705,0.165294190438669,0.0884478427136403,0.022266144816201
232,1.70481098393793e-06,-1109.85329516155,-1109.85329601396,0.464081661436378,1.34078591075725e-08,0.043830526084752,0.231905496938418,0.260182302132593,0.228982182135279,0.114161025843703,0.110454539807377,0.0327356949389562,0.46408169634825,0,0.0438305225593226,0.231905513100191,0.260182267992236,0.228982830235842,0.114160825271505,0.11045481551199,0.0327357729138475
233,0.279710293460994,-1116.61908486369,-1116.75894001042,0.44968015167711,0.0116671207864418,0.0739824194631033,0.168610731502805,0.29605957657054,0.165478059835761,0.107294205837089,0.072810948251372,0.0240597673545033,0.452023872809393,0,0.0734096714071473,0.178894503465874,0.295671952317586,0.187423272014067,0.108831205348078,0.0700349336187092,0.0240643168383098
234,0,-1090.25164692929,-1090.25164613269,0.51137447374424,1.31792850329855e-08,0.0430833117295912,0.227156887046122,0.218385314300762,0.126973891032253,0.220993345399256,0.0558475757663409,0.0307317530796508,0.51137448048379,0,0.0430833122973985,0.227156890039887,0.218385317178924,0.126973891032253,0.220993345399256,0.0558475757663409,0.0307317530796508
235,0,-1122.57246465864,-1122.57246318786,0.468449776143443,1.90049805055762e-08,0.0621276114362224,0.203846496869627,0.265576096545727,0.10938964394505,0.137329059844064,0.0855801696498915,0.0402950011398016,0.468449785046322,0,0.0621276126169565,0.203846500743726,0.265576101592996,0.10938964394505,0.137329059844064,0.0855801696498915,0.0402950011398016
236,0,-1116.24459798182,-1116.24459537091,0.466108473173483,2.8683033888098e-08,0.0937653360753988,0.162134635659016,0.277991526409068,0.108784348670719,0.132915544473057,0.0503984241524117,0.0267852601974956,0.466108486542888,0,0.0937653387648732,0.162134640309529,0.277991534382709,0.108784348670719,0.132915544473057,0.0503984241524117,0.0267852601974956
237,1.17942363431212e-07,-1157.15122775491,-1157.15122781388,0.435165145817292,1.32521157423113e-09,0.0539599478737642,0.181630314151702,0.32924459083203,0.200753706958653,0.125113862135595,0.0403631024733065,0.0342499751866671,0.435164826001251,0,0.0539599568371794,0.181630335341449,0.32924488182012,0.200753325230744,0.125113505942118,0.0403632815365139,0.0342499970934326
238,0.0208424659299453,-1134.20456900326,-1134.21499023623,0.422912487057169,0.00161323345884769,0.0273024165638417,0.227538965761088,0.320632897159053,0.0925848059472757,0.120887488279484,0.0128647360463113,0.0565482258815315,0.423392269064122,0,0.0272014103941734,0.22862252557824,0.320783794963465,0.0921443874570978,0.121634986608424,0.0128381261538102,0.0565606950495659
239,1.97928648049128e-06,-1096.00821948486,-1096.0082204745,0.479891160893082,1.85098306283983e-08,0.0605089577153661,0.207400742948617,0.252199119933104,0.297511797345084,0.148941722703084,0.0724969317401179,0.00915787126785859,0.479891169208735,0,0.0605089591074951,0.207400746226032,0.252199125457739,0.297511798870963,0.148941791367635,0.072496946998907,0.00915769579178437
240,0,-1096.19033979885,-1096.1903390913,0.520841559200044,1.57485707234352e-08,0.0514823512865152,0.212378895091912,0.215297178672958,0.198283155673811,0.161379287098055,0.0895848312481481,0.0422905703415101,0.520841567402554,0,0.0514823520972887,0.212378898436576,0.215297182063581,0.198283155673811,0.161379287098055,0.0895848312481481,0.0422905703415101
241,0,-1058.16792396147,-1058.1679239231,0.527153769135759,3.22440162727439e-10,0.0362943887373662,0.189328043540051,0.247223798264383,0.0583487905706875,0.0979905191832748,0.0788240154893356,0.0389864288693387,0.52715376374273,0,0.0362943994284196,0.189328038755517,0.247223798073334,0.0583487915204451,0.0979905213476267,0.0788240163130083,0.0389864277465906
242,1.57984657901852,-1105.11639061564,-1105.90631390515,0.499909530617544,0.0127495356256594,0.017155806587472,0.227236468506864,0.24294865866246,0.0682102805223318,0.153472757882859,0.120354401281073,0.0214929800530644,0.50455795570268,0,0.0169784637961167,0.234742312001312,0.243721268499892,0.0805346255067558,0.156498476432228,0.120090368137211,0.0214927096948043
243,0,-1148.6028979043,-1148.60289751512,0.464554432397075,5.35963951445781e-09,0.0175207546829506,0.200564107396904,0.317360700163431,0.212063221895202,0.112202450562623,0.106488025332293,0.0110485795243559,0.464554434886919,0,0.0175207547768555,0.200564108471855,0.31736070186437,0.212063221895202,0.112202450562623,0.106488025332293,0.0110485795243559
244,0,-1125.69474767086,-1125.69474733079,0.441599448395933,5.23128348882811e-09,0.0171011566053056,0.248736939175749,0.292562450591729,0.137235277040405,0.100951048896633,0.0782231683939777,0.0339037899894508,0.441599450706064,0,0.0171011566947666,0.248736940476962,0.292562452122206,0.137235277040405,0.100951048896633,0.0782231683939777,0.0339037899894508
245,0,-1171.96099598092,-1171.96099555154,0.442971928937064,1.8125234560835e-08,0.0592517066595013,0.205248332864119,0.292528013414081,0.464572699730441,0.163280555254384,0.12263520866513,0.0147565150619473,0.442971936966034,0,0.0592517077334524,0.205248336584293,0.29252801871622,0.464572699730441,0.163280555254384,0.12263520866513,0.0147565150619473
246,0,-1070.77490533083,-1070.77490393285,0.481067756517217,2.19432059079789e-08,0.0717327213209156,0.191723329355117,0.255476170863544,0.121086122881854,0.118878439721932,0.0630189059753751,0.0290556506211583,0.481067767073386,0,0.0717327228949615,0.191723333562142,0.25547617646951,0.121086122881854,0.118878439721932,0.0630189059753751,0.0290556506211583
247,0,-1090.13666231696,-1090.13666221787,0.477601519755798,8.40976672602188e-09,0.0274916735258034,0.216010516330477,0.278896281978155,0.164198013614575,0.112694314050896,0.0401834119842194,0.0229230200095028,0.477601523772315,0,0.027491673757002,0.216010518147076,0.278896284323607,0.164198013614575,0.112694314050896,0.0401834119842194,0.0229230200095028
248,0,-1187.10686653721,-1187.10686544396,0.405032419177836,3.47006474159684e-08,0.113437590004656,0.144887652842351,0.336642303274511,0.288482385991032,0.162064772986791,0.0841051745427353,0.0277303222029391,0.405033105359078,0,0.113438226692179,0.144887958598799,0.336640709349944,0.288481224257336,0.16206507280415,0.0841058401476032,0.0277300452580845
249,1.96021665033186e-06,-1085.05330531378,-1085.05330629389,0.437659566779741,2.5020031060174e-08,0.0817909161955005,0.223278955109527,0.2572705368952,0.218412677640658,0.123990115693321,0.0437781504425924,0.0364542909601185,0.437659577729998,0,0.0817909182419118,0.223278960695973,0.257270543332117,0.218412677640658,0.123990115693321,0.0437781504425924,0.0364542909601185
250,7.92073024058482e-07,-1030.19293455967,-1030.19293495571,0.519219352788444,9.92541481893925e-09,0.0324457925518851,0.227039712002948,0.221295132731309,0.137411588031212,0.126057962246519,0.0282063756992306,0.0200221011718063,0.519217006683454,0,0.032446476079362,0.227041806089922,0.221294711147262,0.137416638973406,0.126057261455903,0.0282064961773641,0.020022458419518
251,0,-1093.41118957339,-1093.41118869298,0.460802750714586,8.5801804665678e-09,0.028048759004156,0.236298942736344,0.274849538964734,0.10918977952779,0.129457588297185,0.072300497250034,0.0121664825120213,0.460802754668357,0,0.0280487592448194,0.236298944763831,0.274849541322993,0.10918977952779,0.129457588297185,0.072300497250034,0.0121664825120213
252,0,-1098.24946987068,-1098.24946983474,0.49296245717498,3.67740544065638e-10,0.0474563752388858,0.167505989306438,0.292075177911955,0.0551414630840678,0.12180875004447,0.0641411453286641,0.0106648241676987,0.492962452397998,0,0.047456377986013,0.167505992155057,0.292075177460932,0.0551414763607184,0.121808750161658,0.0641411420791019,0.0106648218403128
253,0,-1087.36327762185,-1087.3632749613,0.560816783577561,3.17005450928999e-08,0.103629632625525,0.116953566633783,0.218599985462585,0.158530227915325,0.170100048281753,0.143280546451465,0.00820081057233227,0.56081680135576,0,0.103629635910641,0.116953570341275,0.218599992392324,0.158530227915325,0.170100048281753,0.143280546451465,0.00820081057233227
254,2.32933928903276,-1125.00793004697,-1126.17259969149,0.466462131695034,0.0341478054032765,0.0394796075365233,0.178729240614807,0.281181214750358,0.166653089066499,0.153482338037953,0.0638131721772008,0.0260163480883548,0.470659807314179,0,0.0388438289993079,0.21186854233581,0.278627821350704,0.272320455548037,0.159772034486953,0.0573557656095185,0.0260702592782531
255,0.136098995961675,-1121.93789324744,-1122.00594274542,0.513278749377429,0.00381070033502178,0.0552750944369172,0.176815703326457,0.250819752524176,0.196745889287612,0.146304940815454,0.139501867341645,0.0159827212921517,0.514831724566347,0,0.0547144339888846,0.180198250182536,0.250255591262232,0.195053374962485,0.14812262629536,0.139938274994055,0.0160028967275854
256,0.695807310703003,-1108.94405815015,-1109.2919618055,0.462637600816574,0.00502955043083307,0.0558177795057222,0.187894152665558,0.288620916581313,0.099561249069841,0.122267954947296,0.0432757268668905,0.0316591584938082,0.463889115167955,0,0.0552779778097414,0.192818513697461,0.288014393324842,0.0993521032002905,0.126873886244899,0.0433678215445296,0.031713797137569
257,0,-1186.36461326283,-1186.36461192682,0.466345620098755,1.71165839543433e-08,0.0559544103041257,0.175609970102393,0.302089982378142,0.0855041937816803,0.162751263445735,0.11163458280021,0.0317076075264617,0.466345628080999,0,0.0559544112618741,0.175609973108236,0.30208998754889,0.0855041937816803,0.162751263445735,0.11163458280021,0.0317076075264617
258,0,-1170.36980154193,-1170.36980128379,0.439350583451617,3.97473317410072e-09,0.0129934717970765,0.213075078162415,0.334580862614158,0.5,0.205909889223913,0.042577974572536,0.0142289616920052,0.439350585197919,0,0.0129934718487221,0.213075079009331,0.334580863944028,0.5,0.205909889223913,0.042577974572536,0.0142289616920052
259,5.57638550162665e-05,-1034.50490549036,-1034.50493337229,0.535656466468293,3.60952532055101e-08,0.117996005464495,0.135051452483719,0.21129603948824,0.095831968952537,0.117238117292279,0.0870715322325142,0.0241241655469034,0.535656488892719,0,0.117996007446481,0.135051454752187,0.211296048908613,0.0958319352025843,0.117238584425501,0.0870714791282845,0.0241241548290636
260,0.0411088334958549,-1066.69167415071,-1066.71222856746,0.497420969158823,0.00181354415904621,0.0764270643099492,0.202730488052466,0.221607934319716,0,0.189448804442293,0.063473108918487,0.0258493024041094,0.49806570961376,0,0.076105279218217,0.204511636884641,0.221317374283381,0,0.191012741499112,0.0635696959108806,0.0258567838303081
261,0,-1134.37993887345,-1134.37993871255,0.445386857530151,4.2308148782336e-09,0.0138306073366591,0.27748194174006,0.263300589162316,0.23727613195694,0.17922683140184,0.0701538310948905,0.0380488740926922,0.4453868594145,0,0.0138306073951739,0.277481942914034,0.263300590276292,0.23727613195694,0.17922683140184,0.0701538310948905,0.0380488740926922
262,3.35675338680585,-1156.28763483644,-1157.96601152984,0.386140955464575,0.0274732324331187,0.0147919357428962,0.285786011427996,0.285807864931415,0.443510400319914,0.110729791213927,0.136705288485661,0.0245108850389623,0.394202070097459,0,0.0128999242009202,0.309408369799361,0.28348963590226,0.449199257449304,0.124208425349003,0.134357931027768,0.0244121684262889
263,1.17180206871126e-07,-1061.91513857546,-1061.91513863405,0.49173121259866,6.64700777142955e-09,0.0217291838404926,0.23759527441965,0.24894432249419,0.151079035851879,0.0981858589674268,0.087856183763238,0.00452100723551428,0.491731213116123,0,0.0217291840808404,0.237595276784502,0.248944326018535,0.151079037693294,0.0981858054877576,0.0878561250516322,0.00452100909411093
264,0,-1128.06732051694,-1128.0673201606,0.432481484013327,1.50050082311985e-08,0.049051632581875,0.27633886546101,0.24212800293878,0.202966050127822,0.164720616869813,0.0703334075596519,0.0541888364649423,0.432481490502715,0,0.0490516333178952,0.276338869607477,0.242128006571913,0.202966050127822,0.164720616869813,0.0703334075596519,0.0541888364649423
265,0,-1130.37950159837,-1130.37950015615,0.506302417956423,1.49557848233604e-08,0.0488907204065199,0.179689407657767,0.265117439023505,0.108306686205834,0.147487497305735,0.103542418883425,0.0254181090419019,0.506302425528573,0,0.048890721137719,0.179689410345163,0.265117442988545,0.108306686205834,0.147487497305735,0.103542418883425,0.0254181090419019
266,0,-1080.47276455015,-1080.47276321735,0.518370988557537,1.83968213607991e-08,0.0601395286267182,0.183856760339838,0.237632704079086,0.0538240464037092,0.14877752381741,0.129843706347658,0.00899262776203452,0.518370998093915,0,0.0601395297330944,0.183856763722218,0.237632708450773,0.0538240464037092,0.14877752381741,0.129843706347658,0.00899262776203452
267,0,-1101.40863089609,-1101.40862995903,0.429324554362105,1.60431366056285e-08,0.0524452922727427,0.289590722811038,0.228639414510978,0.130224561824142,0.153506547754808,0.137470766783557,0.0263338124284159,0.429324561249817,0,0.0524452931141297,0.289590727456981,0.228639418179072,0.130224561824142,0.153506547754808,0.137470766783557,0.0263338124284159
268,0,-1149.95279994406,-1149.95279791332,0.519219146020091,2.17531338689401e-08,0.0711113725232767,0.156530164139611,0.253139295563887,0.29671144673429,0.188237357219757,0.109675396864045,0.0385613928346949,0.519219157314735,0,0.071111374070172,0.156530167544633,0.25313930107046,0.29671144673429,0.188237357219757,0.109675396864045,0.0385613928346949
269,0,-1101.09488463865,-1101.09488463865,0.438659462899715,1.63519600830821e-18,5.34548415855657e-12,0.283908608852145,0.277431928242795,0.0422593912809617,0.155266896862541,0.0678087007517844,0.0185198905450918,0.438659462899715,0,5.34548415855657e-12,0.283908608852145,0.277431928242795,0.0422593912809617,0.155266896862541,0.0678087007517844,0.0185198905450918
270,0,-1132.41854512771,-1132.41854469951,0.504848930833911,1.33105153739923e-08,0.0435110079307456,0.169518134352667,0.282121913572162,0.0152418454388628,0.137004331114593,0.106893425893799,0.0254168718155095,0.504848483469791,0,0.0435136843083161,0.169515879967165,0.282121952254729,0.0152412455741712,0.137005471332663,0.106893616618486,0.0254163105497374
271,8.77132606547093e-07,-1119.561673075,-1119.56167351357,0.450415155112843,2.16373495086987e-08,0.0707328714381869,0.207591248477194,0.271260703334426,0.243174674589001,0.139561043052555,0.0690390371132665,0.0197327197880393,0.450415164858634,0,0.0707328729686588,0.207591252968919,0.271260709203789,0.243174674589001,0.139561043052555,0.0690390371132665,0.0197327197880393
272,0,-1101.8179209872,-1101.81792064476,0.477281741823932,5.9402114944257e-09,0.0194181885520622,0.250015279148684,0.25328478453511,0.150820509164701,0.179233403196107,0.103292351047748,0.0134089593865646,0.477283306875209,0,0.0194187835187891,0.250013843827998,0.253284065778004,0.150820361195614,0.179233302555653,0.103292656616704,0.0134092019241576
273,0,-1120.52250198289,-1120.52250181258,0.372979216365771,7.9083249887685e-09,0.0258524517754395,0.306611965668081,0.294556358282383,0.233503775526375,0.105877550859978,0.0702158804095714,0.0412645492426641,0.372979219315412,0,0.0258524519798891,0.306611968092868,0.294556360611831,0.233503775526375,0.105877550859978,0.0702158804095714,0.0412645492426641
274,0,-1116.14905199413,-1116.14905199413,0.446453846075782,4.93239832279191e-16,1.61240958051591e-09,0.283914131761753,0.269632020550055,0.14991753754626,0.132083676184713,0.0934984442456698,0.045894113712169,0.446453846075782,0,1.61240958051591e-09,0.283914131761753,0.269632020550055,0.14991753754626,0.132083676184713,0.0934984442456698,0.045894113712169
275,1.81282302946784e-07,-1165.93114765147,-1165.93114774211,0.423726920347861,5.46808169581738e-22,0.0708867155835808,0.186104885680236,0.319281478388323,0.089784159779119,0.167646095267757,0.0842136061209989,0.0293992761159232,0.423726851796341,0,0.0708867166877464,0.186104858475676,0.319281573040236,0.0897834752727628,0.167646032332275,0.0842135880878658,0.0293992021702173
276,0,-1182.60173833149,-1182.60173698505,0.429894247321573,1.84173801784794e-08,0.0602067357588726,0.168201482805483,0.341697515696691,0.196370483430715,0.161908318546391,0.100173392974741,0,0.429894255239099,0,0.060206736867723,0.168201485903314,0.341697521989864,0.196370483430715,0.161908318546391,0.100173392974741,0
277,0,-1101.65969236449,-1101.65969234215,0.472172159378754,1.41957899139336e-08,0.0464062838446134,0.237977145046103,0.24344439753474,0.132115696632205,0.133586364189926,0.1034457437505,0.0350869327301688,0.472172166081611,0,0.0464062845033873,0.237977148424377,0.243444400990625,0.132115696632205,0.133586364189926,0.1034457437505,0.0350869327301688
278,0,-1127.98771424571,-1127.98771361715,0.499361941899138,7.88009917603439e-09,0.0257601811032596,0.22213580304979,0.252742066067713,0.104712511031757,0.143182644286335,0.120096870108964,0.0246798033385153,0.49936194583416,0,0.0257601813062524,0.222135804800242,0.252742068059346,0.104712511031757,0.143182644286335,0.120096870108964,0.0246798033385153
279,6.08533204841524,-1104.85004623702,-1107.89271226122,0.493106658417619,0.0144120946637235,0.0526848242256727,0.161497167680503,0.278299255012481,0.0125411197597844,0.16654828336232,0.0495279195964895,0.0135287545145815,0.498592840522934,0,0.0503403180706991,0.170422501477873,0.280644339928494,0.00423929994118187,0.168412093269033,0.0567485072034315,0.0135421330734105
280,0,-1093.74266678516,-1093.74266620641,0.507551767319486,1.73209060780085e-08,0.0566223428759675,0.192268896326707,0.243556976156933,0.5,0.130067215643555,0.106772904908201,0.0151098794808837,0.507551776110743,0,0.0566223438567178,0.192268899656979,0.24355698037556,0.5,0.130067215643555,0.106772904908201,0.0151098794808837
281,0,-1104.16601911445,-1104.16601804416,0.533118025866119,1.34895197523253e-08,0.0440974744166572,0.148702112818761,0.274082373408943,0.0459134896090047,0.106890231188549,0.109032178053245,0.015384755217439,0.533118033057625,0,0.0440974750115109,0.148702114824681,0.274082377106183,0.0459134896090047,0.106890231188549,0.109032178053245,0.015384755217439
282,3.20622461285484,-1132.90501419594,-1134.50812650237,0.454038785781821,0.00787050781490139,0.0729721265420149,0.185421742494032,0.279696837367231,0,0.121711198329869,0.0959465098894868,0.045134790353984,0.45673886814319,0,0.0733289114435709,0.189880249033235,0.280051971380004,0,0.120523326804354,0.104317817387994,0.0451745431048595
283,1.11567715066485e-07,-1139.37061290329,-1139.37061295907,0.488188968879482,3.60902198565656e-15,0.0368380985365336,0.180719381581024,0.294253551002956,0.152388445461159,0.140810801336315,0.113215702419039,0.0152388096351598,0.488189586353427,0,0.0368372853866265,0.1807196039462,0.294253524313747,0.152392848835484,0.140810494790088,0.113215878010336,0.015238384870416
284,0,-1050.63509424257,-1050.63509210368,0.495200243446297,2.30536458613043e-08,0.0753627688194237,0.218389545888553,0.21104741879208,0.0237799131415751,0.0885107586335775,0.069356585419407,0.0531310681554565,0.495200254862468,0,0.0753627705568103,0.218389550923228,0.211047423657493,0.0237799131415751,0.0885107586335775,0.069356585419407,0.0531310681554565
285,2.02704545636288,-1090.40013630778,-1091.41365903597,0.407685361114886,0.0167125747067433,0.0255591830912781,0.332822021659633,0.217220859427459,0.363614084288401,0.176179149418793,0.0637754485561808,0.0205326161189141,0.415938457463539,0,0.0240403902201643,0.339267740126278,0.220753412190018,0.358091157648142,0.178177694309422,0.0655812620157475,0.0205111635411269
286,2.44325764496443,-1089.12268906983,-1090.34431789231,0.52180298806415,0.0225650297197981,0.0796722099973284,0.22174169059005,0.154218081628673,0.301291298558303,0.209495079989756,0.0976789845594902,0.048472539340159,0.530258167456714,0,0.0784467016203496,0.235244834449142,0.156050296473794,0.315527394855879,0.205487617091821,0.099176219095928,0.0484276878132122
287,0.279308821913219,-1081.61328206965,-1081.75293648061,0.473614345040345,0.00591329527387927,0.0468608169048217,0.241304582331414,0.23230696044954,0.0995284791484478,0.146757166577299,0.0801598009894568,0.0342770422211165,0.476207897204353,0,0.0466559236318939,0.244644116304655,0.232492062859098,0.108565302397271,0.146917803129502,0.0803083088202572,0.0342816689614276
288,0,-1049.23352584189,-1049.23352581094,0.450413752674248,1.79743875564974e-10,0.0522005626942481,0.263590042667594,0.233795641784166,0.110048642999523,0.126151869923784,0.0430678765386409,0.026080121417414,0.450413755172016,0,0.0522005726278971,0.263590027579267,0.233795644620821,0.110048650510112,0.126151865206711,0.0430678699946674,0.0260801225388961
289,0.000256628373335843,-1051.9684661148,-1051.96859442899,0.513816827873755,2.71661235653065e-08,0.0821092727400934,0.208055886142952,0.196017986077076,0.281382953879054,0.139742540767115,0.0704467434784984,0.027748116629742,0.513800984783235,0,0.0822414114846373,0.207938145050731,0.196019458681396,0.281386236266795,0.139735901287999,0.0704514473219621,0.0277481756310028
290,2.9146576707717e-08,-1157.41093927308,-1157.41093928765,0.443679022226623,3.15346929207318e-08,0.103087504851906,0.140326290520317,0.312907150866462,0.200284376681815,0.127594172031203,0.0804509306691601,0.0270352987624826,0.443679228464564,0,0.103087440028581,0.140326244045068,0.312907087461788,0.200283745155702,0.1275937493585,0.0804506029822275,0.0270355968271103
291,1.68362976182834e-06,-1099.73482613074,-1099.73482697256,0.543635860937402,1.46617404277276e-08,0.0479294841689183,0.163412591753463,0.245022048478476,0.092445042843473,0.175349918852486,0.0510663336722064,0.0309625720830137,0.54363586890805,0,0.047929484871648,0.163412594149376,0.245022052070925,0.092445042843473,0.175349918852486,0.0510663336722064,0.0309625720830137
292,0,-1232.67636128651,-1232.67636036614,0.421090555738767,1.60010171340699e-08,0.0523076029884984,0.211748929249008,0.31485289602271,0.391172013582071,0.240763340336507,0.0889736554680779,0.0459279888305949,0.421090562476644,0,0.0523076038254733,0.211748932637206,0.314852901060676,0.391172013582071,0.240763340336507,0.0889736554680779,0.0459279888305949
293,0,-1094.4512960418,-1094.45129601931,0.473650430250172,1.0448406237874e-10,0.0542607167412771,0.231242201525604,0.240846651378462,0.332477455028913,0.144757639017655,0.0389211942264628,0.0415952117306516,0.473645970441551,0,0.0542627123681177,0.231244046399911,0.24084727079042,0.332481361125164,0.144753221121526,0.0389211926803011,0.0415953665419735
294,0,-1085.33544320636,-1085.33544268538,0.491942868112087,1.70495377828286e-08,0.0557352352046863,0.205070929002833,0.247250950630856,0.0680443939165539,0.133499443648066,0.0767612781293105,0.0145041303465084,0.491942876499485,0,0.0557352361549463,0.205070932499197,0.247250954846371,0.0680443939165539,0.133499443648066,0.0767612781293105,0.0145041303465084
295,0,-1026.17759984606,-1026.17759860144,0.574380655049706,1.41539721439252e-08,0.0462695808279778,0.218639521877236,0.160710228091108,0.0529661709328471,0.180692030963912,0.0972678446078405,0.0329491549606415,0.574380663179474,0,0.0462695814828762,0.218639524971854,0.160710230365796,0.0529661709328471,0.180692030963912,0.0972678446078405,0.0329491549606415
296,0.985271668540008,-1157.5145576054,-1158.00719343967,0.402546909552545,0.00704128360460917,0.033526699045469,0.224024602241055,0.332860505556321,0.054808895798162,0.157853522607129,0.0661044412291134,0.0267008937171125,0.406329934597023,0,0.0312443247848074,0.227478416921607,0.334947323696563,0.0512898110861324,0.161703479857855,0.0665536158268459,0.0266731905324309
297,0,-1101.45177092774,-1101.451770386,0.472893879165165,5.83853760375246e-09,0.0190862808584986,0.233436272885036,0.274583561252763,0.0594164943741853,0.152527479717374,0.0735357649467198,0.0155526561573955,0.47289388153282,0,0.0190862809789148,0.233436273533227,0.274583563955038,0.0594164890757209,0.152527481483529,0.0735358108667448,0.0155525802127387
298,0,-1089.01457596084,-1089.01457591809,0.475939382837854,2.74399835289014e-09,0.0382993418165819,0.26761498741425,0.218146285187316,0.127560907619374,0.191386524773191,0.0648686508025439,0.0438370456872834,0.475939378482444,0,0.0382993438117719,0.267614971786519,0.218146305919264,0.127560873208724,0.191386499574335,0.0648686709355645,0.0438370472588062
299,0,-1085.23930819658,-1085.2393081671,0.476557846869035,1.47389217108655e-09,0.0804300444852013,0.23880999661598,0.204202110555891,0.308319558525169,0.186073376540555,0.066155167185012,0.023329318218217,0.476557827564376,0,0.0804300806328311,0.238809980624993,0.2042021111778,0.30831951789614,0.186073370401135,0.0661551741783514,0.0233293267404551
300,0,-1127.06461364681,-1127.06461291524,0.416383333789938,1.27851970018951e-08,0.0417950311096734,0.257648262402107,0.284173359913084,0.225030245911702,0.139204717924015,0.043101886805637,0.044344498380105,0.416383339113481,0,0.0417950316440311,0.257648265696191,0.284173363546297,0.225030245911702,0.139204717924015,0.043101886805637,0.044344498380105
301,0,-1118.65091838273,-1118.65091718011,0.537582741013543,1.27219390072997e-08,0.0415882396263932,0.187556775705146,0.233272230932978,0.0596640601985164,0.174529511814489,0.136681641191432,0.0297429745501326,0.537582747852638,0,0.0415882401554762,0.187556778091232,0.233272233900653,0.0596640601985164,0.174529511814489,0.136681641191432,0.0297429745501326
302,0.0539968112075258,-1207.97678717988,-1208.00378558548,0.402093999131569,0.00249756344130391,0.0667273727328244,0.168890984111788,0.359790080582515,0.131358609119399,0.187435782125259,0.0896808688614113,0.0163453583682718,0.403139557396871,0,0.0661497896460172,0.171142755793502,0.359567897163609,0.130339436855402,0.190082894897826,0.0893431937718544,0.0163642043095291
303,1.67735470313346e-06,-1124.70845080269,-1124.70845164137,0.422629373439351,2.26643833626617e-08,0.074090262948909,0.218336692362733,0.284943648584623,0.200423942818903,0.152506101010755,0.0642854557428653,0.0171169571228695,0.422629383017986,0,0.0740902646281191,0.2183366973112,0.284943655042695,0.200423942818903,0.152506101010755,0.0642854557428653,0.0171169571228695
304,0,-1174.41280437424,-1174.41280426547,0.454805659909117,1.00101084588548e-09,0.0848856810070367,0.159261075658629,0.301047582424206,0.19875741431135,0.166467589302009,0.0611912852741072,0.0538645725939786,0.454805636281409,0,0.0848856753110745,0.159261197925435,0.301047490482082,0.198757489513004,0.166467729330513,0.0611912690348273,0.0538645561162637
305,0,-1203.5044941311,-1203.50449311489,0.420027639813454,2.04025662902466e-08,0.06669634364583,0.219027292951404,0.294248703186746,0.242261367257676,0.174379325992136,0.105280255109999,0.0559132091050415,0.420027648383096,0,0.0666963450066066,0.219027297420123,0.294248709190175,0.242261367257676,0.174379325992136,0.105280255109999,0.0559132091050415
306,3.75162926502526e-07,-1171.11046448535,-1171.11046467294,0.435661014022753,1.61400501749228e-08,0.0527621044143943,0.208954803483843,0.30262206193896,0.209595227550601,0.16309502053081,0.125022294533,0.0308112760158686,0.435661021054344,0,0.0527621052659773,0.208954806856384,0.302622066823295,0.209595227550601,0.16309502053081,0.125022294533,0.0308112760158686
307,0,-1141.05643806594,-1141.05643744979,0.3988288820975,1.56341472536838e-08,0.0511082989760794,0.237692382977742,0.312370420314531,0.172979448058316,0.170489149900561,0.0663689772271162,0.0162214581241428,0.39882888833285,0,0.0511082997751141,0.23769238669386,0.312370425198176,0.172979448058316,0.170489149900561,0.0663689772271162,0.0162214581241428
308,1.56902924572933e-05,-1111.64601813635,-1111.6460259815,0.439015990637582,1.32940413695988e-08,0.0434584508861087,0.211750884187865,0.305774660994403,0,0.104138921687161,0.0582258223116618,0.0346372714350496,0.43901599140077,0,0.0434584528603232,0.211750893599336,0.305774662139571,0,0.104138913814878,0.0582256930558514,0.0346374612726357
309,0,-1108.20509292937,-1108.20509184728,0.477980662630376,1.04692182578508e-08,0.0342240563611166,0.245942970796495,0.241852299742795,0.239837269324922,0.152160882572145,0.0985726695716362,0.0237703790716529,0.477980667634459,0,0.0342240567194157,0.245942973371325,0.2418523022748,0.239837269324922,0.152160882572145,0.0985726695716362,0.0237703790716529
310,0,-1128.18177413676,-1128.18177390583,0.451535071643303,3.67219881887307e-09,0.0120044817340676,0.240390094766512,0.296070348183918,0.127688825086779,0.122286474513163,0.0963201545001928,0.0232446404040673,0.45153507330143,0,0.0120044817781505,0.240390095649272,0.296070349271147,0.127688825086779,0.122286474513163,0.0963201545001928,0.0232446404040673
311,0,-1095.187728691,-1095.18772780943,0.490788057436539,9.63322394022464e-09,0.0314911764135086,0.225851375234352,0.251869381282377,0.270793092061654,0.117229104531204,0.0886434424198601,0.024331591593884,0.49078806216441,0,0.0314911767168701,0.225851377410029,0.251869383708691,0.270793092061654,0.117229104531204,0.0886434424198601,0.024331591593884
312,1.37727558996266,-1166.56413571846,-1167.25277351344,0.365248079582407,0.0110708230142062,0.0920156821984284,0.181700854254679,0.34996456095028,0.129401615552062,0.0812857141115563,0.0640031015666469,0.023305968743923,0.367755325050295,0,0.0906215792720294,0.191974012884957,0.349649082792719,0.146692611078544,0.0856121680070227,0.0631691403834201,0.0233083921352228
313,0,-1130.18809015056,-1130.18808982235,0.439083978642093,1.0426422370749e-08,0.0340841558627101,0.241733306756768,0.285098548312006,0,0.125031257875035,0.0887735234423062,0.0420156263217973,0.439083983220168,0,0.0340841562180859,0.241733309277182,0.285098551284564,0,0.125031257875035,0.0887735234423062,0.0420156263217973
314,0.8271801306214,-1093.78829963699,-1094.2018897023,0.499491519720677,0.00730848258063099,0.0660503575963148,0.195310266968895,0.231839373133482,0.0390734919576771,0.165384776182368,0.0916791706542063,0.0240127748772214,0.502255893435762,0,0.0653565837629677,0.20019506719697,0.2321924556043,0.0390394341422863,0.170681099955796,0.0897867008309344,0.0239911190054659
315,0.000998249960503017,-1126.89315206715,-1126.89365119213,0.48422760462447,9.32375211121771e-11,0.082884157510885,0.164264336843985,0.268623900927423,0.187748628268788,0.170057747088675,0.04996632776635,0.0384511450111971,0.484117837164306,0,0.0833134670996222,0.163929160468836,0.268639535267235,0.187703172778197,0.170024895044155,0.0499774057985929,0.0384487608834138
316,1.0836202191781,-1160.35833605872,-1160.90014616831,0.406750816253758,0.00687495679435732,0.0858659080698541,0.133163014565852,0.367345304316178,0.0198951233649457,0.0935386739166271,0.0769168853523388,0.0133051382867276,0.4050969809515,0,0.0890340106549194,0.140027894736848,0.365841113656733,0.0736810538549319,0.0933378393094266,0.075677749199986,0.013262683271489
317,1.94462745639612e-06,-1184.26897997959,-1184.2689809519,0.413191301905911,6.24639232360688e-09,0.0204195650211473,0.230026388800887,0.336362738025663,0.311145057100491,0.198838109558717,0.0648891590017731,0.0123306336359542,0.413191304486866,0,0.0204195651486959,0.230026390237722,0.336362740126717,0.311145057100491,0.198838109558717,0.0648891590017731,0.0123306336359542
318,0,-1057.96575141378,-1057.96575141378,0.552038343502847,1.81753893173072e-17,5.94156634297213e-11,0.261052947878504,0.186908708559234,0.253685814880901,0.168399572553788,0.083506327051478,0.0384714409809028,0.552038343502847,0,5.94156634297213e-11,0.261052947878504,0.186908708559234,0.253685814880901,0.168399572553788,0.083506327051478,0.0384714409809028
319,1.29544196170173e-06,-1128.8987142405,-1128.89871488822,0.503067012287565,2.56103648326751e-08,0.0837207275533637,0.121738667589344,0.291473566959362,0.14063992013217,0.18649785088639,0.0439096387358919,0.0272889209993949,0.503067025171295,0,0.0837207296974822,0.121738670707116,0.291473574424107,0.14063992013217,0.18649785088639,0.0439096387358919,0.0272889209993949
320,0,-1159.37233753647,-1159.37233590417,0.391343899709,2.70880037124756e-08,0.0885511547216718,0.193949966925717,0.326154951555608,0.365438026882433,0.0961783148376176,0.0529390481623443,0.0231478621425822,0.391343910309725,0,0.0885511571203459,0.193949972179435,0.326154960390494,0.365438026882433,0.0961783148376176,0.0529390481623443,0.0231478621425822
321,0,-1093.56263513646,-1093.56263509834,0.43512958029431,5.66270659898546e-10,0.0879270972196833,0.189012144809114,0.287931177110622,0.111341768035048,0.092730794393271,0.0763066649715616,0.0170508534983859,0.435129572737883,0,0.0879270758814945,0.189012176797788,0.287931174582835,0.111341815955465,0.0927307924220755,0.0763066631491692,0.0170508534563406
322,0,-1198.09302769673,-1198.09302703815,0.424286428827526,8.74986689446027e-09,0.0286034668848092,0.189505217491087,0.357604878046712,0.269356269477546,0.140058938214249,0.0670347621519015,0.0388199436047056,0.424286432539975,0,0.0286034671350857,0.189505219149232,0.357604881175707,0.269356269477546,0.140058938214249,0.0670347621519015,0.0388199436047056
323,0.735704045969669,-1104.99062604373,-1105.35847806672,0.421169471680593,0.00678992058672301,0.0383735629279141,0.232161995751201,0.301505049053569,0.271371090170068,0.112324266971746,0.0285895394376752,0.0276687060377632,0.4234385650647,0,0.0299066998741771,0.242397008277568,0.304257726783554,0.271035455266339,0.113440169895964,0.0276726483452332,0.0276040931913869
324,0,-1058.68455804933,-1058.68455752773,0.495966638383263,8.18481756164541e-09,0.0267563107995337,0.259816423396837,0.217460619235549,0.24487346322879,0.161069314496598,0.068719541527094,0.00852311260891676,0.495966642442659,0,0.0267563110185292,0.259816425523387,0.217460621015424,0.24487346322879,0.161069314496598,0.068719541527094,0.00852311260891676
325,0,-1092.46280775292,-1092.46280573897,0.54672340085301,2.26530362694664e-08,0.0740531691041266,0.154802281597932,0.224421125791895,0.0776725063127532,0.163883494650316,0.076681041265757,0.058422816650323,0.546723413237955,0,0.0740531707816558,0.154802285104674,0.224421130875715,0.0776725063127532,0.163883494650316,0.076681041265757,0.058422816650323
326,1.74074466485763e-06,-1000.72073780808,-1000.72073867845,0.499829818755349,1.69979268834499e-08,0.0555665182780084,0.281052206949897,0.163551439018819,0.191647820808132,0.132269012977981,0.0827395597512449,0.0127560695136679,0.499829827251419,0,0.055566519222524,0.281052211727202,0.163551441798854,0.191647820808132,0.132269012977981,0.0827395597512449,0.0127560695136679
327,0.226788863496495,-1135.03483776839,-1135.14823220013,0.47071120118758,0.0052345992449155,0.0582804712385388,0.250908148327159,0.214865580001806,0.270511976342582,0.157869352806971,0.129196493357417,0.0458435690417925,0.472513337302975,0,0.0576277355052657,0.255186762549236,0.214672164642523,0.271971543405452,0.160025887884757,0.129514567858605,0.0458283676214741
328,2.02173032448627e-06,-1040.61255555738,-1040.61255656824,0.506846892672758,2.87457582173682e-08,0.0939703829974598,0.190852839556491,0.208329856027533,0.211221899506959,0.136481292255678,0.0756157488286549,0.0125670943646713,0.506846907242457,0,0.0939703856987098,0.1908528450427,0.208329862016133,0.211221899506959,0.136481292255678,0.0756157488286549,0.0125670943646713
329,0.662471033386737,-1080.62167348862,-1080.95290900531,0.502236795120684,0.00654898076441625,0.0539529714074859,0.212279036102745,0.22498221660467,0.199588753194754,0.148762904693496,0.0571442851722401,0.0354569147541393,0.504562056759881,0,0.0535192187117887,0.215358823590713,0.226559900937618,0.196099512896469,0.151319858685826,0.0571353207769619,0.0354513471907523
330,0,-1080.11391989,-1080.11391834742,0.504436104626415,2.38096439961297e-08,0.0778341399307839,0.233848597850859,0.183881133782298,0.353028267955666,0.147550605170578,0.106507364505777,0.0397305944957054,0.504436146362182,0,0.0778341395581988,0.233848589594954,0.183881124484666,0.353028237438088,0.147550132148117,0.106507837528238,0.0397302893199241
331,2.68671828962397e-06,-1071.24514819518,-1071.24514953854,0.502422081149212,1.93350349337846e-08,0.0632065650897516,0.252805298193908,0.181566036232094,0.290057049751433,0.197080621578597,0.120761039122504,0.0134918527138114,0.502422091717779,0,0.0632065662095746,0.252805301515578,0.181566040557069,0.290057061958464,0.197080633785629,0.120761008604926,0.0134915215980887
332,0,-1095.53789271212,-1095.53789262297,0.482513061509214,6.17235197527588e-11,0.0305757314120944,0.2181109236664,0.268800283350568,0.28081721550833,0.13160565466899,0.0755803171361459,0.0196236749687185,0.482512991693287,0,0.0305757585183366,0.218110997199068,0.268800252589309,0.280817572467514,0.131605663363847,0.0755802990154465,0.0196236733349553
333,0.780881704026797,-1115.69956125399,-1116.09000210601,0.530336815615301,0.0114679918340269,0.0144889759456208,0.183763750484269,0.259942466120782,0.3179517022653,0.179580440945236,0.0910789874320886,0.0251759964451314,0.536314128648044,0,0.0142753789307839,0.188062053380108,0.261348439041065,0.307111198944329,0.184396312536008,0.0911275212452375,0.0251751820274592
334,0,-1125.39249169918,-1125.3924902658,0.431586502531278,2.41600083861176e-08,0.0789794871332901,0.190257158832949,0.299176827342474,0.0364728953519183,0.196099120321911,0.0519323063637083,0.0260069497360653,0.431586512958412,0,0.0789794890414353,0.190257163429564,0.299176834570589,0.0364728953519183,0.196099120321911,0.0519323063637083,0.0260069497360653
335,0,-1049.26728125946,-1049.26728101411,0.503735740584342,1.33427854326705e-08,0.0436177967926748,0.259054333788754,0.193592115491444,0.196703145294169,0.215062965159346,0.0535611727443716,0.0081945029510205,0.50373572355417,0,0.0436177985052,0.259054351082143,0.193592126858486,0.196703064041929,0.215063049998414,0.0535610113581871,0.00819450545760209
336,3.45356511388673e-07,-1144.35326549741,-1144.35326567009,0.481286999410642,2.66182882733661e-08,0.0870156467911043,0.144376305776983,0.287321021402982,0.0681619381880564,0.122505741610025,0.121844315506594,0.037623417894038,0.481287012221678,0,0.0870156491073119,0.144376309620034,0.287321029050976,0.0681619381880564,0.122505741610025,0.121844315506594,0.037623417894038
337,0,-1062.21859587011,-1062.21859427479,0.395257970686191,2.31575226680105e-08,0.0757039031406822,0.279138793908409,0.249899309107195,0.188478928261795,0.135818931803016,0.0417355152115723,0.0131625837323227,0.395259439990795,0,0.0757027002993127,0.279138135880019,0.249899723829873,0.188475267783176,0.135819378044582,0.041735059265987,0.0131626871431239
338,8.33966623758897e-07,-1126.0704012431,-1126.07040166008,0.515623925085723,2.01706819309118e-08,0.0659383096467601,0.139051157287337,0.279386587809498,0.128315628408533,0.104152843179377,0.0906971438010115,0.0499317773618041,0.515623935486209,0,0.0659383109767809,0.139051160092094,0.279386593444916,0.128315628408533,0.104152843179377,0.0906971438010115,0.0499317773618041
339,0,-1122.78490312587,-1122.7849015726,0.420731437885384,2.06388930836666e-08,0.0674689000391005,0.248676675582615,0.263122965854008,0.273568184346609,0.122837089794941,0.0888341756709006,0.0308697216487574,0.420731446568815,0,0.0674689014315839,0.248676680715027,0.263122971284574,0.273568184346609,0.122837089794941,0.0888341756709006,0.0308697216487574
340,0,-1136.6660407373,-1136.66604035037,0.425329753750616,2.05127967490001e-08,0.0670566889304707,0.260444182790714,0.247169354015402,0.254050202194544,0.163233273338322,0.0819775342373177,0.033596522126275,0.425329762475319,0,0.067056690305991,0.260444188133153,0.247169359085537,0.254050202194544,0.163233273338322,0.0819775342373177,0.033596522126275
341,0,-1090.6013303203,-1090.60132977547,0.47126630925238,7.96437973827623e-09,0.0260356957253898,0.257201242476118,0.245496744581732,0.105659338759437,0.144623466402534,0.124156322568421,0.00903117646672399,0.471266313005724,0,0.026035695932748,0.257201244524567,0.245496746536962,0.105659338759437,0.144623466402534,0.124156322568421,0.00903117646672399
342,0,-1125.5815475376,-1125.58154721817,0.546226730063441,7.87197084664907e-09,0.0257332588733339,0.189224982265461,0.238815020925793,0.254021249951394,0.159971489821244,0.11015558632375,0.039590182202294,0.54622693223218,0,0.0257337109105326,0.189224692099015,0.238814664758272,0.254024234433979,0.159971938570745,0.110155416087344,0.0395902496477006
343,0,-1093.68618772664,-1093.68618704084,0.463709497719696,7.46829155553351e-09,0.0244139748377258,0.280508524141979,0.231367995832307,0.168603593041573,0.170322733140083,0.0852616453037842,0.0184357251413319,0.463709501182814,0,0.0244139750200565,0.280508526236899,0.23136799756023,0.168603593041573,0.170322733140083,0.0852616453037842,0.0184357251413319
344,0,-1135.91723275009,-1135.91723194079,0.461331108453643,1.08872267740983e-08,0.0355908962380375,0.220336971915417,0.282741012505676,0.105205262461393,0.182011505407312,0.10483082135422,0.0174601477638158,0.461331662489811,0,0.0355904470078186,0.22033654338866,0.28274134711371,0.105190021435069,0.182012037784904,0.104830959165175,0.0174602151504205
345,2.97725364362122e-07,-1130.42120331237,-1130.42120346123,0.415184326050053,8.04980525602586e-13,0.0507385728228043,0.296477472266243,0.237599628860095,0.353041872585997,0.184033225975279,0.107683635360744,0.0330962493482947,0.415184455444442,0,0.0507383558107349,0.296477731786775,0.237599456958048,0.353042618037271,0.184033419244476,0.107683296452359,0.0330962429510225
346,3.07828531377754,-1072.7280423772,-1074.26718503409,0.517754972408897,0.0107706337295882,0.0813866228086783,0.146350348882209,0.243737422170627,0.00514233248069487,0.157182574504799,0.0553664782327968,0.0148977449146168,0.52113581022637,0,0.0800313280977697,0.153517189453751,0.24531567222211,0.0213737315950574,0.160126264992832,0.0554171805905133,0.0148985173060828
347,0,-1104.51737273124,-1104.51737244299,0.472283729107804,3.2631227255012e-09,0.010667209154315,0.288334376170438,0.228714682304319,0.0682728064245624,0.218034830275824,0.109453494885836,0.0158539017715688,0.472283804831126,0,0.0106672058160548,0.288334407890287,0.228714581462532,0.0682734229334585,0.218034544412006,0.109454019438857,0.0158539575834911
348,0.148896523229723,-1193.36551950795,-1193.43996776956,0.388517756412339,0.00365577378899563,0.0519527285475072,0.23977142852045,0.316102312730707,0.286288648760382,0.161352917386163,0.0902822699907813,0.036968562915494,0.389413921223639,0,0.0514302266670263,0.243235318647046,0.315920533462288,0.289423446826938,0.163895701070505,0.0904926694773326,0.0369282559686716
349,0,-1130.58420717297,-1130.58420682108,0.449780578808925,8.71417080318003e-09,0.0284867757422848,0.255633445677336,0.266099191057284,0.365354847905698,0.121588095180901,0.106029667612643,0.0313290383212853,0.44978058272839,0,0.0284867759905234,0.255633447904969,0.266099193376117,0.365354847905698,0.121588095180901,0.106029667612643,0.0313290383212853
350,4.95478682808607,-1138.58698888075,-1141.06438229479,0.421459342134115,0.0137695108562028,0.0244968681297067,0.266146148382161,0.274128130497814,0.191566694587743,0.152234562273569,0.0792482797658785,0.0453168236064168,0.426006129552068,0,0.0244624420456712,0.27664085564386,0.272890572758401,0.205238731520689,0.151565518413267,0.0888954566966918,0.0456240587435787
351,0,-1129.29405138654,-1129.29405028878,0.487227214756738,2.01717728001228e-08,0.0659418757171618,0.165114245523737,0.28171664383059,0.0876898738037703,0.167840682949169,0.0763904336776187,0.0282327168758145,0.487227224584975,0,0.0659418770473264,0.165114248854384,0.281716649513314,0.0876898738037703,0.167840682949169,0.0763904336776187,0.0282327168758145
352,1.05979370346176e-06,-1113.88309441438,-1113.88309494428,0.528742930504323,1.21686972424818e-08,0.0397796826860265,0.177686958905073,0.253790415735879,0.180068783186733,0.182785841498938,0.0571145943535112,0.0388608584654106,0.528742936938436,0,0.0397796831700935,0.177686961067292,0.253790418824178,0.180068783186733,0.182785841498938,0.0571145943535112,0.0388608584654106
353,0,-1110.27530054227,-1110.27530016705,0.55057818474717,5.12192415666725e-09,0.0167436584361469,0.149169903839595,0.283508247855164,0,0.12599222866363,0.0740825524960318,0.0277436419852909,0.550578262106857,0,0.0167436571519363,0.149169822304967,0.28350825843624,0,0.125992362063385,0.0740822978841044,0.0277437306187927
354,1.62899816790195,-1060.26173687311,-1061.07623595706,0.565830277698432,0.018807086620308,0.0255459888319386,0.192323164021791,0.197493482827531,0.0489146467988794,0.179756791865784,0.0888852539239782,0.0295250784188329,0.568934668927304,0,0.0253377696358495,0.204988136998752,0.200739424438094,0.10522585831643,0.176648652943223,0.0828975098777578,0.0296176604640358
355,0,-1148.50669030777,-1148.50669010315,0.524605243549667,8.10977176762531e-09,0.0265109847951509,0.202225762727346,0.246658000818064,0.217749821074374,0.197275036297806,0.0927012829406597,0.0484782016687695,0.524605247804096,0,0.0265109850101489,0.202225764367351,0.246658002818404,0.217749821074374,0.197275036297806,0.0927012829406597,0.0484782016687695
356,0,-1152.15662330196,-1152.15662324988,0.45566363589914,1.23824436169326e-09,0.0905271164770923,0.179849912832826,0.273959333552697,0.176940511349021,0.168487192399423,0.0889446553349763,0.031776808263577,0.455663662252622,0,0.0905271268724422,0.179849890054915,0.273959320820021,0.17694053692062,0.168487188603876,0.0889446652254234,0.0317768087889953
357,0,-1088.48378165585,-1088.48378132047,0.50670035663987,4.1928606149969e-09,0.013706534190779,0.230624932099018,0.248968172877472,0.243724835080961,0.143966721001442,0.0820567839003679,0.0189327559511171,0.50670036231296,0,0.0137065342148596,0.23062493098001,0.24896817249217,0.243724830124253,0.143966714392498,0.0820567921615475,0.018932701427332
358,5.86912894437546,-1180.02904075173,-1182.96360522392,0.3889053092551,0.0143562846380144,0.080778330382221,0.214857548293262,0.301102527431402,0.0712119249536792,0.210083701348483,0.0791449612346327,0.0384722705528619,0.394876805747985,0,0.0805655114723103,0.225754401155354,0.298803281624351,0.094609134832728,0.21075196681587,0.0900786114546676,0.0384590442225638
359,0,-1127.28256721197,-1127.2825668474,0.468603733388097,7.02516523599292e-09,0.022965387200948,0.277090367962054,0.231340504423736,0.378040331759641,0.162681301059836,0.116435290171823,0.0278202513264138,0.468603736680116,0,0.0229653873622836,0.277090369908659,0.231340506048941,0.378040331759641,0.162681301059836,0.116435290171823,0.0278202513264138
360,0,-1179.91429709732,-1179.91429600493,0.367524469078984,1.26091278008003e-08,0.0412194578325373,0.239801134364511,0.351454926114841,0.303049239335687,0.0887631226107226,0.075645781775303,0.0313468856585423,0.367524473713147,0,0.0412194583522787,0.239801137388194,0.351454930546381,0.303049239335687,0.0887631226107226,0.075645781775303,0.0313468856585423
361,0,-1153.24963727624,-1153.24963500749,0.351450265292793,3.72779683453819e-08,0.121865370223832,0.243605941290368,0.283078385915039,0.5,0.207350927546846,0.0372535344964173,0.0253233332910146,0.351447685263533,0,0.121864168060189,0.243608631558352,0.283079515117926,0.5,0.207353958718431,0.0372550412349841,0.0253232030940977
362,0.0438333854417579,-1080.3876924193,-1080.40960911202,0.422986179303999,0.00309818910430746,0.0702213917484542,0.261531635724436,0.242162604118804,0.0940773104649228,0.140465264394175,0.0632478222233628,0.0368588580047734,0.424006192441455,0,0.0679281975034533,0.266318676010824,0.241746934044267,0.0935673292215748,0.142899693587512,0.0625411918024749,0.0368754505861364
363,0.274233512091541,-1133.76561782073,-1133.90273457678,0.426062661740834,0.00363006715722728,0.0390490287881577,0.23133857253788,0.299919669775902,0.246319127486522,0.0997476847488566,0.109732282094931,0.00609147643124009,0.426426688318514,0,0.037435941008417,0.234832368123979,0.301305002549091,0.247146024526474,0.101135471306305,0.108843580655387,0.0060873893903946
364,0,-1043.80590576715,-1043.8059053821,0.527056626674418,1.19122617226436e-08,0.0389413905167566,0.265997618445477,0.168004352451087,0.186893142478415,0.146526827541091,0.0651439303832579,0.0413292900035145,0.527056632952854,0,0.0389413909806367,0.26599762161411,0.168004354452399,0.186893142478415,0.146526827541091,0.0651439303832579,0.0413292900035145
365,0,-1220.10452940305,-1220.1045293548,0.326251819066421,5.19920744670187e-10,0.0870905572143349,0.197893699486365,0.388763923712959,0.15314535411265,0.122300604148353,0.0930777225698254,0.0231547420770153,0.326251859307529,0,0.087090702240924,0.19789359106868,0.388763847382867,0.153145948661583,0.122300557012159,0.0930775353881167,0.0231547797955904
366,0,-1159.00824758076,-1159.00824551605,0.445712503064842,2.13990719185732e-08,0.069953937856596,0.155963147805203,0.328370389874287,0.151836033633032,0.126653226026546,0.0718345530244416,0.0202524915449564,0.445712512602676,0,0.0699539393535453,0.155963151142669,0.328370396901109,0.151836033633032,0.126653226026546,0.0718345530244416,0.0202524915449564
367,2.18232980842004e-06,-1119.11310050505,-1119.11310159622,0.459820989601551,2.53353157654577e-08,0.0828205563638085,0.201448398578741,0.255910030120583,0.230415598194062,0.129305028496274,0.121681441734565,0.0154671500701873,0.459820790349155,0,0.0828211774824681,0.201448249050358,0.255909783118019,0.230416122018323,0.129305110935139,0.121681292758915,0.0154672651328144
368,0,-1101.38867869632,-1101.38867746004,0.446021331328174,2.06459262076835e-08,0.0674914429263827,0.243002962344111,0.243484242755406,0.211396299801528,0.178668998905746,0.100702423619632,0.010343506591646,0.446021058217364,0,0.0674922440252419,0.24300305658611,0.243483641171284,0.211396358542335,0.178669485897502,0.100702976669699,0.0103434848869342
369,0,-1120.96179447159,-1120.96179358826,0.435356726440364,1.18211109957041e-08,0.0386434172068779,0.258620341580013,0.267379502951634,0.341604197485383,0.244400602707316,0.0584218723805899,0.00446315949827093,0.435356731586764,0,0.038643417663686,0.258620344637193,0.267379506112357,0.341604197485383,0.244400602707316,0.0584218723805899,0.00446315949827093
370,0,-1149.17707623322,-1149.17707522704,0.474770751772584,1.346756072983e-08,0.0440256899906375,0.186571031021433,0.294632513747784,0.0602599224676614,0.12722835338911,0.117520407079367,0.0247874172145357,0.474770758166588,0,0.0440256905835561,0.18657103353409,0.294632517715766,0.0602599224676614,0.12722835338911,0.117520407079367,0.0247874172145357
371,0,-1109.89857098999,-1109.89857050592,0.428404339247799,1.7128988761846e-08,0.0559949618353542,0.250043264642049,0.265557417145809,0.141868601231595,0.163707173381001,0.0706117995531447,0.0258113583938038,0.428404346585932,0,0.0559949627944913,0.250043268925037,0.26555742169454,0.141868601231595,0.163707173381001,0.0706117995531447,0.0258113583938038
372,0,-1155.71881230082,-1155.71881185745,0.463211524937606,1.17331779884629e-08,0.0383559626365054,0.230574295611565,0.267858205081146,0.266449202110385,0.248620055342226,0.0880995765211297,0.0182472415949298,0.463211531467364,0,0.0383559631261502,0.230574297224933,0.267858208181553,0.266449218895053,0.248620046186953,0.088099571943493,0.0182471454645588
373,0,-1019.96213253857,-1019.96213183684,0.596715907964446,9.51088953712688e-09,0.0310912633412543,0.172241600201278,0.199951218982133,0.0383346730304706,0.140227189375628,0.0713426786731846,0.0133970197934069,0.596715910676907,0,0.0310912635153659,0.172241603266847,0.19995122254088,0.0383346622504314,0.140227383416334,0.0713427649134982,0.0133969551131716
374,0,-1022.0963731784,-1022.09637146765,0.571603247706497,1.87204517043577e-08,0.0611974818420706,0.158853703715594,0.208345548015386,0.141625568612861,0.171852627108478,0.0251361647734588,0.00816797306050474,0.571603258407168,0,0.0611974829877151,0.158853706689407,0.208345551915709,0.141625568612861,0.171852627108478,0.0251361647734588,0.00816797306050474
375,0,-1169.52641458676,-1169.52641425425,0.481324686666413,6.07595091138127e-09,0.0198623743925081,0.193363293996499,0.305449638868629,0.0949114756377245,0.203117551470524,0.0724032161575775,0.0380091054603553,0.48132398788811,0,0.0198624172726147,0.193364664400542,0.305448930438733,0.0949227254905078,0.203117749395327,0.0724033770026248,0.0380091616462817
376,0,-1054.16056973049,-1054.16056969205,0.504036619340403,1.4869326176899e-08,0.0486080855892371,0.228995439711906,0.218359840489128,0.0585496134000068,0.170749889346874,0.0436824791430935,0.0177589441935086,0.504036626835088,0,0.0486080863120066,0.228995443116914,0.218359843735992,0.0585496134000068,0.170749889346874,0.0436824791430935,0.0177589441935086
377,1.28496822071611e-06,-1185.71508652939,-1185.71508717188,0.413277748447899,1.31924509174605e-08,0.0431263512346641,0.184163100438992,0.359432786685995,0.346386408911698,0.127723296728492,0.0635348485882255,0.0403127988729101,0.413277753900045,0,0.0431263518036063,0.184163102868554,0.359432791427794,0.346386408911698,0.127723296728492,0.0635348485882255,0.0403127988729101
378,0,-1125.02627718268,-1125.02627700269,0.473185622572482,1.44310349935027e-08,0.0471753040965132,0.221929175950217,0.257709882949753,0.347938912439938,0.167669336846027,0.0700922130377998,0.0296576350228753,0.47318562940104,0,0.0471753047773017,0.221929179152884,0.257709886668774,0.347938912439938,0.167669336846027,0.0700922130377998,0.0296576350228753
379,0,-1074.29096438083,-1074.29096234794,0.530557415641824,2.00066713238545e-08,0.0654022379680666,0.155605704433156,0.248434621950283,0.00350441156865561,0.151847305395977,0.0675726457401758,0.0125794363860283,0.530558631966181,0,0.0654023633631323,0.155604449325444,0.248434555345242,0.00350492812450593,0.151847177559495,0.0675722010161079,0.0125794798277275
380,0,-1193.36893965235,-1193.36893842014,0.470319126766692,1.25099229454112e-08,0.0408951554368369,0.189776434026101,0.299009271260448,0.101136858471521,0.183016061931971,0.108091312759782,0.042414872764114,0.470319132650348,0,0.0408951559484322,0.189776436400189,0.299009275001031,0.101136858471521,0.183016061931971,0.108091312759782,0.042414872764114
381,0,-1146.18163480146,-1146.18163473526,0.431100986035752,3.79613439021136e-09,0.0124096292698398,0.249369139059579,0.307120241838694,0.180270833426965,0.162925153415584,0.0729223550297845,0.0159588652547092,0.43110098767227,0,0.0124096293169484,0.249369140006218,0.307120243004564,0.180270833426965,0.162925153415584,0.0729223550297845,0.0159588652547092
382,0,-1124.08995965662,-1124.08995856729,0.492769703039355,1.14093640555592e-08,0.037297409306482,0.211145386349941,0.258787489894858,0.0851282140969092,0.181476967138426,0.0933497751943184,0.0267498573650546,0.492769708661544,0,0.0372974097320217,0.211145388758975,0.258787492847459,0.0851282140969092,0.181476967138426,0.0933497751943184,0.0267498573650546
383,1.38208633870818e-07,-1122.38923578203,-1122.38923585114,0.497864412947306,2.07786533520157e-08,0.0679257787843153,0.20525946925319,0.228950318236535,0.137290086779979,0.205744755124155,0.111962914905038,0.0217182469920731,0.497864423292258,0,0.0679257801957215,0.205259473518206,0.228950322993815,0.137290086779979,0.205744755124155,0.111962914905038,0.0217182469920731
384,2.27238160732668e-07,-1213.32420658577,-1213.32420669939,0.391155838581091,6.75572383532399e-09,0.0220845785812981,0.274068864983891,0.312690711097996,0.484766292716295,0.147535084060149,0.0969913329367589,0.0639156781597487,0.391155841223632,0,0.0220845787304954,0.274068866835424,0.312690713210448,0.484766292716295,0.147535084060149,0.0969913329367589,0.0639156781597487
385,0,-1029.19336110787,-1029.1933591084,0.510993127480922,1.9613201480457e-08,0.0641163039188657,0.222838850911139,0.202051698075872,0.0864590852028463,0.143698882953896,0.0703121421121898,0.0225606717423151,0.510993048875139,0,0.0641160557982924,0.222839162394388,0.20205173293218,0.0864598658737184,0.143699266851622,0.0703109051351617,0.0225599313265084
386,0,-1085.69091871505,-1085.69091822366,0.49428657452945,2.36682050087937e-08,0.0773717733489779,0.221036378506309,0.207305249947058,0.211801930300783,0.1615408322918,0.0787526198979926,0.0339464075591435,0.494286587565097,0,0.0773717751216776,0.221036382616503,0.207305254696722,0.211801925984434,0.16154054309639,0.0787526544287879,0.0339461054146848
387,4.31495573138818e-06,-1127.23799331528,-1127.23799547276,0.453222501649654,2.79580916291355e-08,0.0913954872368112,0.169944376824389,0.285437606331055,0.0879468132539138,0.139886420259883,0.0688112251931669,0.0183284465858382,0.45322251432089,0,0.0913954897920547,0.169944381575709,0.285437614311346,0.0879468132539138,0.139886420259883,0.0688112251931669,0.0183284465858382
388,0,-1076.67608714614,-1076.67608419897,0.455727015793099,2.76975180399267e-08,0.09054366764688,0.263153326855508,0.190575962006995,0.308690734577649,0.180130533925458,0.0926922798652723,0.0306988397739873,0.455727028415606,0,0.090543670154715,0.263153334144203,0.190575967285476,0.308690734577649,0.180130533925458,0.0926922798652723,0.0306988397739873
389,0,-1106.20287950905,-1106.20287825334,0.508486837830426,1.07453351115002e-08,0.0351266871525287,0.214272290640427,0.242114173631284,0,0.158311788804394,0.0803781783895469,0.0395076367476289,0.508486843294287,0,0.0351266875299767,0.214272292942854,0.242114176232882,0,0.158311788804394,0.0803781783895469,0.0395076367476289
390,0.00606434845622061,-1109.99617820226,-1109.99921037649,0.496432187789971,0.00116093968999337,4.2659628064189e-45,0.255093129802886,0.24731374271715,0.166385743848909,0.156629396958336,0.0954741280914386,0.0436551337522694,0.496656245047289,0,8.10496263314013e-10,0.255785030486234,0.247558723655981,0.169200037990569,0.156501887267523,0.0951417846940259,0.0436514389865996
391,0,-1075.08488491202,-1075.08488155293,0.400875516630172,3.6443505755034e-08,0.119134453426993,0.245806055433362,0.234183938065968,0.245090632685052,0.18083629095813,0.0621310321904957,0.0174597243681869,0.400875531239481,0,0.119134457768671,0.245806064391397,0.234183946600452,0.245090632685052,0.18083629095813,0.0621310321904957,0.0174597243681869
392,1.2754795915148,-1122.72188357454,-1123.3596233703,0.496885607470979,0.0260466208691356,0.0273534733522171,0.188193668034974,0.261520630272695,0.0223104732295058,0.190565311708891,0.1074756002931,0.0075856718399706,0.487212378708925,0,0.025131153582218,0.232472273414956,0.255184194293901,0.201378811032311,0.188958080117226,0.101365500740642,0.00759572303161933
393,3.44812724506482e-06,-1111.1380592659,-1111.13806098996,0.451096270721977,1.54204867165048e-08,0.0504095758358126,0.200301894968478,0.298192243053246,0.0832077313295903,0.126630646327592,0.0528244049695169,0.0202519426431599,0.451095825821338,0,0.0504097595442001,0.200303620214828,0.298190794419634,0.0832086540390105,0.126630828737791,0.0528249333435171,0.0202514062455522
394,0,-1060.50160123324,-1060.50160012594,0.462032095216322,1.63148524149958e-08,0.0533335359739398,0.256546276855564,0.228088075639322,0.148072797762274,0.124072063672102,0.0496192148594897,0.0286306590856798,0.462032102754308,0,0.0533335368440686,0.256546281041079,0.228088079360545,0.148072797762274,0.124072063672102,0.0496192148594897,0.0286306590856798
395,7.39148617867613e-07,-1140.20618474179,-1140.20618511136,0.421404107499038,8.71048895026585e-09,0.0284747397011454,0.25925915609863,0.290861987990698,0.183967185778111,0.169085820123423,0.0408778168009422,0.0411853015550615,0.421404111169673,0,0.0284747399491743,0.259259158356904,0.290861990524248,0.183967185778111,0.169085820123423,0.0408778168009422,0.0411853015550615
396,1.70485191119951e-06,-1137.93171388712,-1137.93171473955,0.444349624168508,2.05307977962711e-08,0.0671155356908244,0.225456803520758,0.263078016089112,0.0636891844289225,0.183791435328006,0.0900100110463175,0.0347197111137712,0.444349653392916,0,0.0671155347794232,0.225456807339543,0.263078004488118,0.0636891539113443,0.183791908350467,0.09000964483538,0.0347192228325212
397,0,-1174.41510289682,-1174.41510265705,0.421318764362606,4.41707898224549e-09,0.0144395079285419,0.239223627767324,0.325018095524449,0.150688957125862,0.130588257427839,0.0535681037395572,0.0544613672709743,0.421318766223605,0,0.0144395079923224,0.239223628823994,0.32501809696008,0.150688957125862,0.130588257427839,0.0535681037395572,0.0544613672709743
398,3.92554284189828e-07,-1163.95715452789,-1163.95715472416,0.434706795256264,1.28585468199528e-08,0.0420348129391716,0.237231082554366,0.286027296391652,0.164555015730155,0.163334345793197,0.104379082830451,0.0431825901766481,0.434706800845961,0,0.0420348134796783,0.237231085604813,0.286027300069547,0.164555015730155,0.163334345793197,0.104379082830451,0.0431825901766481
399,1.28422517838771,-1077.74363157602,-1078.38574416521,0.490349831723847,0.00863993914340852,0.0348733851205665,0.20234023786599,0.263796606146189,0.0148756571579279,0.125325269774985,0.0725803661832323,0.0277193124223418,0.491341424777467,0,0.0334468085759164,0.209063171268479,0.266148595378137,0.0368494314325109,0.122795491779367,0.0724942708192389,0.027717086954401
400,0,-1143.83513268934,-1143.83513073752,0.469866317052865,2.13648761483708e-08,0.0698421512897392,0.172671128894719,0.287620381397801,0.0207749756061647,0.189184136840682,0.101153936128269,0.0196141374607939,0.469866327091501,0,0.0698421527819081,0.172671132583816,0.287620387542775,0.0207749756061647,0.189184136840682,0.101153936128269,0.0196141374607939
401,0,-1117.19385188662,-1117.19385121894,0.551918132181388,1.12775711054467e-08,0.0368665758629948,0.123576282284586,0.28763899839346,0.270351964389482,0.111676582995603,0.0967634230515116,0.0155534531920341,0.551918138405684,0,0.0368665762787603,0.123576283678227,0.287639001637329,0.270351964389482,0.111676582995603,0.0967634230515116,0.0155534531920341
402,0,-1143.54162093714,-1143.54162092218,0.391901399594288,7.627190683893e-10,0.0720457985076189,0.241887159802061,0.294165641333313,0.263309719324663,0.16569130346856,0.0556267223109883,0.0216871027766397,0.391901428971427,0,0.0720457301165987,0.241887191666959,0.294165649245016,0.263309744762005,0.165691316054041,0.0556267286835036,0.0216871014778088
403,1.4727438610862e-06,-1194.81995682981,-1194.81995756619,0.390955955454527,2.21960317181996e-08,0.0725592132867367,0.210669179901667,0.325815629161037,0.169738288325985,0.14001629646015,0.0881898833765445,0.0504179457302992,0.390955964132198,0,0.0725592148972633,0.210669184577687,0.325815636392851,0.169738288325985,0.14001629646015,0.0881898833765445,0.0504179457302992
404,2.80466338153929e-07,-1079.54617309849,-1079.54617323872,0.512248953039377,2.45621200305065e-09,0.00802939970844711,0.254029645658507,0.225691999137456,0.183529867384137,0.136179888173283,0.0792417626038982,0.0270907213380067,0.512248954297569,0,0.00802939972816901,0.254029646282458,0.225691999691804,0.183529867384137,0.136179888173283,0.0792417626038982,0.0270907213380067
405,0.0593350001568069,-1106.01129655586,-1106.04096405594,0.477821639564741,0.0141229066417357,0.0348878868711012,0.234684240565533,0.238483326356888,0.283386486327298,0.121278647531109,0.106817312022882,0.0288065819554198,0.486813677347179,0,0.034547903526538,0.239813371698382,0.238825047427901,0.27815336638478,0.122169614969645,0.106478256223942,0.0288036311470424
406,0,-1206.74433392127,-1206.7443326877,0.378873896847438,1.50187072340608e-08,0.0490964148602174,0.215881995508475,0.356147677765162,0.142145157633596,0.134584717874114,0.12174716085976,0.0286124317413968,0.378873902537635,0,0.0490964155975821,0.215881998750744,0.356147683114039,0.142145157633596,0.134584717874114,0.12174716085976,0.0286124317413968
407,0,-1154.10674252526,-1154.10674243381,0.418764373438756,7.0718507494504e-13,0.0154611555139259,0.230922484653378,0.334851986393232,0.0693552098055277,0.118719315617523,0.0435236407524996,0.0490921138530666,0.418764340984991,0,0.0154612033632437,0.230922506036597,0.334851949615168,0.0693553001140239,0.118719315445097,0.0435236475621406,0.0490921186797101
408,0,-1206.75328766694,-1206.75328676345,0.37690281267168,1.53153384381088e-08,0.0500663622492609,0.218172988183258,0.354857821580462,0.133151971624313,0.136546452646213,0.101246188923075,0.0139843756120518,0.376902413650088,0,0.0500664509430323,0.218174498671505,0.354856636735375,0.133151652027012,0.136549021058057,0.101246053583743,0.0139837878029283
409,0,-1144.91657816271,-1144.91657725266,0.478552488095384,1.1602755355931e-08,0.0379296088270824,0.169226438501524,0.314291452973254,0.00748357345339142,0.129206591221652,0.0555713281868557,0.0362122533847593,0.478552493647912,0,0.0379296092671704,0.169226440465017,0.3142914566199,0.00748357345339142,0.129206591221652,0.0555713281868557,0.0362122533847593
410,7.06801529304357e-07,-1094.6260943745,-1094.6260947279,0.470245137461674,3.04801612873539e-08,0.0996401767641115,0.162460703605903,0.26765395168815,0.187628224080623,0.095905109025689,0.0692281252823257,0.0267740712790432,0.470245151794822,0,0.0996401798011603,0.162460708557732,0.267653959846286,0.187628224080623,0.095905109025689,0.0692281252823257,0.0267740712790432
411,2.26027941607754e-06,-1110.94906697539,-1110.94906810553,0.492932038808689,1.57111979614366e-08,0.0513601790782848,0.205230386815877,0.250477379585951,0.21046724352606,0.175610165259693,0.106847559288921,0.0210851180722492,0.492932046553242,0,0.0513601798852147,0.205230390040293,0.250477383521251,0.21046724352606,0.175610165259693,0.106847559288921,0.0210851180722492
412,1.32934837893117e-06,-1103.41107157517,-1103.41107223984,0.466400772791613,2.63270606843456e-08,0.0860636187432533,0.185524430689658,0.262011151448414,0.211284143683971,0.145925837952105,0.0671259236084449,0.0148864323286212,0.466400785070575,0,0.0860636210090555,0.185524435573971,0.262011158346398,0.211284143683971,0.145925837952105,0.0671259236084449,0.0148864323286212
413,4.25775561357977,-1162.01706450055,-1164.14594230734,0.487950260646957,0.0100051425602342,0.112812414382755,0.111978518266004,0.27725366414405,0.129691025580682,0.203226723642733,0.0761234267839939,0.0247015651151183,0.497523356986337,0,0.109751093327712,0.116489506440614,0.276236043245337,0.102224240467483,0.204000586686258,0.0860080873332843,0.0247082253119725
414,2.23229244511458e-06,-1150.21489654185,-1150.21489765799,0.447740922516991,1.17180540935928e-08,0.0383065224035227,0.231619184317365,0.282333359044068,0.378579924543821,0.140268794996073,0.0959134202490494,0.0416289668209688,0.447740927763643,0,0.0383065228524006,0.231619187031491,0.282333362352466,0.378579924543821,0.140268794996073,0.0959134202490494,0.0416289668209688
415,0,-1145.33877580624,-1145.33877580248,0.445612400698691,1.70318793806821e-08,0.0556775231973456,0.218967997542513,0.279742061529571,0.218335485722012,0.161371578454967,0.0756166596362155,0.0156610480456336,0.445612759751305,0,0.0556774535638766,0.218967967236727,0.279741819448091,0.218336494675179,0.161371621040937,0.0756157732877402,0.0156611232773297
416,0,-1182.34976327921,-1182.34976322617,0.390933721483978,3.27622791625397e-10,0.0872499003211057,0.172439463142309,0.349376914724984,0.229077731925243,0.112608020618518,0.0888341267778077,0.0270645321919607,0.390933694472982,0,0.0872499034970496,0.172439480302046,0.349376921727922,0.2290778002029,0.112608024368936,0.0888341349254387,0.0270645274877376
417,6.82830432197079e-07,-1170.66252954275,-1170.66252988416,0.444752281161384,6.10569348068494e-09,0.0199596180593488,0.178893666478695,0.356394428194879,0.0975587722913926,0.162215206843259,0.0763844126122578,0.0173814203901735,0.444752283876905,0,0.0199596181812161,0.178893667570965,0.356394430370914,0.0975587722913926,0.162215206843259,0.0763844126122578,0.0173814203901735
418,1.70561179402284e-07,-1136.64127523982,-1136.6412753251,0.434634807706813,1.61125170685688e-08,0.0526720982114049,0.248013646856856,0.264679431112408,0.222200358837206,0.13337961065973,0.142362111000759,0.0236988612776417,0.434634814709874,0,0.052672099060085,0.248013650852981,0.26467943537706,0.222200358837206,0.13337961065973,0.142362111000759,0.0236988612776417
419,2.55000395554816e-06,-1095.05737649588,-1095.05737777088,0.478721888356468,2.25229067541738e-08,0.0736277734579636,0.195901830781055,0.251748484881606,0.132457524760452,0.0944527869132299,0.0600342652048527,0.0264807752542256,0.478721899138677,0,0.0736277751162751,0.195901835193334,0.251748490551714,0.132457524760452,0.0944527869132299,0.0600342652048527,0.0264807752542256
420,2.56613930105232e-09,-1163.13006897988,-1163.13006898116,0.412813468475586,4.74462470116143e-12,0.0391975809253779,0.204725796861682,0.34326315373261,0.125399967665388,0.109931905013712,0.064860473603654,0.0356526234451579,0.412814488908837,0,0.0391972762052187,0.204725225331012,0.343263009554932,0.125389259377634,0.109931318986302,0.0648603317873677,0.0356524682097787
421,1.02330104709836e-05,-1044.31527243501,-1044.31527755152,0.427897299276449,2.38189072279206e-08,0.0778644215213737,0.317624119945713,0.176614135437557,0.238298437287067,0.12690307815126,0.100882959716948,0.0279153798215594,0.427897309468495,0,0.0778644233760191,0.317624127511173,0.176614139644313,0.238298437287067,0.12690307815126,0.100882959716948,0.0279153798215594
422,0,-1106.16858973208,-1106.16858972591,0.430416782493258,1.13207039182869e-15,0.0585015116061508,0.242182083367205,0.268899622533385,0.139075334569248,0.156973214579945,0.0639541830223341,0.0192458663608195,0.430416482515241,0,0.0585017811076054,0.242181597188012,0.268900139189142,0.139075236212344,0.156973904466587,0.0639540745586633,0.019245616057014
423,7.28950499251368e-06,-1082.20005102148,-1082.20005466623,0.467083945109159,1.94275601008972e-08,0.063509031474579,0.206166827456272,0.26324017653243,0.0834152195058883,0.149924088696027,0.0620655948478282,0.00915443764093509,0.467083954183461,0,0.0635090327084045,0.206166831461591,0.263240181646544,0.0834152195058883,0.149924088696027,0.0620655948478282,0.00915443764093509
424,0,-1075.51750551542,-1075.51750435836,0.580040812411212,1.47688455067171e-08,0.0482796125328151,0.149040555589911,0.222639004697216,0.103710484254832,0.137583645074987,0.0878526378567728,0.0403252147046083,0.580040820977745,0,0.0482796132458493,0.149040557791068,0.222639007985337,0.103710484254832,0.137583645074987,0.0878526378567728,0.0403252147046083
425,1.67402777151437e-06,-1088.61187927669,-1088.6118801137,0.501084985161364,2.67277628193303e-08,0.0873735209837048,0.175316722249111,0.236224744878058,0.0686747512970263,0.168317897506373,0.0461203304851976,0.0314969366330601,0.501084998554245,0,0.0873735233190036,0.175316726934935,0.236224751191817,0.0686747512970263,0.168317897506373,0.0461203304851976,0.0314969366330601
426,9.42035057960311e-07,-1075.13074456718,-1075.1307450382,0.516531071940398,8.76649600251855e-09,0.0286578277279405,0.220561541919936,0.234249549645229,0.17654903518869,0.16086311348699,0.0347520803165379,0.0321030363351379,0.516531076468566,0,0.0286578279791693,0.220561543853488,0.234249551698777,0.17654903518869,0.16086311348699,0.0347520803165379,0.0321030363351379
427,0,-1096.60983300014,-1096.60983288805,0.470020788592761,2.19069558947152e-10,0.0194000174953045,0.273588125484701,0.236991068208164,0.325092188626293,0.157877825054985,0.0639169108301927,0.0281750145154463,0.470020796390262,0,0.0193999941163619,0.273588105361701,0.236991104131675,0.325092501161618,0.157877856804523,0.0639169117217138,0.0281750067277708
428,6.90695742378011e-07,-1103.46195260822,-1103.46195295356,0.479687101544571,4.660681892773e-09,0.0152358500750412,0.231416985608735,0.27366005811097,0.0786781726632004,0.133747834351999,0.108542704057818,0.0199685118488045,0.47968710378024,0,0.0152358501460506,0.231416986687296,0.273660059386413,0.0786781726632004,0.133747834351999,0.108542704057818,0.0199685118488045
429,0.0203392104640443,-1098.0485536633,-1098.05872326854,0.458861454917076,0.0029384221309441,0.0487272487026694,0.229488853787604,0.259984020461707,0.30917844111438,0.153728543491828,0.071696837389329,0.017535612145166,0.459176061694641,0,0.0485130273349179,0.231828570487733,0.260482340482708,0.32179187417854,0.15305766029054,0.0717269714996927,0.0175337083763304
430,0,-1046.94782686627,-1046.94782678317,0.530684687850713,3.58356522131891e-12,0.0215393260627199,0.257648371928465,0.190127614154518,0.229496035272123,0.183441148668353,0.0590819945834242,0.0173801755780369,0.530684673668741,0,0.0215392844235007,0.257648429653011,0.190127612254747,0.229496191836926,0.183441125941059,0.0590819969052824,0.0173801851350349
431,0.0370624395777668,-1154.39985162889,-1154.41838284868,0.500485536922936,0.00248557103356921,0.0293279195606963,0.201948633596437,0.265752338886361,0.216994966676348,0.177412612863477,0.128730460661143,0.0247478558783614,0.501298711954516,0,0.0292174427010835,0.203708000223029,0.265775845121371,0.217830563638847,0.178271550807916,0.128802521965572,0.0247383410943423
432,0.033211640546142,-1098.10223180715,-1098.11883762743,0.515445224358116,0.00356642042104419,0.0228073306509973,0.256898670443875,0.201282354125967,0.296714035710991,0.217900622006656,0.133120932858726,0.0199764708875162,0.516905851860993,0,0.0225394215813751,0.258958505037765,0.201596221519867,0.296164103166031,0.218768004155437,0.133230540314738,0.0199768188317221
433,0.826139967072322,-1013.79663254424,-1014.20970252777,0.571365388799291,0.00739291550202597,3.65785793838238e-10,0.237745873950625,0.183495821382273,0.0994820466679455,0.147391040664876,0.0610086696500161,0.0423847214351341,0.57471874927917,0,1.71310410190158e-09,0.24074980421662,0.184531444791107,0.0973928355467101,0.150525779146125,0.0609740005309148,0.0423735524996565
434,0,-1127.88067458117,-1127.88067455011,0.424716669083327,1.1676592272383e-09,0.0811734782661494,0.21027135560736,0.283838495875505,0.204364755247571,0.0957813781757209,0.0757005207503388,0.0378176433100011,0.424717306071359,0,0.0811735995607878,0.210270474419635,0.283838619948217,0.204360253183947,0.0957811533922649,0.0757003282680329,0.0378175822032588
435,0,-1084.97351416715,-1084.97351263371,0.44415117927548,2.70795874679996e-08,0.0885236418722686,0.241109440884368,0.226215710888297,0.380511132870337,0.123278171645027,0.0881826649709953,0.0275408495854095,0.444151191302911,0,0.0885236442694524,0.241109447413512,0.226215717014125,0.380511132870337,0.123278171645027,0.0881826649709953,0.0275408495854095
436,1.43453268459598,-1130.36606601462,-1131.08333235692,0.456643898272826,0.011324192565314,0.0853096265691952,0.204330722679052,0.242391559913614,0.133836901986771,0.149736048807213,0.085345211772008,0.0529221407437811,0.458358003078844,0,0.0851373327602033,0.214109264016939,0.242395400144014,0.163278649867091,0.152686854885069,0.0855933735971632,0.0528870228814771
437,0,-1169.29416979458,-1169.29416897772,0.38428278320206,1.83950441856738e-08,0.0601337190103598,0.259160255565387,0.296423223827149,0.329180347321415,0.161438078593572,0.0877081295403734,0.0280235754874587,0.384282790270959,0,0.0601337201165222,0.259160260332651,0.296423229279868,0.329180347321415,0.161438078593572,0.0877081295403734,0.0280235754874587
438,0,-1085.67342947206,-1085.67342716885,0.541701051834065,2.80912919395597e-08,0.0918309213656063,0.18254210735762,0.183925891351417,0.0822432578843507,0.20945175362667,0.0802633227856545,0.0605550416133511,0.541701067051148,0,0.0918309239452556,0.182542112485464,0.183925896518133,0.0822432578843507,0.20945175362667,0.0802633227856545,0.0605550416133511
439,6.67764652462211e-07,-1168.08832682869,-1168.08832716257,0.445411808259838,1.67026912276789e-08,0.0546013877903197,0.217987225807121,0.28199956144003,0.180766953277646,0.260145678393041,0.0859919400889776,0.0226313573259738,0.445411815699414,0,0.0546013887023098,0.217987229448095,0.281999566150181,0.180766953277646,0.260145678393041,0.0859919400889776,0.0226313573259738
440,2.31675585382618e-08,-1108.91438313538,-1108.91438314697,0.505848072994344,1.53792924458115e-11,0.0205019389066708,0.222809071256346,0.25084091682726,0.0478586965227794,0.136224129525396,0.0712145914765752,0.0356742104962364,0.505848038521628,0,0.0205019354315127,0.22280907230604,0.250840953740819,0.0478587325281963,0.136224118399928,0.0712145923928015,0.035674221126289
441,0,-1088.28474821237,-1088.28474791141,0.502321829288861,1.04840785871388e-30,0.0107946792400129,0.218571595425249,0.268311896045877,0.0014609551834012,0.123368028547511,0.11572739018938,0.0147583593467984,0.502321778678572,0,0.0107946809275438,0.218571619106438,0.268311921287445,0.00146095108662708,0.123368040220857,0.115727418752861,0.0147583303249596
442,0,-1217.31445338862,-1217.31445150756,0.413798806708112,2.34143886217269e-08,0.0765420508633578,0.187422475037328,0.322236643976813,0.111634521559731,0.209090956304745,0.0599176152516539,0.0417977273780099,0.413799426643143,0,0.0765421403650103,0.187422338018108,0.322236094973738,0.111634354711487,0.209090770153253,0.0599161225410361,0.0417980296244111
443,0,-1098.73513983357,-1098.7351386261,0.514967692249243,1.65363862484901e-08,0.0540577339242229,0.175904785807942,0.255069771482206,0.130123280735589,0.170064895961085,0.0494914736943715,0.0278175138658481,0.514967700764948,0,0.0540577348181425,0.175904788716772,0.255069775700138,0.130123280735589,0.170064895961085,0.0494914736943715,0.0278175138658481
444,0,-1154.26532345853,-1154.26532265651,0.400021566082525,2.99675771749368e-08,0.0979645303957669,0.178777562332475,0.323236311221656,0.115423442316373,0.154817456091564,0.07191203946309,0.0145010740781277,0.400021578070202,0,0.0979645333315266,0.178777567690005,0.323236320908266,0.115423442316373,0.154817456091564,0.07191203946309,0.0145010740781277
445,1.75287377987797,-1083.26721259724,-1084.14364948717,0.427010902434497,0.010313311635138,0.0389785300166176,0.233487425738905,0.290209830174842,0.0646089847285112,0.10251940482981,0.0467208228617158,0.0107226741438667,0.429244191642361,0,0.0374805238086359,0.241287324021401,0.291987960527601,0.0860676625653308,0.103202550364103,0.0466753290156332,0.0107224584489906
446,0,-1101.54835926563,-1101.5483587447,0.446543769455045,2.15512405090068e-08,0.0704513796222681,0.265181589964057,0.217823239407389,0.258878363100443,0.151050261969828,0.0692420919703415,0.048078674887109,0.446543779078618,0,0.0704513811405827,0.265181595679049,0.21782324410175,0.258878363100443,0.151050261969828,0.0692420919703415,0.048078674887109
447,0,-1123.56881697912,-1123.56881538786,0.423930928778569,1.7100127981248e-08,0.0559006154421963,0.252687561577891,0.267480877101216,0.119644368284167,0.16874079267832,0.0468433190747404,0.0368769384580159,0.423930936027842,0,0.055900616398104,0.25268756589888,0.267480881675173,0.119644368284167,0.16874079267832,0.0468433190747404,0.0368769384580159
448,0,-1093.77491567477,-1093.77491421832,0.474173435427169,1.67412847182068e-08,0.0547275505813199,0.162630399356944,0.308468597893282,0.0500060004917197,0.0834984773295945,0.0455289343518584,0.0293790572497689,0.474173443365442,0,0.0547275514975295,0.162630402079586,0.308468603057443,0.0500060004917197,0.0834984773295945,0.0455289343518584,0.0293790572497689
449,0,-1120.25905740811,-1120.25905729316,0.441920563904379,4.78381188555505e-09,0.015638364160518,0.237695496363344,0.304745570787947,0.116092805105143,0.106332142197711,0.0739996390181552,0.0110684100506856,0.441920566018444,0,0.015638364235329,0.237695497500434,0.304745572245793,0.116092805105143,0.106332142197711,0.0739996390181552,0.0110684100506856
450,7.5400294008432e-08,-1162.38985195947,-1162.38985199717,0.449321819913636,5.67654087853492e-10,0.0347137590430828,0.170787194731682,0.345177225743945,0.0180042200097749,0.140161273540718,0.0620233794302226,0.0230410721691868,0.449321750019021,0,0.0347135828358816,0.170787429535767,0.34517723760933,0.0180051103881649,0.140161324951567,0.0620234250815516,0.0230411041577838
451,0,-1129.12469207662,-1129.12469134603,0.382590763861743,1.6822663732784e-08,0.0549935799956283,0.22998304655637,0.332432592763595,0.206581858070678,0.102393624727765,0.0423675374662842,0.00494088195930733,0.382590770658212,0,0.0549935809105224,0.22998305051216,0.332432597919105,0.206581858070672,0.10239362754703,0.0423675431029557,0.00494076013812457
452,0,-1080.82383316472,-1080.82383310859,0.526477250788549,4.62094957798622e-09,0.0702568581451362,0.217511318388269,0.185754568057096,0.245429157070681,0.203819978240948,0.0714820002842597,0.0425228742206004,0.526477261179138,0,0.0702568742448387,0.217511345161436,0.185754519414588,0.245429037669492,0.203819978560562,0.0714819959856372,0.0425228737455191
453,9.56297299126163e-08,-1093.61353871091,-1093.61353875873,0.521092486213475,7.46060828641979e-09,0.0243888580975157,0.246820003093808,0.207698645134593,0.162687365520316,0.209014028328047,0.110552622672818,0.0169951581038892,0.521092490101142,0,0.0243888582794714,0.246820004935235,0.207698646684151,0.162687365520316,0.209014028328047,0.110552622672818,0.0169951581038892
454,0,-1129.93886549698,-1129.93886284483,0.412561872795913,3.12572972123714e-08,0.102180647603766,0.186522327595885,0.298735120747138,0.0242999908251447,0.129178668038127,0.0649966260653503,0.0277758293774236,0.412561885691483,0,0.102180650797657,0.186522333426069,0.298735130084791,0.0242999908251447,0.129178668038127,0.0649966260653503,0.0277758293774236
455,0,-1130.72380961756,-1130.72380927084,0.506345844234851,1.51168125797784e-08,0.0494171271581435,0.176633775465066,0.267603238025127,0.161117613041683,0.235581426011315,0.0440904259773911,0.0457976455372362,0.506345826821307,0,0.0494171243282667,0.176633780631401,0.267603268219025,0.161117697472198,0.235582322732552,0.0440903701232516,0.045797642846706
456,3.56154214387061e-06,-1130.67598480986,-1130.67598659063,0.528415070725108,1.57231426278366e-08,0.0513992264002548,0.172664995657487,0.247520691494007,0.0522607944326208,0.147713311445545,0.113973833232151,0.0380286144655934,0.528415079033454,0,0.0513992272084121,0.172664998372324,0.24752069538581,0.0522607944326208,0.147713311445545,0.113973833232151,0.0380286144655934
457,0,-1141.50255648848,-1141.50255643765,0.422996580257873,7.2063015750416e-10,0.0605874823986401,0.22593346362508,0.290482472997777,0,0.1781171115492,0.085683826130122,0.0337048016606404,0.422996616882663,0,0.0605873381189199,0.225933729530929,0.290482315467489,0,0.178117342413197,0.0856837758436383,0.0337047535376546
458,0.55124077974051,-1080.22223031554,-1080.49785070541,0.499688312918362,0.00626452208914846,0.0304353709167292,0.220843499175972,0.242768294899789,0.460984689575341,0.0730764751630627,0.125191875814652,0.0279887799118992,0.50315152635228,0,0.029670355918523,0.227459300225995,0.239718817503201,0.456316658291911,0.0799318695831189,0.125611430813459,0.0281417229935936
459,0,-1077.34003168518,-1077.34003161847,0.457155465715402,5.39245607162684e-20,0.00906925953414272,0.293896343749651,0.239878931000805,0.0969514286384714,0.14629595240777,0.0977007908588662,0.0179284812404711,0.457155429196994,0,0.0090692768069357,0.293896329156486,0.239878964839584,0.096951383212042,0.146295974710204,0.0977007829772137,0.0179284847892117
460,0,-1125.92677322296,-1125.92677204599,0.483782010483021,1.1758217538192e-08,0.038437817401656,0.237642549183442,0.240137611173664,0.217282022828861,0.175497433647463,0.0810721757973356,0.0434310361413044,0.483782016171435,0,0.0384378178536162,0.237642551977694,0.240137613997254,0.217282022828861,0.175497433647463,0.0810721757973356,0.0434310361413044
461,4.49654180556536e-08,-1080.60818584243,-1080.60818586491,0.512336782849087,1.88582162622513e-10,0.00787912007248955,0.227468243720063,0.252315853169778,0,0.167342937245856,0.0761379766300845,0.0127624591356912,0.512336795981887,0,0.00787911588202259,0.22746823655393,0.25231585158216,0,0.167342926291233,0.0761379854118963,0.0127624631597077
462,0,-1121.94651314323,-1121.94651290723,0.548700407299537,8.3717959719313e-09,0.0273675464710355,0.153790608884188,0.270141428973444,0.129005642932465,0.161917926493052,0.0736917314095558,0.0277103395885887,0.548700411893145,0,0.027367546700151,0.153790610171691,0.270141431235012,0.129005642932465,0.161917926493052,0.0736917314095558,0.0277103395885887
463,4.21361345018931,-1081.41889300816,-1083.52569973326,0.501470862602426,0.0169909074797103,0.0293125481104355,0.222287333286402,0.229938348521026,0.0371557503511095,0.153452237737427,0.102370996694039,0.0255718850913323,0.504680333376185,0,0.0290738011891189,0.228288963943172,0.237956901491524,0.060235509512973,0.1505401757863,0.0985819641243605,0.0255418192303361
464,0,-1062.7919735817,-1062.79197265654,0.413124146135944,2.10031003835433e-08,0.0686595000295787,0.285490655807095,0.232725677024282,0.29083614304454,0.0862586962314585,0.06806675240429,0.0275419827156705,0.413124154812832,0,0.0686595014716411,0.285490661803284,0.232725681912243,0.29083614304454,0.0862586962314585,0.06806675240429,0.0275419827156705
465,0,-1114.27918072031,-1114.2791793286,0.487085332534446,1.78027271414767e-08,0.0581974243028683,0.228223760296691,0.226493465063268,0.177691295244527,0.192112090534047,0.0831531516168956,0.0313404161256673,0.487085341205894,0,0.0581974253389411,0.228223764359696,0.226493469095469,0.177691295244527,0.192112090534047,0.0831531516168956,0.0313404161256673
466,0,-1119.21036328646,-1119.21036094565,0.505870283456295,3.60961355834253e-08,0.117998894301326,0.144121718903501,0.232009067242742,0.255956980847162,0.165998347620507,0.106354166832413,0.0336893922931708,0.505870301716258,0,0.11799889856063,0.144121724105739,0.232009075617373,0.255956980847162,0.165998347620507,0.106354166832413,0.0336893922931708
467,6.79515324009117e-07,-1130.96521342532,-1130.96521376507,0.467953793423319,7.93246805788125e-09,0.025931375887794,0.226289226400678,0.279825596355742,0.182035257850021,0.121640106753294,0.0769520554352513,0.0383886118630013,0.467953797135347,0,0.0259313760934938,0.22628922819571,0.279825598575449,0.182035257850021,0.121640106753294,0.0769520554352513,0.0383886118630013
468,0,-1133.63195922758,-1133.63195910501,0.467400192698975,3.95615256750785e-09,0.0129327314713333,0.237602843824813,0.282064228048726,0.285335443948419,0.151960314516942,0.0892137377636735,0.0263621389805295,0.467400194548081,0,0.0129327315224972,0.237602844764806,0.282064229164615,0.285335443948419,0.151960314516942,0.0892137377636735,0.0263621389805295
469,1.47503669722937e-07,-1170.29469854629,-1170.29469862004,0.494721781163572,1.53406450456214e-08,0.0501488351590646,0.184125195911679,0.27100417242504,0.257523285778742,0.185254352486338,0.0974362203825598,0.0587870945604901,0.494721788752923,0,0.0501488359283801,0.184125198736278,0.271004176582418,0.257523285778742,0.185254352486338,0.0974362203825598,0.0587870945604901
470,0,-1105.62233911003,-1105.62233882444,0.45623051132544,1.84159263097521e-08,0.0602019830367459,0.249221567254287,0.234345919967601,0.171596081022993,0.159134561501303,0.0758266377461422,0.0515574417595902,0.456230519727348,0,0.0602019841454212,0.249221571843933,0.234345924283298,0.171596081022993,0.159134561501303,0.0758266377461422,0.0515574417595902
471,1.54758709914222,-1181.92262201745,-1182.69641556702,0.415048957829609,0.0108317516915683,0.0570682093855455,0.214166382769571,0.302884698323706,0.176907852166048,0.254389120459297,0.0916932109417221,0.0373469752431494,0.418372404021922,0,0.0566692540509536,0.21283264724646,0.312125694680665,0.165702144777533,0.249290547849541,0.089133554878385,0.0372735961939671
472,9.01588163528368,-1088.08543900138,-1092.59337981902,0.563930039820031,0.0264243221528988,0.0258807261729815,0.120905266530416,0.262859645323673,0,0.14462301861514,0.105790501814977,0.0177509952387001,0.573718654525911,0,0.0266278108225335,0.128748598010288,0.270904936641267,0.0365232014761054,0.13824797254359,0.103260440278565,0.017742439632045
473,0,-1032.10154779748,-1032.10154660583,0.463884658636763,1.66660415694398e-08,0.0544815802877291,0.254261569896128,0.227372174513339,0.0441838753397039,0.0764533412435066,0.0671918337185137,0.0311810625841289,0.463884659528962,0,0.0544815805577464,0.254261603201248,0.227372156712043,0.0441828077347829,0.0764533435191218,0.0671918689276425,0.0311810650860729
474,0,-1156.21135122327,-1156.21135029714,0.419731740446828,8.93512358754476e-09,0.0292090742328692,0.199086214399406,0.351972961985773,0.164328716896795,0.154584852656827,0.0897674831505047,0,0.419731744197183,0,0.0292090744938559,0.199086216178266,0.351972965130695,0.164328716896795,0.154584852656827,0.0897674831505047,0
475,0,-1179.52594218379,-1179.52593940389,0.362572557270721,2.4464894040313e-08,0.0799761638742542,0.221706317757174,0.335744936632956,0,0.116547369284471,0.110904476728701,0.035632948913221,0.362572697489606,0,0.0799761630380127,0.221706264694252,0.335744874778129,0,0.116545660301428,0.110902065839547,0.0356327199858418
476,0,-1104.97294925448,-1104.97294865234,0.467842452583873,7.52287384533086e-09,0.0245924052913027,0.200492004366557,0.307073130235393,0.136175886989147,0.101242627449855,0.0849028455834602,0,0.467842456103393,0,0.0245924054763082,0.200492005874833,0.307073132545465,0.136175886989147,0.101242627449855,0.0849028455834602,0
477,0,-1076.58581938783,-1076.5858193729,0.520373727019794,2.45555045394552e-11,0.0390292763857304,0.183778625942334,0.256818370627586,0.0899254287890128,0.147186236000569,0.0142805366951322,0.0255279547901683,0.520373702045219,0,0.0390292952254767,0.183778604821224,0.256818397908081,0.0899253588001013,0.147186229580662,0.0142805304016208,0.0255279594885611
478,0,-1156.20304108765,-1156.20303901022,0.469468681467368,1.76056334635349e-08,0.057553121645672,0.173291246950169,0.299686932331158,0.134377399048681,0.139569373881451,0.0849098842279338,0.0192002392788084,0.469468689732662,0,0.0575531226589312,0.173291250001071,0.299686937607336,0.134377399048681,0.139569373881451,0.0849098842279338,0.0192002392788084
479,1.14329350253684e-06,-1133.11136040978,-1133.11136098142,0.521695325332697,1.33873594739578e-08,0.0437635106918972,0.186219565767616,0.24832158482043,0.232444203936389,0.159517680186025,0.134234529423475,0.0159745258385238,0.52169533231682,0,0.0437635112777751,0.186219568260604,0.2483215881448,0.232444203936389,0.159517680186025,0.134234529423475,0.0159745258385238
480,0,-1127.36726795518,-1127.36726793523,0.37916167492941,9.93867826507019e-10,0.0584337937328961,0.259250954826303,0.303153575517523,0.162532186588546,0.169182295767804,0.0831961350119586,0.0100803306637797,0.379161661757282,0,0.0584338344676332,0.259250937901852,0.303153565873233,0.162532202876443,0.1691823032222,0.0831961238605419,0.0100803287300953
481,3.3732183729976,-1091.40203598401,-1093.08864517051,0.508556734057787,0.0357188186132081,0.0457868994636409,0.197731763711311,0.212205784154053,0.177347325478932,0.163941293967759,0.13389456041109,0.0187503333148645,0.519076074703524,0,0.0450995226770372,0.220317816341471,0.215506586277968,0.203702963693588,0.167602451796329,0.130198417531576,0.0187348841873754
482,0,-1130.15899410608,-1130.15899352126,0.479861527600417,9.57379466994312e-09,0.031296901096525,0.19707582234235,0.291765739386913,0.182601777327125,0.159254531617957,0.076992480610734,0.0148721010530481,0.479861532194513,0,0.0312969013961551,0.197075824229113,0.291765742180219,0.182601777327125,0.159254531617957,0.076992480610734,0.0148721010530481
483,0,-1117.04502429014,-1117.04502333522,0.470368705780491,9.44212706003391e-09,0.0308664773923398,0.199812147735036,0.298952659650006,0.0675256803626268,0.0958636542727033,0.111825681603382,0.0167023537270716,0.470368710221772,0,0.030866477683785,0.199812149621688,0.298952662472755,0.0675256803626268,0.0958636542727033,0.111825681603382,0.0167023537270716
484,0,-1093.1707193253,-1093.17071836353,0.475061335627167,1.29811742156549e-08,0.0424356840260629,0.248068262460695,0.234434704904901,0.179368062631137,0.126251890666986,0.102991861408444,0.0342310263165262,0.475061341794021,0,0.0424356845769279,0.248068265680912,0.234434707948139,0.179368062631137,0.126251890666986,0.102991861408444,0.0342310263165262
485,4.00825109771722,-1090.30484876952,-1092.30897431838,0.523660452881618,0.0185569096022182,0.0101948544792016,0.198860210566127,0.248727572470835,0.301961934049804,0.134881068052688,0.129274246486196,0.00442839865508865,0.529302833244484,0,0.0101718417181926,0.210964805388732,0.249560519648592,0.347407034347031,0.134112834258626,0.135415207393903,0.00445184068622875
486,0.135339511590701,-1094.96417468862,-1095.03184444441,0.482364951557368,0.00503104098870876,0.0373825685594588,0.241164461733418,0.234056977161047,0.268885237925551,0.137049833053768,0.0785972760803243,0.0157896618983618,0.482659564960252,0,0.0369794944288311,0.247064260520745,0.233296680090172,0.287214103093213,0.138726276887483,0.0788207913000382,0.0157923631636603
487,1.97027475223877e-07,-1109.34040516746,-1109.34040526598,0.480177455333565,2.32226732108338e-18,0.0255790882843459,0.229433352228343,0.264810104153746,0.134745477722955,0.147624638964276,0.107871215727403,0.0154415013679155,0.480177455739331,0,0.0255790376648177,0.229433306761418,0.264810199834433,0.134744891687718,0.147624653951545,0.107871209128345,0.0154415010157092
488,0,-1123.28237819795,-1123.28237761606,0.45233350102911,9.98498186665413e-09,0.0326410806886353,0.244003443477101,0.271021964820172,0.124633706246886,0.14091178915118,0.0804004248512704,0.0410470024332744,0.452333499298962,0,0.032641079825505,0.244003463151161,0.271021957724372,0.124633660468615,0.140911026211272,0.0804004095773616,0.0410465751665355
489,0,-1068.55886444579,-1068.55886295166,0.533406659086351,1.88361687522082e-08,0.0615754644708494,0.171212780783101,0.23380507682353,0.143966917049185,0.133830978669934,0.0834133662502265,0.0194224969198727,0.53340530768562,0,0.0615844750033136,0.171204131088549,0.233806086222518,0.143968392518067,0.133830655214085,0.0834113869237506,0.019422507712117
490,0.000637437227851478,-1120.26217427287,-1120.26249299148,0.411798956678458,1.6050668610514e-08,0.0528036114887563,0.270762048946081,0.264635366836036,0.343613328643878,0.176224879496579,0.0796406681907511,0.00464955601780767,0.411835806653928,0,0.0527445562056671,0.270769425711691,0.264650211428714,0.34401239894387,0.176229038721934,0.0796399141344821,0.00464963660874721
491,0.0800707684074951,-1148.28650831274,-1148.32654369695,0.490211713984176,0.00360057188486633,0.022685302510938,0.190840283318001,0.292662128302018,0.182838718772436,0.154071282516978,0.0986732554776212,0.0378733286935473,0.491097580864864,0,0.0221679858884144,0.193858731515328,0.292875701731394,0.18336724546569,0.155906494144821,0.0987773890722662,0.0378617364286938
492,3.70319867215585e-07,-1118.80952369099,-1118.80952387615,0.438455944373378,1.04785832730849e-08,0.03425467075861,0.204998080822265,0.322291293567163,0.241330197911178,0.119815765214652,0.0665550609680503,0.00440743195943286,0.438455948967776,0,0.0342546711175516,0.204998082970354,0.322291296944318,0.241330198290442,0.11981576533893,0.0665550612122065,0.00440743498735764
493,2.82157088804524e-08,-1120.20682800814,-1120.20682802225,0.495385364717658,4.55564651577945e-09,0.0148924876029251,0.240924798904691,0.248797344219079,0.119181195825574,0.183731277890363,0.083889466674429,0.0253021162756568,0.495385366974458,0,0.01489248767077,0.24092480000226,0.248797345352512,0.119181195825574,0.183731277890363,0.083889466674429,0.0253021162756568
494,0,-1058.03266097637,-1058.03266090358,0.570974192823808,1.36061500685919e-09,0.00444787409466895,0.189509692084065,0.235068239636843,0.148881116948727,0.150054886597343,0.051831055408589,0.0291433088625977,0.570974193600685,0,0.00444787410072079,0.189509692341914,0.23506823995668,0.148881116948727,0.150054886597343,0.051831055408589,0.0291433088625977
495,0,-1142.81786228117,-1142.81786227013,0.437959617618066,1.98384033300874e-11,0.0182718723983382,0.211576669056109,0.332191840907649,0.284190253089853,0.0838626270801121,0.0211579956744586,0.0483582768252651,0.43795963722651,0,0.0182718729723643,0.211576637638557,0.332191852162569,0.284189910976628,0.0838626413804312,0.0211579853327993,0.048358278494841
496,1.25250153359957e-07,-1142.18689937445,-1142.18689943708,0.474254372441798,1.03940497794902e-08,0.0339783292994934,0.238618084132099,0.25314920373256,0.250536357133741,0.189929769116284,0.0984874395715885,0.038525758800302,0.474254377371222,0,0.0339783296526658,0.238618086612307,0.253149206363805,0.250536357133741,0.189929769116284,0.0984874395715885,0.038525758800302
497,6.46403304926935e-06,-1135.42143938637,-1135.42144261839,0.372459933903349,2.5788414828907e-08,0.0843027760842143,0.283688576965312,0.259548687258709,0.279496198872135,0.176186150138376,0.0865930352888399,0.0196315487617654,0.372459943508501,0,0.0843027782582493,0.283688584281191,0.259548693952059,0.279496198872135,0.176186150138376,0.0865930352888399,0.0196315487617654
498,0,-1140.83926252292,-1140.83926251632,0.446745231623166,1.79155008537697e-11,0.043097176835148,0.205774026713105,0.304383564810665,0.260438843817209,0.116587906124363,0.071269854925844,0.0219025427964034,0.446745569738237,0,0.0430966875480744,0.205774632657592,0.304383110056096,0.260437412529503,0.116587968717145,0.0712696828316341,0.0219025222684444
499,0,-1152.87371705934,-1152.87371616277,0.425257928158238,1.6592236394098e-08,0.0542403090204703,0.242688151501594,0.277813594727462,0.30742652709345,0.128903862214556,0.092180421013316,0.0472370205650473,0.425257935214218,0,0.0542403099204383,0.242688155528333,0.277813599337011,0.30742652709345,0.128903862214556,0.092180421013316,0.0472370205650473
500,0,-1123.52393949519,-1123.52393945612,0.491518758557126,1.71746779501518e-09,0.00561443205856597,0.226737629186095,0.276129178480745,0.197038627638784,0.140607246006224,0.0937530310849696,0.0322709271712894,0.491518759401294,0,0.00561443206820857,0.22673762957551,0.276129178954988,0.197038627638784,0.140607246006224,0.0937530310849696,0.0322709271712894
501,0,-1163.44168313955,-1163.44168275994,0.430121839292049,2.02762785595376e-08,0.0662835042387404,0.179029586648108,0.324565049544825,0.35296690889233,0.16356372493499,0.0479701220446445,0.0211613366580053,0.430121841533421,0,0.0662835098474317,0.179029599015175,0.324565049603972,0.352966810319902,0.163563688038461,0.0479695900600308,0.0211613998137307
502,0,-1114.41900304696,-1114.4190030075,0.444607013352252,4.7045070685739e-10,0.0463503678526659,0.230656136671084,0.278386481653548,0.177701827981499,0.181936361420364,0.108643985849595,0.0095383070071986,0.444606994464764,0,0.0463503647053839,0.230656162034516,0.278386478795336,0.177701771602758,0.181936365243025,0.10864399860854,0.00953829574024538
503,0,-1072.44314481736,-1072.44314426825,0.459428971256521,2.09318088741107e-08,0.0684264468467338,0.264003404001372,0.208141156963564,0.444630732332539,0.126165230836475,0.0837363179256404,0.026357197644686,0.459428980873201,0,0.0684264482790232,0.264003409527441,0.208141161320335,0.444630732332539,0.126165230836475,0.0837363179256404,0.026357197644686
504,4.3673389882315e-07,-1139.07507980346,-1139.07508002183,0.383097088871679,2.08203253647683e-08,0.0680620102717795,0.216933239340293,0.331907640695924,0.186738975468622,0.0784806874415939,0.0816889584513913,0.0195063729246879,0.383097056379889,0,0.0680620070729938,0.216933288112969,0.331907648434149,0.186738462505926,0.0784807457620531,0.0816891966063311,0.0195070661171765
505,0,-1145.8347726451,-1145.83477122177,0.405859102357939,1.62048788188413e-08,0.0529740303775976,0.195411970492663,0.345754880566922,0,0.0954477338997001,0.0938233613747964,0.00613787142745027,0.405859108934836,0,0.0529740312360353,0.19541197365929,0.345754886169838,0,0.0954477338997001,0.0938233613747964,0.00613787142745027
506,0,-1157.84600800987,-1157.84600644318,0.450995171872128,2.23019852443982e-08,0.0729055772045544,0.218502711334835,0.257596517286498,0.229227588418165,0.123953206818454,0.178872971809573,0.0560846214449886,0.450995181930215,0,0.0729055788304935,0.218502716207879,0.257596523031412,0.229227588418165,0.123953206818454,0.178872971809573,0.0560846214449886
507,0,-1141.60860114019,-1141.6085997803,0.465958021052033,1.21654879353077e-08,0.0397691914051208,0.235948722125442,0.258324053251917,0.167789288879145,0.162390694323791,0.0777722740894803,0.0379174478303759,0.46595802672064,0,0.0397691918889324,0.235948724995873,0.258324056394555,0.167789288879145,0.162390694323791,0.0777722740894803,0.0379174478303759
508,1.83021256816573e-06,-1144.31927622214,-1144.31927713725,0.446668250798601,1.89537648423799e-08,0.061960186543491,0.195025845711599,0.296345697992544,0.205932266821481,0.143626317912756,0.080612428429433,0.0255364557134349,0.446668259264646,0,0.0619601877178699,0.195025849408073,0.296345703609411,0.205932266821481,0.143626317912756,0.080612428429433,0.0255364557134349
509,0,-1094.78497442244,-1094.78497415772,0.506889921949572,2.88892387841711e-09,0.00944394234629506,0.216138323186799,0.26752780962841,0.0732742935305258,0.127872030368085,0.0829066808464353,0.0250976872637573,0.506889923413938,0,0.00944394237357789,0.216138323811206,0.267527810401278,0.0732742935305258,0.127872030368085,0.0829066808464353,0.0250976872637573
510,0,-1057.61091240885,-1057.61091237846,0.44461799318955,1.4044500989982e-13,0.0339103078913733,0.245340563961564,0.276131134957372,0.0827667899564094,0.145215612884283,0.0235342128328134,0,0.44461795514998,0,0.0339103646535507,0.245340539130137,0.276131141066332,0.0827666612956369,0.145215544609646,0.0235342179668596,0
511,0,-1097.61664283795,-1097.61664117998,0.502620303745747,1.97763546717872e-08,0.0646492469862423,0.174649213560011,0.258081215931645,0.250023311327972,0.165613347392547,0.0637168878102689,0.0179195139377267,0.502620313685744,0,0.0646492482647687,0.174649217013936,0.258081221035551,0.250023311327972,0.165613347392547,0.0637168878102689,0.0179195139377267
512,3.9052383726812e-07,-1130.12831680655,-1130.12831700181,0.499242445707992,2.36307571300646e-08,0.0772493555828505,0.17794809480292,0.245560080275481,0.31953222266829,0.182346707492789,0.0501869873231808,0.055400540760951,0.499242457505469,0,0.0772493574083113,0.177948099007968,0.245560086078252,0.31953222266829,0.182346707492789,0.0501869873231808,0.055400540760951
513,0,-1102.54984267753,-1102.54983989004,0.450003340597016,3.01249153956087e-08,0.0984788717724975,0.218083442913835,0.233434314591736,0,0.170061883428673,0.0793795789901438,0.0280695140391109,0.450003354153329,0,0.0984788747391653,0.218083449483581,0.233434321623926,0,0.170061883428673,0.0793795789901438,0.0280695140391109
514,7.44535100238863e-07,-1092.04256424584,-1092.04256461811,0.430746698064349,8.11218661795747e-09,0.0265188789828388,0.277099194136645,0.265635220703981,0.111588895237453,0.173312947672654,0.051530814698,0.0188051700078398,0.430746701558647,0,0.0265188791979649,0.277099196384525,0.265635222858863,0.111588895237453,0.173312947672654,0.051530814698,0.0188051700078398
515,1.28364795273228e-05,-1138.69216287899,-1138.69216929723,0.391700094343819,1.0792867814569e-08,0.0352820723846211,0.304111054205408,0.268906768273283,0.411891011263967,0.136136215606819,0.108210453486705,0.0300271053670407,0.391700098571387,0,0.0352820727654158,0.304111057487639,0.268906771175559,0.411891011263967,0.136136215606819,0.108210453486705,0.0300271053670407
516,0,-1089.65943485173,-1089.65943447448,0.538170389128114,1.15233419072726e-08,0.03767000488381,0.172754201222205,0.251405393242528,0.118913251711438,0.173836308442027,0.0660419849096855,0.0229134338255213,0.538170395329636,0,0.0376700053178943,0.172754203212911,0.251405396139559,0.118913251711438,0.173836308442027,0.0660419849096855,0.0229134338255213
517,2.24565928874654e-06,-1174.02273942779,-1174.02274055062,0.477546942077167,1.65478187208678e-08,0.0540951068750361,0.165611630278673,0.302746304221305,0.158299777573921,0.175102711072936,0.0686829729347324,0.0439738110645963,0.477546949979527,0,0.0540951077701921,0.165611633019185,0.302746309231096,0.158299777573921,0.175102711072936,0.0686829729347324,0.0439738110645963
518,0,-1144.27276465618,-1144.27276380939,0.489063775986775,2.29380517187286e-08,0.0749848895591875,0.171502318384092,0.264448993131893,0.123002100798666,0.174462463877779,0.154781289836083,0.0242238829225222,0.489063787204946,0,0.0749848912791948,0.171502322318021,0.264448999197838,0.123002100798666,0.174462463877779,0.154781289836083,0.0242238829225222
519,2.13624181881687,-1174.54612273908,-1175.61424364849,0.429089820615779,0.0228244224867601,0.0200992623161491,0.227099734025381,0.300886760555931,0.5,0.175460195958775,0.0940552996958123,0.0251526970366528,0.439501194443843,0,0.0198986010735351,0.238760350114307,0.301839854368315,0.5,0.178429633053389,0.0947369788985855,0.0252314477442716
520,0,-1093.6107487639,-1093.61074859699,0.513920292490611,6.58657851968855e-09,0.0215316396060136,0.215229162080079,0.249318899236718,0.147912415918835,0.150345308231594,0.0634714305365566,0.0251955757086434,0.513920295875587,0,0.0215316397478334,0.215229163497702,0.249318900878877,0.147912415918835,0.150345308231594,0.0634714305365566,0.0251955757086434
521,0,-1064.8054493696,-1064.80544779704,0.537802190103522,1.78245355636317e-08,0.0582687164137588,0.195676848420574,0.20825222723761,0.166208020574897,0.141524521578368,0.0909871111706473,0.0182305503214011,0.537802199689597,0,0.0582687174523716,0.195676851908423,0.208252230949609,0.166208020574897,0.141524521578368,0.0909871111706473,0.0182305503214011
522,0,-1130.27377782855,-1130.2737748732,0.441239967510796,2.79608464741992e-08,0.0914044928731828,0.187174514265368,0.280180997389807,0.136582702111289,0.142235504705637,0.0847756908131096,0.0299488118802166,0.441239979848239,0,0.0914044954289299,0.187174519498926,0.280181005223905,0.136582702111289,0.142235504705637,0.0847756908131096,0.0299488118802166
523,0,-1164.28118606393,-1164.28118600996,0.473914727527538,1.99154503373684e-09,0.0444558533585753,0.17175784338468,0.309871573737662,0.0594523872638862,0.150311866561907,0.120026041830685,0.0364708598505546,0.473914724151813,0,0.0444558580265773,0.171757844620774,0.309871573200836,0.0594523593857165,0.15031185315891,0.120026042922496,0.0364708640876023
524,1.29961972561432e-06,-1136.2685243841,-1136.26852503391,0.468806178837207,1.40109927454983e-08,0.0458021786906146,0.176758208695936,0.308633419765249,0.197955072004932,0.105430835581407,0.0697526267243473,0.0308290173739151,0.468806185405647,0,0.0458021793323486,0.176758211172494,0.30863342408951,0.197955072004932,0.105430835581407,0.0697526267243473,0.0308290173739151
525,0,-1124.60989504284,-1124.60989332527,0.469014910639232,2.34968316168713e-08,0.0768115507536042,0.186366256612761,0.26780725849757,0.159130110198696,0.172422225864204,0.0398535730007102,0.0448341077731077,0.469014921659597,0,0.0768115525584323,0.186366260991778,0.267807264790193,0.159130110198696,0.172422225864204,0.0398535730007102,0.0448341077731077
526,0.0202286518442634,-1114.25398232693,-1114.26409665286,0.463023295178847,0.00112548102939419,0.0402282533668326,0.206774854535502,0.288848115889425,0.0861268376502091,0.0949006012440531,0.0691448532373076,0.0393095371738858,0.463278353337681,0,0.0401411231947788,0.207832202243405,0.288748321224135,0.0899181289204968,0.0949234256671166,0.0691971978117955,0.0393356308743391
527,0,-1154.84826524494,-1154.84826439556,0.42049674319085,1.33131220243801e-08,0.0435208271795398,0.227540666088504,0.308441750227984,0.371230123421105,0.113064293394308,0.102077401347635,0.0133544827824574,0.420496748788975,0,0.0435208277589378,0.227540669117781,0.308441754334307,0.371230123421105,0.113064293394308,0.102077401347635,0.0133544827824574
528,0.288738386038403,-1165.48835666142,-1165.63272585444,0.415420461489961,0.0191712077784026,0.0105250118853472,0.2367455474594,0.318137771386889,0.11457675146389,0.170465505866706,0.13455959878228,0.0181556187410527,0.423435863099253,0,0.0111421687907943,0.240206503637371,0.325215464472582,0.101708706581366,0.167063489194505,0.128204109470891,0.0181305607554887
529,0,-1127.64479403712,-1127.64479331794,0.521457603668609,5.96691287007492e-09,0.0195059418323023,0.190333528008682,0.268702920523493,0.0719546851550823,0.157328688366276,0.118766760382553,0.0259690768897394,0.521457606780102,0,0.0195059419486926,0.190333529144385,0.26870292212682,0.0719546851550823,0.157328688366276,0.118766760382553,0.0259690768897394
530,2.04899151867721e-07,-1097.53220289045,-1097.5322029929,0.48314563118802,2.48583960736499e-09,0.00812625286165542,0.254975771067216,0.253752342397269,0.114431379627526,0.119358146711977,0.0810363982824057,0.0327337522098241,0.483145632389043,0,0.00812625288185598,0.254975771701045,0.253752343028057,0.114431379627526,0.119358146711977,0.0810363982824057,0.0327337522098241
531,0,-1060.25019776,-1060.2501972593,0.508679267629145,1.53469837620479e-08,0.0501696760196021,0.212579543018958,0.228571497985311,0.168786575918837,0.114229327211831,0.093144844368852,0.00432176184599702,0.508679192035946,0,0.0501695387518845,0.212580017686068,0.228571251526101,0.168787298597471,0.114229411777502,0.0931449039083177,0.00432177083023662
532,0,-1131.97831467479,-1131.97831312614,0.490774834082763,2.30485817775123e-08,0.075346214241532,0.194406422115141,0.239472506511983,0.240551155625043,0.138348635310713,0.118595746467944,0.0414046728925656,0.490774845394427,0,0.0753462159781554,0.194406426595933,0.239472512031485,0.240551155625043,0.138348635310713,0.118595746467944,0.0414046728925656
533,0.173504736280847,-1153.39255613384,-1153.47930850198,0.495995658531076,0.00521088915527954,0.0508661193436072,0.159164233479466,0.288763099490572,0.153669446994505,0.202050760702524,0.0671634700241057,0.0196698544721148,0.498289033581049,0,0.0501539192885655,0.161851489756548,0.289705557373838,0.149065012708475,0.204049345521299,0.067170480259745,0.019689280606524
534,4.67848622065503e-08,-1098.56421253699,-1098.56421256038,0.5260764897258,5.84168506515078e-10,0.0650393546762562,0.179502166675594,0.229381988338181,0.246419313754306,0.169010414648534,0.0968357406721437,0.0142544388465009,0.526076216074938,0,0.0650391776941687,0.179502446009874,0.229382160221019,0.246419488807076,0.169010331000407,0.096835499254066,0.014254426445704
535,0,-1161.69705282109,-1161.69705280198,0.42385245952029,4.41308920807255e-09,0.0737892611609575,0.177474957074439,0.324883317831225,0.0699660073620917,0.177201604315636,0.0454559735474816,0.0271745199537577,0.423852397725938,0,0.073789256307382,0.177474996195624,0.324883349771055,0.0699662680198521,0.177201761131925,0.0454559372499229,0.0271744661294685
536,0,-1137.17358011271,-1137.17357748911,0.515060208295369,2.65411401834927e-08,0.0867634483450554,0.13250266206026,0.265673654758175,0.13177095666644,0.18830972898697,0.0643093891513605,0.0375611354082681,0.515060221965655,0,0.0867634506478563,0.132502665577032,0.265673661809457,0.13177095666644,0.18830972898697,0.0643093891513605,0.0375611354082681
537,0,-1045.87495264477,-1045.8749524985,0.554356077201253,6.71584003252459e-09,0.0219541977370665,0.199606020907772,0.224083697438068,0.171926193605718,0.131212759984249,0.0735455814352336,0.0103792709922368,0.55435608092422,0,0.0219541978845074,0.199606022248294,0.224083698942979,0.171926193605718,0.131212759984249,0.0735455814352336,0.0103792709922368
538,8.38226696942002e-08,-1154.53221407785,-1154.53221411977,0.444833778131587,1.1275304006938e-10,0.0275881704100859,0.21514501709496,0.312433034250614,0.0639969006676734,0.120647961941828,0.0918637506763446,0.0424840758047372,0.444833436759179,0,0.0275883960786488,0.215145518274829,0.312432648887343,0.0639933016047772,0.120646635735543,0.0918649416410231,0.042484032406048
539,0.000900698077202833,-1071.16475434259,-1071.16520469163,0.552683991266079,1.22716551700138e-08,0.0439829147064227,0.180882005733679,0.222451076022165,0.120479617093198,0.176020376345006,0.0784008335816936,0.0146073404003413,0.55261053305224,0,0.0438948105281053,0.180932707160514,0.222561949259141,0.120514136169408,0.175985059741471,0.0783952887626215,0.014607346003244
540,0,-1102.51948470687,-1102.51948345849,0.482077184579881,1.32905497973996e-08,0.0434470381774048,0.251869998648736,0.222605765303428,0.0229488042384442,0.163080324670518,0.12991376178161,0.0310225847510724,0.482077190986952,0,0.0434470387548399,0.251870001996227,0.222605768261981,0.0229488042384442,0.163080324670518,0.12991376178161,0.0310225847510724
541,6.10541064816061e-07,-1075.67559573542,-1075.67559604069,0.460453874302709,9.02947289199469e-09,0.0295175099279255,0.273406639085704,0.236621967654188,0.384858683512899,0.125401460102667,0.0754742891051721,0.00568416835793554,0.460454104127334,0,0.0295174745353413,0.273406258968285,0.23662216236904,0.384864579748671,0.125402004805811,0.0754742656780433,0.00568450771302626
542,1.43171700983658e-06,-1046.68426324436,-1046.68426396022,0.522012801502213,1.244396234361e-08,0.0406795290836498,0.234808018311784,0.202499638658392,0.209185805540342,0.1485342677638,0.101784290291635,0.0129831602128905,0.52201280799812,0,0.0406795295898643,0.234808021233726,0.20249964117829,0.209185805540342,0.1485342677638,0.101784290291635,0.0129831602128905
543,0,-1108.58976924827,-1108.58976882825,0.478590419758685,1.11186941208911e-08,0.0363472042403965,0.24519285846909,0.239869506413135,0.206593683733052,0.136593185454273,0.0919335361848261,0.0354809009960139,0.478590425079986,0,0.0363472046445299,0.245192861195314,0.239869509080171,0.206593683733052,0.136593185454273,0.0919335361848261,0.0354809009960139
544,0,-1190.76977009131,-1190.76976943299,0.387752012347847,1.16885307250067e-08,0.0382100099987209,0.254280729394903,0.319757236569999,0.262023193330653,0.20559719504934,0.0768863082797605,0.0218236910497182,0.387752016880098,0,0.0382100104453397,0.254280732367071,0.319757240307491,0.262023193330653,0.20559719504934,0.0768863082797605,0.0218236910497182
545,1.21076814139087e-05,-1079.82324943564,-1079.82325548948,0.477512991206578,1.22326452571854e-31,0.0474689805804242,0.212744434208989,0.26227359400401,0.140814124819641,0.139611754995884,0.0529580268580287,0.0213390222744871,0.477513144818257,0,0.0474686596412918,0.212744643670746,0.262273551869705,0.140808564020999,0.139611771926205,0.0529585935548106,0.0213389079016017
546,0,-1093.30877468,-1093.30877298165,0.502508453679955,3.00901257910355e-08,0.098365143950766,0.168115075522399,0.231011296756754,0.0309493039396607,0.164768458433938,0.0686299932359329,0.0271734896984151,0.502508468800498,0,0.0983651469105856,0.168115080581003,0.231011303707913,0.0309493039396607,0.164768458433938,0.0686299932359329,0.0271734896984151
547,0,-1072.46745224633,-1072.46745159874,0.499944040341885,1.32093792131749e-08,0.0431816901274406,0.221852476248098,0.235021780073198,0.125637222500472,0.162355531150439,0.0492696721561388,0.0250049959570947,0.499944046945835,0,0.043181690697844,0.221852479178631,0.23502178317769,0.125637222500472,0.162355531150439,0.0492696721561388,0.0250049959570947
548,8.22887775241315,-1116.13241479375,-1120.24685366995,0.477488166617849,0.0579295786774238,0.0835506202821495,0.134529353193308,0.24650228122927,0.135565824397164,0.160327604313953,0.100403607928861,0.0144447915506004,0.496091827556907,0,0.0787280525736017,0.162951526337225,0.262228593532266,0.149684467700361,0.167530580119057,0.0872119908488659,0.0144105031329161
549,1.52209850057261e-07,-1122.32311800165,-1122.32311807775,0.47695234145986,5.64693863656461e-11,0.0431681192693022,0.198781192021804,0.281098347192564,0.00865013768496976,0.133865035842306,0.0871905253427372,0.0327515332035862,0.476952353656396,0,0.0431679172899564,0.198780582946999,0.281099146106648,0.00864905134097732,0.133863583666412,0.0871908938990796,0.0327524681110549
550,0,-1181.51903330388,-1181.51903246152,0.391566200725272,2.15183124333436e-08,0.0703437371708831,0.220725681351843,0.317364359233689,0.2166293093662,0.131725051980279,0.0650234697010138,0.0549470471829885,0.391566209151116,0,0.0703437386845616,0.220725686101487,0.317364366062835,0.2166293093662,0.131725051980279,0.0650234697010138,0.0549470471829885
551,0,-1119.25133563471,-1119.25133344087,0.474315868617019,2.27983603645713e-08,0.0745282379384052,0.161467593462122,0.289688277184093,0.114075964697976,0.13241535801376,0.071129125543067,0.018612102274418,0.474315892493473,0,0.0745282393287882,0.161467623172623,0.289688245005115,0.114075860093823,0.132414889715332,0.0711293323562922,0.0186122828631417
552,7.08564584783744e-08,-1135.97443383304,-1135.97443386847,0.422052275010852,5.96064980146612e-14,0.0844149781701196,0.154000425408508,0.33953232141046,0.140606737096597,0.0984498918786171,0.0369422167446131,0.0391136464730759,0.422052189059875,0,0.0844151325852651,0.154000284018239,0.339532394336621,0.140606755875792,0.0984498767736462,0.0369420299538354,0.0391136495883437
553,0,-1073.44958437261,-1073.44958322954,0.50591770555156,1.25265619641849e-08,0.0409495486782688,0.244769400980079,0.208363332263531,0.0708667398136627,0.141119605220996,0.122533337835743,0.0269538592647583,0.505917711888969,0,0.0409495491912259,0.244769404046198,0.208363334873607,0.0708667398136627,0.141119605220996,0.122533337835743,0.0269538592647583
554,0,-1076.1666813915,-1076.1666804633,0.455615225030902,2.0334701854244e-08,0.0664744936255646,0.2283002592422,0.249610001766632,0.100724944035564,0.188009964825086,0.0383082169323333,0.00861975573767148,0.455615234295702,0,0.0664744949773037,0.228300263884617,0.249610006842377,0.100724944035564,0.188009964825086,0.0383082169323333,0.00861975573767148
555,0,-1154.87006845157,-1154.87006837858,0.361385411777218,1.8222757661085e-13,0.0248411278378838,0.284645025534778,0.329128434849937,0.261718809307451,0.12266857348373,0.0582263855408445,0.034569555834384,0.361385451078789,0,0.0248411164970263,0.284644983222524,0.329128449201661,0.261718797106402,0.122668569097788,0.0582263878364342,0.0345695570583299
556,0,-1109.87192047055,-1109.87191992088,0.476432297366529,5.81686821963489e-09,0.0190154432633673,0.245113163284538,0.259439090268697,0.213947225200966,0.14234980879903,0.0917658404517327,0.0254240584985807,0.476432300137873,0,0.0190154433739777,0.24511316471033,0.25943909177782,0.213947225200966,0.14234980879903,0.0917658404517327,0.0254240584985807
557,0,-1084.63227488533,-1084.63227482762,0.465066162042738,2.55180583697569e-08,0.065681415378062,0.244710053261796,0.224542343799345,0.247916873296098,0.233737030601428,0.0417144206652137,0.012257267921176,0.46506621243383,0,0.0656813717472069,0.244710071321372,0.224542344497592,0.247917403229391,0.233737129748048,0.0417144138241817,0.01225726540901
558,2.38483698922209e-06,-1106.98813562106,-1106.98813681348,0.5121837202329,2.54973793759789e-08,0.0833513761325873,0.144087024979484,0.260377853157649,0.152111087055064,0.137480925402057,0.0626166097446139,0.0424100905662762,0.512183733292243,0,0.083351378257829,0.144087028653326,0.260377859796602,0.152111087055064,0.137480925402057,0.0626166097446139,0.0424100905662762
559,0,-1120.09073621863,-1120.09073616897,0.468343022135566,2.27921978897164e-09,0.0463445920103617,0.198008638974119,0.287303744600733,0.109946168747527,0.225613052233787,0.0504175753317696,0.00437456040399736,0.468343006640339,0,0.0463445878535414,0.198008646847547,0.287303758658573,0.109946242002177,0.225613061207126,0.0504175735311777,0.00437456114434059
560,0,-1172.47904768423,-1172.47904768423,0.441625001635792,9.89876096730333e-19,3.23592215680634e-12,0.241426697278981,0.316948301081992,0.193920059538499,0.179008284912929,0.100600124356061,0.0251861621875392,0.441625001635792,0,3.23592215680634e-12,0.241426697278981,0.316948301081992,0.193920059538499,0.179008284912929,0.100600124356061,0.0251861621875392
561,0,-1126.54605897606,-1126.54605897606,0.525484876595307,7.43707143728724e-20,2.4311915728808e-13,0.210685733833998,0.263829389570453,0.116564812457422,0.179035361886519,0.0978071918527866,0.0447826622096273,0.525484876595307,0,2.4311915728808e-13,0.210685733833998,0.263829389570453,0.116564812457422,0.179035361886519,0.0978071918527866,0.0447826622096273
562,0,-1120.84759128285,-1120.84759092235,0.529946230595492,1.96109336783855e-08,0.0641084828850408,0.140623591915937,0.265321674992597,0.0719951410026021,0.145959358453865,0.0916825678612472,0.0353555903200912,0.529946240988232,0,0.064108484142268,0.140623594673697,0.265321680195803,0.0719951410026021,0.145959358453865,0.0916825678612472,0.0353555903200912
563,0,-1104.82861316996,-1104.82861206508,0.448321836778697,2.47920943762751e-08,0.0810457872160115,0.222897847959239,0.247734503253958,0.225658599251714,0.16597739435547,0.050183328735357,0.0344230044072305,0.448321847893535,0,0.0810457892253063,0.222897853485344,0.247734509395815,0.225658599251714,0.16597739435547,0.050183328735357,0.0344230044072305
564,0,-1189.89999343612,-1189.89999229966,0.383975751694977,9.83972985592569e-09,0.0321656948295302,0.214538597307619,0.369319946328143,0.0905405254350647,0.0858679296536429,0.0945502697905832,0.0338234285954455,0.383977137742715,0,0.0321665305332565,0.214538672676411,0.369317659047617,0.0905463109457614,0.0858679168688489,0.0945542936706346,0.0338236005773863
565,0,-1124.19974482001,-1124.19974478808,0.471912712498381,7.33073017945702e-10,0.0527452162924747,0.204676423079933,0.270665647396138,0.0456537816269045,0.19599235975763,0.086846129806938,0.00961435047135217,0.471912711461922,0,0.0527452199850647,0.204676420216829,0.270665648336184,0.045653772312444,0.195992358330467,0.0868461316002926,0.0096143503961433
566,0.128564975204426,-1104.41534839822,-1104.47963088582,0.50091791471615,0.00393764041248313,0.0573715176429231,0.154272365629906,0.283500561598537,0.0628204001872266,0.150777914290667,0.0602003814159875,0.0182323554978635,0.500483702186319,0,0.0585142464969608,0.157668762769886,0.283333288546835,0.0894111394713357,0.150674839836367,0.0594179695321034,0.0182334419577681
567,0,-1049.95195674794,-1049.95195568786,0.539778196728283,1.06360239829057e-08,0.0347693471741487,0.193097239135911,0.232355206325633,0.0632593190922527,0.165110848646161,0.0509196432280167,0.0131610115034015,0.539778202469377,0,0.0347693475439563,0.193097241189698,0.232355208796969,0.0632593190922527,0.165110848646161,0.0509196432280167,0.0131610115034015
568,0,-1096.64711532519,-1096.64711481258,0.511817108817193,5.90808085587065e-09,0.019313618955811,0.242516766343371,0.226352499975544,0.179766059754557,0.156095377884434,0.104648003003281,0.0465947675982399,0.51181711184105,0,0.0193136190699175,0.24251676777618,0.226352501312853,0.179766059754557,0.156095377884434,0.104648003003281,0.0465947675982399
569,0,-1095.25690192446,-1095.25690126134,0.494998143296818,1.25609905504918e-08,0.0410620963250156,0.259559639469321,0.204380108347855,0.185990479409857,0.219588226862359,0.0477930898730339,0.0451024655058153,0.494998149514485,0,0.0410620968407962,0.259559642729648,0.204380110915071,0.185990479409857,0.219588226862359,0.0477930898730339,0.0451024655058153
570,0,-1075.43423635425,-1075.43423629308,0.489027833229198,1.18047712866247e-12,0.0699239870500164,0.149656592889581,0.291391586830024,0.181392922200644,0.10387783437182,0.0372547617335733,0.00899209468796679,0.489026717848458,0,0.0699245044484716,0.149657239678755,0.291391538024316,0.181407365196457,0.103877636456587,0.0372548304598149,0.00899232797065222
571,0,-1063.94648883643,-1063.94648879639,0.488972866866069,5.45911473286218e-10,0.097263472905608,0.181069469988044,0.232694189694367,0.151174372772175,0.131456534287094,0.0395793917643701,0.0278768752171024,0.488972866884744,0,0.0972634750338673,0.1810694737022,0.232694184379189,0.151174368667678,0.131456534167031,0.0395793969750933,0.0278768746539948
572,0,-1090.07504812227,-1090.07504793522,0.516101913368228,2.93900574321e-09,0.00960766000724462,0.24347386562712,0.230816558058402,0.152427138543763,0.150986612128617,0.113819606628222,0.0228955841686109,0.516101889000428,0,0.00960766127561442,0.243473849458603,0.230816600265354,0.152426969908128,0.150985916942712,0.113819897260216,0.0228953126984503
573,2.09858070300197,-1140.96949893747,-1142.01878928898,0.460019379865925,0.0182848159598058,0.0237081797313357,0.211404364644956,0.286583259797977,0.11533585808732,0.149506761024063,0.105166976766009,0.0209067364042521,0.465842217994543,0,0.0232364654212211,0.225615450922098,0.285305865662138,0.136431433449196,0.15595403953182,0.105369686967416,0.0209221348235168
574,0,-1083.28639422132,-1083.28639416426,0.468871655986603,6.55880190506422e-12,0.0593007203722783,0.257075496324963,0.214752127309597,0.136886877233277,0.136390664595978,0.120971642489127,0.0391614312337078,0.468871695724305,0,0.0593007432581734,0.257075433358711,0.214752127658811,0.136886887941487,0.136390628239797,0.120971654551338,0.0391614438822882
575,0,-1133.08958200674,-1133.0895795809,0.488018536604507,2.48298260793653e-08,0.0811691328089063,0.19600971163743,0.234802594119331,0.182349219142775,0.181669305617502,0.116142216333883,0.0257389931279352,0.488018548721922,0,0.0811691348243218,0.196009716504317,0.234802599949439,0.182349219142775,0.181669305617502,0.116142216333883,0.0257389931279352
576,1.52159309436684e-05,-1074.10571402685,-1074.10572163482,0.530057187837794,1.5807614844915e-08,0.0516753675453754,0.16809416738792,0.250173261421296,0.155520807732845,0.12822463274903,0.0620469184501401,0.0227357940315458,0.530057196216734,0,0.0516753683622397,0.168094170045088,0.250173265375939,0.155520807732845,0.12822463274903,0.0620469184501401,0.0227357940315458
577,0,-1147.30633402275,-1147.30633360307,0.418157496719357,2.31824350967998e-08,0.0757837830676458,0.23684631643446,0.269212380596103,0.220004103230505,0.185227727268894,0.0853025177477184,0.00547365523832456,0.418157506413266,0,0.0757837848244985,0.236846321925134,0.269212386837102,0.220004103230505,0.185227727268894,0.0853025177477184,0.00547365523832456
578,4.83232679471257e-06,-1083.38422380946,-1083.38422622562,0.481452542101005,2.2215236166322e-08,0.0726219929612772,0.184559123718859,0.261366319003623,0.131639688630824,0.0984463434196204,0.102027086781332,0.00891530702393832,0.481452552796587,0,0.072621994574592,0.184559127818884,0.261366324809937,0.131639688630824,0.0984463434196204,0.102027086781332,0.00891530702393832
579,0,-1188.00399537899,-1188.00399515286,0.45459494726739,1.25231174845203e-15,0.0683665736290791,0.172045419010004,0.304993060093526,0.0994089583078658,0.248086757981433,0.0596977439930302,0.0279852418591096,0.454594973181185,0,0.0683666111305569,0.172045376158403,0.304993039529854,0.0994089976582305,0.248086813354029,0.0596977281399304,0.0279852468704711
580,0,-1219.88953181763,-1219.88953150822,0.421201721953582,1.91378260877905e-08,0.0625618862066925,0.154247524936795,0.361988847765104,0.111922505482057,0.199702647680019,0.0749568843783602,0.0277169563275384,0.42120172507848,0,0.062561887068679,0.154247526081158,0.361988861771683,0.111922630579633,0.199702668529615,0.0749567644931824,0.0277167738935722
581,0,-1119.21366819294,-1119.21366662202,0.551292823439,2.38593495943829e-08,0.0779966283199231,0.12055516674224,0.250155357639487,0.0832851248548607,0.16055465761316,0.123164106615647,0.0238967330903581,0.551292836592488,0,0.077996630180872,0.120555169618608,0.250155363608031,0.0832851248548607,0.16055465761316,0.123164106615647,0.0238967330903581
582,0,-1133.78080872129,-1133.78080779705,0.453752716444915,1.00625910410401e-08,0.0328947849252422,0.245260816128979,0.268091672438273,0.184271985629583,0.172088318850051,0.0652179217291594,0.0352812427434035,0.453752721010843,0,0.0328947852562489,0.245260818596938,0.26809167513597,0.184271985629583,0.172088318850051,0.0652179217291594,0.0352812427434035
583,0,-1102.10529269329,-1102.10529159848,0.45078117159427,1.90907643004344e-08,0.0624080401518904,0.243252702326769,0.243558066836306,0.156124630894365,0.126229589907064,0.069601110953084,0.0310468114661451,0.450781180200027,0,0.0624080413433077,0.24325270697065,0.243558071486016,0.156124630894365,0.126229589907064,0.069601110953084,0.0310468114661451
584,0,-1034.63855991404,-1034.63855787696,0.554269823495449,3.25876188958923e-08,0.106529492513474,0.195336077434742,0.143864573968715,0.218558596012018,0.146731521533604,0.0985247169053254,0.0332313495718975,0.554269828520908,0,0.106529497676104,0.195336092862308,0.143864580940679,0.218558565494378,0.146730956958399,0.0985248084558328,0.033231319028188
585,2.18792047235183e-06,-1142.1566111701,-1142.15661226406,0.526911444392997,1.09485436370519e-08,0.0357909793527916,0.169014316385652,0.268283248920015,0.235295261694992,0.157280310639684,0.0938708145492384,0.0309289823973792,0.52691145016191,0,0.0357909797446507,0.169014318236112,0.268283251857326,0.235295261694992,0.157280310639684,0.0938708145492384,0.0309289823973792
586,0,-1117.87742002344,-1117.8774199864,0.454952765178758,1.07365679866468e-09,0.0688286554918121,0.217408233174341,0.258810345081432,0.283901967543167,0.159558568138848,0.0664898742783884,0.0146182206772554,0.454952765202726,0,0.0688286671604522,0.217408233000161,0.258810334636661,0.28390201131779,0.15955856734263,0.0664898760362172,0.0146182219129996
587,0,-1099.11716755237,-1099.11716748992,0.539736924821327,6.52544333693137e-10,0.00213317878182067,0.222943461578936,0.235186434165372,0,0.18686995332418,0.121709009805081,0.0225136212869637,0.539736924937966,0,0.00213317877951684,0.222943466215986,0.235186430066531,0,0.186870563675743,0.121708872475979,0.0225134229227059
588,3.63959416884427,-1096.30148270808,-1098.1212797925,0.453511980758034,0.0249622888401493,0.0849226440318283,0.220716421355482,0.215886665014507,0.221981343449466,0.190360277866682,0.0398876299603784,0.033226530771505,0.46100162987905,0,0.0834607233572794,0.232763204339698,0.222774442423973,0.236441504419392,0.192043411764466,0.0346102330026724,0.0330770372560965
589,0,-1125.82415267052,-1125.82415174396,0.399958346618896,9.28044718308652e-09,0.0303379430658197,0.292121716699875,0.277581984334962,0.119301974348229,0.151053002658616,0.0808571642757559,0.0208899171111615,0.399958350330688,0,0.0303379433473694,0.292121719410895,0.277581986911047,0.119301974348229,0.151053002658616,0.0808571642757559,0.0208899171111615
590,0,-1133.82037772543,-1133.82037740801,0.466087102098454,9.62972160409337e-09,0.0314797271097707,0.251533916127508,0.250899245034546,0.235538494264997,0.175124239113033,0.0878150096008164,0.0346778643780339,0.466087109809937,0,0.0314797274208258,0.251533912546975,0.250899250222263,0.23553838285992,0.175124272645803,0.0878154875786649,0.0346780260652452
591,1.0796661626955e-06,-1066.2803238571,-1066.28032439694,0.511416687447673,1.68061656366704e-08,0.0549396408209933,0.216603158284814,0.217040496640354,0.225474830830821,0.181062749048854,0.0622007993524876,0.0132480273578827,0.511416729077107,0,0.0549396481083263,0.216603138175148,0.217040484639419,0.225474677977979,0.181062758889982,0.0622009054395681,0.0132485021364884
592,6.74090188113041e-07,-1102.83706734333,-1102.83706768038,0.424122602073765,1.55744798423804e-08,0.0509131490456149,0.253486916502984,0.271477316803156,0.190698448547212,0.175774664185665,0.0155618344547256,0.0331941520346981,0.424122379683128,0,0.0509132655739885,0.253486959014612,0.271477395728271,0.190698463282844,0.175774677706618,0.0155618985691207,0.0331941788366942
593,0.169504855044579,-1099.24372054156,-1099.32847296909,0.502217842754317,0.0041542656123401,0.0344425943724217,0.189971458731371,0.26921383852955,0.102880137149062,0.145592753593281,0.054579072623555,0.0287278275068616,0.503157347272066,0,0.0346624538932169,0.193657626803409,0.268522572031308,0.135769681633906,0.146177841976518,0.0546340677269257,0.0287319715557764
594,3.65203322871821e-06,-1139.48656368189,-1139.4865655079,0.446656951277904,2.77432736560083e-08,0.0906932435507393,0.192452228053819,0.270197549374264,0.321607844759948,0.129139967782417,0.081909406427845,0.03880244782044,0.44665696366963,0,0.0906932460668669,0.192452233393074,0.270197556870428,0.321607844759948,0.129139967782417,0.081909406427845,0.03880244782044
595,2.03530998987844e-06,-1051.70426382274,-1051.70426484039,0.586690560364611,2.20333815435061e-09,0.0072027507040028,0.21338933858471,0.192717348143338,0.33261321213878,0.140000217780814,0.056096500415228,0.033023627657746,0.586690561657289,0,0.00720275071987289,0.213389339054879,0.19271734856796,0.33261321213878,0.140000217780814,0.056096500415228,0.033023627657746
596,0,-1109.24281735472,-1109.24281656616,0.417271028169222,1.05835445586869e-08,0.0345977910246803,0.315539496015604,0.232591674206949,0.394124588753227,0.14085670584611,0.0902395670610893,0.0486408086069768,0.417271017361585,0,0.0345977916418519,0.315539512640534,0.232591678356029,0.394124610017594,0.140856606612141,0.0902397584400043,0.0486406101380709
597,0.895644479185194,-1158.63807090933,-1159.08589314892,0.388908485131817,0.0115148994542027,0.0886838800006663,0.227307912272649,0.283584823140665,0.154413329687891,0.164987049542186,0.09413820885777,0.0171754147451597,0.393479949750723,0,0.0870338840672095,0.232756890758683,0.286729275423385,0.149830656652308,0.168377742611702,0.0920296677416877,0.0171679126771398
598,0,-1129.68528288207,-1129.68528286322,0.5255353878431,3.21157639880102e-10,0.0345556977898171,0.156291854428022,0.283617059617903,0.0576784687726496,0.143548699694576,0.110035225476251,0.00580715758821469,0.525535392978407,0,0.0345556967841401,0.156291845870131,0.283617064367321,0.057678485239649,0.143548694648299,0.110035219825985,0.00580714474224371
599,0,-1074.14771196202,-1074.14771046729,0.524607337300821,1.37845957595397e-08,0.0450620830104406,0.183578939621776,0.246751626282367,0,0.136094574255545,0.0446503172818472,0.0316773955022952,0.524607344532321,0,0.0450620836316032,0.183578942152337,0.246751629683738,0,0.136094574255545,0.0446503172818472,0.0316773955022952
600,0,-1125.9335931286,-1125.93359311429,0.475954115757488,2.68265662661726e-10,0.0271893792673556,0.223113709345044,0.273742795361846,0,0.137828763842213,0.0987441678180972,0.03559610717126,0.475954115967517,0,0.0271893794917199,0.223113710498437,0.273742794042326,0,0.137828764441337,0.0987441677896248,0.0355961074117153
601,0,-1122.84108046672,-1122.84107943579,0.469585369638089,1.84319185368272e-08,0.0602542619048789,0.172620008226807,0.297540341798307,0.149279628171704,0.145915404830825,0.0517160555166251,0.0189573107993915,0.469585378293448,0,0.0602542630154806,0.172620011408525,0.297540347282546,0.149279628171704,0.145915404830825,0.0517160555166251,0.0189573107993915
602,0,-1126.09393150227,-1126.09392960643,0.459550761368485,2.05399979365309e-08,0.0671456100850608,0.21249561453994,0.260807993466516,0.186003533068101,0.137266350363668,0.0725205484538707,0.0384755185319126,0.459550770807657,0,0.0671456114642315,0.212495618904599,0.260807998823512,0.186003533068101,0.137266350363668,0.0725205484538707,0.0384755185319126
603,0,-1130.31915824709,-1130.319157918,0.408349950931964,1.25431416045733e-08,0.0410037478107277,0.247262836855814,0.303383451858352,0.259039811423829,0.13720733206887,0.0233725968297646,0.0391394755806348,0.408349956053956,0,0.0410037483250435,0.247262839957267,0.303383455663734,0.259039811423829,0.13720733206887,0.0233725968297646,0.0391394755806348
604,0,-1123.11379638893,-1123.11379635211,0.436271927701234,3.78865304804812e-10,0.0548185938883452,0.225256690671233,0.283652787360322,0.11884140289029,0.162080042151555,0.089196235318302,0.0226694310956757,0.436271924885053,0,0.0548186655486596,0.225256632874531,0.283652776691756,0.118841272599158,0.162080063172614,0.0891962213463891,0.0226694437502749
605,0,-1051.61529976664,-1051.61529943353,0.519103031516879,3.93473791554211e-09,0.0128627266020319,0.25525478330969,0.21277945463666,0.355819667287449,0.115558394872122,0.0702085768324629,0.0312975009238285,0.519103033559414,0,0.0128627266526434,0.255254784314051,0.212779455473892,0.355819667287449,0.115558394872122,0.0702085768324629,0.0312975009238285
606,1.28847204905469e-07,-1086.46851362219,-1086.46851368662,0.490499063211539,2.41204924724008e-08,0.0788503089248608,0.213588243891952,0.217062359851156,0.209613734682743,0.145824454181898,0.0948988889126591,0.0262977912808858,0.490499075042618,0,0.0788503108267691,0.213588249043806,0.217062365086807,0.209613734682743,0.145824454181898,0.0948988889126591,0.0262977912808858
607,0,-1134.5363165638,-1134.53631524946,0.375915912010559,2.74220929877823e-08,0.0896432983666059,0.24338442180464,0.291056340396102,0.205427719108817,0.136346332038883,0.0598229712793493,0.0100647828681833,0.375915922318961,0,0.0896433008248129,0.24338442847875,0.291056348377476,0.205427719108817,0.136346332038883,0.0598229712793493,0.0100647828681833
608,0,-1080.38582196239,-1080.38582138202,0.427953100513528,5.63409039885392e-09,0.0184179393919318,0.276347716549753,0.277281237910696,0.300517157385372,0.0677646033590695,0.0509560047207548,0.0232253999791566,0.427953102924655,0,0.0184179394957001,0.276347718106721,0.277281239472924,0.300517157385372,0.0677646033590695,0.0509560047207548,0.0232253999791566
609,0,-1116.00031530737,-1116.00031530737,0.488960127562706,4.42907671577047e-18,1.44787287278653e-11,0.22050459039597,0.290535282026845,0.243182135390324,0.151440963089487,0.0798711891113143,0.0185662851853183,0.488960127562706,0,1.44787287278653e-11,0.22050459039597,0.290535282026845,0.243182135390324,0.151440963089487,0.0798711891113143,0.0185662851853183
610,0.272263173721967,-1166.98334757815,-1167.11947916501,0.439145468415188,0.00627023241769878,0.0426138212917537,0.211363854572125,0.300606623303235,0.17335042871004,0.166665017297076,0.109236232732814,0.0349912274788564,0.442975589099844,0,0.0437213600616655,0.212004422603419,0.301298628235071,0.163893987653856,0.170432870210207,0.108763760451619,0.0350418143224256
611,0,-1138.89996708753,-1138.89996542991,0.45403415841153,1.97727313056727e-08,0.0646374021394674,0.212077235610723,0.269251184065549,0.0776131515674445,0.176842068756322,0.0912197023725903,0.0234236409500714,0.454034167389025,0,0.0646374034175254,0.212077239804069,0.26925118938938,0.0776131515674445,0.176842068756322,0.0912197023725903,0.0234236409500714
612,3.56437431037193e-06,-1157.7401980523,-1157.74019983448,0.498811377874156,1.58439412777586e-08,0.0517941192605115,0.144007222916309,0.305387264105081,0.277367254421393,0.123442769520582,0.085175762311343,0.0463713983400464,0.498811386655967,0,0.0517941201722363,0.144007224887264,0.305387268284534,0.277367270088374,0.123442800700914,0.085175793362493,0.0463711943909446
613,6.34611751593184e-07,-1134.20897704703,-1134.20897736434,0.451002064653643,1.03440427685996e-08,0.0338148555121466,0.216807401756335,0.298375667733833,0.179969278494553,0.125427494916136,0.0920184123013722,0.0131944088166057,0.451002069318827,0,0.0338148558619289,0.216807403999,0.298375670820244,0.179969278494553,0.125427494916136,0.0920184123013722,0.0131944088166057
614,0,-1184.67231462839,-1184.67231461183,0.418831018195968,1.56582344877573e-09,0.0174036404359927,0.215570272397315,0.348195067404901,0.0921221210577907,0.183905087294949,0.0506153390703375,0.00559933039805596,0.418831019126488,0,0.0174036334473488,0.215570279585671,0.348195067840492,0.0921221466323645,0.183905087460474,0.0506153324797665,0.005599332655695
615,1.70404155142023e-06,-1055.51550236865,-1055.51550322067,0.555119973903037,1.40105000885194e-08,0.0458005683959377,0.179029494871916,0.220049948818609,0.216644483249993,0.164012238115537,0.0635023246021191,0.025824363900733,0.555119984693369,0,0.0458005686791757,0.17902949641788,0.220049950209575,0.216644489121725,0.164012206311596,0.0635022202453767,0.0258241243931028
616,2.94938229192985,-1134.42480057281,-1135.89949171877,0.441625228828579,0.0187199651833148,0.0376373686325225,0.216497059539625,0.285520377815959,0.271448946040928,0.14689895004407,0.0682407768063553,0.0351342423035005,0.443794530502523,0,0.0348719054747548,0.230875095862476,0.290458468160246,0.319855652164862,0.1502797920228,0.0648451565421767,0.034802851806908
617,5.46002866030904e-07,-1163.52652477523,-1163.52652504823,0.419045542622683,1.06453520358098e-08,0.0347998407411435,0.263179015564947,0.282975590425875,0.267688302313362,0.161510684170852,0.0790486316219906,0.0374755411563576,0.419045547083571,0,0.0347998411116001,0.26317901836658,0.282975593438249,0.267688302313362,0.161510684170852,0.0790486316219906,0.0374755411563576
618,2.93071113487485,-1131.33879638446,-1132.8041519519,0.437115007913637,0.0271686147863254,0.061607336856772,0.209046943268062,0.265062097175204,0.308106147719928,0.196204080131679,0.0899423768331841,0.00837270799537458,0.45187305948557,0,0.0590651331090006,0.220957605166062,0.268104202239367,0.311583590800852,0.198298047964396,0.0940291612457635,0.00838583439303592
619,1.61227431698035,-1147.20953648513,-1148.01567364362,0.431153017251596,0.0237441829080515,0.045004783366036,0.237749723794048,0.262348292680269,0.297101891776156,0.141892577527314,0.146166907282527,0.0188101147638273,0.438770879355062,0,0.0428052190374096,0.254406455697663,0.264017445909866,0.287312843427058,0.148426982349638,0.141895152814826,0.0188145307054566
620,7.09096639184281e-08,-1102.73252997786,-1102.73253001332,0.500345336262127,7.02517274513018e-10,0.0658191566305554,0.160608072599486,0.273227433805315,0.0837617829291875,0.186617175805457,0.0488747839844153,0.0219379498782399,0.500345340017607,0,0.0658191539852726,0.160608075199582,0.273227430797539,0.0837618186517215,0.186617173158706,0.0488747844851996,0.0219379501044351
621,0,-1051.68721555119,-1051.68721388178,0.52492279931779,2.12651385008915e-08,0.0695161071874401,0.212720999021371,0.192840073208261,0.20387886897957,0.15945072006467,0.0773846421504145,0.02556527789027,0.524922810480346,0,0.0695161086657098,0.212721003544912,0.192840077309032,0.20387886897957,0.15945072006467,0.0773846421504145,0.02556527789027
622,0,-1082.08032556396,-1082.08032299564,0.479688066755032,3.30133214669358e-08,0.10792112139842,0.193116595649209,0.219274183184017,0.369485630570838,0.150805434283322,0.0659864009896402,0.0366268469480489,0.479688082591129,0,0.107921124961254,0.19311660202463,0.219274190422987,0.369485630570838,0.150805434283322,0.0659864009896402,0.0366268469480489
623,4.50775587523822e-07,-1061.13120831336,-1061.13120853875,0.452868241936453,9.29633801243506e-09,0.0303898904630231,0.292066307217455,0.224675551086731,0.219368126188096,0.122566287110826,0.0754916408555826,0.0247814543323384,0.452868246146469,0,0.0303898907455378,0.292066309932602,0.224675553175391,0.219368126188096,0.122566287110826,0.0754916408555826,0.0247814543323384
624,0,-1168.59946756772,-1168.59946685733,0.479446149903074,1.81962522665675e-08,0.0594838647732941,0.146565722854895,0.314504244272484,0.0919207979663946,0.225290471663515,0.0900790168653234,0.0161124831146789,0.479446158627197,0,0.0594838658556775,0.146565725521842,0.314504249995283,0.0919207979663946,0.225290471663515,0.0900790168653234,0.0161124831146789
625,2.28077124120318e-06,-1128.15008749352,-1128.1500886339,0.479476385511407,1.4674663613306e-08,0.0479717302870817,0.159861881291281,0.312689988235566,0.15991555667622,0.151484212322231,0.0521652191369864,0.0184567036858081,0.479476392547562,0,0.0479717309910507,0.159861883637201,0.312689992824187,0.15991555667622,0.151484212322231,0.0521652191369864,0.0184567036858081
626,3.72529029846191e-08,-1184.79694331721,-1184.79694333584,0.447438220690247,9.09349099623709e-10,0.0402965502119242,0.197968087575025,0.314297140613454,0.287090235327885,0.131863870851291,0.0955833094112566,0.0442338038651642,0.447438138255679,0,0.0402963253971161,0.197968073901066,0.314297462446139,0.28708879183349,0.131863987317477,0.0955834122632255,0.0442337221182448
627,0.987539294595535,-1070.30107538933,-1070.79484503663,0.473080427359699,0.00751423582180596,0.106710238367353,0.190680801314897,0.222014297136246,0.0440613025234433,0.160611761095995,0.0797365364313356,0.0268014820757351,0.473440696879948,0,0.104928828763939,0.198434066668143,0.22319640768797,0.0727095896066628,0.159033289083804,0.0799505283677098,0.0267587422818195
628,0,-1156.15817707275,-1156.15817699494,0.457152870116766,1.13751913619608e-08,0.0371856947099432,0.207893599421716,0.297767824376383,0.183598898043992,0.10944561702296,0.133999871544488,0.0322388946173421,0.457152869274566,0,0.0371856994014684,0.207893592460443,0.297767838863522,0.1835988975691,0.109445342152061,0.134000034632926,0.0322389841107978
629,0,-1098.67250699781,-1098.67250682983,0.415858627446364,9.5589833578026e-16,0.0897272932309728,0.217196784588338,0.277217294734323,0.0366207266074433,0.157819981953275,0.0666663662002751,0.0175442755652855,0.41585863144039,0,0.0897273074494467,0.217196773460959,0.277217287649205,0.0366207298219088,0.15781999350397,0.0666663849973844,0.0175442734956655
630,3.11429175781086e-06,-1098.41855727406,-1098.4185588312,0.50461055773918,1.83520553223043e-08,0.0599931880091708,0.169042901871221,0.266353334028373,0.268202778969351,0.115505403484993,0.0519414355867506,0.0336495024334883,0.504610569646421,0,0.0599931886266796,0.169042904123516,0.266353337603384,0.268202778969351,0.115505400352164,0.0519415231655046,0.0336497687897515
631,4.33559762313962e-07,-1144.15037715347,-1144.15037737025,0.473766423248487,1.52388365958943e-08,0.0498160215682421,0.163819543378795,0.312597996565639,0.268020841669878,0.166423781074428,0.0483953988316185,0.0276067451624489,0.473766430468136,0,0.0498160223273804,0.163819545875214,0.312598001329269,0.268020841669878,0.166423781074428,0.0483953988316185,0.0276067451624489
632,0.0270029748958223,-1093.90170452764,-1093.91520601508,0.448868581554428,0.00281604830470356,0.0197394751187417,0.304753695338091,0.223822199684036,0.175970811293005,0.182557935340445,0.0699917082851276,0.0288663708166268,0.449916531117908,0,0.0196944484853685,0.306347249168954,0.224041771227769,0.176629321580537,0.183278458376734,0.069476906826391,0.0288506158737149
633,0,-1014.54566756853,-1014.54566754813,0.456676598761847,7.59975813744535e-11,0.0854322508212132,0.283474581402525,0.174416568938417,0.0644095920313563,0.131860328366964,0.0885201879441887,0.0259709278288013,0.456676615570789,0,0.0854321841986618,0.283474645022009,0.17441655520854,0.0644095581177251,0.131860346167213,0.0885202047722379,0.0259709505800279
634,0,-1122.57165066362,-1122.5716505373,0.517846608128246,4.83015236363739e-11,0.032781504089112,0.184106390790667,0.265265496943673,0,0.168629178323388,0.111195103282932,0.0244608434215312,0.517846939124577,0,0.0327812326189812,0.18410641869141,0.265265409565032,0,0.168629037056505,0.111195361667685,0.024460894865488
635,0,-1053.9768797262,-1053.97687934902,0.519375499974599,2.19464330291355e-08,0.0717432708360396,0.173839859596176,0.235041347646752,0.115097019308342,0.118504132065125,0.0813886817533035,0.0106073237232772,0.519375511373039,0,0.0717432724105485,0.173839863411341,0.235041352805072,0.115097019308342,0.118504132065125,0.0813886817533035,0.0106073237232772
636,0,-1168.01429538401,-1168.01429495784,0.478335570541064,4.58304655363964e-09,0.0149820588026964,0.195942488440202,0.310739877632991,0.157112762974241,0.168390755881173,0.0885770679774488,0.0351295897270068,0.478335572733298,0,0.0149820588713599,0.195942489338216,0.310739879057126,0.157112762974241,0.168390755881173,0.0885770679774488,0.0351295897270068
637,0,-1051.24274196887,-1051.24274195419,0.483296200811851,1.07350335544998e-11,0.0607987795132633,0.212523557070181,0.24338146259397,0.0726852712568806,0.0964304268125347,0.084146957961585,0.0293062152522437,0.483296266498507,0,0.0607987786149385,0.212523722375062,0.243381232511493,0.0726853517895477,0.0964303915320655,0.0841468818696573,0.0293062364655523
638,0.281903453231735,-1126.2669752434,-1126.40792697001,0.472803167149931,0.00525505557229398,0.0362383452034277,0.179461257060092,0.306242175014256,0.0661768772904406,0.171038851910868,0.0539172668999861,0.00902728124289735,0.476147542637803,0,0.0346005149876213,0.183707450305714,0.305544492068862,0.055872204255152,0.175233743405643,0.0548795555046807,0.00902680339063213
639,4.51850610261317e-07,-1099.27897568245,-1099.27897590838,0.47262486503581,1.03872588384551e-08,0.0339561295952742,0.230577820787923,0.262841174193734,0.126543644414274,0.155849747505817,0.082525287403052,0.00467814538998226,0.472624869945087,0,0.0339561299479853,0.230577823182994,0.262841176923933,0.126543644414274,0.155849747505817,0.082525287403052,0.00467814538998226
640,0,-1056.85869789092,-1056.85869786712,0.444787543112191,5.70206855481738e-12,0.0494686612909199,0.255224030383451,0.250519765207736,0.237362957646833,0.102280606744107,0.0638359536045947,0.0226222463462214,0.444787529833805,0,0.0494686639210025,0.255224022815015,0.250519783430178,0.237362989377684,0.10228061303318,0.0638359306729041,0.0226222422432163
641,0,-1027.98457144946,-1027.98457018895,0.513109781542459,1.24048959336064e-08,0.0405518204342176,0.286861758552311,0.159476627066116,0.103539141086622,0.159101253805217,0.120623840700034,0.017826166687851,0.513109788539972,0,0.0405518207750951,0.286861761808563,0.15947662887637,0.103539144353194,0.159101257067789,0.120623871729293,0.0178261110431922
642,0,-1137.7122128434,-1137.7122123545,0.527223953362543,7.33461573224943e-09,0.0239769862491307,0.202147726342369,0.246651326711342,0.295173342410662,0.200556353834461,0.0843210597060276,0.0283051780593485,0.527223957229528,0,0.0239769864249926,0.202147727825045,0.246651328520434,0.295173342410662,0.200556353834461,0.0843210597060276,0.0283051780593485
643,4.4139187593828e-07,-1094.00073413884,-1094.00073435953,0.466987207498718,9.01653882761194e-09,0.0294752220670328,0.239880334837958,0.263657226579753,0.210132906186579,0.148811881058072,0.101239394739334,0.00935100468586284,0.466987211709326,0,0.0294752223327973,0.239880337000848,0.263657228957028,0.210132906186579,0.148811881058072,0.101239394739334,0.00935100468586284
644,0,-1103.72164267406,-1103.72164003266,0.437811207357297,2.56788955290965e-08,0.0839447555905128,0.22900947973553,0.249234531637764,0.109636603835198,0.120244623476648,0.118357201296004,0.0236501182588162,0.437811218599806,0,0.0839447577461214,0.229009485616241,0.249234538037832,0.109636603835198,0.120244623476648,0.118357201296004,0.0236501182588162
645,2.68785925072734e-06,-1060.08981546047,-1060.0898168044,0.449923291050043,2.15398118401573e-08,0.0704140191052549,0.250153905431252,0.229508762873638,0.145781275790694,0.150709661034338,0.0494337050054395,0.0213128028506338,0.449923300741306,0,0.0704140206219596,0.25015391081952,0.229508767817214,0.145781275790694,0.150709661034338,0.0494337050054395,0.0213128028506338
646,0,-1130.82726735189,-1130.82726656584,0.458133301609099,1.86881268596551e-08,0.0610918113631751,0.231756025569209,0.24901884277039,0.298655141307549,0.185914220559569,0.110687208652079,0.0266138035356925,0.458133310170752,0,0.0610918125048667,0.231756029900295,0.249018847424086,0.298655141307549,0.185914220559569,0.110687208652079,0.0266138035356925
647,0.450594492688651,-1133.44159765683,-1133.66689490317,0.407651049371879,0.00488978002043257,0.0856379571311924,0.177928037199255,0.323893176277241,0.0606999979690704,0.130238672295876,0.0713188288601372,0.00501771788595672,0.407682572992862,0,0.0829966369653126,0.18599460103427,0.323326189007556,0.0863886823636606,0.130035175419485,0.0715259463373256,0.00501384419771769
648,0,-1060.16157770201,-1060.16157694763,0.47031004474582,1.92610824222559e-08,0.0629648130509716,0.271192413073171,0.195532709868955,0.295243267094512,0.12820732469176,0.082373764851012,0.0302938226130122,0.470310053804501,0,0.0629648142637421,0.27119241829663,0.195532713635127,0.295243267094512,0.12820732469176,0.082373764851012,0.0302938226130122
649,2.51245967560499,-1143.30952535133,-1144.56575518913,0.471919372307148,0.0134634445603102,0.0272288180289084,0.159957344188447,0.327431020915187,0.10772258867968,0.15384247065365,0.0398890296138334,0.0339998317579956,0.47519993727383,0,0.025490166384335,0.170887297936591,0.328422598405243,0.145114122061094,0.158007190921614,0.0398865906886561,0.034001200372002
650,0,-1143.15346975546,-1143.15346835342,0.438350702975068,1.58565286996473e-08,0.0518357310051211,0.203173101442046,0.306640448721237,0.0977037370841085,0.145930991723262,0.0595791050124732,0.0326959397893947,0.438351862575783,0,0.0518352936770992,0.203173287801796,0.306639555945322,0.0977037375310007,0.145931633796608,0.0595787140989724,0.0326960360702919
651,1.58015609486029e-07,-1136.49999813215,-1136.49999821116,0.465206020487543,1.00024357556156e-08,0.0326981362521436,0.227658451960598,0.274437381297279,0.190998013951317,0.155353274826071,0.0953395358600034,0.0109243519396358,0.465206025140736,0,0.0326981365792046,0.227658454237737,0.274437384042322,0.190998013951317,0.155353274826071,0.0953395358600034,0.0109243519396358
652,0.483368846791109,-1074.02990951294,-1074.27159393633,0.520123098273677,0.0219942961694508,0.0757080725169616,0.165755781113744,0.216418751926167,0.104441117233946,0.130814609394533,0.118890137994457,0.0178330838874394,0.515262684991486,0,0.0713773177737095,0.192048671021131,0.221311326213673,0.218285639912485,0.1285227148578,0.104847457396695,0.0178294400813668
653,0,-1050.01597156133,-1050.01597153003,0.508557575000944,7.28252758871503e-12,0.0751985349790932,0.192817204275257,0.223426685737423,0.297583347241489,0.113211774201628,0.051405488349853,0.0159260256218159,0.508557521081876,0,0.0751984831804826,0.192817239049201,0.22342675668844,0.297581877648663,0.113211894282697,0.0514056708021162,0.01592605623849
654,5.85981524636736e-07,-1148.3148017919,-1148.31480208489,0.394908660665958,2.0027568826413e-08,0.065470470421925,0.263042794300213,0.276578054584335,0.106500752273193,0.199407040342904,0.0728003276616485,0.0361056820445484,0.394908668575018,0,0.0654704717331393,0.263042799568321,0.276578060123522,0.106500752273193,0.199407040342904,0.0728003276616485,0.0361056820445484
655,1.80430251930375e-05,-1089.554194532,-1089.55420355351,0.530334330131075,3.43473630084188e-08,0.112282126373127,0.137016278598466,0.220367230549969,0.202814056369946,0.177985431509797,0.0773613361980776,0.0283855427451101,0.530334348346661,0,0.112282130229722,0.137016283304615,0.220367238119002,0.202814056369946,0.177985431509797,0.0773613361980776,0.0283855427451101
656,1.3562646927312e-05,-1050.55199195233,-1050.55199873365,0.511991411507935,2.00996176286506e-08,0.0657059992081053,0.187814110210588,0.234488458973753,0.211096153743813,0.11400824015558,0.0446440639575765,0.0108951642763874,0.511991421798767,0,0.0657060005287707,0.18781411398558,0.234488463686882,0.211096153743813,0.11400824015558,0.0446440639575765,0.0108951642763874
657,0.44340871124723,-1079.86269807634,-1080.08440243196,0.444570498852351,0.0117782103434759,0.0358028736241501,0.246753445463958,0.261094971716065,0.18731129867828,0.134067080375268,0.0443852043309713,0.0252520459571948,0.447458705401779,0,0.0347119361478671,0.257053567966887,0.260775790483466,0.213612824548339,0.133947841347606,0.0445493056509482,0.025261796100445
658,0,-1134.74424169476,-1134.74424156232,0.433320803894819,6.18006572794302e-11,0.0240579717602795,0.274040312388742,0.268580911894359,0.208434095722242,0.132748276275844,0.116443653961952,0.0399320416854133,0.43332031781523,0,0.0240579653262735,0.274040536008475,0.268581180850022,0.208434445215828,0.132748329552718,0.116443510733629,0.0399319742876311
659,6.49920002615545e-06,-1153.44908930954,-1153.44909255914,0.405012207449954,1.59746404577688e-08,0.0522213811669453,0.235625770091723,0.307140625316737,0.0852722084090159,0.143684227944366,0.0819930428292035,0.0254603241284036,0.40501212512571,0,0.052221379711083,0.235625858902213,0.307140636260994,0.0852729762901618,0.143683681895558,0.0819944591432019,0.0254602046770287
660,1.75274635694223e-07,-1161.29287986442,-1161.29287995206,0.454648178572616,1.85345975545992e-08,0.0605899213977638,0.191655831954368,0.293106049540655,0.133910241036903,0.127940181546862,0.0871083311138801,0.0578656236942447,0.454648186999337,0,0.0605899225207737,0.191655835506632,0.293106054973257,0.133910241036903,0.127940181546862,0.0871083311138801,0.0578656236942447
661,0,-1131.36052312717,-1131.36052305756,0.445735334415981,1.27617265041717e-08,0.0417183056448751,0.243293934842888,0.269252412334529,0.452200662195248,0.16046778133006,0.0869160292369147,0.00981799354003732,0.445735340104334,0,0.0417183061772727,0.243293937947739,0.269252415770655,0.452200662195248,0.16046778133006,0.0869160292369147,0.00981799354003732
662,1.12285351860919e-05,-1145.00873283044,-1145.00873844471,0.447942305899959,1.3354622984452e-08,0.043656494538989,0.191070119783125,0.317331066423304,0.00740526831936181,0.137145928354734,0.0579507629695188,0.0570009331649127,0.447942311882059,0,0.0436564951220051,0.191070122334795,0.317331070661141,0.00740526831936181,0.137145928354734,0.0579507629695188,0.0570009331649127
663,0,-1110.67538138211,-1110.67537945758,0.49533773357241,1.94524507066844e-08,0.0635903992973086,0.18501781826329,0.256054029414541,0.375071607229181,0.0969844774678489,0.102074140773853,0.016774454555014,0.495337743207943,0,0.0635904005342977,0.18501782186234,0.256054034395419,0.375071607229181,0.0969844774678489,0.102074140773853,0.016774454555014
664,0,-1063.2731066659,-1063.27310453187,0.492165166966323,2.40770728844348e-08,0.0787083695792872,0.201679585194534,0.227446854182783,0,0.146313596014058,0.074216181448562,0.00456054290075725,0.492165179164032,0,0.0787083714185816,0.201679589812297,0.227446859605089,0,0.146313597415457,0.0742161814487673,0.00456052106899738
665,0,-1055.66609781569,-1055.66609781564,0.481713426442314,2.76489067957313e-13,0.121476128917034,0.152631976838869,0.244178467801506,0,0.113900970505769,0.0631100675560657,0.0348473098394231,0.481713431650744,0,0.121476142043176,0.152631962059996,0.244178464246085,0,0.113900962230878,0.0631100693413272,0.0348473092721611
666,0,-1050.21664398134,-1050.21664235404,0.468191191690712,1.82233878093255e-08,0.0595725710655855,0.240215369636809,0.232020849383506,0.0842248314417888,0.122506402297645,0.0369728974195278,0.0277696849039467,0.468191187957195,0,0.0595725729811822,0.240215386073967,0.232020852987656,0.0842248196869183,0.122506314141349,0.0369729355921457,0.0277695438384551
667,2.92766344500706e-08,-1026.64944820983,-1026.64944822447,0.55381362833626,5.47034266238516e-11,0.0410435331269,0.21339544836157,0.191747390120567,0.0723712625125782,0.174428395623386,0.086142281828123,0.0200762966998663,0.553813683485331,0,0.0410434210896291,0.213395502198165,0.191747393226875,0.0723708569853835,0.174428273943292,0.0861423110505101,0.0200762831054577
668,2.26433257921599e-07,-1134.05766103677,-1134.05766114999,0.472952079222548,1.35295126317145e-10,0.0602549588911088,0.192969843979915,0.273823117771133,0.15623919981022,0.152785466390835,0.106885741367052,0.0214180250188619,0.472951252973858,0,0.0602547134264268,0.192970196726139,0.273823836873577,0.156239075332836,0.152785181280887,0.106885611341626,0.0214180230451505
669,0,-1149.61624339652,-1149.61624171333,0.421260854467745,2.55436689748343e-08,0.0835026976354103,0.205003575336753,0.290232847016423,0.289767920051634,0.149336194997282,0.120027380171682,0.0188447592905614,0.421260865228293,0,0.0835026997683756,0.205003580573296,0.290232854430035,0.289767920051634,0.149336194997282,0.120027380171682,0.0188447592905614
670,0,-1082.36977248702,-1082.3697724724,0.480122664592085,7.12535239746029e-10,0.0455933415943387,0.222261292311255,0.252022700789786,0.204833793607298,0.131193506776668,0.054864207491652,0.0229735037887846,0.480122669968354,0,0.0455933397481396,0.222261275138324,0.252022715145183,0.204833798325932,0.131193502636859,0.054864200924055,0.0229735084242939
671,0.227648318561023,-1128.431110767,-1128.54493492628,0.442955406720061,0.00367954036777903,0.0126703854854303,0.212058066721821,0.328636600704909,0.299236573094342,0.0780301100911379,0.0938748007905189,0.0106063657486403,0.444523004358629,0,0.0125236084657674,0.215006809952679,0.327946577222925,0.296778742024327,0.0813548182176127,0.0939660868446962,0.0106103915875514
672,0,-1077.29379395707,-1077.29379322818,0.465451229470966,1.68766345008924e-08,0.0551700113722792,0.199956851276943,0.279421891003177,0.0706555726085979,0.118339671314987,0.0464648634422446,0.0130316179256796,0.465451237326217,0,0.0551700123033633,0.199956854651542,0.279421895718878,0.0706555726085979,0.118339671314987,0.0464648634422446,0.0130316179256796
673,0,-1175.24420875719,-1175.24420761605,0.413346929642493,2.242600627104e-08,0.0733110040951983,0.164229539018758,0.349112504817544,0.158959798185642,0.138021965140755,0.0868768105856004,0.0106390919198517,0.413346938912214,0,0.0733110057392714,0.164229542701771,0.349112512646744,0.158959798185642,0.138021965140755,0.0868768105856004,0.0106390919198517
674,0,-1197.95263569334,-1197.952633216,0.36066660956487,2.51856934871516e-08,0.0823324695472561,0.238031453493234,0.318969442208946,0.182367014820232,0.194609898110054,0.0973414763321877,0.0281442659242446,0.360666618648509,0,0.0823324716208566,0.238031459488222,0.318969450242413,0.182367014820232,0.194609898110054,0.0973414763321877,0.0281442659242446
675,6.79390268487623e-07,-1058.16110472514,-1058.16110506484,0.520511056243884,1.26846479129895e-08,0.0414663343912546,0.208374230976535,0.229648365703679,0.10397689797441,0.132322759454528,0.0802824964216107,0.0305745444515095,0.520511062846383,0,0.0414663349172405,0.208374233619689,0.229648368616688,0.10397689797441,0.132322759454528,0.0802824964216107,0.0305745444515095
676,0,-1077.34665476353,-1077.3466538421,0.497196405458125,1.04562381267768e-08,0.0341816245708109,0.229468503526581,0.239153455988245,0.0888774346460598,0.121643954451412,0.066527491849008,0.0338247674590854,0.497196411972461,0,0.0341816243341946,0.229468508126878,0.239153455566467,0.0888773648221089,0.121643731955667,0.0665276749437829,0.0338244663619435
677,0,-1102.32683979296,-1102.32683792568,0.444040456454718,2.63592149552358e-08,0.0861687316133925,0.212633725596107,0.257157059976567,0.1131660730866,0.159027362133638,0.0724419951897298,0.0191348066031454,0.444040468159277,0,0.0861687338847327,0.212633731200966,0.257157066755025,0.1131660730866,0.159027362133638,0.0724419951897298,0.0191348066031454
678,0,-1073.75400936162,-1073.75400802962,0.498350130229753,1.67097066016189e-08,0.054624321169604,0.227283797312416,0.21974173457852,0.076901144909872,0.150885551750287,0.0879832130133429,0.0141175119897155,0.498350138557038,0,0.0546243220823604,0.227283801110261,0.21974173825034,0.076901144909872,0.150885551750287,0.0879832130133429,0.0141175119897155
679,8.8996844169742e-06,-1086.22429946729,-1086.22430391714,0.470692964323218,2.31784169590719e-08,0.0757706477056081,0.241256124299741,0.212280240493016,0.145484886056054,0.165050914468967,0.0640385001449168,0.0386948585360188,0.470692975233137,0,0.0757706494618518,0.241256129891676,0.212280245413336,0.145484886056054,0.165050914468967,0.0640385001449168,0.0386948585360188
680,0,-1111.23040752782,-1111.23040712317,0.514281159638783,1.5899699372443e-08,0.0519760365435364,0.17524454869606,0.258498239221921,0.0710588399118013,0.154417610262718,0.0679149498242516,0.0365543086537143,0.514281339399708,0,0.0519764698039396,0.175244366276603,0.258497824519749,0.0710577140103263,0.154416899662648,0.0679148133333127,0.0365544624141758
681,0,-1092.01754968743,-1092.01754826408,0.515827764879014,1.33613000760536e-08,0.043678321378442,0.194699828013639,0.245794072367605,0,0.178232598893536,0.0556900339963592,0.0313208833334857,0.515827802803878,0,0.0436783219067137,0.194699820606414,0.245794054682994,0,0.178232580013399,0.0556897840998976,0.0313208894820036
682,6.77092884870945e-06,-1171.81142159115,-1171.81142497661,0.435057877532502,1.86806583745877e-08,0.0610673967557439,0.189510902726318,0.314363804304778,0.125086413551396,0.182206969430601,0.0664198781611161,0.0215442317841494,0.43505788565967,0,0.0610673978965231,0.189510906266506,0.314363810177301,0.125086413551396,0.182206969430601,0.0664198781611161,0.0215442317841494
683,0,-1118.34915640104,-1118.34915574187,0.404547432663411,1.76200443466544e-08,0.0576002310729423,0.292909095679707,0.244943222963895,0.302024865393549,0.196171695807814,0.0796539888800806,0.0299809969083893,0.404547439791555,0,0.0576002320878609,0.292909100840779,0.244943227279805,0.302024865393549,0.196171695807814,0.0796539888800806,0.0299809969083893
684,8.35702849144582e-07,-1107.8520072252,-1107.85200764305,0.49797564874403,7.74485015404034e-09,0.0253180497007512,0.241606952057945,0.235099341752424,0.224996496378997,0.154634559859939,0.0963741619396049,0.0324391310572104,0.497975652600777,0,0.0253180498968357,0.241606953929154,0.235099343573233,0.224996496378997,0.154634559859939,0.0963741619396049,0.0324391310572104
685,0.470528899955298,-1109.8506624397,-1110.08592688968,0.417429618506528,0.00763363889179801,0.0120917550910797,0.287583023354236,0.275261964156358,0.216974851601994,0.124362424346694,0.0902911562762906,0.0189271602758977,0.419796759771824,0,0.0119521708460084,0.293586816119986,0.274664253262181,0.227338007391466,0.128097145346581,0.0904189140612616,0.0189274451944133
686,0,-1067.65597270398,-1067.65597169361,0.443424765726857,2.06157114193908e-08,0.0673931187758602,0.226871397600266,0.262310697281305,0.27956307823188,0.0928793809411406,0.0161296192070456,0.0274191301836248,0.443424774868375,0,0.0673931201652173,0.226871402277381,0.262310702689027,0.27956307823188,0.0928793809411406,0.0161296192070456,0.0274191301836248
687,0,-1128.75827441332,-1128.75827336819,0.426754415952322,1.8236523387752e-08,0.0596155117680553,0.219346755721912,0.294283298321187,0.317283409533986,0.109544960532441,0.0464340258582751,0.0379410279511527,0.426754423734839,0,0.0596155128552349,0.219346759722034,0.294283303687892,0.317283409533986,0.109544960532441,0.0464340258582751,0.0379410279511527
688,2.62548173063669,-1126.54002935487,-1127.85277022019,0.50906697324941,0.0460041251969147,0.0386965444633218,0.158368337724322,0.247864019366031,0.212015342296065,0.116414879999423,0.185869258309759,0.0293100407856802,0.535958122545066,0,0.0364418140993044,0.175007224554065,0.252592838801565,0.25228118659166,0.114244242081804,0.178080536400252,0.0292824705272894
689,0,-1063.15020183826,-1063.15020181311,0.438613881073788,8.70461587835447e-14,0.0594088501711171,0.259145561880969,0.242831706874039,0.0330682292861546,0.1459554366088,0.06048626676921,0.0207665497868707,0.438614560939508,0,0.0594089315913002,0.259145047877685,0.242831459591507,0.0330690570886388,0.145956115835011,0.0604861926894353,0.0207665270206353
690,0,-1191.51329992158,-1191.51329967691,0.408550928635331,1.44758308208507e-08,0.0473217424343282,0.218452547722682,0.325674766731828,0.247962383068184,0.154577447664963,0.0969342648224469,0.0259070332265317,0.408550934549445,0,0.0473217431193497,0.218452550884964,0.325674771446241,0.247962383068184,0.154577447664963,0.0969342648224469,0.0259070332265317
691,2.02481251108111e-05,-1155.33977393046,-1155.33978405452,0.423936697132542,3.09999169362559e-08,0.101339267009813,0.200401586176259,0.27432241868147,0.103552247138492,0.191404612568231,0.115163746158,0.0318442426579931,0.423936710274545,0,0.101339270151322,0.200401592388692,0.274322427185442,0.103552247138492,0.191404612568231,0.115163746158,0.0318442426579931
692,0,-1039.21022295428,-1039.21022292653,0.532271372703697,2.01966559114628e-09,0.0699832598093935,0.171950678497771,0.225794686969473,0.000858118508938107,0.124621409872549,0.0820257272145626,0.0149788898223333,0.532272711154971,0,0.0699821742406766,0.171950641674622,0.225794472929731,0.00085486143871158,0.124621142574967,0.0820257374319501,0.0149789271169756
693,0.949358530638619,-1126.60674582831,-1127.08142509363,0.448275677827491,0.0120346211423925,0.055384221943339,0.230630770876608,0.25367470821017,0.168835947202767,0.187369069579874,0.0964030351780786,0.0194754911455889,0.448035653204763,0,0.0604254521634263,0.241393108152503,0.250145786479308,0.251915071577488,0.187714250191259,0.0974885196791462,0.019497595652091
694,1.66256681950472e-05,-1129.60465826529,-1129.60466657812,0.463032227787818,2.82551042260801e-08,0.092366426576066,0.186192548348682,0.258408769032329,0.214346590059459,0.176712091669176,0.0517905400145183,0.0345801779729578,0.463032240870842,0,0.092366429185889,0.186192553609572,0.258408776333696,0.214346590059459,0.176712091669176,0.0517905400145183,0.0345801779729578
695,0,-1093.20413907296,-1093.20413856581,0.454298645461021,7.17036926891457e-09,0.0234400617071219,0.260321677383192,0.261939608278296,0.2287355863888,0.13326623592939,0.0958384937025514,0.00936530462272678,0.45429864871851,0,0.0234400618751958,0.260321679249794,0.2619396101565,0.2287355863888,0.13326623592939,0.0958384937025514,0.00936530462272678
696,0,-1102.27495700396,-1102.27495497527,0.483951212655436,2.99977369313809e-08,0.0980631238899623,0.18791102149693,0.230074611959935,0.302759098761239,0.173279654880651,0.0560566371839265,0.0235676898602115,0.483951230738475,0,0.0980631258951774,0.187911026701801,0.230074616664547,0.302759101177898,0.173279640376611,0.0560567000092819,0.0235675979419859
697,0,-1169.80574535363,-1169.80574485177,0.385536252384365,9.3022112515153e-09,0.0304090902595959,0.250635532083129,0.333419115970699,0.139427041452481,0.163639046684521,0.0556323744858285,0.0158234674280778,0.385536256696082,0,0.030409090453896,0.25063553398357,0.333419118866452,0.139427041452481,0.16363905335285,0.0556323105073832,0.0158235685314192
698,0,-1059.25111676373,-1059.25111627387,0.490980867923932,1.44373845038024e-08,0.0471960526506322,0.234159054578617,0.227664010409435,0.218751487090455,0.126106475838553,0.0733274906728124,0.024837045222764,0.490980636416692,0,0.0471960715137544,0.23415938687811,0.227663905191444,0.21875225563261,0.126106374430758,0.0733275395510486,0.0248371621027605
699,1.39044633215462,-1140.89196327022,-1141.5871864363,0.436320587656925,0.0095527695902771,0.0713487339528389,0.159435274956888,0.323342633843071,0.0466161075421336,0.117451167726648,0.0341091097961485,0.0308284604556376,0.437811654742611,0,0.0710580416096308,0.163284760688566,0.327845542959193,0.0459182812200626,0.121504717092609,0.0278252954676385,0.0308134696497903
700,0,-1143.59063350922,-1143.59063238499,0.415640695859899,1.22441627361279e-08,0.0400263806957777,0.278058312806977,0.266274598393184,0.100688095004086,0.12125297267038,0.13913131212759,0.0350642376374512,0.415640700949071,0,0.0400263811858673,0.278058316211568,0.266274601653493,0.100688095004086,0.12125297267038,0.13913131212759,0.0350642376374512
701,0,-1113.78878968212,-1113.78878769765,0.420664353552082,2.98348519831221e-08,0.0975310191860423,0.254164024742001,0.227640572685023,0.5,0.162887874581246,0.105887347797774,0.0133519213628002,0.420664273542391,0,0.0975309158765929,0.254164455493533,0.227640355087484,0.5,0.162888025904964,0.105887481380187,0.0133519389153666
702,0,-1171.54149845013,-1171.54149833896,0.482889118530611,8.1203772149742e-10,0.0618522596024116,0.163871611045374,0.291387010009566,0.318044956874076,0.184108885582803,0.0689559241966813,0.0426597663947544,0.482889098003046,0,0.0618517988503714,0.16387205849588,0.291387044650702,0.318044928143555,0.184109189548231,0.068955921231395,0.0426597218997424
703,0,-1153.39059512787,-1153.39059373062,0.431093028330237,2.08238519460326e-08,0.0680738580441317,0.197560196962907,0.303272895838872,0.173911349055781,0.184154220138443,0.0634756537605615,0.0125588495692864,0.431092932531745,0,0.0680738075453705,0.197560649075368,0.303272610847516,0.173912649771119,0.184154774331777,0.0634757735512057,0.0125591358133632
704,0,-1138.22495856817,-1138.22495845223,0.454630265862664,3.35160294854686e-09,0.0109564482644284,0.252327854092184,0.28208542842912,0.23401610991738,0.139093112743922,0.0823797849659694,0.0460363968957089,0.454630267386404,0,0.0109564483011501,0.252327854937887,0.282085429374559,0.23401610991738,0.139093112743922,0.0823797849659694,0.0460363968957089
705,0,-1143.96480405774,-1143.96480325276,0.439621488680648,1.53916686311576e-08,0.0503156344195628,0.204717989254131,0.30534487225399,0.0957460646732502,0.123691842041738,0.0885438750350217,0.0398672637738917,0.439621375689033,0,0.050315635698648,0.20471803284879,0.305344955763529,0.0957460778036457,0.123691555825537,0.0885441452775827,0.0398669160992504
706,0,-1118.04239147832,-1118.0423890245,0.418043136744171,2.53175807605179e-08,0.0827636113350987,0.202901348612004,0.296291877991145,0.0343344657224009,0.124312707293921,0.0362878651315687,0.0327971228694597,0.418043147328012,0,0.0827636134304732,0.202901353748975,0.296291885492539,0.0343344657224009,0.124312707293921,0.0362878651315687,0.0327971228694597
707,0,-1136.68332925291,-1136.68332924233,0.502475552534792,6.89872159476222e-10,0.0541610437123677,0.159807425612282,0.283555977450686,0.3502804416722,0.18466673744754,0.0382776362608462,0.0332616215043057,0.502475534561876,0,0.0541610427632594,0.159807443570367,0.283555979104497,0.350280370227432,0.184666752203512,0.0382776417702429,0.0332616088127865
708,7.21856849850155e-07,-1155.80937348874,-1155.80937384967,0.460379973991874,2.27390634660157e-08,0.0743343935041512,0.172988042972826,0.292297566792086,0.145051211061847,0.227560304960329,0.0518317060530981,0.0280522941648656,0.460379984460484,0,0.0743343951944458,0.172988046906412,0.292297573438659,0.145051211061847,0.227560304960329,0.0518317060530981,0.0280522941648656
709,2.34820391504491,-1156.7359426163,-1157.91004457383,0.418168967337181,0.0199839959546312,0.0534821107437405,0.189306247930978,0.31905867803347,0.0888862991143898,0.159124398340759,0.0579237384931476,0.0157410220856354,0.427641209737201,0,0.0549108488945118,0.200950296008463,0.316497645359824,0.142058428957159,0.163019253814511,0.0581886831145994,0.0157439437120505
710,3.92375568480929e-07,-1116.67715760849,-1116.67715780467,0.507723950750765,2.29083300779693e-08,0.074887728999207,0.173143782435025,0.244244514906673,0.167336243716694,0.172052036381476,0.0629499456161739,0.038258551063284,0.507723962381873,0,0.0748877307147599,0.17314378640146,0.244244520501907,0.167336243716694,0.172052036381476,0.0629499456161739,0.038258551063284
711,3.41249560537563,-1132.55471199155,-1134.26095979424,0.494836471888803,0.0153625909064362,0.047998069956397,0.155057556503786,0.286745310744578,0,0.147938184470003,0.154646670797243,0.00934706927983571,0.490727963281242,0,0.0523262234567772,0.171114095323017,0.285831717938963,0.116791306627693,0.147872986137766,0.151612998813936,0.0093744904220144
712,2.12701504743836,-1170.88984589359,-1171.9533534173,0.348652787652875,0.0156875818798256,0.028546648686009,0.276496744661628,0.330616237119663,0.151945205185643,0.141619005144646,0.0940859195088655,0.0316060317614724,0.355492823825975,0,0.0278150725418318,0.285085430658029,0.331606672974165,0.147159342074578,0.144157915977767,0.0951241702346075,0.0315179354237244
713,6.48606146569364e-09,-1090.74987487105,-1090.74987487429,0.489497270105532,3.98073022072929e-11,0.018814333010238,0.22364584065128,0.268042556193143,0.286689766881151,0.12814978534565,0.0730696702133062,0.0217313546844346,0.489497030886888,0,0.0188142643841438,0.223645962909776,0.268042741819192,0.286688996048854,0.128149806565626,0.07306957396716,0.0217314976676693
714,0,-1140.3330286947,-1140.33302868307,0.432127108855952,2.05051889850583e-09,0.0970068836072014,0.209166715142255,0.261699290344073,0.157809386420706,0.148258812413286,0.147458916740908,0.0294746070917686,0.432126842855003,0,0.0970074692943926,0.209166832054138,0.261698855796466,0.157810401670064,0.148259207084296,0.147459225778515,0.0294746843119829
715,0,-1088.68312845266,-1088.68312656562,0.466383360233708,2.16406647880399e-08,0.070743709143948,0.258044093143076,0.204828815838603,0.123483747757459,0.132761854586986,0.138530834932131,0.025579884260321,0.466383370326555,0,0.070743710674889,0.258044098727322,0.204828820271235,0.123483747757459,0.132761854586986,0.138530834932131,0.025579884260321
716,0,-1109.21404888043,-1109.21404875246,0.475684615915476,5.60002780775748e-10,0.0834861334874929,0.166731414092028,0.274097835945,0.111671514700941,0.159039401979018,0.0907941270195819,0.0108735769525124,0.475684944496859,0,0.0834863058388935,0.166731411038011,0.274097338626236,0.111672377428339,0.159040270298451,0.0907940495182397,0.0108738060091185
717,7.29351086192764e-08,-1075.57335405204,-1075.57335408851,0.495383902860672,9.85922145590428e-10,0.0723004836010894,0.215072387622573,0.217243224929743,0.114795702415098,0.175586339156758,0.0742880160567023,0.0320869411810386,0.495384306082638,0,0.0723005580698051,0.215072352627665,0.217242783219893,0.114795613055299,0.175585879822539,0.0742879917179704,0.0320869964454798
718,1.48182690883732,-1172.92536049426,-1173.66627394868,0.487261920203402,0.0136359115494996,0.0587874001976192,0.120420937673393,0.319893830376086,0.0593354402208156,0.146495939428901,0.0490380297168508,0.0416444232981419,0.486689892609429,0,0.0526530742491715,0.139672378091371,0.320984655050029,0.142894706595176,0.143524476802105,0.0491222709962084,0.0415652628510047
719,0,-1113.35868234656,-1113.35868000975,0.480423613956451,2.4724127590497e-08,0.0808236026125519,0.191131095415398,0.247621663291471,0.182012134298402,0.181583341483894,0.11428965954494,0.0131876218501909,0.480423625834506,0,0.0808236046108451,0.191131100140948,0.247621669413701,0.182012134298402,0.181583341483894,0.11428965954494,0.0131876218501909
720,0.562906647548061,-1123.39068448004,-1123.67213780381,0.477236510255896,0.00578266441854545,0.0518074234940029,0.202135061649022,0.263038340182533,0.0670058803987353,0.191137560232057,0.0603986424876865,0.0209494649025111,0.478026471569644,0,0.0505627711331673,0.20865469421317,0.262756063084019,0.0917228021688212,0.190710678403224,0.0607844713008567,0.0209168238562509
721,7.98701154781202,-1087.13554251906,-1091.12904829296,0.439380761264435,0.0447115283569375,0.045628594160519,0.215605511634072,0.254673604584037,0.311553221053092,0.0722284964292396,0.0576749383152162,0.0469901222136638,0.449828781642377,0,0.0423812219971847,0.248034336225189,0.259755660135249,0.344369604327917,0.0837046745990374,0.0490598695558032,0.046967067796786
722,0,-1179.15366235878,-1179.15366149177,0.459537706518854,1.98697248239363e-08,0.0649544756356881,0.190212985139549,0.285294812836184,0.0465732871934558,0.191042270352578,0.146520658476757,0.0423106944191258,0.459537715649742,0,0.0649544769263157,0.190212988919029,0.285294818504914,0.0465732871934558,0.191042270352578,0.146520658476757,0.0423106944191258
723,2.71401131612947e-06,-1103.05157687785,-1103.05157823485,0.529784835532006,1.12976292348841e-08,0.0369321462365851,0.183425293091733,0.249857713842047,0.0418718808246417,0.153658398465156,0.129268440637483,0.0192131445977941,0.529784841517318,0,0.0369321466538308,0.183425295164004,0.249857716664847,0.0418718808246417,0.153658398465156,0.129268440637483,0.0192131445977941
724,1.97383542399621e-07,-1215.01728969829,-1215.01728979699,0.403412751126631,2.12636189458276e-13,0.0608101566042292,0.193361066591995,0.342416025676932,0.216163111489277,0.158898118281486,0.0973700388211596,0.0481412131572501,0.403412748322432,0,0.0608102875409719,0.193361041602849,0.342415922533747,0.216164265075663,0.158898589016484,0.0973703202614139,0.0481410781781623
725,0,-1120.22741834198,-1120.2274172945,0.485093680712807,8.75018596255178e-09,0.0286044484787112,0.209204393513356,0.27709746854494,0.0443449471685552,0.192300652387664,0.0716559336364898,0.0266318911466467,0.485095252159188,0,0.0286046227816853,0.209203254159729,0.277096870899398,0.0443452890699481,0.192301723537926,0.0716566266633133,0.0266315432926395
726,0,-1164.92623110085,-1164.92623102001,0.431100594812957,8.00923131216515e-09,0.0261823162996155,0.185484476275768,0.357232604602429,0.183167611443132,0.157923139163349,0.0406283177397613,0.0296088949799366,0.431100598265741,0,0.0261823165093157,0.185484477761356,0.357232607463587,0.183167611443132,0.157923139163349,0.0406283177397613,0.0296088949799366
727,0,-1139.56293422777,-1139.5629341572,0.464533828901934,1.08028323384202e-08,0.0353146465861993,0.170129547561475,0.330021966147559,0.148368963501623,0.0911915838679818,0.085327138437817,0.0103244447468807,0.464533833920216,0,0.0353146469676975,0.170129549399356,0.330021969712731,0.148368963501623,0.0911915838679818,0.085327138437817,0.0103244447468807
728,1.12390181412411,-1110.34390949633,-1110.90586040339,0.489783142469203,0.0071502044817105,0.00485204384963925,0.209900212396244,0.288314396803203,0.0568470537828944,0.174813076073858,0.0910989555956764,0,0.490885347690012,0,0.00475966965589096,0.209889714027775,0.294465268626322,0.054272005532992,0.172781895666421,0.0891919441024496,0
729,0,-1066.65916232297,-1066.6591610686,0.51075076702451,1.1485437817679e-08,0.0375460957564409,0.272680627379904,0.179022498353707,0.0734151447276046,0.156990533671684,0.0706994600192085,0.0452176476505208,0.510750772890707,0,0.0375460961876743,0.27268063051176,0.179022500409859,0.0734151447276046,0.156990533671684,0.0706994600192085,0.0452176476505208
730,0,-1107.30992725579,-1107.30992725529,0.496039045387134,1.00111242247995e-12,0.0366257854921235,0.177203270626957,0.290131898492784,0.190642570534952,0.124158678898829,0.0806962917272585,0.0222642919728941,0.49603936132252,0,0.0366256077543051,0.177203301784346,0.290131729138828,0.190643294253254,0.124158410412071,0.0806962842459183,0.022264263620296
731,0.851525340745411,-1017.2733663704,-1017.69912904077,0.553752475096478,0.00693007111034431,0.0917929586635854,0.167359412626398,0.180165082503193,0.0946642348017192,0.105432358857206,0.0986663722828817,0.0338401308605528,0.55681571323323,0,0.0897525267578184,0.175246458395767,0.178185301613184,0.0913710834181057,0.111088286672492,0.0989870695198823,0.0338483477826736
732,0.00299620984060311,-1102.0904398252,-1102.09193793012,0.449094677407183,0.000574092617123544,0.0716904865243276,0.182029937883261,0.296610805568105,0.105083629464368,0.104541679119136,0.0340285065276413,0.0306115643695186,0.449193180591148,0,0.0716267280479652,0.182579587368137,0.29660050399275,0.107556787480119,0.104522114234017,0.0340087553409312,0.0306145552097665
733,6.77695425110869e-07,-1177.59156466181,-1177.59156500065,0.43328665871306,1.44335334940418e-08,0.0471834717381807,0.18342733368074,0.336102521434486,0.0915933813703203,0.150128335369229,0.10750477209236,0.00490905490947227,0.433286664966918,0,0.047183472419205,0.183427336328244,0.336102526285633,0.0915933813703203,0.150128335369229,0.10750477209236,0.00490905490947227
734,1.08680887933588e-06,-1206.51293758258,-1206.51293812598,0.445974467941547,1.59954623537307e-08,0.0522894443150691,0.155870659096824,0.345865412651097,0.172701670161213,0.172913707305229,0.0852365441947381,0.0267822581615216,0.445974475075115,0,0.0522894451514629,0.155870661590048,0.345865418183374,0.172701670161213,0.172913707305229,0.0852365441947381,0.0267822581615216
735,1.73874472467605,-1086.60639324944,-1087.47576561177,0.388856560476068,0.0115522675916361,0.0919245980862673,0.269340168285046,0.238326405560983,0.143029345462268,0.172581532399124,0.0638626232273959,0.0246651764764179,0.394430768502629,0,0.0913870753988827,0.275119669801396,0.239062486297092,0.139572178449874,0.171881684748279,0.0652089327593949,0.0246443353249467
736,0,-1181.00182075615,-1181.00182074911,0.48912053251674,3.38382880773121e-10,0.0468644660892945,0.201404659584113,0.26261034147147,0.5,0.205698742039378,0.101079400123331,0.0380517644322876,0.48912050734018,0,0.0468644742464001,0.201404677931185,0.262610340482236,0.5,0.205698777632997,0.10107939283854,0.0380517550158073
737,1.83897383101521,-1064.69654460676,-1065.61603152227,0.534977128023095,0.0108137130251707,0.0782999693961963,0.182623791374189,0.19328539818135,0.230961707934218,0.168353670049192,0.083324788215287,0.0253811925649062,0.54114306025702,0,0.078092460555404,0.183375712697222,0.197388766490354,0.218518152560793,0.172750317972436,0.0829444688973381,0.0253752316656714
738,4.10337906942004e-06,-1134.75072537502,-1134.75072742671,0.450920115559077,4.45298025227476e-08,0.145568698039615,0.180364354233871,0.223146787637635,0.279309515024409,0.196187980504544,0.0850636478581726,0.0438542839952211,0.450920135638462,0,0.14556870452176,0.18036436226546,0.223146797574318,0.279309515024409,0.196187980504544,0.0850636478581726,0.0438542839952211
739,2.34600747717195e-06,-1163.15356202266,-1163.15356319566,0.459612922945115,1.73447221084282e-08,0.0567001978931529,0.186784219939904,0.296902641877106,0.162260806257572,0.121275074654054,0.105169288836066,0.0389606269766688,0.459612930916974,0,0.0567001988766021,0.186784223179624,0.2969026470268,0.162260806257572,0.121275074654054,0.105169288836066,0.0389606269766688
740,0.738612465280312,-1093.43960477841,-1093.80891101105,0.478781548422806,0.00539211585748936,0.0169778027277459,0.208356559739706,0.290491973252252,0.0816110006245747,0.106116854065178,0.0921728731234997,0.0275005021528303,0.480904907122721,0,0.0167991220016539,0.212876922918022,0.289419047957603,0.0818891187136782,0.112007569469894,0.092410568984237,0.0275150074987848
741,2.13269245496531,-1151.4942283822,-1152.56057460968,0.416323942591644,0.0129447658449558,0.0413266144058035,0.17202089260416,0.357383784553437,0.0041677839672325,0.103803897603744,0.0997670728485009,0.0110324151064824,0.416879945394211,0,0.0440447258475652,0.180144198549632,0.358931130208592,0.0633245315723201,0.101809815217066,0.0958487033789445,0.0109716658971681
742,0,-1152.27138847483,-1152.27138678417,0.450703717707663,2.63009237986236e-08,0.0859781768097658,0.166243750426338,0.297074328755309,0.134755053342873,0.163991368350998,0.076391800182071,0.024057774439517,0.450703729561587,0,0.0859781790710713,0.166243754798703,0.297074336568639,0.134755053342873,0.163991368350998,0.076391800182071,0.024057774439517
743,3.52207280229777e-07,-1197.02339584587,-1197.02339602197,0.392946864329758,8.87895341407382e-09,0.0290254529599779,0.21236962892275,0.36565804490856,0.244668312038931,0.16021484412515,0.0710922817597358,0.0202119263763888,0.392946867818715,0,0.0290254532176936,0.21236963080837,0.365658048155221,0.244668312038931,0.16021484412515,0.0710922817597358,0.0202119263763888
744,0,-1126.92770690282,-1126.92770665041,0.560145793268292,1.05170501914823e-08,0.0343804197831167,0.175330118057666,0.230143658373875,0.166489984544736,0.165270156252044,0.12120962623597,0.0480146991321984,0.560145799159374,0,0.0343804201446973,0.175330119901621,0.230143660794307,0.166489984544736,0.165270156252044,0.12120962623597,0.0480146991321984
745,0,-1113.12685735612,-1113.12685695454,0.469460743045638,8.90927095601169e-09,0.0291245615312634,0.232413939038638,0.269000747475189,0.209278362830328,0.154776505071487,0.0742625601748767,0.0150523832050204,0.469460747228192,0,0.029124561790742,0.232413941109277,0.26900074987179,0.209278362830328,0.154776505071487,0.0742625601748767,0.0150523832050204
746,0,-1112.29175607045,-1112.29175449102,0.511726055085655,1.66378495478131e-08,0.0543894192290169,0.199770008148843,0.234114500898636,0.189177005969843,0.142729014363461,0.162766284189404,0.0245414065751268,0.511726064480386,0,0.0543894201003876,0.19977001134935,0.234114504069877,0.18917700844512,0.142729014363461,0.162766261911907,0.0245412976629209
747,0,-1067.58422008909,-1067.58422008448,0.51946819359622,1.34875487399035e-08,0.0440910311051694,0.188888314013346,0.247552447797717,0.174928228676779,0.154772280821439,0.0524376761468634,0.00489603286924013,0.519468199421128,0,0.0440910317954372,0.188888317118706,0.247552451664729,0.174928234001238,0.154772287783077,0.0524376826913482,0.00489617783859906
748,0,-1059.2628824286,-1059.26288202082,0.510658069898772,6.33600910710487e-09,0.0207125238432673,0.223896964241768,0.244732435680183,0.159572930201284,0.135096160610679,0.0787736349930147,0,0.510658073134307,0,0.0207125239745021,0.223896965660381,0.24473243723081,0.159572930201284,0.135096160610679,0.0787736349930147,0
749,0.556947698772547,-1089.71008808745,-1089.98856193684,0.534029092706281,0.0232524611844177,0.0446556060124862,0.181975962881345,0.21608687721547,0.200615906701847,0.136846947730872,0.119685549860526,0.0325000270176433,0.540235215432032,0,0.0423569626117954,0.198355731891239,0.219052090064934,0.222941324102397,0.138375488350735,0.113382786245241,0.0324664493500281
750,0,-1110.88868287931,-1110.88868246514,0.495482854883778,5.04618006080596e-09,0.0164960502833971,0.264361757304286,0.223659332482359,0.168250083957088,0.186919711654116,0.109616134345896,0.0260277488143901,0.495482857384074,0,0.0164960503666391,0.264361758638303,0.223659333610984,0.168250083957088,0.186919711654116,0.109616134345896,0.0260277488143901
751,0,-1012.80391886666,-1012.80391684131,0.54224034508631,1.72913208293168e-08,0.0565256281840254,0.224915972062013,0.176318037376331,0.156778814831401,0.0868135669900638,0.115770562165218,0.0236925207258729,0.542240354462362,0,0.0565256291614282,0.224915975951107,0.176318040425103,0.156778814831401,0.0868135669900638,0.115770562165218,0.0236925207258729
752,0,-1129.68491137523,-1129.68490925341,0.482902032973154,2.35464035199232e-08,0.0769736021658674,0.153014233063873,0.287110108250701,0.122175313045112,0.116104057048073,0.0844833341086434,0.0325736647125197,0.482902044343761,0,0.076973603978319,0.153014236666808,0.287110115011112,0.122175313045112,0.116104057048073,0.0844833341086434,0.0325736647125197
753,0,-1108.85470976794,-1108.85470839163,0.439476625517362,2.20326194184678e-08,0.0720220590379413,0.245336355043004,0.243164938369073,0.286000293174274,0.160162089629347,0.104135769404769,0.00930813902065192,0.439477632470975,0,0.0720259931572689,0.245333504548618,0.243162869823138,0.285995255107083,0.160161210029247,0.104135922946555,0.00930837728422925
754,0,-1127.21232382998,-1127.21232322897,0.456028539875862,9.14905872016682e-09,0.0299085476433784,0.201747217861026,0.312315685470674,0.123888316225778,0.0838722535821126,0.101854077594462,0.0247873509041584,0.456028654608939,0,0.0299084408753983,0.201747515579024,0.312315388936639,0.123888375856393,0.0838730873955425,0.101853752904057,0.0247874209243321
755,0,-1161.79892796282,-1161.79892790084,0.468982789288484,4.41102857276316e-10,0.0314203507535914,0.186543969970071,0.313052889546751,0.218529722881075,0.166974724131149,0.0613633639469928,0.0334681684076687,0.468982736319671,0,0.031420471697742,0.186543874117966,0.313052917864621,0.218529591605535,0.166974696965293,0.0613634299169159,0.0334681327045817
756,0.0962007743723916,-1105.66913970151,-1105.7172400887,0.398823422096976,0.00246230123634137,0.0628186548167828,0.244278429104816,0.291617192745084,0.0738654151082157,0.118244525712434,0.0250043372541855,0.0271770113382429,0.399402148040896,0,0.0626214152055987,0.246627920144191,0.291348516609314,0.073931716150778,0.120227273537187,0.0249624281931628,0.0271789649237308
757,0,-1093.96741860067,-1093.96741707165,0.445797826209326,1.7498109540591e-08,0.0572016215644058,0.247241381231457,0.249759153496702,0.237441167418724,0.103215403613661,0.091883193563693,0.0301630574338048,0.445797860209332,0,0.0572016253086244,0.247241340825957,0.249759173656087,0.237441320006615,0.103213908252333,0.091882949423068,0.0301625081173986
758,0,-1134.53272136413,-1134.53271983874,0.454544450540699,2.09019478708726e-08,0.0683288307083887,0.198101589427784,0.279025108421181,0.266353801584676,0.151532312286389,0.0950968261747112,0.0208522766384925,0.454544460041563,0,0.0683288321365944,0.198101593568493,0.279025114253349,0.266353801584676,0.151532312286389,0.0950968261747112,0.0208522766384925
759,7.03237648611866,-1116.15107415475,-1119.66726239781,0.391124819855698,0.0213120159608144,0.0588464289623105,0.242066747362609,0.286649987858568,0.0537961189576342,0.149955436852733,0.0473867128834158,0.0203722893308919,0.398055457037864,0,0.0569804868226308,0.259373125246061,0.285590930893444,0.0522768386630558,0.160357408583348,0.0551888343344911,0.020416925154916
760,0,-1087.17863270109,-1087.17863119376,0.509160161043924,2.59174589376481e-08,0.0847246235175042,0.17703399511435,0.229081194406763,0.130805138006163,0.195422567980931,0.0630577748616896,0.0180548173643985,0.509160174240062,0,0.0847246257133512,0.177033999702622,0.229081200343965,0.130805138006163,0.195422567980931,0.0630577748616896,0.0180548173643985
761,0,-1120.10002701851,-1120.10002532244,0.433429888928467,1.80162042941986e-08,0.0588952848237417,0.214608983191217,0.29306582504037,0.0746494840117262,0.0824928506673642,0.0815364116278279,0.0302814882003794,0.433429896737229,0,0.0588952858848112,0.214608987057656,0.293065830320304,0.0746494840117262,0.0824928506673642,0.0815364116278279,0.0302814882003794
762,1.9173441170733,-1165.92864471948,-1166.88731677802,0.418074851051856,0.0131941485825691,0.0632582901798525,0.217404558303401,0.288068151882321,0.5,0.167210990719235,0.109877831520539,0.0148651402587712,0.425093808506569,0,0.0620211103764543,0.222983333079746,0.289901748037231,0.5,0.172917307476269,0.109563072523483,0.0148690509046987
763,0,-1097.05544903979,-1097.05544862784,0.568831740424571,4.99657644483146e-09,0.016333895201039,0.178483562857698,0.236350796520116,0.0867499182212567,0.148781501288502,0.101181331955716,0.0434766745184854,0.568831743266782,0,0.0163338952826525,0.178483563749504,0.236350797701061,0.0867499182212567,0.148781501288502,0.101181331955716,0.0434766745184854
764,0,-1091.33924114655,-1091.33923986057,0.46736924942295,1.0056436634259e-08,0.0328746660625578,0.236736207853668,0.263019866604388,0.0259988558172627,0.133081961320362,0.100940026389547,0.0223388682981454,0.46736925412302,0,0.0328746663931598,0.23673621023439,0.26301986924943,0.0259988558172627,0.133081961320362,0.100940026389547,0.0223388682981454
765,0,-1157.48819618113,-1157.48819391599,0.44908027497371,2.75065537990869e-08,0.089919402226054,0.15029504489656,0.310705250397123,0.389831650354361,0.121500802239579,0.0357758676448382,0.0385310403823745,0.449080287326361,0,0.0899194046994269,0.150295049030658,0.310705258943554,0.389831650354361,0.121500802239579,0.0357758676448382,0.0385310403823745
766,0.602643843111309,-1160.54962832084,-1160.8509502424,0.425595018265921,0.0139753759006096,0.0788974888973572,0.162894275157631,0.318637841778482,0.154292333940924,0.119461391371332,0.161644202369261,0.0271418791496726,0.434628274671585,0,0.0782451397659075,0.170955169255668,0.31617141630684,0.169224662465448,0.119224533712299,0.165674307823431,0.0272547310798433
767,2.37527674395051,-1118.01350664368,-1119.20114501566,0.475528703743854,0.013052967070633,0.0462861631195903,0.178454185438677,0.286677980627246,0.0625390336731842,0.167539976151616,0.0747531350049998,0.019130157442351,0.481577264269936,0,0.0466962486355283,0.185276222814833,0.286450264279703,0.0880825612755584,0.169728824100273,0.0748333170258627,0.0191621043958498
768,3.34327069140272e-07,-1161.40223625906,-1161.40223642622,0.425635667246842,1.91606551746306e-14,0.018370763186141,0.228537578038443,0.327455991528555,0.400037450774027,0.0924456814639641,0.118768082447105,0.0217420022349896,0.42563434148836,0,0.0183704492659335,0.228540677744854,0.327454531500852,0.400060614719379,0.0924454426354266,0.118768601533394,0.021742074768486
769,7.99508643467561e-06,-1147.80817527121,-1147.80817926876,0.463520576721262,1.84412756581964e-08,0.0602848504971911,0.157058228495748,0.319136325844523,0.125574073295173,0.192726153493047,0.0291565390572458,0.019265298447751,0.463520585269173,0,0.0602848516089206,0.157058231392102,0.319136331729804,0.125574073295173,0.192726153493047,0.0291565390572458,0.019265298447751
770,1.90951595868682e-07,-1156.81987388391,-1156.81987397939,0.481276310822721,2.7370198890073e-11,0.0485393853485052,0.184399887147152,0.285784416654251,0.177543510488928,0.16065415228069,0.105431371672009,0.0278422213701371,0.481275793497778,0,0.0485393395240339,0.184400246087871,0.285784620890317,0.177544226697398,0.160653910344532,0.105431169892838,0.0278421860090593
771,0,-1109.58752144107,-1109.58752142226,0.435921162941575,7.30042292507892e-10,0.0947406151637009,0.175625574483838,0.293712646680843,0.156063548247574,0.108572824518896,0.0514126748694689,0.0221889090724307,0.435921175421684,0,0.0947406095334429,0.175625564549571,0.293712650495302,0.15606354120179,0.108572827309899,0.0514126746015406,0.0221889098262283
772,3.41247869073413e-07,-1090.72358678268,-1090.7235869533,0.439050736129804,9.62054884224338e-09,0.0314497411833573,0.242835521901456,0.286663991164834,0.252021189343895,0.105875456444271,0.0848344619743088,0.0128320091074013,0.439050737510758,0,0.0314497415410679,0.242835524701073,0.286663996247102,0.252020998338187,0.105875353295132,0.0848343277513202,0.0128320414129172
773,8.88430804479867e-07,-1159.13268852446,-1159.13268896867,0.455446967660906,6.42434330307909e-09,0.0210012898644904,0.239033480097493,0.284518255952768,0.108250275190849,0.233609710648815,0.0783213015192908,0.0231273287428973,0.455446970795459,0,0.0210012899754988,0.239033481772371,0.284518257456671,0.108250278633029,0.233609714090995,0.0783213238934625,0.0231274388926656
774,0.356287963886643,-1121.74743484467,-1121.92557882661,0.404884247897637,0.00468037690499515,0.0884305491472438,0.191911778611311,0.310093047438813,0.0885204718807948,0.0940278772857343,0.081545532251123,0.0135404455551089,0.405920241764425,0,0.0890380422139613,0.195323078178262,0.309718637843352,0.107158718103002,0.0939070817471794,0.0816816819658596,0.0135423840495988
775,0,-1179.72316405611,-1179.72316394551,0.461194859726039,2.3898213554524e-09,0.00781236752807875,0.20813473910166,0.3228580312544,0.0735084473163189,0.175131476032803,0.0971775522618911,0.0272432025987269,0.461194860828212,0,0.00781236754674891,0.208134739599065,0.322858032025974,0.0735084473163189,0.175131476032803,0.0971775522618911,0.0272432025987269
776,4.99710009892397,-1068.24208943563,-1070.74063948509,0.452466733088462,0.0291340941312149,0.0698465515406879,0.204410559435986,0.244142061803649,0.152602079965874,0.102851672937765,0.0779380550780104,0.00983577861320296,0.460121796958444,0,0.0694459822075728,0.221437663741447,0.248994557092537,0.160880587493656,0.102591025618248,0.0759244507204175,0.00982170614634168
777,7.1414888225263e-07,-1156.16396842002,-1156.16396877709,0.463512428557585,2.0622899130906e-08,0.0674166155296717,0.177081181636174,0.29198975365367,0.115325466601393,0.172136288214742,0.0883890486469766,0.0281684861263008,0.463512438116555,0,0.0674166169199978,0.177081185288102,0.291989759675345,0.115325466601393,0.172136288214742,0.0883890486469766,0.0281684861263008
778,0,-1118.92854210894,-1118.92854073305,0.492846119988016,1.56274390371329e-08,0.0510863696996364,0.147820446559519,0.30824704812539,0,0.123754587558545,0.0610174545924709,0.0141778571165495,0.492846127689939,0,0.0510863704979855,0.147820448869574,0.308247052942502,0,0.123754587558545,0.0610174545924709,0.0141778571165495
779,0,-1153.6047697575,-1153.6047675845,0.424240022931714,2.44116347025193e-08,0.0798020579329786,0.241885131464452,0.254072763259221,0.418638706236965,0.136165113583878,0.0958426366961078,0.0582267242867093,0.424240033288107,0,0.0798020598810774,0.241885137369263,0.254072769461552,0.418638706236965,0.136165113583878,0.0958426366961078,0.0582267242867093
780,0,-1118.79228295377,-1118.79228200876,0.468774635876069,1.83677540595065e-08,0.0600445071138218,0.219720048388614,0.25146079025374,0.158135314900213,0.121297325828805,0.107402885598689,0.058849385804617,0.468774644486407,0,0.0600445082167045,0.219720052424378,0.25146079487251,0.158135314900213,0.121297325828805,0.107402885598689,0.058849385804617
781,4.69165934191551e-06,-1102.67328202884,-1102.67328437467,0.459734423015804,1.31844759551411e-08,0.0431002794867558,0.21690190028208,0.280263384030884,0.26538386224915,0.114909008676353,0.070881806384769,0.0100745228417043,0.45973441618969,0,0.0431002819193238,0.216901905467896,0.28026339642309,0.265383744366849,0.114909590544791,0.070881160454291,0.0100745153972416
782,1.27654402604094e-07,-1133.1620145196,-1133.16201458343,0.362699206468705,1.21472424976366e-08,0.0397095467524057,0.268431508425962,0.329159726205685,0.266469456195851,0.156475234866897,0.0310131851701122,0.0039357187645823,0.3626992108745,0,0.0397095472347672,0.268431511686665,0.329159730204068,0.266469456195851,0.156475234866897,0.0310131851701122,0.0039357187645823
783,1.0509850279027,-1123.70215266594,-1124.2276451799,0.422652453175222,0.0105062659475184,0.106381887926126,0.235868388674696,0.224591004276438,0.165437419913401,0.166823003951334,0.157972999903926,0.0250680980958406,0.426577843071064,0,0.105231072207112,0.240273088077117,0.227917996644707,0.159323749178208,0.169215109825301,0.157421179068595,0.0250605408520512
784,0,-1153.44636467689,-1153.4463626818,0.427271943759856,1.73320026722573e-08,0.0566586178353422,0.201928749165855,0.314140671906945,0.0954739465196029,0.139758023102734,0.0851667932538108,0.0326164442459707,0.427271951165334,0,0.0566586188173495,0.201928752665685,0.314140677351632,0.0954739465196029,0.139758023102734,0.0851667932538108,0.0326164442459707
785,3.92284144726,-1105.95847875511,-1107.91989947874,0.477711747635473,0.00758458712033945,0.0452249585819554,0.176330106736593,0.293148599925639,0.231830260141715,0.0951883941809225,0.0570443449500157,0.0253786177618296,0.481997581593484,0,0.0428084589323611,0.18244472418012,0.292749235294035,0.228853581317252,0.0951390574950717,0.065357794905062,0.0253737829815195
786,1.55745055963052e-07,-1132.1440657764,-1132.14406585427,0.495483585541619,2.53873416486056e-08,0.0829916608901762,0.164413919579813,0.25711080860105,0.273278141678261,0.153704367464571,0.0831769633335835,0.0334816321826045,0.495483598120631,0,0.0829916629971139,0.164413923753845,0.25711081512841,0.273278141678261,0.153704367464571,0.0831769633335835,0.0334816321826045
787,0,-1143.06448893916,-1143.06448725886,0.439437203674345,3.10712538899549e-08,0.101575209504606,0.187834431831265,0.27115312391853,0.232131343397288,0.153136589198136,0.089330343675455,0.0115882717522951,0.439437373182948,0,0.101575796708777,0.187835040694903,0.271151789413371,0.232134168944115,0.153138098870848,0.0893310217208669,0.0115883325954942
788,2.57985675489181e-06,-1125.51191314464,-1125.51191443456,0.482635803141661,1.02240922521679e-08,0.0334227351900945,0.21695825015782,0.266983201286332,0.146496431709348,0.187405338169538,0.0637051336878342,0.0348345596818833,0.482635808076174,0,0.0334227355318116,0.216958252376022,0.266983204015993,0.146496431709348,0.187405338169538,0.0637051336878342,0.0348345596818833
789,0,-1127.57613021997,-1127.57613012018,0.42442197298193,7.63580571214038e-10,0.0709639128040337,0.219672104554527,0.284942008895928,0.349408296700889,0.144306224420086,0.0343693065563318,0.0234916025324065,0.424422161718169,0,0.0709640106374543,0.219671771313163,0.284942056331214,0.349407562938773,0.14430592126945,0.0343691330702236,0.023491580908107
790,3.83864471587003e-06,-1098.03624516242,-1098.03624708174,0.499348881910954,1.69024841128504e-08,0.0552545142028419,0.228593836486613,0.216802750497106,0.182409919363481,0.208350251302885,0.0628155560166253,0.0350053946191338,0.499348890351191,0,0.0552545151367804,0.228593840350417,0.216802754161611,0.182409919363481,0.208350251302885,0.0628155560166253,0.0350053946191338
791,2.28046701522544e-08,-1087.7706231015,-1087.7706231129,0.533586782114745,1.68935867520134e-08,0.0552254285756964,0.18549637780078,0.225691394615192,0.185431348749582,0.109593962733506,0.130951364534117,0.0350065688518685,0.53358679112894,0,0.055225429508652,0.185496380934479,0.225691398427929,0.185431348749582,0.109593962733506,0.130951364534117,0.0350065688518685
792,0,-1195.85852992753,-1195.85852942012,0.422777738663462,1.25088667476992e-08,0.0408917027081673,0.215986819357404,0.320343726762101,0.271369834649366,0.165016589483346,0.0693156118807745,0.0488407026285284,0.422777743951932,0,0.0408917032196762,0.215986822059154,0.320343730769238,0.271369834649366,0.165016589483346,0.0693156118807745,0.0488407026285284
793,0,-1080.36041130353,-1080.36041017668,0.470597259064302,1.42264292414327e-08,0.0465064443384887,0.202683321800428,0.280212960570351,0.297599940694914,0.105800676007547,0.0646986783385154,0.00409726545092827,0.470597265759221,0,0.0465064450001093,0.202683324683888,0.280212964556781,0.297599940694914,0.105800676007547,0.0646986783385154,0.00409726545092827
794,4.80940592711249,-1057.85222480145,-1060.256927765,0.43791015033403,0.0165032921978356,0.047515576075114,0.304679033084698,0.193391948308323,0.377235243176707,0.133987841840334,0.108664582664997,0.0129884125439842,0.445617289646666,0,0.0470731707444837,0.311784834348848,0.195524705260003,0.373554810880827,0.133445176593902,0.113954826642518,0.0129837622505384
795,1.66381842219016,-1153.80568156065,-1154.63759077174,0.42329350781216,0.0102800802721396,0.0837774619795365,0.187759114934014,0.29488983500215,0.0207084935130969,0.158782753811887,0.128589463905788,0.0104316707530208,0.421321938159146,0,0.0829382267282978,0.203576773034235,0.292163062078321,0.0798078778456936,0.159168779529697,0.129408306349951,0.0104761280142774
796,0,-1102.84124685849,-1102.84124591271,0.473490271438427,1.37440692367231e-08,0.0449305279219439,0.230481421126734,0.251097765768826,0.0312703491062405,0.136232949104043,0.0772523804612261,0.0579015527228057,0.473490228423845,0,0.0449295472030515,0.230481839569917,0.251098384803186,0.0312684967586761,0.136232317036377,0.0772524388577136,0.0579016017290851
797,3.73978718926082e-06,-1147.58376187938,-1147.58376374927,0.446992858244863,1.29125424253043e-08,0.0422113255111029,0.201406704630722,0.30938909870077,0.108148170573854,0.127890129789008,0.0529523243144999,0.0236126983301033,0.446992864016677,0,0.0422113260561585,0.201406707231395,0.30938910269577,0.108148170573854,0.127890129789008,0.0529523243144999,0.0236126983301033
798,2.04997791115602e-05,-1128.24078116534,-1128.24079141523,0.47162736520359,1.90795161200236e-08,0.062371269654719,0.186444547900301,0.279556798161873,0.0853303900417993,0.137756163774869,0.0702151463553147,0.0282920868689353,0.471627374202013,0,0.0623712708447327,0.186444551457573,0.279556803495682,0.0853303900417993,0.137756163774869,0.0702151463553147,0.0282920868689353
799,0.0330181692647784,-1135.71729491883,-1135.73380400347,0.46434111649897,0.00233435480530397,0.0246379186243782,0.242103464138113,0.266583145933235,0.448033673197906,0.151817710979205,0.0740480450701101,0.032128719779146,0.465038360279863,0,0.0244934419593382,0.243631685063564,0.266836512697234,0.446923422606949,0.152616121896784,0.0740992363219124,0.0321073614848277
800,6.53066854283679e-06,-1131.41803329664,-1131.41803656197,0.482459497608491,2.27565562339447e-09,0.0679108285525796,0.156648270840758,0.292981400722516,0,0.15147706468124,0.042603625756509,0.045907189708133,0.482459456828513,0,0.0679118605594557,0.156647663262636,0.292981019349395,0,0.151476734619467,0.042603661442266,0.0459067120941612
801,1.4161105355015e-07,-1199.42321337679,-1199.42321344759,0.400083503833515,2.0205523664508e-12,0.0180153082276359,0.215887928147792,0.366013259789036,0.231495466596341,0.145973577881588,0.124105940178223,0.0102540667574048,0.400083880533504,0,0.0180147285679319,0.215888368998508,0.366013021900056,0.231493630297908,0.145973836215093,0.124103608672461,0.0102541420395774
802,0,-1171.33745743373,-1171.33745669306,0.431093946806777,1.34729080575399e-08,0.0440431658786637,0.253418723599139,0.271444150242513,0.381093190972774,0.176255078128257,0.0855837527299963,0.0457728031674759,0.431093973629341,0,0.0440431715297955,0.25341867877777,0.271444176063093,0.381093450372188,0.176255200198569,0.0855841189409338,0.0457723911801712
803,0,-1100.67019062133,-1100.67019026474,0.410661233335562,2.0517195527035e-08,0.0670710549256473,0.270355381321739,0.251912309899856,0.129691395408446,0.142007120632897,0.120143926917835,0.017486682365915,0.410661173770968,0,0.0670710758052765,0.270355688314732,0.251912062109024,0.129693492665,0.142007989456091,0.120143922435099,0.0174868414970869
804,4.17579289968444,-1165.26579588794,-1167.35369233778,0.349883242885353,0.0120556440858113,0.0500311929061903,0.257670756844295,0.33035916327835,0.00536454016679705,0.185085064352706,0.0800692207077416,0.0384110793380811,0.358337511298114,0,0.0492815674727189,0.264006906685273,0.328374014543894,0.00640976784505349,0.189072604845583,0.0892632978392602,0.0384121273919675
805,1.18794191703455,-1122.35669708407,-1122.95066804259,0.414328743798698,0.0100257490394175,0.0660054478586914,0.259692160458826,0.249947898844368,0.178525460373752,0.126462690954263,0.0888188223149327,0.0429909139210796,0.418149276029607,0,0.0650771642554813,0.262078214299682,0.254695345415229,0.175325161822018,0.126206024157333,0.0857749097294325,0.0427705113796697
806,0,-1164.416845327,-1164.41684388996,0.454376128146725,1.38745232310123e-08,0.0453560574769471,0.174563762502878,0.325704037998926,0,0.181731012639217,0.0461909332665422,0.0293564271354687,0.454376134450977,0,0.0453560581062408,0.174563764924867,0.325704042517915,0,0.181731012639217,0.0461909332665422,0.0293564271354687
807,0.06048398900748,-1074.52990507088,-1074.56014706539,0.47373742204886,0.00269393988683728,0.0867530130214082,0.233880154366915,0.20293547067598,0.154398983216436,0.162480476154636,0.0508923476714409,0.0515187670202001,0.475089310083955,0,0.086442318704839,0.235198677915125,0.20326969329608,0.152346334813191,0.163892386384086,0.0509394013863678,0.0515072399188948
808,0,-1061.88097737058,-1061.88097558272,0.532776706067606,3.02011701201233e-08,0.0987281485937579,0.197917155839751,0.170577959297715,0.17766008451704,0.184122113420512,0.0627963096264301,0.0298353652395256,0.532776705505429,0,0.0987281543885545,0.197917176145472,0.170577963960545,0.177660050022143,0.184122254536003,0.0627964695573201,0.029835039105946
809,8.84751443663845e-06,-1086.63349689334,-1086.6335013171,0.476580640381848,2.2138543986387e-08,0.0723712848927371,0.178536495440953,0.272511557145918,0.05520872575077,0.104571027103818,0.0961544128473528,0.00845286504104494,0.476580650932649,0,0.072371286494932,0.178536499393491,0.272511563178927,0.05520872575077,0.104571027103818,0.0961544128473528,0.00845286504104494
810,0,-1125.4571034752,-1125.45710284662,0.451056860976158,8.4657070682079e-09,0.0276745434762316,0.264866635802742,0.256401951279162,0.236210963956947,0.143132892023735,0.0900140578119774,0.0276759421866424,0.451056864794674,0,0.0276745437105162,0.264866638045025,0.256401953449785,0.236210963956947,0.143132892023735,0.0900140578119774,0.0276759421866424
811,0,-1102.02723160609,-1102.02723081995,0.501152854712903,1.184892006335e-08,0.0387343255321246,0.193134405573017,0.266978402333035,0.092152432444191,0.149700936996206,0.0711883605638691,0.0263734332280923,0.501152860651023,0,0.0387343259910845,0.193134407861451,0.266978405496441,0.092152432444191,0.149700936996206,0.0711883605638691,0.0263734332280923
812,1.72590360436789,-1146.96976835036,-1147.83272015254,0.391439758324822,0.0148941596763789,0.0529573280480327,0.264156561756093,0.276552192194673,0.208488204793909,0.184533408363649,0.0661707331710899,0.0321317097834034,0.395270338551738,0,0.0520521884058266,0.27737992797683,0.275297545065605,0.248633137105806,0.190449483215582,0.0663574598889615,0.0322103127028547
813,4.61091561206831,-1108.11269133044,-1110.41814913647,0.454727907775423,0.0265249777690044,0.0748470895571109,0.208910786207671,0.234989238690791,0.139895637298374,0.203875864560908,0.0780879871357142,0.0370988661655815,0.473030836165527,0,0.0728463398428931,0.216350011897261,0.237772812094319,0.097205571762278,0.217075223497026,0.0774922836385155,0.0370947427605258
814,0,-1126.75694551371,-1126.7569452297,0.499692262484202,5.57018026561972e-09,0.0182090160561122,0.226563887245788,0.255534828643717,0.473196130360911,0.142261992957016,0.0850183122934869,0.0317347756536545,0.499692265267578,0,0.0182090161575397,0.22656388850779,0.255534830067092,0.473196130360911,0.142261992957016,0.0850183122934869,0.0317347756536545
815,2.94364326691721e-07,-1092.64569752999,-1092.64569767717,0.545445015633642,1.71612345670587e-08,0.0560991592029725,0.114194732423318,0.284261075578833,0.128366125189188,0.128577762062001,0.0666613260136984,0.0054746839558575,0.545443997816447,0,0.056100534894864,0.114193599360465,0.284261867928224,0.128368266407378,0.128575699072364,0.0666594406980209,0.00547418639725425
816,8.06739990366623e-08,-1115.37424987376,-1115.37424991409,0.546116663986475,1.18770361348273e-10,0.0886492476896123,0.102102318075491,0.263131770129651,0,0.185503212030146,0.0718419261452441,0.0300757288424716,0.546116766814378,0,0.0886494394611315,0.102101913308685,0.263131880415806,0,0.185503217810956,0.07184198066625,0.0300757334862558
817,0.369876544695671,-1105.66095402261,-1105.84589229496,0.499962489627655,0.00788861326740247,0.0387280820869152,0.20309252556072,0.250328289457308,0.292809173940161,0.157019732766508,0.0430952633201417,0.0282296228617604,0.503828200718311,0,0.0391927194813117,0.206488360927116,0.250490718873261,0.294250111337815,0.160149666642062,0.043114105318095,0.0282407273798843
818,0,-1120.492560897,-1120.492560128,0.497346273548783,8.01841962639866e-09,0.0262123530584686,0.171535273043281,0.304906092331048,0.0619872053909904,0.147847009811833,0.0575195858370884,0.0203751015665034,0.497346277536714,0,0.0262123532686502,0.171535274418723,0.304906094775913,0.0619872053909904,0.147847009811833,0.0575195858370884,0.0203751015665034
819,0,-1065.90176346805,-1065.90176134114,0.457131134873773,2.7245015023988e-08,0.0890644274266802,0.205046396679499,0.248758013775033,0.078360281733274,0.115419979960844,0.0456114935733911,0.0183838460299845,0.457131147328318,0,0.089064429853242,0.205046402265991,0.248758020552449,0.078360281733274,0.115419979960844,0.0456114935733911,0.0183838460299845
820,0,-1148.70782677375,-1148.7078256238,0.40832477956837,3.11622437824947e-08,0.101869916290186,0.20408969784819,0.28571557513101,0.200879651837705,0.172401402490855,0.094175284365186,0,0.408324792292686,0,0.101869919464681,0.204089704208083,0.285715584034549,0.200879651837705,0.172401402490855,0.094175284365186,0
821,1.20399818115402e-07,-1125.88781693065,-1125.88781699085,0.514172139242459,4.21995843819483e-09,0.0137951174455692,0.214090392855433,0.257942346236581,0.21060697387536,0.155439247571825,0.105861946805769,0.0302542023260602,0.514172141412244,0,0.013795117503784,0.214090393758886,0.257942347325087,0.21060697387536,0.155439247571825,0.105861946805769,0.0302542023260602
822,1.38508357849787e-06,-1142.35869951332,-1142.35870020586,0.49305430111674,1.76410720022269e-08,0.0576684749099164,0.212710531524399,0.236566674807873,0.193525456356159,0.255052201110176,0.101690175394416,0.0136874054777609,0.493054624583552,0,0.0576689146778225,0.212710687253667,0.236565773484959,0.193523784195177,0.255051932499789,0.101689507004097,0.0136875580246175
823,0,-1149.85390127891,-1149.85390056389,0.443777605059479,1.22941926781803e-08,0.0401899294454908,0.251286072431107,0.264746380769731,0.327102817459795,0.178024286454166,0.0742994553034046,0.0347768025852371,0.443777610515366,0,0.0401899299395936,0.251286075520466,0.264746384024574,0.327102817459795,0.178024286454166,0.0742994553034046,0.0347768025852371
824,0,-1047.07259305523,-1047.07259145235,0.447011625900477,2.9262521748563e-08,0.0956596919583951,0.278695077533658,0.178633575344948,0.314780518536108,0.16760150998899,0.0502418836003555,0.0334356803960206,0.447011638981165,0,0.0956596947576391,0.278695085688979,0.178633580572217,0.314780518536108,0.16760150998899,0.0502418836003555,0.0334356803960206
825,0,-1094.90606678068,-1094.90606455366,0.421853526748857,2.59975230241603e-08,0.084986354407224,0.223594739044407,0.269565353801989,0.105196318730379,0.126622276755794,0.0874344715771487,0.00979943928126479,0.421853537716004,0,0.0849863566166587,0.223594744857317,0.26956536081002,0.105196318730379,0.126622276755794,0.0874344715771487,0.00979943928126479
826,0,-1136.74848648434,-1136.74848455633,0.42178263123501,1.82893614255137e-08,0.0597886488442741,0.250676964863186,0.267751736768169,0.125140444704266,0.190571416242446,0.103937990510266,0.0163941561253955,0.421782505252056,0,0.059788235797811,0.25067690111064,0.267752357839492,0.125140158092417,0.190571225824547,0.103937700244085,0.0163939805103283
827,0.301956158959456,-1126.65501611258,-1126.80599419206,0.426463142253393,0.0155218261943204,0.0688792134113255,0.226759057266672,0.262376760874289,0.0698396394425868,0.15330594191457,0.0932133818380389,0.0152333365474124,0.430657142541768,0,0.0702582700056295,0.23997827754628,0.259106309906322,0.11086895881383,0.156305800149114,0.0897278041157899,0.0152369034936892
828,0,-1109.87246448447,-1109.87246335416,0.424801508306787,2.24101293166947e-08,0.0732591020556216,0.197502675267275,0.304436691960186,0.141786613714727,0.1322647958992,0.0447844697131974,0.00489404567064594,0.424801517826644,0,0.0732591036973676,0.197502679693336,0.304436698782652,0.141786613714727,0.1322647958992,0.0447844697131974,0.00489404567064594
829,0,-1178.21216445405,-1178.21216204126,0.380734071380863,3.07780342856696e-08,0.100613928770396,0.195241143283165,0.323410825787541,0.141648181743915,0.145582488331542,0.0939132505170071,0.0353044471026646,0.38073408309911,0,0.100613931867095,0.195241149292304,0.323410835741491,0.141648181743915,0.145582488331542,0.0939132505170071,0.0353044471026646
830,9.33185078793031e-05,-1154.49089179296,-1154.49093845222,0.414718148646315,3.53463268822514e-07,0.0580712399978487,0.219973772446585,0.307236485445983,0.273814487896912,0.114374817315636,0.0720658171388724,0.0410802312777341,0.414721275692451,0,0.0580505747830765,0.219990156890545,0.307237992633928,0.273812164682825,0.114371585880672,0.0720842189295602,0.0410800366419269
831,0.0350660321264513,-1049.22004603458,-1049.23757905064,0.477244358042353,0.00255712774321989,0.0648261158067356,0.222468087525605,0.232904310882087,0.199599080964482,0.103219506989835,0.0250033039888242,0.0313978564408287,0.478202880100422,0,0.0647697682317686,0.22411411849102,0.232913233176789,0.204685375653647,0.103171175433693,0.0249266093427979,0.0313990975370459
832,0,-1116.60514625341,-1116.60514509537,0.497382789189984,2.05445939842987e-08,0.0671606346450584,0.163714428338715,0.271742127281649,0.359665274959038,0.15502895338802,0.112321959335351,0,0.497382799408511,0,0.0671606360248464,0.163714431702162,0.271742132864481,0.359665274959038,0.15502895338802,0.112321959335351,0
833,0,-1087.03532474063,-1087.0353240125,0.440073690639862,8.44809823628767e-09,0.0276169798987754,0.288531211806868,0.243778109206396,0.0539804857496869,0.171110849639808,0.0657243792307217,0.0306438691125408,0.440073694357647,0,0.0276169801320863,0.288531214244408,0.243778111265858,0.0539804857496869,0.171110849639808,0.0657243792307217,0.0306438691125408
834,0,-1159.72457620232,-1159.72457541543,0.458163786611752,1.91797609263738e-08,0.0626989716681778,0.194868720509571,0.284268502030738,0.0905116390629743,0.171413023858155,0.119663016985198,0.0432768685589502,0.458163795399224,0,0.0626989728707291,0.194868724247107,0.28426850748294,0.0905116390629743,0.171413023858155,0.119663016985198,0.0432768685589502
835,0,-1077.8620363163,-1077.86203624568,0.500718434203205,1.06649598861767e-08,0.0348639391446298,0.244965029278151,0.219452586709054,0.28737429702874,0.146383439401462,0.0732125545249783,0.0235998839187118,0.500718439543347,0,0.0348639395164523,0.244965031890694,0.219452589049507,0.28737429702874,0.146383439401462,0.0732125545249783,0.0235998839187118
836,0,-1115.52832675972,-1115.52832459202,0.390297248527539,1.96008074397692e-08,0.0640753800350861,0.214185056073086,0.331442295763481,0,0.114030988996731,0.0537183110641138,0.0109002542553837,0.390297256177681,0,0.0640753812910153,0.214185060271286,0.331442302260018,0,0.114030988996731,0.0537183110641138,0.0109002542553837
837,0,-1107.33627189658,-1107.33627025192,0.419698100805125,1.63482013430568e-08,0.0534425541991247,0.282371173872507,0.244488154775042,0.177337252726484,0.119831202300079,0.0996325790952222,0.0358970452859374,0.419698107666434,0,0.0534425550728144,0.282371178488768,0.244488158771984,0.177337252726484,0.119831202300079,0.0996325790952222,0.0358970452859374
838,0,-1112.68199842212,-1112.68199837656,0.482215961241556,2.91569164257024e-10,0.0580477081229926,0.169651174175584,0.290085156168298,0,0.133937984215266,0.0734836922309816,0.0275537419721151,0.482215963316419,0,0.058047740130485,0.169651202520112,0.290085094032984,0,0.133938014460556,0.073483679753833,0.0275537260429706
839,2.65804863492576,-1139.75827901238,-1141.08730332985,0.453621556874569,0.0198316085114495,0.0316925313729298,0.24165210213022,0.253202201110832,0.259385425172432,0.204073105349116,0.104860862928642,0.00972065640461711,0.46239323821917,0,0.0280823546029316,0.25439783755253,0.255126569625369,0.251766863762654,0.213025027836634,0.0997728600089377,0.00972086196417321
840,0,-1129.96935017718,-1129.96934987104,0.440514190511526,1.81949616838679e-08,0.0594796458360287,0.233244400965955,0.266761744491529,0.403887383232185,0.176797825224501,0.074146598425772,0.0172056731744537,0.440514198526665,0,0.0594796469182586,0.233244405209828,0.266761749345249,0.403887383232185,0.176797825224501,0.074146598425772,0.0172056731744537
841,0,-1124.85547978427,-1124.85547930177,0.419049350230047,5.16118661204171e-09,0.0168720086973348,0.273382039146092,0.290696596765339,0.309937603722281,0.106281532065987,0.0794146087309167,0.0357469844720735,0.419049352392839,0,0.0168720087844144,0.273382040557068,0.290696598265679,0.309937603722281,0.106281532065987,0.0794146087309167,0.0357469844720735
842,0,-1149.07716247951,-1149.07716174366,0.470178908573287,1.09997020150017e-08,0.0359582169790572,0.178241717304291,0.315621146143663,0.0957566015123651,0.209571205272918,0.0265328650342991,0,0.470178913745115,0,0.0359582173745868,0.178241719264897,0.315621149615401,0.0957566015123651,0.209571205272918,0.0265328650342991,0
843,0,-1174.35063790515,-1174.35063668388,0.389611147179186,1.77413483428634e-08,0.0579967759438995,0.240081723128225,0.312310336007341,0,0.232146806525308,0.102382095018109,0.0233286048343447,0.389611154091413,0,0.0579967769728405,0.240081727387598,0.312310341548148,0,0.232146806525308,0.102382095018109,0.0233286048343447
844,0,-1178.96183344452,-1178.96183130029,0.42597669417438,2.82453757484814e-08,0.0923346240137881,0.146809660750325,0.334878992816131,0.228930514714388,0.170283192220993,0.0654936980387339,0.0286059207895445,0.425976706206253,0,0.0923346266218144,0.146809664897019,0.334879002274914,0.228930514714388,0.170283192220993,0.0654936980387339,0.0286059207895445
845,1.39163142858251,-1120.25386871151,-1120.9496844258,0.497730623732189,0.00739385614163725,0.103956234795238,0.109485944387148,0.281433340943788,0.0480053400055046,0.145890705101668,0.117461204413974,0.0203921687241865,0.500697984986843,0,0.0968590880617267,0.119622390888988,0.282820536062442,0.038759170876355,0.150785868599837,0.117427395283195,0.0203942237018749
846,3.09089045913424e-07,-1106.08852574527,-1106.08852589981,0.463454155255438,1.46845744405959e-08,0.048004128953668,0.254931062302109,0.233610638804211,0.156872809802071,0.176237591562658,0.0868023898151213,0.0406072770470435,0.463454162061065,0,0.0480041296585882,0.254931066045663,0.233610642234684,0.156872809802071,0.176237591562658,0.0868023898151213,0.0406072770470435
847,1.14166014100192e-05,-1094.91533317674,-1094.91533888504,0.45168341525076,2.49282140702283e-08,0.0814907648602798,0.20852039237288,0.258305402587866,0.339235836521635,0.108942985664688,0.0682130808076199,0.0200408658105986,0.451683426510421,0,0.081490766891699,0.208520397570921,0.258305409026959,0.339235836521635,0.108942985664688,0.0682130808076199,0.0200408658105986
848,0,-1112.92886842952,-1112.92886690178,0.482575576214765,2.39694349720976e-08,0.0783564993321275,0.179504782977694,0.259563117505979,0,0.183461899847561,0.0334896094122544,0.0448226087545199,0.482575587781829,0,0.0783565012102885,0.179504787280322,0.25956312372756,0,0.183461899847561,0.0334896094122544,0.0448226087545199
849,1.59508226715843e-06,-1145.61171629095,-1145.61171708849,0.486206748743378,1.02131089834129e-08,0.0333866586708687,0.219094911451708,0.261311670920936,0.248359925327887,0.192972469742388,0.0690214902052441,0.0339581735777171,0.48620693823262,0,0.033386749476253,0.219093724041576,0.261312588249551,0.248358789452605,0.192970564637953,0.0690210179078786,0.0339579161694395
850,0,-1110.8103216572,-1110.81032091565,0.506222469842046,1.22470716395979e-08,0.0400358899517561,0.159992793816643,0.293748834142482,0.117348233742104,0.117816518540178,0.0407519356867108,0.0350389402902552,0.506222476041789,0,0.0400358904420786,0.159992795776087,0.293748837740045,0.117348233742104,0.117816518540178,0.0407519356867108,0.0350389402902552
851,0,-1098.27097662177,-1098.27097614581,0.528426617604254,4.97423966814033e-09,0.0162608758899907,0.206030974577549,0.249281526953967,0.125320634692555,0.149295429547434,0.0958483755337344,0.0253894869017885,0.528426620232774,0,0.0162608759708762,0.206030975602396,0.249281528193953,0.125320634692555,0.149295429547434,0.0958483755337344,0.0253894869017885
852,0,-1139.18611196383,-1139.18611135998,0.378101477762635,1.7375763522454e-08,0.0568016728148692,0.300206983472484,0.264889848574249,0.328056907376809,0.173346503330958,0.0555261008307079,0.0238918625330822,0.378101484332437,0,0.0568016738018416,0.300206988688809,0.264889853176912,0.328056907376809,0.173346503330958,0.0555261008307079,0.0238918625330822
853,1.21439370559528e-07,-1060.04092590055,-1060.04092596127,0.498967750259342,7.34980047446565e-12,0.0346821322800994,0.277654666365767,0.188695451087443,0.128149866199442,0.174724773771982,0.0836738708171705,0.0355987615580719,0.498967888082777,0,0.0346817300202451,0.277654954289546,0.188695427607432,0.128150476634115,0.174724745502197,0.0836738220266831,0.0355987661759317
854,0,-1152.14366999947,-1152.14366932698,0.398888699544054,2.18028281470054e-08,0.0712738240906995,0.228015851047607,0.301821603514811,0.242137102181875,0.180339674270347,0.0542506919005978,0.0164106973138679,0.398888707643135,0,0.0712738255232006,0.228015856328884,0.301821610504781,0.242137089928411,0.180339655858685,0.0542507268548365,0.0164109601690041
855,3.75484620397856,-1077.22087087217,-1079.09829397416,0.462118720451475,0.00688231825711175,0.0637921312500346,0.254930480583725,0.212276349457653,0.174596422182553,0.149257530143923,0.0655416446269076,0.0318875349394837,0.46459881577128,0,0.0628383747002976,0.260289879007886,0.212272930520536,0.174084578901837,0.149111494140567,0.0717214401724337,0.0319057863859402
856,0,-1060.86781045664,-1060.86780924067,0.511719363627622,1.74773474461161e-08,0.0571337524260846,0.220917925459317,0.210228941009628,0.147131319971675,0.141479794407208,0.0764408479994134,0.0313138273523274,0.51171937257112,0,0.0571337534246311,0.220917929320376,0.210228944683873,0.147131319971675,0.141479794407208,0.0764408479994134,0.0313138273523274
857,1.94912900042254e-07,-1115.78008051487,-1115.78008061232,0.497960163480521,2.15841605261805e-09,0.0400936331543245,0.202766547852895,0.259179653353843,0.0947448393289293,0.20517277995784,0.121775334193529,0.0169142683579459,0.497959752310754,0,0.040093770277655,0.202766748861812,0.25917972854978,0.0947439602947802,0.205172868348956,0.121775406277713,0.0169142611908727
858,0,-1149.04574888969,-1149.04574884315,0.439125472595188,2.62593138377313e-10,0.0520084220076392,0.219771053608431,0.289095051526148,0.192457077769868,0.151091561592638,0.069770018792682,0.0436113613407826,0.439125471766002,0,0.0520084253864492,0.219771046282461,0.289095056565087,0.192456982929575,0.151091566338122,0.0697700248576963,0.0436113600451727
859,0.567803848801304,-1149.13889697118,-1149.42279889558,0.433203256490407,0.00467698360464792,0.0282110496813146,0.18751151077946,0.346397199444171,0.0700462395395474,0.123300046935011,0.0426717803424333,0.0171501484943549,0.435078007320849,0,0.0277306124733441,0.190942687850853,0.346248692354953,0.0697499602463048,0.128431115039784,0.0427271542009952,0.0171573503140345
860,7.12558813135183,-1110.20010739652,-1113.7629014622,0.478825612455996,0.0196930231177913,0.0218077619803384,0.21687737033123,0.262796232114644,0.0260015600496832,0.171020179682382,0.0817891159333937,0.0172841037093657,0.489248456369807,0,0.0207267792342965,0.22931103413399,0.260713730261906,0.0160077010835899,0.181088684490562,0.0912078296781399,0.0173201148038943
861,2.25054463953711e-08,-1106.83904719118,-1106.83904720244,0.490337978277846,1.480979324601e-20,0.00625637926400454,0.223704736251261,0.279700906206888,0.052701058051888,0.11171971811118,0.0962500813518364,0.0148762346424394,0.490338006246428,0,0.00625640082469395,0.22370476948374,0.279700823445138,0.0527007518700639,0.111719726652516,0.0962501250968146,0.0148762418611957
862,3.01191494145314e-06,-1174.37544130108,-1174.37544280704,0.410192962445826,2.65650557900068e-08,0.086841628878223,0.260130039296113,0.242835342814782,0.345963789420483,0.155579161532842,0.124693723672074,0.0507217251919739,0.410192973342626,0,0.0868416311851758,0.260130046206482,0.242835349265716,0.345963789420483,0.155579161532842,0.124693723672074,0.0507217251919739
863,0.745426556414714,-1121.51747558804,-1121.89018886625,0.506393081758772,0.0104654809836994,0.0463386766288178,0.180265914225651,0.25653684640306,0.228356094696533,0.144939223285755,0.120692312345437,0.0148109713012407,0.508644680347018,0,0.0447415370597651,0.18977444390673,0.256839338686487,0.225287589099237,0.149944279051312,0.121187263707892,0.0148153282374854
864,0,-1126.38464856491,-1126.38464697172,0.355029406299103,2.06983469962629e-08,0.0676632559122391,0.297044310844052,0.280263006246259,0.324173238236919,0.0934130903983375,0.0869713828121329,0.0293869762612229,0.355029413647625,0,0.0676632573127567,0.297044316992379,0.28026301204724,0.324173238236919,0.0934130903983375,0.0869713828121329,0.0293869762612229
865,0,-1140.88924943263,-1140.889247876,0.466683251455163,1.52868750840366e-08,0.0499730602205268,0.214475452744859,0.268868220292576,0.135636025496854,0.146404282983397,0.0812727843727505,0.033771287054301,0.466683258589292,0,0.0499730609844588,0.214475456023518,0.268868224402731,0.135636025496854,0.146404282983397,0.0812727843727505,0.033771287054301
866,0,-1081.53756879431,-1081.53756726672,0.501142436360624,1.35709906920247e-08,0.044363804333886,0.181912037439903,0.272581708294596,0.189129049073553,0.121832493221577,0.0376424478907695,0.0198673892797589,0.501142443161624,0,0.0443638049359468,0.18191203990863,0.2725817119938,0.189129049073553,0.121832493221577,0.0376424478907695,0.0198673892797589
867,0,-1132.79651851987,-1132.79651780898,0.467859698725649,1.11466379472994e-08,0.0364385530943786,0.219396479926882,0.276305257106452,0.120138075744831,0.199542559537038,0.0455494827087828,0.0388036455628924,0.467859703940712,0,0.0364385535005459,0.219396482372415,0.276305260186327,0.120138075744831,0.199542559537038,0.0455494827087828,0.0388036455628924
868,0.455857419689437,-1064.86192053699,-1065.08984924684,0.525870933919714,0.00623538988029301,0.0458051886942253,0.183990440711474,0.238098046794294,0.246814551143559,0.151866261693279,0.0542038523817217,0.0215456095374205,0.528531174373026,0,0.0445101994172928,0.188881857005136,0.238076769204546,0.245145606047769,0.155209797718864,0.0544579697277844,0.0215431483942979
869,8.77583170222351e-06,-1114.42554805026,-1114.42555243818,0.470603960359589,2.14822279237366e-08,0.0702257762821006,0.237328109253936,0.221842132622146,0.495849737469651,0.205812663004653,0.0588194061680842,0.0202080122587456,0.470603970469211,0,0.0702257777907067,0.237328114352273,0.22184213738781,0.495849737469651,0.205812663004653,0.0588194061680842,0.0202080122587456
870,2.40526868042434,-1147.76771813543,-1148.97035247564,0.483627934263093,0.0095583547924441,0.0271709742322953,0.175049486322938,0.304593250389231,0.104413160493364,0.157516377424748,0.0531844043676022,0.0287918716839499,0.489399902515692,0,0.0285350673331375,0.181577008121016,0.300488022030155,0.10038789055034,0.157303122993737,0.0615293303764901,0.0288082913999605
871,0,-1128.59550704032,-1128.59550566385,0.490031326797129,1.41183529276197e-08,0.0461531409910812,0.172601496432207,0.291214021661229,0.0323563721393822,0.14915805929427,0.0786364665512866,0.0205944595223965,0.490031333715564,0,0.0461531416426876,0.172601498869056,0.291214025772692,0.0323563721393822,0.14915805929427,0.0786364665512866,0.0205944595223965
872,0.0112546182504047,-1037.95501506723,-1037.96064237636,0.538990735679984,0.00114119843180898,0.0556720412133935,0.176009063495583,0.22818696117923,0.142051277239795,0.131132368446025,0.0521587882474012,0.0140135390137744,0.539413554755399,0,0.0555224313557165,0.176896521867569,0.228167492021315,0.141806800649905,0.131660092402255,0.0521675781844435,0.0140132970356
873,0,-1167.86280279738,-1167.86280233576,0.471877375564282,1.513346070475e-08,0.0494715459494518,0.15665165391015,0.321999409442656,0.360179755593746,0.115557266168829,0.0968203062692837,0.0355502976538193,0.47187738270542,0,0.0494715466981275,0.156651656280832,0.321999414315621,0.360179755593746,0.115557266168829,0.0968203062692837,0.0355502976538193
874,0,-1160.4229977235,-1160.42299682879,0.451407184723668,1.14345268647385e-08,0.0373796669668292,0.209437213924186,0.30177592295079,0.0374043779005784,0.180445003971666,0.087722814764045,0.0223507969140738,0.451407189885296,0,0.037379667394248,0.209437216319002,0.301775926401455,0.0374043779005784,0.180445003971666,0.087722814764045,0.0223507969140738
875,0,-1171.4556407711,-1171.45564075541,0.43276507843171,2.88820587662567e-09,0.055960696025677,0.197590332002427,0.313683890651981,0.113230612234637,0.16208753042547,0.126810917324633,0.0345117009049287,0.432765067744662,0,0.055960703693907,0.197590341887508,0.313683886673923,0.113230593886459,0.162087503536553,0.126810937857836,0.034511698356123
876,0,-1193.18363349374,-1193.18363188267,0.447516378685473,1.96311872834807e-08,0.064174692271952,0.148657082137477,0.339651827273911,0.0567119414587623,0.198748661145475,0.0612312662223142,0.0444469461847068,0.447516387470751,0,0.0641746935317774,0.148657085055792,0.339651833941679,0.0567119414587623,0.198748661145475,0.0612312662223142,0.0444469461847068
877,0,-1042.04044305914,-1042.04044111518,0.515419251118606,2.41419468711963e-08,0.0789204437272395,0.210409657892147,0.195250623120061,0.126285076439616,0.116346790662905,0.140768758573462,0.0159073521109874,0.51541926356183,0,0.0789204456325327,0.210409662971845,0.195250627833791,0.126285076439616,0.116346790662905,0.140768758573462,0.0159073521109874
878,2.29192664846778e-09,-1128.37773619189,-1128.37773619304,0.475037383932971,2.90255382583516e-12,0.0219060429312509,0.228733681590162,0.274322891542713,0.5,0.1576018323655,0.048403560330375,0.0298337681416835,0.475037444613995,0,0.0219059783405881,0.228733890826109,0.274322686219307,0.5,0.157600819187566,0.0484038007829395,0.0298335100438063
879,0,-1145.83263061606,-1145.83263032525,0.50734516261654,3.06323859321456e-09,0.0100137801772454,0.190570167627295,0.292070886515681,0.0203754137369376,0.200240201984467,0.0654422691597645,0.0233749499570676,0.507345164170659,0,0.01001378020792,0.190570168211057,0.292070887410364,0.0203754137369376,0.200240201984467,0.0654422691597645,0.0233749499570676
880,0,-1121.98203915184,-1121.98203873027,0.502348315904859,7.18298973022811e-09,0.0234813182144044,0.224197242532628,0.249973116165119,0.278016075357845,0.193141146343312,0.0839146816737262,0.0271158160961775,0.502348319513222,0,0.0234813183830705,0.224197244143034,0.249973117960674,0.278016075357845,0.193141146343312,0.0839146816737262,0.0271158160961775
881,1.17484899734291,-1111.40517114572,-1111.99259564439,0.466864820249719,0.00620241833387703,0.0614796511405331,0.21542589146488,0.250027218810991,0.131752702576318,0.15612355713876,0.0940711158465958,0.033403247640878,0.469218461194761,0,0.0614266784853909,0.215560906602719,0.253793953717129,0.130326935617391,0.157993567392289,0.0938708591756282,0.0333383322609205
882,0,-1117.14522430365,-1117.14522317066,0.483589267927418,1.51671141654742e-08,0.0495819473199909,0.214720188758159,0.252108580827318,0.160885915580255,0.125706147029574,0.0874237382917678,0.0350513227157438,0.483589627609834,0,0.0495818745679831,0.214720107838086,0.252108389984098,0.160885572419366,0.125706366600784,0.087423295034414,0.0350513398024021
883,0.391890942353712,-1090.71038555792,-1090.9063310291,0.454101557358926,0.0121643464448881,0.0659950406340071,0.224310054768966,0.243429000793213,0.153558402553465,0.127392922615445,0.0658154940174937,0.0188889340886885,0.456738781187926,0,0.0645948333373388,0.235517440440816,0.243148945033919,0.1733340761343,0.132975867436495,0.0602157161722372,0.0189537836824143
884,0,-1100.60456513877,-1100.60456484759,0.434439930311491,1.26396990185423e-08,0.0413193956744336,0.243036087259745,0.281204574114631,0.162450488805314,0.126835862661258,0.0681962892990994,0,0.434439935802681,0,0.0413193961966984,0.243036090331648,0.281204577668973,0.162450488805314,0.126835862661258,0.0681962892990994,0
885,0,-1048.33117759275,-1048.33117694241,0.505984627616257,1.15157503892567e-08,0.0376451880694764,0.243309660364462,0.213060512434054,0.154376020205193,0.195269874754385,0.0764187044866977,0.00820886001546732,0.505984633386428,0,0.0376451885097838,0.243309663240025,0.213060514863764,0.154376020205193,0.195269875154753,0.0764187048276773,0.00820887027552176
886,0,-1127.86647938269,-1127.86647935245,0.497271592121262,2.99357334406004e-09,0.00978630396584029,0.200863147806415,0.29207895311291,0.205371199184792,0.147542727587233,0.0714223255562167,0.0233646793839328,0.49727349096017,0,0.00978593625315478,0.200860992785792,0.292079580000883,0.205361847550162,0.147543021358968,0.0714215211764906,0.0233652068419926
887,0,-1076.34286775175,-1076.34286665591,0.491824075393975,1.47526293857155e-08,0.0482266017515465,0.205250231735609,0.25469907636624,0.183229058322683,0.0924258650727942,0.0946436304062763,0.0174989643147184,0.491824082649673,0,0.0482266024630157,0.20525023476359,0.254699080123721,0.183229058322683,0.0924258650727942,0.0946436304062763,0.0174989643147184
888,0,-1168.53791049764,-1168.53790936805,0.44747454407882,1.38812343533228e-08,0.0453779962523688,0.210210394014063,0.296937051773514,0.146705172145081,0.151900494135096,0.105098345236055,0.041837940714061,0.447474550290319,0,0.0453779968822714,0.210210396932043,0.296937055895367,0.146705172145081,0.151900494135096,0.105098345236055,0.041837940714061
889,0.773795483233698,-1122.60824245699,-1122.99514019861,0.518192129573908,0.0130017428160901,0.019873357528096,0.204713086091387,0.244219683990519,0.118618442346523,0.214712806477629,0.0964084956145166,0.0230847129976034,0.527195934353725,0,0.0198818136010914,0.209201223181892,0.243721028863292,0.109079256659295,0.216758308917573,0.0974539002681946,0.0230864832012228
890,4.2100600694539e-07,-1104.02151869637,-1104.02151890687,0.427735856729582,2.64525147632845e-08,0.086473730306752,0.223366390311701,0.26242399619945,0.160091822983268,0.146186176451571,0.0608185874399126,0.0197759979065876,0.427735868044271,0,0.0864737325941996,0.223366396220304,0.262424003141225,0.160091822983268,0.146186176451571,0.0608185874399126,0.0197759979065876
891,0,-1098.79636639876,-1098.79636571946,0.493054441184438,1.44440912252567e-08,0.0472179851449362,0.232862818398462,0.226864740828073,0.257006261671915,0.174674974077085,0.0573269740457476,0.0252814460831412,0.493054448306161,0,0.0472179858269571,0.232862821761954,0.226864744104928,0.257006261671915,0.174674974077085,0.0573269740457476,0.0252814460831412
892,0,-1111.99915139493,-1111.99915001973,0.473239881175624,2.27667077583979e-08,0.0744247631761985,0.196356068124084,0.255979264757386,0.378197651702495,0.122476116224135,0.0888831369334254,0.0186013237104574,0.473239891949738,0,0.0744247648706054,0.196356072594466,0.255979270585191,0.378197651702495,0.122476116224135,0.0888831369334254,0.0186013237104574
893,4.98252938996302e-06,-1193.40468661733,-1193.40468910859,0.460027752799438,2.27659848183779e-08,0.0744223998727136,0.149041260171926,0.316508564389937,0.157102964287401,0.17443616029461,0.102981713225216,0.0348065088432212,0.460027763272423,0,0.0744224015670129,0.149041263564997,0.316508571595567,0.157102964287401,0.17443616029461,0.102981713225216,0.0348065088432212
894,0,-1109.53539977333,-1109.53539836722,0.471911042691707,1.86898414392468e-08,0.061097678906284,0.205752085444114,0.261239174268054,0.0768152896942813,0.125153323697943,0.126607605118376,0.037650211184243,0.471911310561777,0,0.0610975099847605,0.205752288396943,0.261238891056519,0.0768154205540407,0.125153169832365,0.126607664354543,0.0376504831384693
895,4.47718454799588,-1195.64243570757,-1197.88102798157,0.357851047274442,0.028717425526117,0.0475066031429887,0.249797996930729,0.316126927125723,0.178208725205265,0.12789685453533,0.105891874885199,0.0517372035930171,0.372408240152265,0,0.046820017860894,0.260680237542898,0.320091504443942,0.200414353161345,0.13524112951186,0.101723083731657,0.0515341627365683
896,0,-1146.81791853388,-1146.81791636834,0.464763141908586,2.30434875534102e-08,0.0753295611344428,0.174939858819463,0.28496741509402,0.0699317841105435,0.163434056127063,0.0832763631727973,0.0390358826864049,0.46476315261835,0,0.0753295628702987,0.174939862850688,0.284967421660663,0.0699317841105435,0.163434056127063,0.0832763631727973,0.0390358826864049
897,0,-1149.20687711922,-1149.20687619067,0.453511088307626,1.10101155766989e-08,0.0359922590931545,0.241901102503259,0.268595539085845,0.317412500355799,0.17542176933948,0.0793425943012826,0.0218065139950408,0.453511093300836,0,0.0359922594894335,0.241901105166618,0.268595542043113,0.317412500355799,0.17542176933948,0.0793425943012826,0.0218065139950408
898,4.5472572849726,-1091.4245550965,-1093.69818373898,0.426182747752764,0.0168490056147916,0.048320458072977,0.242753635042351,0.265894153517116,0.10933500537701,0.136091737283332,0.0516788427464487,0.0274779911353252,0.433180148673072,0,0.0465874727221381,0.255063206928055,0.265169171676735,0.124073038829465,0.143307348780487,0.0525957364227433,0.0274919399969391
899,7.30306828700122e-06,-1110.23974248181,-1110.23974613335,0.480806924506412,2.24683371559076e-08,0.0734493844932226,0.183854301427961,0.261889367104067,0.0927604361300377,0.16825207499956,0.0661485827861849,0.00971464518058993,0.480806935309345,0,0.0734493861435082,0.183854305558861,0.261889372988286,0.0927604361300377,0.16825207499956,0.0661485827861849,0.00971464518058993
900,0,-1078.53930736324,-1078.53930630768,0.517964070233666,1.26438002722699e-08,0.0413328027441178,0.212068533656827,0.228634580721588,0.0198511624691097,0.133965561484801,0.0864304842280386,0.0389469238653241,0.517964076782701,0,0.0413328032667215,0.21206853633818,0.228634583612398,0.0198511624691097,0.133965561484801,0.0864304842280386,0.0389469238653241
901,0,-1089.24385692244,-1089.24385643074,0.472842917607592,1.76395696319465e-08,0.0576640595697645,0.166954047233377,0.302538957949697,0.0255156198764132,0.136890055639022,0.0144806052740454,0.0190409407558843,0.472842925948338,0,0.0576640605869337,0.166954050178375,0.302538963286354,0.0255156198764132,0.136890055639022,0.0144806052740454,0.0190409407558843
902,0,-1161.75255921933,-1161.75255750212,0.453562772254952,3.39773463080615e-08,0.111072535351554,0.156125987021141,0.279238671395007,0.13030655778417,0.173002354573947,0.129392091960577,0.0147927380159097,0.453562787665812,0,0.111072539125504,0.156125992325888,0.279238680882796,0.13030655778417,0.173002354573947,0.129392091960577,0.0147927380159097
903,0,-1136.04353788679,-1136.04353696424,0.438941466688028,9.04906172756455e-09,0.029581539991981,0.219867327788267,0.311609656482663,0.11499321792459,0.146327477496311,0.07064198063008,0.0230399949261507,0.438941470660036,0,0.0295815402596662,0.21986732977786,0.311609659302438,0.11499321792459,0.146327477496311,0.07064198063008,0.0230399949261507
904,0,-1141.46919222812,-1141.46919121397,0.474138118375046,1.06832496017231e-08,0.0349237285424885,0.207041988908995,0.283896153490221,0.0752831424668852,0.160755456913028,0.0925634909244397,0.0267648699046048,0.474138123440382,0,0.0349237289155874,0.207041991120876,0.283896156523154,0.0752831424668852,0.160755456913028,0.0925634909244397,0.0267648699046048
905,0,-1075.92693379497,-1075.92693329662,0.538653279912703,4.68876581828032e-09,0.0153276569154118,0.218598804346128,0.227420254136991,0,0.191777881597909,0.0636369605545622,0.0226026313841547,0.538653282438322,0,0.0153276569872796,0.218598805371087,0.227420255203311,0,0.191777881597909,0.0636369605545622,0.0226026313841547
906,8.64677531353664e-07,-1186.26641905961,-1186.26641949195,0.452134311161233,1.47896944995575e-08,0.0483477682526087,0.144144479241002,0.355373426555461,0.143046708565201,0.131307938049333,0.0809768303372895,0.0162108916503248,0.452134317848161,0,0.0483477689676574,0.144144481372855,0.355373431811326,0.143046708565201,0.131307938049333,0.0809768303372895,0.0162108916503248
907,2.21231994146365e-06,-1069.83620286528,-1069.83620397144,0.480379764364889,1.25233260834998e-08,0.0409385370715632,0.256723521171698,0.221958164868524,0.129186671126937,0.144397448228794,0.0846678608873842,0.0222874460742201,0.480378932659636,0,0.0409388667270138,0.256724383221233,0.221957817392118,0.129201403042918,0.144397164585828,0.0846643999768739,0.0222867184795289
908,0,-1096.0293599865,-1096.02935978316,0.49754090694472,2.37504191698498e-09,0.00776405328697335,0.260803995569884,0.233891041823381,0.200159026837405,0.136519415282049,0.0992662391646986,0.0396257012043787,0.497540908126401,0,0.0077640533054133,0.260803996189304,0.233891042378882,0.200159026837405,0.136519415282049,0.0992662391646986,0.0396257012043787
909,0,-1036.48286283589,-1036.48286136551,0.469307974543959,1.69643991366341e-08,0.0554569154912078,0.291147946659067,0.184087146341366,0.0723711861151592,0.144576785090035,0.0509771123146412,0.0420509107131192,0.469307982505487,0,0.0554569164320011,0.291147951598217,0.184087149464294,0.0723711861151592,0.144576785090035,0.0509771123146412,0.0420509107131192
910,0,-1230.22117438636,-1230.22117351037,0.424012184509823,1.31825940231719e-08,0.0430941288759961,0.149106994349728,0.383786679081859,0,0.147117499769304,0.0913683231233454,0.0302010213242067,0.424012190099404,0,0.0430941294440885,0.149106996315345,0.383786684141163,0,0.147117499769304,0.0913683231233454,0.0302010213242067
911,0,-1073.39361327899,-1073.39361144323,0.411392471600929,1.37337766631468e-08,0.0448959545014788,0.281059195748135,0.26265236441568,0.271381014108387,0.0896637797631155,0.0689442960904647,0.00629860825560176,0.411392477250901,0,0.0448959551180698,0.28105919960814,0.262652368022889,0.271381014108387,0.0896637797631155,0.0689442960904647,0.00629860825560176
912,0,-1133.50159255134,-1133.50159123987,0.459407434226416,1.47716926290719e-08,0.0482889202564613,0.242452043258353,0.249851587487078,0.0900145814900579,0.214057630353461,0.0449762646641269,0.0312142516118751,0.459407423349282,0,0.0482889210224144,0.242452047950757,0.249851607677547,0.0900147402511334,0.214057942754287,0.0449769355577041,0.0312140109095993
913,0,-1147.77599935519,-1147.77599924248,0.393258039282051,5.70909969691029e-10,0.0948049732715917,0.208974247791429,0.302962739084018,0.34500672790977,0.10608016927335,0.0604335568390926,0.0439679551239656,0.393258135773697,0,0.0948048446283321,0.208974365436216,0.302962654161755,0.345007639154372,0.106080093500133,0.0604335799421944,0.0439679706843823
914,0,-1078.58529920523,-1078.58529890201,0.464207283784391,1.27377721897034e-08,0.0416399985747325,0.231687034048677,0.262465670854427,0.0638028053643562,0.119793375530877,0.0606470160782961,0.0259200232696591,0.464207289697358,0,0.0416399991051333,0.231687036999854,0.262465674197655,0.0638028053643562,0.119793375530877,0.0606470160782961,0.0259200232696591
915,0,-1179.47362455608,-1179.47362298402,0.43032543564266,1.73273806098943e-08,0.056643508233181,0.221289513524413,0.291741525272365,0.110145135508801,0.15633136621583,0.102894230783814,0.0519088571902151,0.430325443099073,0,0.0566435092146647,0.221289517358781,0.291741530327482,0.110145135508801,0.15633136621583,0.102894230783814,0.0519088571902151
916,4.26521182816941e-07,-1083.63948593232,-1083.63948614558,0.546459685625567,1.24567172774338e-08,0.0407212251839048,0.21367711565485,0.199141961078962,0.185817717209004,0.189508627644512,0.0967664390956965,0.0268071265649249,0.54645969243266,0,0.0407212256911576,0.213677118316565,0.199141963559617,0.185817717209004,0.189508627644512,0.0967664390956965,0.0268071265649249
917,0,-1128.97497793145,-1128.97497773976,0.454676650147163,5.19141064336822e-10,0.0397523098202387,0.22791251561228,0.277658523901178,0.247121241320515,0.123172316841275,0.0736762758390428,0.0295836278182916,0.454676337827458,0,0.0397526269476307,0.227912700129049,0.277658335095862,0.247125504376261,0.123172143326288,0.0736764056118912,0.0295835408784386
918,0,-1092.72195677934,-1092.72195661121,0.553540161053284,8.5205410411087e-22,0.0370975165372116,0.149133212078248,0.260229110331257,0.0953647709212178,0.117779869540713,0.0449353212652231,0.0473773202630191,0.55354002287459,0,0.0370974138812336,0.149133614775804,0.260228948468373,0.095365180340528,0.117779899269257,0.0449352505034389,0.0473773668250773
919,0,-1070.07847658551,-1070.07847589042,0.454056143343124,9.42166311905116e-09,0.0307995804137581,0.295003097516849,0.220141169304605,0.5,0.204818829364529,0.0676203171384259,0,0.454056147621088,0,0.0307995807039414,0.295003100296269,0.220141171378701,0.5,0.204818829364529,0.0676203171384259,0
920,0.668781126210433,-1155.70450185173,-1156.03889241483,0.423480956723015,0.0108665468715813,0.0491057218732971,0.255935416993077,0.26061135753903,0.343370428471861,0.180433892676164,0.0941310588334645,0.0158655087430991,0.430127047645629,0,0.0481305048647656,0.263596759009307,0.258145688480298,0.342120608330991,0.187956895527801,0.0914891980702254,0.0158651279876274
921,1.3455237422022e-06,-1113.43355409924,-1113.433554772,0.458728886542589,1.44123822550357e-08,0.0471143279704205,0.237781884304117,0.256374886770491,0.171889369335096,0.107622631132146,0.0682653451196255,0.0402168631855759,0.458728893153965,0,0.0471143286494502,0.237781887731121,0.256374890465464,0.171889369335096,0.107622631132146,0.0682653451196255,0.0402168631855759
922,0,-1078.50162492617,-1078.50162486012,0.49229916402693,1.55748492499224e-10,0.0484944167729533,0.181151463127956,0.278054955916412,0.123841788283535,0.114884309344128,0.0538618989415787,0.00901340757085131,0.492299165274295,0,0.048494422002009,0.181151463113769,0.278054949609928,0.123841737364857,0.11488431322087,0.0538619036954961,0.00901340665934272
923,5.31008481630124e-09,-1120.76918673028,-1120.76918673294,0.479834589845743,1.63052308983398e-29,0.0122938789176042,0.211155151990626,0.296716379246027,0.128307052175942,0.12834759031959,0.101401408612036,0.00966865900911593,0.47983444846172,0,0.01229391319455,0.211155101887749,0.296716536455981,0.128307139724362,0.128347534517828,0.101401344131589,0.00966865634793644
924,2.91892843051755e-05,-1037.31436317635,-1037.31437777099,0.44502476460381,3.52703636410164e-08,0.0774137085050055,0.279139961910652,0.198421529710169,0.163321872254074,0.147383182346505,0.0778814708076078,0.00819215935955833,0.445048611116693,0,0.0774168475460382,0.279115653916644,0.198418887420625,0.16331292724994,0.147383734816106,0.0778844790009592,0.00819224332431764
925,0,-1145.11668089809,-1145.1166788944,0.461795795078081,2.39070142834375e-08,0.0781524450164962,0.167995731259647,0.292056004738762,0,0.163746376000511,0.0656990639211858,0.0367824453723859,0.46179580611824,0,0.0781524468848879,0.167995735275923,0.292056011720949,0,0.163746376000511,0.0656990639211858,0.0367824453723859
926,0,-1106.52466547942,-1106.52466450284,0.510482422827822,9.82562426199407e-09,0.0321201045469282,0.19707343372748,0.260324029072146,0.0752149187559469,0.16021256496939,0.0951800793170178,0.00922543143129262,0.510482432313953,0,0.0321202108550712,0.1970737958005,0.260323561030475,0.075214667785961,0.160213051136118,0.0951803915799616,0.00922507345870521
927,0,-1132.12021316457,-1132.120212486,0.529035161653086,2.37495048115579e-08,0.0776375438165927,0.181584577961385,0.211742692819431,0.415372093422566,0.240405840966676,0.106541554294702,0.0250220823271588,0.529035174217409,0,0.077637545660446,0.181584582273929,0.211742697848216,0.415372093422566,0.240405840966676,0.106541554294702,0.0250220823271588
928,6.23881533101667e-08,-1116.76679854657,-1116.76679857776,0.486858809322193,7.18948318955114e-09,0.0235025454457389,0.212899396255108,0.276739241787477,0.155968928728306,0.139280682033948,0.0769702645162997,0.0128195283025738,0.486858812822456,0,0.02350254561471,0.212899397785745,0.276739243777089,0.155968928728306,0.139280682033948,0.0769702645162997,0.0128195283025738
929,0,-1157.9878834556,-1157.9878824592,0.460804343768159,9.54106427119781e-09,0.0311899048544187,0.231316930520374,0.276688811315984,0.149830428619824,0.143238577001292,0.107704996593046,0.0407866793664279,0.460804348164723,0,0.0311899051520035,0.231316932727384,0.27668881395589,0.149830428619824,0.143238577001292,0.107704996593046,0.0407866793664279
930,1.17346598926815e-06,-1110.91604669527,-1110.916047282,0.385691077115311,2.52052248612254e-08,0.082396317948412,0.215520609610624,0.316391970120427,0.0459863653380717,0.108517845894044,0.039421430293785,0.0269249317431553,0.385691086836742,0,0.0823963200252298,0.21552061504287,0.316391978095158,0.0459863653380717,0.108517845894044,0.039421430293785,0.0269249317431553
931,0,-1077.39194567377,-1077.3919447842,0.513849862950704,9.99007322970225e-09,0.0326577230144657,0.201207822569711,0.252284581475046,0.286983155516523,0.15263746239991,0.0412189209569962,0.0187485681262366,0.513849865387414,0,0.0326577233457531,0.201207825774038,0.252284585492795,0.286983170427717,0.15263739529954,0.0412188091230458,0.0187485010258663
932,0,-1153.61629634809,-1153.61629629529,0.435345332298167,1.88186337783812e-10,0.077114058808288,0.180842847885162,0.306697760820197,0.180973467138229,0.158503664297357,0.0560236403879771,0.0364314341614647,0.435345320044142,0,0.0771140751204889,0.180842831521562,0.306697773313807,0.180973448533895,0.158503661320291,0.0560236149247869,0.0364314335315151
933,0,-1173.47074192499,-1173.470741296,0.431051763116192,2.13749128558854e-08,0.0698749614609668,0.231435802123533,0.267637451924396,0.140345440039463,0.203272295196845,0.0807443103516336,0.0500457942318141,0.431051772329886,0,0.069874962954538,0.231435807070453,0.267637457645123,0.140345440039463,0.203272295196845,0.0807443103516336,0.0500457942318141
934,0,-1132.05165115616,-1132.05165037831,0.465343741633148,1.36240323942501e-08,0.0445371985799263,0.20237553849705,0.287743507665843,0.221508335408607,0.157616208688093,0.0661581450169015,0.0201265542132389,0.465343747973006,0,0.0445371991867025,0.202375541254221,0.28774351158607,0.221508335408607,0.157616208688093,0.0661581450169015,0.0201265542132389
935,0,-1017.83778471581,-1017.83778469187,0.539338100318649,4.01469111119142e-10,0.0405938224909106,0.197526950972616,0.222541125816356,0.0879280712648317,0.110798999444005,0.029008350794577,0.014430373107975,0.539338101326129,0,0.0405938218499886,0.197526950970231,0.222541125853652,0.0879280686347785,0.110798999324645,0.0290083505939513,0.0144303727489871
936,0,-1139.88391265644,-1139.88391263209,0.511376054146011,8.23444968578004e-10,0.0296961016853912,0.210107291484557,0.248820551860596,0.218022434768069,0.18316052688917,0.113587444622489,0.0345619862291986,0.511376092936671,0,0.0296960769147011,0.210107266679234,0.248820563469393,0.218022830908468,0.183160379666568,0.11358738983004,0.0345620534415229
937,0,-1097.36744467802,-1097.3674431383,0.4136950237135,2.41352065747951e-08,0.0788984095812082,0.262800651576562,0.244605890993523,0.474873633076807,0.128931706413448,0.0327845289193483,0.0496309285686947,0.413695033698115,0,0.0788984114854376,0.26280065791931,0.244605896897137,0.474873633076807,0.128931706413448,0.0327845289193483,0.0496309285686947
938,0,-1074.88325052069,-1074.88324961303,0.4504847714918,1.228523695196e-08,0.0401606532986593,0.235157121615865,0.274197441308439,0.160786959860005,0.122641325961461,0.0524550521009973,0.00955139176299032,0.450484789385125,0,0.0401606532314422,0.235157118025531,0.274197439357902,0.160786848726877,0.122641334872687,0.0524551536117341,0.00955141096146651
939,0,-1101.41268898718,-1101.41268746266,0.472866356017942,2.28274126785046e-08,0.0746232086146217,0.206287910403879,0.246222502136145,0.334916469217642,0.111569627023658,0.100858574164316,0.0238292471421025,0.472866366812258,0,0.0746232103180765,0.206287915112898,0.246222507756768,0.334916469217642,0.111569627023658,0.100858574164316,0.0238292471421025
940,0,-1092.6836688462,-1092.68366883901,0.518791777004379,2.15383855694721e-10,0.0248183383539279,0.237294078258767,0.219095806167542,0.128108905953523,0.182255640119318,0.101006820906313,0.0176917913100842,0.51879177731582,0,0.0248183256933985,0.237294073903862,0.21909582308692,0.128108898956116,0.182255633128381,0.101006828223844,0.0176917908534586
941,0,-1126.3259275689,-1126.32592688083,0.434587600186789,9.51635993778219e-09,0.0311091459593076,0.286369621219692,0.247933623117852,0.406059109531537,0.186965397750681,0.0930950851055831,0.004702954514926,0.434587604251334,0,0.0311091462667621,0.28636962404991,0.247933625431995,0.406059108432795,0.186965396651833,0.0930950895002155,0.00470293576151192
942,1.60801107993575,-1190.69067236546,-1191.49467790543,0.357147347151949,0.0221631914215122,0.0632042401323631,0.216618933782259,0.340866287511917,0.236417872381787,0.167490602030863,0.0555142946505777,0.0315312565284701,0.360976767343039,0,0.0588869326071596,0.241945358619998,0.338190941429803,0.299761416485524,0.175558248315245,0.0561149760483677,0.0315298525955686
943,0,-1168.11029922417,-1168.11029919545,0.465880483211418,3.32758218349419e-10,0.0807269966573003,0.177342338262991,0.276050181535532,0.26194610717334,0.127593404770105,0.132036131159263,0.0483057304818122,0.465880508301952,0,0.0807269791381977,0.177342341474151,0.276050171085699,0.2619461588955,0.127593409379231,0.132036128274928,0.0483057229697736
944,1.75450768438168e-05,-1066.26119527398,-1066.26120404652,0.45802487330471,1.79911938709534e-08,0.0588135253156604,0.279691327678333,0.203470255710102,0.174606073760818,0.156388842985642,0.0442383398999498,0.0521487121174685,0.458024881545124,0,0.058813526373786,0.279691332710314,0.203470259370775,0.174606073760818,0.156388842985642,0.0442383398999498,0.0521487121174685
945,0,-1155.81378241457,-1155.81378223525,0.42024038815609,2.13421188446671e-08,0.0697677572685812,0.174174474789204,0.335817358444006,0.086049323768024,0.165770823871941,0.056784626212194,0.00514014271174266,0.42024039712491,0,0.069767758757573,0.174174478506457,0.33581736561106,0.086049323768024,0.165770823871941,0.056784626212194,0.00514014271174266
946,0,-1164.83003331471,-1164.83003292515,0.433450818134532,5.6827696478639e-09,0.0185770727026243,0.227846828736994,0.32012527474308,0.114635179583878,0.206047470024456,0.0657354541000616,0.0274030946956319,0.433450820597734,0,0.0185770728081935,0.227846830031795,0.320125276562278,0.114635179583878,0.206047470024456,0.0657354541000616,0.0274030946956319
947,0,-1124.6750863681,-1124.67508495295,0.470878565750025,2.23948524332854e-08,0.0732093836960801,0.173248089470595,0.282663938688448,0.156132748906726,0.188996760459507,0.0906297833870435,0.00461108636893835,0.470878572628708,0,0.0732092598031159,0.173248432270161,0.282663735298015,0.156132890411386,0.188996948196494,0.0906299463242718,0.00461108759522895
948,0,-1116.41381528886,-1116.41381411904,0.461150482935957,1.32352504571151e-08,0.0432662636733288,0.246308943346579,0.249274296808885,0.38994862549254,0.120981722728058,0.077522279240186,0.0296086539522332,0.461150489039399,0,0.0432662642459687,0.24630894660654,0.249274300108093,0.38994862549254,0.120981722728058,0.077522279240186,0.0296086539522332
949,0,-1147.91292065476,-1147.91291953188,0.411095394693681,2.13423617302518e-08,0.0697685512657768,0.219110360934979,0.300025671763202,0.15033595910441,0.163240896145918,0.0638508343129711,0.0230338405990724,0.411095403467428,0,0.0697685527548025,0.219110365611311,0.300025678166458,0.15033595910441,0.163240896145918,0.0638508343129711,0.0230338405990724
950,3.04625746139209e-06,-1130.14530275544,-1130.14530427857,0.42379032696767,1.06868676878088e-08,0.0349355561287579,0.23982426082642,0.301449845390284,0.278392732964796,0.16590255905121,0.0479421532897778,0.0170305413087143,0.423790331496662,0,0.0349355565021095,0.23982426338939,0.301449848611838,0.278392732964796,0.16590255905121,0.0479421532897778,0.0170305413087143
951,0.630004975391785,-1119.33637011913,-1119.65137260683,0.51827000947189,0.0135894508596349,0.0304248738812094,0.180287396922002,0.257428268865264,0.192664298357512,0.170784841455924,0.0688749627017553,0.0394849279408001,0.523276424793213,0,0.0294474497493719,0.186436698711661,0.260839426745755,0.191338535787409,0.17231373824464,0.0687967203279257,0.0394203101328345
952,0,-1109.46942833191,-1109.46942832961,0.465170272135905,3.87289322102909e-10,0.0570442998628323,0.194855655872991,0.282929771740982,0.173130838088537,0.117317386649199,0.0771297324572059,0.0151137327696559,0.465170256751736,0,0.0570443292963398,0.194855481101709,0.282929932850215,0.173130215644561,0.117317302133485,0.0771300350773422,0.0151136286119019
953,8.49468051455915e-09,-1168.9046354886,-1168.90463549285,0.440380642819276,3.36442525535015e-25,0.0209571154995365,0.261730303684789,0.276931937996399,0.245921633886139,0.231722545546014,0.125948449743105,0.0360170413769346,0.440381021391393,0,0.0209572697709012,0.261730210408133,0.276931498429573,0.245921112506357,0.231722509991493,0.125948606459658,0.0360171146660486
954,0,-1094.12317257443,-1094.12317240981,0.515181518295473,3.04245905111503e-08,0.0994585149313005,0.138808387550978,0.246551548797658,0.106221380363826,0.106764126888583,0.0983806580259106,0.0255431898580198,0.51518153396966,0,0.0994585179572852,0.138808391774167,0.246551556298888,0.106221380363826,0.106764126888583,0.0983806580259106,0.0255431898580198
955,0,-1098.36790996656,-1098.36790911137,0.421491921908586,2.58002435807102e-08,0.0843414444793535,0.251638050331605,0.242528557480212,0.417703493935991,0.0735793086738347,0.0969472021140811,0.0348717937584141,0.421491932783181,0,0.0843414466553834,0.251638056823929,0.242528563737508,0.417703493935991,0.0735793086738347,0.0969472021140811,0.0348717937584141
956,0.132706298225912,-1206.88116500092,-1206.94751815003,0.443744124645826,0.00338274125415452,0.0266570700847807,0.192811036616238,0.333405027399001,0.160338400914782,0.171897211174535,0.149913150857058,0.0308411676898151,0.444890583248958,0,0.0260152309666866,0.195525349369915,0.333568836414441,0.168551404026103,0.171724557655471,0.150056128455917,0.0308629459710427
957,2.10022384681542,-1065.82360905961,-1066.87372098302,0.618897780211941,0.0157399448128179,1.91834574467026e-14,0.146960694315436,0.218401580659787,0.0812472450487993,0.186108415629796,0.0400549725160168,0.0354372957220349,0.623078097119934,0,2.88919296772574e-12,0.154761273905048,0.222160628972129,0.0810958406780428,0.185894277412202,0.0378283924192061,0.0353748493257688
958,0.205955733937117,-1032.27872039487,-1032.38169826184,0.499310938241642,0.00465485815877378,2.36213205465625e-08,0.295041113132564,0.200993066845699,0.0742476355302497,0.144712465921826,0.13292104294155,0.00467427572180345,0.501522118912033,0,1.88703521819162e-08,0.29750310473945,0.200974757478164,0.0725609237174253,0.147013800073146,0.1328130904864,0.00467063076511544
959,0,-1139.01598344812,-1139.01598214858,0.531739467209938,1.51502640675992e-08,0.0495264764345218,0.177394390138879,0.241339651066397,0.0881338501990054,0.218853145251595,0.105223310103221,0.0350993382751501,0.531739475265931,0,0.049526477184861,0.177394392826451,0.241339654722757,0.0881338501990054,0.218853145251595,0.105223310103221,0.0350993382751501
960,5.01198346442379,-1153.44171902714,-1155.94771075936,0.460791200751726,0.0214810544472019,0.0558287121299084,0.137390890529221,0.324508142141942,0.0619557449667258,0.121931475092854,0.0877076416284413,0.0248558771469703,0.463572445452067,0,0.0561237549017358,0.157983575284114,0.322320224362084,0.13438262075709,0.121563187323138,0.088574659972251,0.0253484425015829
961,5.75870217289776e-07,-1083.02033165414,-1083.02033194208,0.523514168138418,6.22316960327995e-09,0.0203439213015245,0.231478360418578,0.22466354391831,0.0810645324299832,0.206994170464903,0.0909525929079859,0.0221008135764442,0.523513983958877,0,0.0203435601415168,0.231479273291586,0.22466318260802,0.0810646411540623,0.206992952375114,0.0909518852311527,0.0221003637650662
962,7.66051925893407e-07,-1096.06356304818,-1096.06356343121,0.449055396068834,1.85088974810136e-08,0.0605059074107389,0.207520390684846,0.282918287326684,0.12593740225328,0.117504573750056,0.0722637394373833,0.014023044752488,0.449055404380354,0,0.0605059085306365,0.207520394525819,0.28291829256319,0.12593740225328,0.117504573750056,0.0722637394373833,0.014023044752488
963,1.09869688458275e-07,-1163.15464323497,-1163.1546432899,0.391409915658824,1.60427070626839e-09,0.0376789791058274,0.24230048481057,0.328610618820508,0.156404354373397,0.146514820223044,0.0637412586674349,0.0147947281147877,0.391409223763117,0,0.0376793492502575,0.24230088421882,0.328610542767805,0.156409667089251,0.146514377055243,0.06374096241766,0.0147946917668404
964,0,-1113.13015418908,-1113.13015382719,0.484014376013409,7.7743743283119e-09,0.0254145647393528,0.23480966632357,0.255761385149293,0.139997233579645,0.171247981599907,0.0526048406785403,0.0481599120206379,0.484014379776318,0,0.0254145649369351,0.234809668149069,0.255761387137678,0.139997233579645,0.171247981599907,0.0526048406785403,0.0481599120206379
965,0,-1141.60055112954,-1141.6005495447,0.456484121066655,2.18773253632396e-08,0.0715173566756548,0.185909071084628,0.286089429295737,0.271513340453156,0.147846288814386,0.0564486999761167,0.0214559743344098,0.456484131053306,0,0.0715173582402633,0.185909075151822,0.286089435554609,0.271513340453156,0.147846288814386,0.0564486999761167,0.0214559743344098
966,1.16998944577063e-05,-1076.11206435423,-1076.11207020418,0.483185701568312,2.42196991815236e-08,0.0791746173804491,0.223191112633688,0.214448544197852,0.0442535269807682,0.154485316513431,0.0896644992131063,0.027387418208413,0.483185713270925,0,0.0791746192980346,0.223191118039309,0.214448549391731,0.0442535269807682,0.154485316513431,0.0896644992131063,0.027387418208413
967,0,-1147.56390362013,-1147.56390350263,0.462200712395263,1.1692633737978e-08,0.0382234228194036,0.162919165828917,0.336656687263782,0.204763506124889,0.113077080317159,0.0702883062726251,0.0107611686809483,0.462200717799607,0,0.0382234232663361,0.162919167733871,0.336656691200186,0.204763506124889,0.113077080317159,0.0702883062726251,0.0107611686809483
968,1.55955603986513e-07,-1046.75028606793,-1046.75028614591,0.500045289967223,4.79180207287029e-11,0.0873885403898673,0.220929544701286,0.191636624893706,0.176986550811691,0.118581480133505,0.0980715900044715,0.0227245949367772,0.500045214597101,0,0.0873886826552793,0.220929473581962,0.191636629165657,0.176986308907533,0.118581441480298,0.0980715149688279,0.0227245983832048
969,6.96868937666295e-07,-1168.5533148172,-1168.55331516563,0.410842279958095,2.08588484087873e-08,0.0681879378180877,0.241866805494302,0.279102955870666,0.244548736885606,0.125846803688838,0.149164750062109,0.0329614552737815,0.410842288527792,0,0.0681879392404096,0.241866810539366,0.279102961692432,0.244548736885606,0.125846803688838,0.149164750062109,0.0329614552737815
970,0,-1183.13184988957,-1183.1318489167,0.419036150603119,2.26924680703999e-08,0.0741820723608748,0.200981054663701,0.305800699679837,0.132758810676311,0.183608288008781,0.115601960178425,0.02756135991426,0.419036159094095,0,0.0741820740919803,0.20098105811863,0.305800708695295,0.132758789166772,0.183608251135286,0.115601969396798,0.0275612677305223
971,0,-1176.54138070154,-1176.54138066711,0.383004541885875,1.48739713964952e-10,0.0580180656097369,0.199652012183064,0.359325380172584,0.0488767626120687,0.100874871570189,0.0690861708842892,0.0410849151071165,0.383004541734388,0,0.0580180658826231,0.199652012691826,0.359325379691163,0.0488767649279535,0.100874871483246,0.069086170897667,0.0410849152921523
972,0,-1116.00509014111,-1116.00508889562,0.468139962574427,1.42186043532611e-08,0.0464808646431182,0.240044762219983,0.245334396343868,0.108994622649474,0.136753995666323,0.0804969019436136,0.0510264103411107,0.468139969230724,0,0.0464808653040112,0.240044765633084,0.24533439983218,0.108994622649474,0.136753995666323,0.0804969019436136,0.0510264103411107
973,2.76892586361828,-1103.85209081828,-1105.23655375009,0.417754967815257,0.0165550659410465,0.0249673893433919,0.308577228413804,0.2321453484865,0.36774272015495,0.108178935802339,0.109294373891351,0.0410187145392216,0.420407538367988,0,0.0236518997613928,0.315607869479459,0.24033269239116,0.391921271900768,0.10824831520381,0.105782879383966,0.040820601689451
974,0.458617499251886,-1178.16251930693,-1178.39182805656,0.374456772459289,0.00423765361976381,0.0528036081400925,0.213733058199509,0.354768907581346,0.067796013871646,0.156814691914625,0.0732432098924452,0.0284243919874855,0.375804421755863,0,0.0521954904532589,0.216204727331361,0.355795360459517,0.0655400646369168,0.160429233133164,0.0733211853364077,0.028433921541072
975,0,-1119.0675213261,-1119.06752130763,0.485391357588993,3.08900249998626e-09,0.0309107069447364,0.194479505273564,0.289218427103705,0,0.129923500661085,0.0749428674919235,0.0329086346804492,0.485391352477134,0,0.030910752501429,0.194479426724831,0.289218468296606,0,0.129923582095389,0.0749427994430069,0.0329086181040894
976,1.64844141181675e-06,-1101.0677750055,-1101.06777582972,0.405188722653657,3.18191990531595e-08,0.10401751640122,0.199436359676448,0.291357369449476,0.0630682858174995,0.115821308491871,0.0507945611183427,0.0199811786348069,0.40518874112709,0,0.104017517043516,0.199436364838563,0.291357376990831,0.0630670441729387,0.115821229657178,0.0507942260711346,0.0199809618358031
977,0,-1167.17755551434,-1167.17755377889,0.397259776028554,2.46540454429505e-08,0.0805944248442735,0.226937866656022,0.295207907817105,0.161170334908707,0.158627506251141,0.0800225456803008,0.0467602418162845,0.397259736828655,0,0.0805945201651349,0.226937497520595,0.295208245485615,0.161169087647855,0.158627402911288,0.080022564307069,0.0467604263375228
978,0,-1113.77249817791,-1113.77249813382,0.480551639505433,2.35103180346373e-10,0.0792653285854297,0.174705409445423,0.265477622228612,0.156208536352646,0.145109029957138,0.0464729960169129,0.053775524699046,0.480551654075374,0,0.0792653415716031,0.174705390491141,0.265477613861882,0.156208360658923,0.145109038138263,0.0464729899012925,0.0537755228802117
979,1.32010861019489,-1144.2492290056,-1144.9092833107,0.455058511956266,0.0107876141888283,0.0452204728988766,0.162163653272756,0.326769747683273,0.0260200830972663,0.0938742711282817,0.0785306443162911,0.0374802050667088,0.454545298889524,0,0.0469503042662953,0.17433169935227,0.324172697491911,0.088787089889996,0.0939789786779847,0.0792463425712897,0.0380010852603535
980,1.07957157524652e-06,-1135.44132452127,-1135.44132506105,0.450913086004259,1.79876679989334e-08,0.0588019991787741,0.208454060660749,0.28183083616855,0.169381077252371,0.160722297719078,0.080907815701728,0.0247070427281559,0.450913094115134,0,0.058802000236485,0.208454064410351,0.28183084123803,0.169381077252371,0.160722297719078,0.080907815701728,0.0247070427281559
981,1.73254529598444,-1039.14196649434,-1040.00823914233,0.515305534887771,0.00741105440986038,0.0518232338144983,0.191900401484071,0.2335597754038,0.0401609565562189,0.123452643450342,0.0742493733075261,0.00844377139270671,0.518435933369068,0,0.0459354117516036,0.202442191546218,0.233186463333111,0.0377861247896852,0.129780827000871,0.074626762937948,0.00845435765151859
982,0,-1170.15983172615,-1170.15983156311,0.37007509551039,1.25502393298766e-08,0.0410269503980493,0.256288477815498,0.332609463725824,0.162692784343029,0.143026217177268,0.097826298823599,0.0118837424515119,0.370075100154921,0,0.0410269509129474,0.256288481031979,0.332609467900152,0.162692784343029,0.143026217177268,0.097826298823599,0.0118837424515119
983,0.173900205743394,-1121.70843322065,-1121.79538332352,0.464388183902633,0.0331450282678366,0.0083402587197345,0.24004412127514,0.254082407834656,0.127235730307832,0.138601943605691,0.101004547116505,0.0332718985163017,0.480285378255945,0,0.00909859168895427,0.250785180869692,0.259830849185409,0.0849462953367267,0.146174469124538,0.0896245134563204,0.0331325053962583
984,0,-1131.54722529514,-1131.5472235892,0.455262989512574,1.93462105027444e-08,0.0632430982249737,0.237864655490375,0.243629237425867,0.247594616687002,0.134847447014483,0.106289941777251,0.0612582787389798,0.455262998320188,0,0.063243099448488,0.237864660092155,0.24362924213917,0.247594616687002,0.134847447014483,0.106289941777251,0.0612582787389798
985,0,-1089.71421490795,-1089.71421424641,0.427549567422125,1.29072918383475e-08,0.0421941612511255,0.288644804109645,0.241611454309813,0.108673324999319,0.162594416128704,0.0795677477668975,0.0345369445982937,0.427549572940632,0,0.0421941617957379,0.288644807835268,0.241611457428362,0.108673324999319,0.162594416128704,0.0795677477668975,0.0345369445982937
986,2.42780515691265e-08,-1142.97852603836,-1142.9785260505,0.456048847876656,8.16801237254624e-10,3.96964222765188e-12,0.264663613278499,0.279287538024074,0.126407086826003,0.157341243020021,0.0926502913084808,0.0387537860565367,0.456048851834331,0,2.07230242127017e-09,0.264663610871853,0.279287535221513,0.126407096071405,0.157341244217397,0.0926502940855193,0.0387537850498351
987,3.96606355934637e-06,-1173.05360819022,-1173.05361017325,0.409887341583702,1.3976524479629e-08,0.0456895013306888,0.223210712511953,0.321212430597132,0.116644848255627,0.135486293133211,0.0646273211198537,0.038687918034788,0.409887347312503,0,0.0456895019692693,0.223210715631663,0.321212435086565,0.116644848255627,0.135486293133211,0.0646273211198537,0.038687918034788
988,1.64306311489781e-06,-1149.31511818587,-1149.3151190074,0.487925232367425,1.18427066081442e-08,0.0387140017594292,0.174668301929155,0.298692452101285,0.1848816836999,0.108002104825404,0.116911463990017,0.026561699830979,0.487925516134974,0,0.0387140113163739,0.174668335046397,0.298692137502255,0.184882253573561,0.108002230846359,0.116911489524676,0.0265617703312556
989,6.72358964948216e-07,-1108.14754235043,-1108.14754268661,0.539379475828526,1.00077320444804e-08,0.0327154499124522,0.187685887407208,0.240219176844082,0,0.155127769038694,0.0675855349018763,0.0379862142497381,0.539379481226491,0,0.0327154502398597,0.187685889285518,0.240219179248131,0,0.155127769038694,0.0675855349018763,0.0379862142497381
990,0,-1198.14136241164,-1198.14136235717,0.431632309997326,1.15742950727708e-12,0.0567244109956171,0.155693545029855,0.355949733976045,0.13093187374861,0.187245919010383,0.0619046184639158,0.0266053645965399,0.431632045006064,0,0.0567246434718534,0.155693669849125,0.355949641672957,0.130932589308506,0.187246111854213,0.061904495970362,0.0266052903028234
991,5.46566204204828,-1173.76824034607,-1176.5010713671,0.368443790182858,0.0143017266931611,0.10457871329373,0.174789460938661,0.33788630889159,0.226597980451389,0.129101846628004,0.0746359525386205,0.0161163846816332,0.378563722255018,0,0.103299058481883,0.180945169172547,0.337192050090551,0.228387448957204,0.131148691087457,0.0848743482092062,0.0161193938167446
992,0.0298858847791053,-1108.79039266129,-1108.80533560368,0.502636712029882,0.00153532342243085,0.0179768700519191,0.220419266546102,0.257431827949666,0,0.166528796186253,0.096818327955364,0.0129837573551344,0.503360031549188,0,0.0178520685599974,0.221978204034199,0.256809695856615,0,0.168167381530193,0.0969155269366138,0.0129910136994806
993,2.11042788578197e-07,-1109.30107642844,-1109.30107653396,0.474676727538699,9.86738393431468e-09,0.0322566495021269,0.235175769934544,0.257890843157246,0.225998250705035,0.18268983979338,0.118202486961586,0.00438945330562524,0.474676732222517,0,0.0322566498204156,0.235175772255114,0.257890845701954,0.225998250705035,0.18268983979338,0.118202486961586,0.00438945330562524
994,7.94276911619818e-06,-1142.77182181124,-1142.77182578262,0.490724795745886,2.90873988480939e-08,0.0950872121544442,0.135034589642912,0.27915337336936,0.161677863058635,0.169776751267165,0.0885082230811682,0.0304557838147592,0.490724810019794,0,0.0950872149202839,0.135034593570717,0.279153381489205,0.161677863058635,0.169776751267165,0.0885082230811682,0.0304557838147592
995,0,-1082.80392358987,-1082.80392354716,0.491768135214004,2.66084922990099e-10,0.078057342945976,0.188952965950142,0.241221555623792,0.161867558605278,0.114162890843467,0.0626237519795586,0.0340485238534417,0.491768138374734,0,0.0780573431032653,0.188952964917156,0.241221553604844,0.161867559977346,0.114162894934854,0.0626237523427879,0.0340485253264749
996,0,-1141.39400009379,-1141.39399977994,0.408155280696493,4.02349826208462e-09,0.013152885716866,0.267749527591655,0.310942301971488,0.129431379028408,0.109746086085445,0.0745247216757876,0.0180991618061441,0.408155282338705,0,0.0131528857697866,0.267749528668945,0.310942303222563,0.129431379028408,0.109746086085445,0.0745247216757876,0.0180991618061441
997,0,-1180.57476104429,-1180.57476067201,0.388365649139617,8.13732681155103e-09,0.0266010627124434,0.249642190116367,0.335391089894245,0.17185927736474,0.174556543853494,0.0900527516162266,0.00620445046609597,0.388365652299876,0,0.026601062928905,0.249642192147787,0.335391092623432,0.17185927736474,0.174556543853494,0.0900527516162266,0.00620445046609597
998,0,-1096.83314400804,-1096.83314394092,0.478535809056919,2.06104217052718e-10,0.0429710484183673,0.206627669373452,0.271865472945157,0.210597701944417,0.121063793481881,0.0580797150632252,0.0207391091069813,0.478534985766284,0,0.042971393299719,0.206627833951492,0.271865786982505,0.210599301066445,0.12106397691866,0.0580793443953728,0.0207392199239411
999,1.28658484754851e-07,-1064.27446780583,-1064.27446787016,0.435480567910907,9.17914816654898e-09,0.0300067948209442,0.335441662202005,0.199070965886995,0.159226524230542,0.163547368321019,0.074630907827314,0.0405023930530675,0.435480571908248,0,0.030006795096381,0.335441665281074,0.199070967714297,0.159226524230542,0.163547368321019,0.074630907827314,0.0405023930530675
1000,1.62746910064016e-05,-1223.10357079648,-1223.10357893383,0.402364930969882,1.17343684367763e-08,0.0383596870819245,0.168686555291384,0.390588814922441,0.259740670948746,0.112202209360348,0.0816400879544418,0.0480874938165385,0.40236390273288,0,0.038359474637862,0.168687104319165,0.390589518310093,0.259745400345533,0.112201282435399,0.0816401244973901,0.0480874614772649
