"replicate","lr","ll_full","ll_restr","pi_full_self","pi_full_self_mob","pi_full_self_mer","pi_full_self_mob_mer","pi_full_rand","tr_full_spec","tr_full_high","tr_full_medium","tr_full_low","pi_restr_self","pi_restr_self_mob","pi_restr_self_mer","pi_restr_self_mob_mer","pi_restr_rand","tr_restr_spec","tr_restr_high","tr_restr_medium","tr_restr_low"
1,0,-1144.56538031982,-1144.56537843166,0.379758450753997,0.222453510190361,0.135778597745762,4.15349950950293e-08,0.262009399774886,0.0905883290391615,0.245237150771215,0.0899532194874921,0.0413520009079235,0.379758490812247,0.222453578142768,0.135778630458982,0,0.262009300586003,0.0905880398116257,0.245237921220116,0.089953098128859,0.0413520161465658
2,11.6008567626618,-1101.1616360042,-1106.96206438553,0.446601967845385,0.164826613803342,0.0576783095036922,0.0881491160386024,0.242743992808978,0.143026645861847,0.163119308906946,0.0897786167693193,0.0250756164027896,0.39886829213658,0.214928179715103,0.137706913644508,0,0.248496614503809,0.191385794260597,0.179888255764615,0.0890996843997756,0.0249718524276132
3,0,-1145.52831672201,-1145.52831617752,0.418331918640083,0.17903366262337,0.145785805262344,4.45962157263591e-08,0.256848568877988,0.143582238406785,0.158708408722144,0.100775256730843,0.0353811346759961,0.418331934494415,0.179033677334823,0.145785811141813,0,0.256848577028948,0.143582244839165,0.158708316344604,0.100775250020096,0.0353813761585552
4,0,-1146.85927663451,-1146.85927627813,0.378480507983901,0.214536340123913,0.125382728176104,3.83548674999198e-08,0.281600385361215,0.245322825934756,0.154117707896776,0.151845331473387,0.0200488007977074,0.378480522500472,0.214536348352426,0.125382732985142,0,0.281600396161961,0.245322825934756,0.154117707896776,0.151845331473387,0.0200488007977074
5,1.78988960278548,-1086.11700240132,-1087.01194720271,0.45542598787109,0.168514729526963,0.0998403620967038,0.0254297272078825,0.25078919329736,0.157728887596508,0.152631895203776,0.0916760253686247,0.0215932824613254,0.437639047733658,0.17428984481828,0.13278350311998,0,0.255287604328082,0.160320252558808,0.15591880136145,0.0964709329186686,0.0216141322407657
6,0,-1137.29753869056,-1137.29753766017,0.345413010894332,0.259248786722479,0.158879150426902,4.86015007949479e-08,0.236459003354787,0.225867380639092,0.208526987413718,0.112659730536371,0.0449789685286231,0.345413027681923,0.25924879932236,0.158879158148667,0,0.23645901484705,0.225867380639092,0.208526987413718,0.112659730536371,0.0449789685286231
7,0,-1112.86247706508,-1112.8624736635,0.329417112553864,0.246766257926333,0.183176442485612,5.6034098817618e-08,0.240640131000092,0.233449842372366,0.164967531777378,0.119266750047215,0.0296110690261116,0.329417131012456,0.246766271753659,0.18317645274974,0,0.240640144484146,0.233449842372366,0.164967531777378,0.119266750047215,0.0296110690261116
8,1.89063173227214,-1158.25047349098,-1159.19578935712,0.427254157599449,0.179987459645716,0.0935570399685162,0.0119447734717053,0.287256569314614,0.126808924867507,0.238642384959339,0.0711469211767551,0.0300485148975246,0.429755870755568,0.179095853708925,0.0988647784108178,0,0.292283497124689,0.11902761887257,0.241726547092458,0.0707540654776674,0.0299892860856102
9,1.73308507696402,-1106.11564142418,-1106.98218396266,0.474836441093228,0.188088505557368,0.0589226120448624,0.0480849579964619,0.23006748330808,0.10012980300272,0.173301431656272,0.113850614499321,0.039102949886372,0.473727676568595,0.206259048694488,0.0842523604820912,0,0.235760914254825,0.0772247149772252,0.182692551204954,0.113322665787656,0.0389159467806367
10,0.735676361427068,-1165.08436964947,-1165.45220783018,0.418567048156025,0.171020610708333,0.0688495237266396,0.0489206448837673,0.292642172525235,0.132670471672111,0.195226279574906,0.116747715483551,0.0398917803080826,0.365800567038634,0.220880864008597,0.111241781529612,0,0.302076787423157,0.214585063633787,0.176532362565325,0.115439845150263,0.0394138884626955
11,0,-1178.4243402961,-1178.42433719388,0.310691069300685,0.218702995196172,0.158749935746525,4.85620697902879e-08,0.311855951194548,0.156527460388143,0.204105474921965,0.09651473369734,0.0257739291273851,0.310690443548864,0.218702697470731,0.158750318596564,0,0.311856540383842,0.156527092230625,0.204104987548434,0.0965143919384052,0.025774371911995
12,0,-1141.79859984974,-1141.79859767224,0.379248203697284,0.186497845620277,0.218997409154889,5.70501237438339e-08,0.215256484477426,0.266109240659065,0.216276779660164,0.156169630537221,0.0267738356146072,0.379248225333443,0.186497856260003,0.218997421648719,0,0.215256496757836,0.266109240659065,0.216276779660164,0.156169630537221,0.0267738356146072
13,0,-1148.23148447233,-1148.23148428609,0.380758311486339,0.235313673795619,0.126353861802392,3.86519395297188e-08,0.257574114263711,0.139985235749624,0.203888657484165,0.144629790653778,0.0295409223423742,0.380758326203387,0.235313682890949,0.126353866686214,0,0.25757412421945,0.139985235749624,0.203888657484165,0.144629790653778,0.0295409223423742
14,0,-1149.67203943354,-1149.6720358506,0.405247430760822,0.210370500998608,0.140289968538512,4.29150264615138e-08,0.244092056787032,0.120811023627124,0.195785681225659,0.190219205313974,0.0238694754054028,0.405247454736821,0.210370502871181,0.140289974660871,0,0.244092067731127,0.120810704498875,0.195785675767328,0.190219494090502,0.0238695051992924
15,7.281454004642,-1110.39126681252,-1114.03199381484,0.440555625168488,0.197053996504074,0.0668455350826408,0.0635480002311573,0.231996843013639,0.113111724253977,0.231165114586744,0.0532761602310267,0.0258277300892278,0.416116200463227,0.224567382100891,0.122670096648122,0,0.236646320787761,0.183182039895386,0.237497125092912,0.0533264100119198,0.0257788274911003
16,0,-1144.87938031905,-1144.87937895292,0.377365118738012,0.189514544588946,0.146326499122326,4.4761615632428e-08,0.2867937927891,0.227720479361243,0.159209569491079,0.0731805787268046,0.0282899701399454,0.377365135629485,0.189514553071923,0.146326505672137,0,0.286793805626455,0.227720479361243,0.159209569491079,0.0731805787268046,0.0282899701399454
17,0,-1145.31501888066,-1145.31501791709,0.380287263921785,0.23400913669407,0.135791330334222,4.15388830532686e-08,0.24991222751104,0.265389788178889,0.2282856043265,0.113366790352139,0.0116919369843079,0.380287279718493,0.234009146414549,0.135791335974843,0,0.249912237892115,0.265389788178889,0.2282856043265,0.113366790352139,0.0116919369843079
18,0,-1108.70561901828,-1108.70561588214,0.410900442238693,0.224036362582473,0.171113531953344,5.23440264937913e-08,0.193949610881463,0.154560203237215,0.206170479596311,0.107491523316871,0.0416615220360438,0.410900463746878,0.224036374309439,0.171113540910116,0,0.193949621033567,0.154560203237215,0.206170479596311,0.107491523316871,0.0416615220360438
19,0,-1143.38688885965,-1143.38688840402,0.398487580051586,0.252893033728809,0.071887317898606,2.19904974555852e-08,0.276732046330502,0.237537541509508,0.139955984694819,0.121775463275118,0.0325185628858315,0.398487589966843,0.252893038478251,0.0718873200272541,0,0.276732051527652,0.237537584221993,0.139956393514315,0.121775603616139,0.0325182883055729
20,3.51324858382304,-1063.36231103186,-1065.11893532378,0.46104280216931,0.167333553824401,0.139599441260231,0.0296423679000526,0.202381834846005,0.0917700762390723,0.133705889474848,0.155407246226177,0.0267341587629614,0.437074648112484,0.20475412497393,0.156153658767949,0,0.202017568145637,0.135662899185593,0.141794110006293,0.154406236763136,0.0267890521585281
21,0,-1164.17527100542,-1164.17526934166,0.426257216455793,0.14811194445254,0.136328713236435,4.17032697300535e-08,0.289302084151962,0.237342423287275,0.156840213408499,0.0980451946683524,0.0374701458568258,0.426257234232113,0.148111950629293,0.136328718921789,0,0.289302096216805,0.237342423287275,0.156840213408499,0.0980451946683524,0.0374701458568258
22,1.09723002663623,-1183.95113982766,-1184.49975484098,0.414990467681517,0.13994340331779,0.104713401761615,0.0120673056810968,0.328285421557981,0.0179608625985514,0.171119129960822,0.113205344230893,0.018870957482831,0.399944071787214,0.142743728460807,0.127046081925512,0,0.330266117826467,0.0404178044587396,0.165666567918837,0.114983780507959,0.0190626190602182
23,0.178470276044209,-1141.8314080625,-1141.92064320052,0.401374538527607,0.16508366507865,0.0944921660752914,0.032135983341039,0.306913646977412,0.180477519948978,0.139153821926236,0.0844478517005223,0.0138934076457626,0.389620056117626,0.166848002192106,0.127417599179399,0,0.316114342510869,0.175529516866998,0.12831047274669,0.0832388284034265,0.0137188017369942
24,0,-1152.74943844478,-1152.74943823942,0.463296903213987,0.170055590385975,0.0920808485154117,2.81677452346415e-08,0.274566629716881,0.152755121469839,0.215426511118749,0.13787179585172,0.0280461550814546,0.463296916264016,0.170055595176058,0.0920808511091216,0,0.274566637450804,0.152755121469839,0.215426511118749,0.13787179585172,0.0280461550814546
25,0,-1127.10864024624,-1127.10864008186,0.436592219401572,0.191710238599753,0.113734661187651,3.47916967787916e-08,0.257962846019326,0.0361794438441015,0.239217618971324,0.0908839528828811,0.0396730719595036,0.436592234591357,0.191710245269678,0.113734665144673,0,0.257962854994292,0.0361794438441015,0.239217618971324,0.0908839528828811,0.0396730719595036
26,1.38717300022745,-1137.9261785604,-1138.61976506051,0.433479405429113,0.147963669850179,0.104421815665513,0.0308503584923757,0.283284750562819,0.07311538486124,0.180372250868809,0.0916046941735732,0.0172888214675049,0.398180465554828,0.164236228953719,0.147766978048778,0,0.289816327442674,0.0762018225190299,0.192070716103154,0.0918303935339017,0.0174811969584023
27,6.70418558001984e-07,-1082.29375040107,-1082.29375073628,0.486821120164435,0.178610936795259,0.151625173013128,4.63824922712068e-08,0.182942723644685,0.193769540119442,0.198651074446921,0.0932133739717717,0.0433312997806413,0.486821142744413,0.17861094507968,0.151625180045882,0,0.182942732130025,0.193769540119442,0.198651074446921,0.0932133739717717,0.0433312997806413
28,0,-1115.55149708241,-1115.55149676726,0.409112306668565,0.234719140670575,0.135401391229112,4.1419599776161e-08,0.220767120012147,0.231254318546088,0.221208829961752,0.136157606477883,0.022404528317492,0.409112323613834,0.234719150392548,0.135401396837384,0,0.220767129156234,0.231254318546088,0.221208829961752,0.136157606477883,0.022404528317492
29,1.59836091700117,-1136.70988657797,-1137.50906703647,0.433115590517826,0.147035967505551,0.0893454834009344,0.0472733495328518,0.283229609042837,0.0950059134621662,0.178038777705912,0.0992873456290795,0.0188588686927846,0.423342864839402,0.179995162345676,0.109451581512861,0,0.287210391302061,0.0774645422501359,0.180494733482652,0.100590303527393,0.0189313191656851
30,3.34381140175083,-1051.77204593294,-1053.44395163382,0.540456187855752,0.081334004155163,0.130549897268717,0.0785911978142338,0.169068712906134,0.279731912441375,0.193315512947845,0.0856647161692957,0.0248081928312484,0.510786769183428,0.100233456082875,0.213454109545627,0,0.17552566518807,0.322427092120421,0.197338933922394,0.0839584439000798,0.0247987869287348
31,0,-1110.9135577395,-1110.91355643675,0.477411094741231,0.223055064673758,0.137313695937917,4.20045782240909e-08,0.162220102642516,0.275287345531831,0.262409929535425,0.20504806556897,0.0160493042457131,0.477411114794684,0.223055074043092,0.137313701705721,0,0.162220109456503,0.275287345531831,0.262409929535425,0.20504806556897,0.0160493042457131
32,1.98760881175986e-06,-1110.43584935605,-1110.43585034986,0.394683581404855,0.226898651367864,0.156439711813177,4.78552708622876e-08,0.221978007558833,0.128295823276841,0.153631356168463,0.166007225156547,0.0236746756358488,0.394683600292545,0.226898662226161,0.156439719299642,0,0.221978018181651,0.128295823276841,0.153631356168463,0.166007225156547,0.0236746756358488
33,2.38952452491503e-07,-1147.41661948181,-1147.41661960128,0.369518741217939,0.204691986909996,0.161517519581481,4.94085840416741e-08,0.264271702882001,0.232196437151485,0.159771019547649,0.122171927525095,0.0507671664584856,0.369518759475337,0.204691997023537,0.161517527561833,0,0.264271715939292,0.232196437151485,0.159771019547649,0.122171927525095,0.0507671664584856
34,18.559451060416,-1097.33031045421,-1106.61003598441,0.504034667276767,0.112267639712166,0.0671121677789162,0.0972568649110413,0.219328660321109,0.0307648476530558,0.202310063042995,0.131753381279433,0.029137905814019,0.487527407408413,0.139825952966295,0.153261730536198,0,0.219384909089094,0.0244489999301446,0.235932263972072,0.128369722651886,0.0290387706453914
35,0,-1122.23172555764,-1122.23172341441,0.372974074964031,0.215382019674114,0.164701071788968,5.03824400493831e-08,0.246942783190447,0.210067383538312,0.173280349787445,0.0871331813552769,0.0301780437316685,0.372974093755376,0.215382030525586,0.16470108008701,0,0.246942795632028,0.210067383538312,0.173280349787445,0.0871331813552769,0.0301780437316685
36,0,-1138.48217744079,-1138.48217560997,0.382191907813884,0.19723248489337,0.1814193963625,5.54966143313294e-08,0.239156155433631,0.294214476083812,0.275664184927788,0.0998451301477996,0.0284446066617019,0.382191929024242,0.197232495839106,0.181419406430663,0,0.239156168705989,0.294214476083812,0.275664184927788,0.0998451301477996,0.0284446066617019
37,0,-1108.61462684495,-1108.61462362417,0.428491831801665,0.176440427331139,0.146062071339949,4.46807265601935e-08,0.249005624846521,0.0400814957895668,0.190976368828398,0.115795447553697,0.0293250510091412,0.428491850946992,0.176440435214626,0.146062077866108,0,0.249005635972273,0.0400814957895668,0.190976368828398,0.115795447553697,0.0293250510091412
38,0.27653216419003,-1120.00353624449,-1120.14180232659,0.514017254141139,0.109972143392308,0.114761111694936,0.0142486654101021,0.247000825361514,0.120415459200573,0.211726028044662,0.102951847306143,0.00463124648022857,0.496360154754666,0.130951460846485,0.133957663259402,0,0.238730721139447,0.254733432513239,0.21244846215515,0.104233933732331,0.00463865222047728
39,0,-1122.77690211652,-1122.7768997694,0.381838020456019,0.193936959540381,0.166881038826668,5.1049297024833e-08,0.257343930127635,0.109525606435165,0.14585996016939,0.0957032610691264,0.038575207732927,0.381838039948583,0.193936969440727,0.166881047345828,0,0.257343943264862,0.109525606435165,0.14585996016939,0.0957032610691264,0.038575207732927
40,6.01642224711077,-1091.93213473737,-1094.94034586092,0.484845431754423,0.157880017243082,0.0676365134265136,0.0772585694628787,0.212379468113103,0.154785403894965,0.210747393629159,0.0935429014401873,0.038064607587031,0.428123836267891,0.216778340761348,0.141780152177985,0,0.213317670792776,0.238575840428924,0.216014494509313,0.091190160270047,0.0380635742665812
41,0,-1147.02554495696,-1147.02554484568,0.347155960982858,0.241806639922471,0.170329812508455,5.2104276478304e-08,0.24070753448194,0.353751347615127,0.1670090898827,0.146286690764919,0.0335666187676738,0.347156011163358,0.241806683480726,0.17032978814617,0,0.240707517209747,0.353750882177927,0.16700899108549,0.146286797299882,0.0335667519055853
42,0,-1067.4450908219,-1067.44508920277,0.450912932504161,0.270138244075916,0.122446880784007,3.74567849700381e-08,0.156501905179131,0.2058820408288,0.246781166299609,0.145411886941479,0.0267518021046056,0.450912949393911,0.270138254194426,0.122446885370474,0,0.156501911041189,0.2058820408288,0.246781166299609,0.145411886941479,0.0267518021046056
43,0,-1137.51128732096,-1137.51128620432,0.404345080756213,0.217196940801683,0.142812512871798,4.36866790841798e-08,0.235645421883627,0.335097833471271,0.192305660731605,0.132580713155006,0.019412175420306,0.404345098420708,0.217196950290296,0.142812519110803,0,0.235645432178193,0.335097833471271,0.192305660731605,0.132580713155006,0.019412175420306
44,5.326150092852,-1130.66970062081,-1133.33277566724,0.459598181724512,0.16764305065249,0.0883756505573602,0.0568590632848301,0.227524053780807,0.0836981277715233,0.177604989873498,0.163238026458382,0.0336657162593513,0.457808184742587,0.195516089704339,0.124726264044214,0,0.221949461508861,0.122786047801708,0.179587517914652,0.164544996729919,0.0335916087619482
45,7.51591414882569e-07,-1095.14952430495,-1095.14952468075,0.344132975095868,0.331060091206116,0.116450467519251,3.56224740601619e-08,0.208356430556291,0.32681491691034,0.234611323231305,0.0976061467159827,0.0230990948291386,0.344132991860832,0.331060305824624,0.116450476134877,0,0.208356226179666,0.326814962107202,0.234611257449441,0.0976061820323034,0.0230991498739092
46,2.44850998569746e-05,-1061.74242513958,-1061.74243738213,0.496856143592271,0.188261483914945,0.106828970648361,3.2679230018155e-08,0.208053369165194,0.125816240663889,0.152638344557774,0.107143460505666,0.0332958675841052,0.496856159829147,0.188261490067185,0.106828974139449,0,0.208053375964218,0.125816240663889,0.152638344557774,0.107143460505666,0.0332958675841052
47,3.73843022316578e-06,-1081.14670762886,-1081.14670949808,0.343700543703591,0.24756090855372,0.182522064634824,5.5833923114577e-08,0.226216427273942,0.107736828307266,0.169626370094051,0.13328966725673,0.0231805257075752,0.343700562893741,0.247560922376018,0.182522074825748,0,0.226216439904493,0.107736828307266,0.169626370094051,0.13328966725673,0.0231805257075752
48,2.50522089118022e-06,-1160.37556231415,-1160.37556356676,0.370111203964388,0.233571807907172,0.10900247271699,3.33441093445643e-08,0.28731448206734,0.0784789649921913,0.238797154422245,0.127655877290212,0.0190454456920302,0.370111216305416,0.233571815695417,0.109002476351581,0,0.287314491647586,0.0784789649921913,0.238797154422245,0.127655877290212,0.0190454456920302
49,0,-1162.15180850403,-1162.15180700493,0.387886850026182,0.134529919271518,0.183587799918182,4.11530144820808e-08,0.293995389631103,0.145437976161535,0.186908829289893,0.0686162588026211,0.0329231749461832,0.387886865988895,0.13452992480783,0.183587807473374,0,0.2939954017299,0.145437976161535,0.186908829289893,0.0686162588026211,0.0329231749461832
50,1.48661141050343,-1139.21935792388,-1139.96266362913,0.396148349598947,0.162662244994221,0.172305194852095,0.0139225862410306,0.254961624313707,0.163006896099882,0.15739943084798,0.157897773721005,0.0341636402589918,0.377071215661757,0.170880805348711,0.195411796203245,0,0.256636182786287,0.167969057471346,0.154874826350754,0.158009049602015,0.0341023249339427
51,0,-1187.64337982218,-1187.643378792,0.328418553243554,0.238889869683606,0.0959687706702045,2.93570696437231e-08,0.336722777045566,0.112761510832171,0.183409757149231,0.152411308323979,0.0240325948286705,0.328418562884961,0.238889876696713,0.0959687734875665,0,0.33672278693076,0.112761510832171,0.183409757149231,0.152411308323979,0.0240325948286705
52,0,-1100.32182746879,-1100.32182496176,0.387576603413122,0.240681845897145,0.119664814994197,3.66057445891466e-08,0.252076699089791,0.0520156534517869,0.166042759869687,0.0771055680357087,0.0524127849928816,0.387576617600653,0.240681854707483,0.119664819374617,0,0.252076708317247,0.0520156534517869,0.166042759869687,0.0771055680357087,0.0524127849928816
53,7.01526823831955e-06,-1099.40847464684,-1099.40847815448,0.395187790164345,0.209524348734985,0.184197942334975,5.63465779919304e-08,0.211089862419117,0.193786337200623,0.198031662268127,0.0785596416442269,0.032935109752506,0.395187812431826,0.209524360540965,0.1841979527139,0,0.211089874313309,0.193786337200623,0.198031662268127,0.0785596416442269,0.032935109752506
54,0,-1133.21564132133,-1133.2156387751,0.388819541721396,0.2277640114449,0.0691741499926747,2.11605332207596e-08,0.314242275680495,0.0863984640757439,0.161260898436143,0.0938487091167503,0.0287976204789735,0.388819548451784,0.227764016835791,0.0691741525933319,0,0.314242282119093,0.0863984608947246,0.161260860281005,0.0938488235761718,0.0287974614852892
55,4.45770638179965e-06,-1067.93397127242,-1067.93397350127,0.510547801315722,0.190454731884795,0.122846543040707,3.75790425817798e-08,0.176150886179733,0.178049229995874,0.195597282355899,0.107988630082957,0.0261480118733415,0.51054782050162,0.190454739041902,0.122846547657163,0,0.176150892799315,0.178049229995874,0.195597282355899,0.107988630082957,0.0261480118733415
56,0,-1110.10459142542,-1110.10458867044,0.364867718669283,0.267516083904709,0.125480070248856,3.83846446626243e-08,0.242136088792508,0.132350677344045,0.251507880565684,0.101036871837325,0.00468838269619282,0.364867732177659,0.267516093630789,0.125480075145049,0,0.242136099046503,0.132350680006743,0.251507871911916,0.101036870505976,0.00468836206028304
57,2.04878609104253,-1135.76564968752,-1136.79004273304,0.484654577301366,0.157203130401289,0.105819550072998,0.0295528761121406,0.222769866112206,0.27980800495846,0.208155758995482,0.114730500259163,0.0326919194351623,0.446845976300145,0.211492360968447,0.119135893332946,0,0.222525769398461,0.336203554365325,0.212149529177855,0.119362999031697,0.0324550383342826
58,2.5234359866281,-1093.97530264921,-1095.23702064252,0.417570728878585,0.215198205398082,0.0897133123550228,0.0348549233987021,0.242662829969608,0.185356531221221,0.152554333807714,0.118862792933121,0.0092810030885668,0.393372603710535,0.228262039560428,0.12721194041482,0,0.251153416314217,0.207337382437783,0.147098155525227,0.118210582940117,0.00926641485816405
59,0,-1046.58743321781,-1046.58742942427,0.380176522705482,0.285645464500076,0.145917750191783,4.4636578386072e-08,0.18826021796608,0.135895147143359,0.16058416532406,0.124310120808077,0.0217291116800842,0.380176539675262,0.285645477250313,0.145917756705052,0,0.188260226369373,0.135895147143359,0.16058416532406,0.124310120808077,0.0217291116800842
60,0,-1059.24277287654,-1059.24276951821,0.447539730456013,0.186006423703312,0.117516934385008,3.59487566694526e-08,0.248936875506911,0.100635530082124,0.135678280852162,0.072411487878581,0.0121990050753361,0.447540148512363,0.186005590644404,0.117517226383194,0,0.248937034460039,0.100637209967888,0.135678147806975,0.0724112588838942,0.012198694606142
61,0,-1116.31511708437,-1116.31511616277,0.484792865652713,0.17331223476064,0.133173400580065,4.0738052266561e-08,0.20872145826853,0.190317831048309,0.217964067783772,0.115837819335829,0.0360432457948302,0.484792885402231,0.173312241821043,0.13317340600529,0,0.208721466771436,0.190317831048309,0.217964067783772,0.115837819335829,0.0360432457948302
62,3.55160682374844e-06,-1108.66734337644,-1108.66734515224,0.491020681096717,0.194750363197803,0.145434815781976,4.44888476294621e-08,0.168794095434657,0.104531932306541,0.256335781291495,0.118830190371548,0.061972845814658,0.491020702941662,0.194750371862022,0.145434822252204,0,0.168794102944112,0.104531932306541,0.256335781291495,0.118830190371548,0.061972845814658
63,1.23880123611252,-1125.19968702271,-1125.81908764077,0.449754333545285,0.158379307845031,0.078059382281878,0.031920409002159,0.281886567325648,0.268573238790342,0.150265419252722,0.0897651446918405,0.0230901384054218,0.426353794725261,0.175108692823663,0.116633348248516,0,0.281904164202561,0.278389489407246,0.156750010766016,0.0896235257518065,0.0231089290530867
64,0,-1158.82955015977,-1158.82954954531,0.288195281665065,0.242938787180575,0.154704908947903,4.73245906401872e-08,0.314160974881866,0.129389211260847,0.243545981232546,0.0750222736270504,0.0124078610771077,0.28819529530379,0.242938798677555,0.15470491626925,0,0.314160989749406,0.129389211260847,0.243545981232546,0.0750222736270504,0.0124078610771077
65,7.06644108489945,-1068.63779716534,-1072.17101770779,0.500638497496777,0.143396349136488,0.0981699842009262,0.036787804608066,0.221007364557742,0.0973515840772823,0.18725328679542,0.0708536172313533,0.0118340048407965,0.498476211947686,0.157678533505167,0.121293050779218,0,0.222552203767929,0.119635011674384,0.1958908839477,0.0706244329734699,0.011869631500722
66,4.55534392864047,-1127.30630522346,-1129.58397718778,0.471154374917588,0.116667576619633,0.109224354716562,0.0547150510382617,0.248238642707956,0.27993648753004,0.190379793803675,0.0544436786729657,0.0298579202523303,0.464715715179495,0.139167763587354,0.153790916168692,0,0.242325605064459,0.302236020074181,0.206855607233352,0.0551958624800679,0.0298508189929011
67,0.438931924023564,-1083.39910434777,-1083.61857030978,0.480759960755998,0.151342490037063,0.101777329143388,0.0750940281413835,0.191026191922168,0.077012540206687,0.23056386255962,0.103899956169769,0.0312692032733758,0.456058621797442,0.186807463346332,0.161722162172292,0,0.195411752683934,0.105281283970845,0.219410202778522,0.104429277658702,0.0312269949865569
68,2.66003904801892,-1153.81143790609,-1155.1414574301,0.527620661631813,0.10496195950556,0.0869729271847498,0.0254897494095641,0.254954702268313,0.15314396449067,0.196057050117734,0.140257388651328,0.0397554957394234,0.528192227992674,0.11072764609195,0.104222821498964,0,0.256857304416411,0.157127806947477,0.198132018830046,0.141576592026235,0.0397331701422959
69,2.5206359051349,-1115.62344509804,-1116.88376305061,0.389425257250916,0.202868832910627,0.109838704651563,0.0590338370440836,0.23883336814281,0.16824976650489,0.159552936310887,0.172578460932139,0.0135574770554638,0.353493569135093,0.247840366670287,0.151086674538202,0,0.247579389656419,0.20536047443809,0.150882490247067,0.182088192107861,0.0135542552472596
70,9.03317186384811e-06,-1096.87720796387,-1096.87721248046,0.430038359964564,0.21042482353755,0.156666235226448,4.79245649000553e-08,0.202870533346874,0.236174611670383,0.162675816802514,0.158088291911085,0.0220511318730944,0.430038380573966,0.210424833622069,0.156666242734609,0,0.202870543069356,0.236174611670383,0.162675816802514,0.158088291911085,0.0220511318730944
71,1.23471318147494e-06,-1168.39003075045,-1168.39003136781,0.381796318498527,0.206489403247746,0.132374106567017,4.04935463732066e-08,0.279340131193163,0.19077892650614,0.234766020301864,0.13980664779098,0.0270310963808462,0.381796333958815,0.206489411609235,0.132374111927314,0,0.279340142504636,0.19077892650614,0.234766020301864,0.13980664779098,0.0270310963808462
72,1.56616988533642e-06,-1170.39078104795,-1170.39078183104,0.350529689911125,0.19096941191166,0.158335642541567,4.8435240471613e-08,0.300165207200407,0.164725625363884,0.205623331627218,0.116380612033651,0.0240077380008824,0.350529706889116,0.19096942116131,0.158335650210592,0,0.300165221738982,0.164725625363884,0.205623331627218,0.116380612033651,0.0240077380008824
73,0,-1083.4779338715,-1083.47793185127,0.423811292379553,0.206504362153446,0.156273879075205,4.7804542242927e-08,0.213410418587253,0.0968792818202754,0.140458994630387,0.128073954636606,0.0160520207212716,0.423811312639659,0.206504372025293,0.156273886545807,0,0.213410428789241,0.0968792818202754,0.140458994630387,0.128073954636606,0.0160520207212716
74,5.19069544679951e-07,-1127.92137858491,-1127.92137884444,0.392450215729703,0.21520938354137,0.172237275530303,5.26877822616322e-08,0.220103072510841,0.0878115010037866,0.190784687408658,0.168884691003187,0.0197137959360809,0.392450236407036,0.215209394880276,0.172237284605104,0,0.220103084107584,0.0878115010037866,0.190784687408658,0.168884691003187,0.0197137959360809
75,0,-1126.39490917771,-1126.39490481755,0.41801506621746,0.202593525059811,0.164404813991282,5.02918141016043e-08,0.214986544439633,0.418888944649734,0.238813521045639,0.0845984907714457,0.0243792110817484,0.418015087240197,0.202593535248607,0.164404822259499,0,0.214986555251697,0.418888944649734,0.238813521045639,0.0845984907714457,0.0243792110817484
76,0,-1155.27844553267,-1155.27844255005,0.329531054364604,0.252128412203588,0.158374799050727,4.84472185386278e-08,0.259965685933862,0.247133133113219,0.189891429800142,0.141102720608084,0.0393806815168964,0.329531070329468,0.252128424418509,0.158374806723546,0,0.259965698528477,0.247133133113219,0.189891429800142,0.141102720608084,0.0393806815168964
77,0,-1152.57424971613,-1152.57424829876,0.478420820690555,0.166464227709171,0.119290978504302,3.64915903585772e-08,0.235823936604381,0.27837985833674,0.235623343164045,0.163979907117326,0.0100947039355509,0.478424139406792,0.166460440243334,0.119292052409034,0,0.23582336794084,0.278377279744946,0.23562427556352,0.163979314307621,0.0100946635043136
78,5.95026722294278e-06,-1081.28227041823,-1081.28227339337,0.379196047241914,0.202033251327486,0.204911390460669,6.18024403996067e-08,0.213859249167491,0.166346696688849,0.182886593779135,0.11770474778352,0.0213602633411369,0.379196070677156,0.202033263813635,0.204911403124693,0,0.213859262384515,0.166346696688849,0.182886593779135,0.11770474778352,0.0213602633411369
79,3.30227521772031e-06,-1094.18264343128,-1094.18264508242,0.389562655836784,0.263677778931142,0.13873462138904,4.24392398477429e-08,0.208024901403794,0.182014944824141,0.242771704912501,0.105122577285373,0.012695265873185,0.389562626936024,0.263677798185777,0.138734617097947,0,0.208024957780252,0.182015564234928,0.242771752974093,0.105122577285373,0.0126953315473127
80,7.22293771104887e-06,-1169.88803716327,-1169.88804077474,0.456086898131459,0.16585340541525,0.146055049474538,4.46930579461002e-08,0.232004602285695,0.164635092020432,0.192423875957699,0.148923138229085,0.0679659926551547,0.456088008596586,0.165853571676492,0.14605480874885,0,0.232003610978071,0.164638034036335,0.192424624280268,0.148923865077833,0.0679669079355805
81,0,-1133.64176919922,-1133.64176815414,0.404580124753259,0.194875798899768,0.135341449212461,4.14012633741718e-08,0.265202585733248,0.181964379125905,0.188649882409778,0.10298706929357,0.0295367280991456,0.404580141503388,0.194875806967872,0.135341454815768,0,0.265202596712971,0.181964379125905,0.188649882409778,0.10298706929357,0.0295367280991456
82,2.25586290980573e-06,-1105.04490661847,-1105.0449077464,0.407630812793043,0.193667419874151,0.134819699881898,4.12416591101029e-08,0.263882026209249,0.0735489384384272,0.171268735866525,0.108646834988272,0.00567875826366891,0.407630829476884,0.193667427505214,0.134819705605626,0,0.263882037412277,0.0735489506454585,0.171268738918283,0.108646833462393,0.00567868502148141
83,0,-1089.29319300427,-1089.29319253108,0.383413517506391,0.232758866631236,0.152005265648049,4.64987808988345e-08,0.231822303715544,0.227812711359701,0.154354242850679,0.146524280948983,0.00891349001064399,0.383413945778416,0.232758352915662,0.152005306033446,0,0.231822395272476,0.227812071220792,0.154354277644588,0.146524534356926,0.0089140669520472
84,6.33719082543394e-07,-1112.19184513046,-1112.19184544732,0.399474035184531,0.242452084284941,0.12787582333276,3.91175110935728e-08,0.230198018080256,0.237017166118248,0.224005878407249,0.0798819240222541,0.038161103166642,0.399474050810962,0.242452093769064,0.127875828334944,0,0.23019802708503,0.237017166118248,0.224005878407249,0.0798819240222541,0.038161103166642
85,6.25874678320724,-1071.83776910769,-1074.9671424993,0.489570045156225,0.150220262776638,0.0579620730127501,0.0674636014332875,0.2347840176211,0.0158799471193324,0.196051070493584,0.0696738351960276,0.0174346416240074,0.451816602232232,0.192128277607967,0.115223759724576,0,0.240831360435225,0.0700646053440602,0.202620218001343,0.0693862074889099,0.0172609044196557
86,3.91576459269299,-1066.38159998391,-1068.33948228026,0.435921029814622,0.203642434038426,0.0995828925246591,0.0698879767880727,0.19096566683422,0.133203900124591,0.156488715272629,0.101038105397526,0.0417998127750304,0.424208567201145,0.242014152138439,0.144260236558859,0,0.189517044101558,0.18378607297413,0.15705029867294,0.100093967028956,0.0417831427822936
87,3.70963951274871,-1113.17526515386,-1115.03008491023,0.313003180647381,0.254145920097606,0.0875461179221806,0.059811802123771,0.285492979209062,0.131825464554508,0.168176356507287,0.0903718357496781,0.0138337605354748,0.292388910847671,0.291666088189979,0.126686721940694,0,0.289258279021656,0.165897188509654,0.175704065119738,0.0890393558571448,0.0137840182019233
88,2.25467020635097,-1126.64312045035,-1127.77045555353,0.511345264250594,0.100894190850172,0.0868202654041849,0.0281170563147354,0.272823223180314,0.0909684273564228,0.141479323142037,0.123807838189671,0.0284055977778948,0.493719793285011,0.11605230166117,0.118672766127966,0,0.271555138925853,0.10837028679034,0.147419771573096,0.129134783104226,0.02841983600932
89,0,-1065.31936116779,-1065.31935764336,0.361307080894521,0.252245122745655,0.206188552472624,5.51417041290238e-08,0.180259188745496,0.189641711819061,0.176707739345168,0.107213836878904,0.0369229939731185,0.36130710081761,0.252245136654882,0.206188563842213,0,0.180259198685295,0.189641711819061,0.176707739345168,0.107213836878904,0.0369229939731185
90,0,-1095.00072948427,-1095.00072859743,0.323764532874047,0.232425755559067,0.199828490416488,6.11279989207805e-08,0.243981160022399,0.096362731870351,0.191604525978575,0.120612848911435,0.0119821311413978,0.323764552665126,0.23242576976679,0.199828502631605,0,0.24398117493648,0.096362731870351,0.191604525978575,0.120612848911435,0.0119821311413978
91,2.07582518044273,-1152.44384443237,-1153.48175702259,0.468791173615076,0.171558022149518,0.0707224804122373,0.043419088518347,0.245509235304821,0.154966318548439,0.17447227727694,0.181062473533936,0.0334732224912093,0.456464239569406,0.193321187426022,0.102384747419568,0,0.247829825585004,0.149438375853492,0.179149618721273,0.18205606289044,0.0334446684560589
92,0,-1153.09326822122,-1153.09326643395,0.307918891646963,0.233782315369894,0.192185453859625,5.87899762073397e-08,0.266113280333542,0.194987738967596,0.161501081239577,0.139729469780844,0.0342212053951383,0.307918909811128,0.233782329760171,0.192185465689441,0,0.26611329473926,0.194987720054545,0.161500938841996,0.139729358530564,0.0342213971221996
93,1.89663805940654e-05,-1060.13950357289,-1060.13951305608,0.40488535881656,0.23740216195059,0.12157359714842,3.71896454794559e-08,0.236138844894784,0.0798552148176771,0.137755407091502,0.076370873764388,0.029587653240197,0.404885373874104,0.237402170779493,0.121573601669699,0,0.236138853676704,0.0798552148176771,0.137755407091502,0.076370873764388,0.029587653240197
94,0,-1100.78091203953,-1100.78090927764,0.394972309654983,0.203481883598211,0.166441760311323,5.09149207076425e-08,0.235103995520562,0.250040429051362,0.166730429145235,0.103705336903807,0.0180142131124719,0.394972329764968,0.203481893958475,0.166441768785693,0,0.235104007490864,0.250040429051362,0.166730429145235,0.103705336903807,0.0180142131124719
95,0,-1096.04241046748,-1096.04240896766,0.344774368734233,0.249208762610638,0.189404758990171,5.79393552891824e-08,0.216612051725602,0.251703596568105,0.222014068318597,0.0968477956206632,0.0244647544903433,0.344774388710239,0.249208777049633,0.189404769964162,0,0.216612064275966,0.251703596568105,0.222014068318597,0.0968477956206632,0.0244647544903433
96,8.22160473035183e-07,-1074.01293945663,-1074.01293986771,0.452528478826701,0.211452247847955,0.128150025372275,3.92013901337469e-08,0.207869208751678,0.121422862071348,0.192868270062971,0.111928183534198,0.0184951719976382,0.452528496566448,0.211452256137178,0.128150030395935,0,0.20786921690044,0.121422862071348,0.192868270062971,0.111928183534198,0.0184951719976382
97,0.575222277389457,-1147.69363860275,-1147.98124974145,0.390500505345275,0.185097151045205,0.0933966410579249,0.0600153849704389,0.270990317581157,0.173115695409527,0.192910278705429,0.149379521095209,0.0223249667015835,0.36659476005428,0.219724905471209,0.134231901378674,0,0.279448433095837,0.224785431571764,0.173063843567646,0.149437932196066,0.0222379867131128
98,7.32146111805696,-1154.67855422845,-1158.33928478748,0.379907128500311,0.186411236861776,0.100321308611469,0.0459234623652905,0.287436863661153,0.0965455925913638,0.170401406882154,0.133198457221518,0.0397979629381918,0.346256819103249,0.228480772517312,0.133519211038776,0,0.291743197340662,0.109913921908658,0.181585292727433,0.150905466436563,0.0397821085561709
99,0,-1092.49670623884,-1092.49670406127,0.454613081613348,0.156340878891444,0.207243861802394,4.78250376421876e-08,0.181802129867777,0.265604318146382,0.22023614281595,0.127489320294948,0.024724652145938,0.454613103355237,0.156340886368453,0.20724387171384,0,0.181802138562471,0.265604318146382,0.22023614281595,0.127489320294948,0.024724652145938
100,7.91178031637128,-1109.75945866268,-1113.71534882087,0.47813261205436,0.151557197535424,0.104913559856871,0.0480356507633905,0.217360979789954,0.0544671674673889,0.230966532618523,0.117466481238033,0.0253978465530943,0.440645278950446,0.202390523156964,0.134121508688133,0,0.222842689204457,0.109448189388936,0.233523099194831,0.122754263884531,0.0250709050904915
101,2.28516169045179e-05,-1147.12659404509,-1147.1266054709,0.388530951386904,0.183459137888208,0.116273572018395,3.55683554934632e-08,0.311736303138138,0.0569294264154986,0.141131880015054,0.124840891420893,0.0248141483379714,0.388530965206312,0.183459144413548,0.116273576154055,0,0.311736314226086,0.0569294264154986,0.141131880015054,0.124840891420893,0.0248141483379714
102,0,-1122.6239803653,-1122.62397865208,0.376721971528499,0.206170896987129,0.16218864453466,4.96139718805199e-08,0.254918437335741,0.242921479966507,0.148242711147654,0.122865266555768,0.0214656666426414,0.376721773406836,0.206170919695734,0.16218909304574,0,0.254918213851691,0.242921465892854,0.148242334868154,0.122865285410987,0.0214659493109565
103,0,-1084.16123208129,-1084.16123090073,0.446747756026886,0.199643606015572,0.134743324135323,4.12182955251248e-08,0.218865272603925,0.222639246429988,0.115398181063027,0.129051350515695,0.0327581504992107,0.446747774441068,0.199643614244541,0.134743329689213,0,0.218865281625179,0.222639246429988,0.115398181063027,0.129051350515695,0.0327581504992107
104,0,-1095.83403672574,-1095.83403628396,0.373487039708677,0.242377302441741,0.164779635326459,5.04064728156226e-08,0.21935597211665,0.390273708300459,0.193627348394326,0.095245800831438,0.0117559244901209,0.37348705853498,0.242377314659022,0.16477964363248,0,0.219355983173517,0.390273708988312,0.193627348393526,0.0952458000154205,0.0117559449590009
105,0,-1118.10345260084,-1118.1034512444,0.374723851636085,0.170500145720265,0.200889619387348,5.21563915035792e-08,0.25388633109991,0.23047669066508,0.159510399725582,0.0941697214094401,0.0230213729338053,0.374723864799002,0.170500158564921,0.200889626586175,0,0.253886350049901,0.230476626470156,0.159510271384625,0.0941701030959483,0.0230214082254295
106,0,-1134.86461258413,-1134.86460941806,0.412240195975597,0.155175656042452,0.181790904953736,4.74685932687792e-08,0.250793195559622,0.101655690968429,0.174709800449316,0.141025942768087,0.0256368294765402,0.41224021554406,0.155175663408422,0.181790913583095,0,0.250793207464422,0.101655690968429,0.174709800449316,0.141025942768087,0.0256368294765402
107,0,-1144.28697972002,-1144.28697813758,0.311072891101851,0.259589747472732,0.142972881939116,4.37354804272088e-08,0.28636443575082,0.227122145617664,0.162801888010547,0.118656172404886,0.0196812187230477,0.311072111222796,0.259589030330908,0.142973796670355,0,0.286365061775941,0.22712210658649,0.162800570477662,0.118656500758028,0.0196814681481451
108,2.3739352182829,-1073.78045732651,-1074.96742493565,0.467929575240521,0.188460657037634,0.0899092497442443,0.0536618991095136,0.200038618868087,0.179701722389951,0.172312372348333,0.0894519989021598,0.0296464618477148,0.450546919487523,0.216831954382621,0.122082612227172,0,0.210538513902684,0.163313006965905,0.175878153827553,0.0863893455411323,0.0296223091659417
109,0,-1122.41530480457,-1122.41530423011,0.387445241968157,0.180773606924267,0.221630831357593,5.52990658436181e-08,0.210150264450917,0.13589248910045,0.211813184257534,0.101882319344726,0.0604576015033855,0.387445263393518,0.180773616920879,0.221630843613572,0,0.210150276072031,0.13589248910045,0.211813184257534,0.101882319344726,0.0604576015033855
110,1.58645470946794e-05,-1122.15878944896,-1122.15879738123,0.4334842533369,0.159061754124586,0.14284582828945,4.36968703477481e-08,0.264608120552194,0.156589405911979,0.184420551659203,0.0850557377535696,0.0315807574583806,0.433484272278806,0.159061761075087,0.142845834531366,0,0.264608132114742,0.156589405911979,0.184420551659203,0.0850557377535696,0.0315807574583806
111,2.76853466173816,-1093.99934823907,-1095.38361556994,0.485845247802884,0.171935356485345,0.0851614730156214,0.0477855251209823,0.209272397575167,0.106821845257236,0.21984758064834,0.118477456983049,0.0277462382537485,0.466874671882647,0.209817211790461,0.120160343788881,0,0.20314777253801,0.186130487341853,0.219522711103006,0.123014301523444,0.0277756924374016
112,0,-1171.9426063365,-1171.94260506018,0.407176483613451,0.157624336117924,0.169776878372687,4.82176501860327e-08,0.265422253678288,0.266522771719728,0.179167703056231,0.175048622920251,0.0242449573505924,0.407176503246545,0.1576243437182,0.169776886558929,0,0.265422266476326,0.266522771719728,0.179167703056231,0.175048622920251,0.0242449573505924
113,2.60744855040684e-06,-1164.63512946468,-1164.6351307684,0.444261563021999,0.171866486114363,0.0834179932211791,2.55177576343487e-08,0.300453932124701,0.158084571407166,0.221270009675091,0.104643111204781,0.0143913841504611,0.444261574834932,0.171866490421994,0.0834179950881697,0,0.300453939654904,0.158084572927095,0.221270023403094,0.104643086763054,0.014391267822534
114,5.83653763897019e-06,-1139.2222792357,-1139.22228215397,0.400248315799426,0.238967764766497,0.0844623988720642,2.58372438101152e-08,0.276321494724769,0.178056644453937,0.175225939816403,0.0744030260409281,0.048796306031236,0.400248326140739,0.238967770940766,0.0844624010543399,0,0.276321501864155,0.178056644453937,0.175225939816403,0.0744030260409281,0.048796306031236
115,1.1694163276843e-05,-1125.64537330544,-1125.64537915252,0.337087663485555,0.226005144964725,0.182232594250316,5.57453734522393e-08,0.254674541554032,0.112621864737712,0.192950802120928,0.131354169352698,0.0234808963713954,0.337087682276633,0.226005157563467,0.18223260440894,0,0.25467455575096,0.112621864737712,0.192950802120928,0.131354169352698,0.0234808963713954
116,8.00620364316273e-06,-1093.36092784557,-1093.36093184867,0.380516158006947,0.265724502022928,0.159204284744955,4.87009601373151e-08,0.19455500652421,0.0639746301154688,0.2553822285393,0.127022949860822,0.0302619384519494,0.38051617653845,0.265724514963967,0.159204292498356,0,0.194555015999226,0.0639746301154688,0.2553822285393,0.127022949860822,0.0302619384519494
117,2.64534745086803,-1096.15186775726,-1097.47454148269,0.466509654252677,0.167188864757053,0.104134272909262,0.0465534216338208,0.215613786447187,0.0382193448248208,0.182897852137073,0.103467900624692,0.0268427905838481,0.417310957055641,0.202945119771914,0.166056394469452,0,0.213687528702992,0.126910248911802,0.187760517001301,0.106656551534801,0.0270289886712323
118,2.0631932784454e-07,-1112.29261058818,-1112.29261069134,0.301549023384818,0.218025455853157,0.24880762059884,6.66944928092226e-08,0.231617833468693,0.298598498028106,0.248058965567546,0.12692600965822,0.00814690630115197,0.301549043426814,0.218025470237868,0.248807637135407,0,0.231617849199911,0.298598497539303,0.248058966517124,0.126926010041459,0.00814694904931062
119,2.6795343112849,-1063.65641297361,-1064.99618012925,0.518150994477218,0.163068011209852,0.0872707641170828,0.0262475721304083,0.205262658065439,0.166175998116436,0.181132874894472,0.0816182777649061,0.0315549425065261,0.508750266351622,0.177667286649604,0.10656815028112,0,0.207014296717654,0.176056966686973,0.182548348010628,0.0824433919161052,0.0315552047826774
120,0,-1075.81125575254,-1075.81125214365,0.467661552987337,0.168715086032441,0.183824112788327,5.16103364252796e-08,0.17979919658156,0.0783080927810128,0.217761241166482,0.121619053010591,0.0273975278268927,0.467661576356346,0.168715094930007,0.183824124733304,0,0.179799203980343,0.0783080987809219,0.217761175118002,0.121619004969853,0.0273974136690437
121,0,-1199.13523239484,-1199.13523188636,0.338560833244988,0.222632594497267,0.144173405948813,4.41029794343936e-08,0.294633122205953,0.0421191853586908,0.24228939943129,0.177789108643712,0.0555349300826569,0.33856084817653,0.222632604316028,0.14417341230729,0,0.294633135200152,0.0421191853586908,0.24228939943129,0.177789108643712,0.0555349300826569
122,0,-1158.30628864581,-1158.30628767142,0.384266103034046,0.177095977916267,0.132739570391946,4.06052670169474e-08,0.305898308052474,0.149282061615805,0.156246314602423,0.122112982080432,0.0143511659023647,0.384266342297434,0.177095998655231,0.132739284652336,0,0.305898374395,0.149281775649104,0.156246604382158,0.122113208811476,0.0143513100175058
123,0,-1206.1405649736,-1206.14056399465,0.394815012043795,0.110764774305181,0.176301137485284,3.38832014898159e-08,0.318119042282538,0.218941992311872,0.187523852759114,0.127013721562731,0.0345852239102633,0.394815025421392,0.110764778058246,0.176301143458931,0,0.31811905306143,0.218941992311872,0.187523852759114,0.127013721562731,0.0345852239102633
124,0,-1135.25562909683,-1135.25562730087,0.435541566287779,0.182201134931826,0.0945371515724259,2.89191340396379e-08,0.287720118288835,0.336334292251169,0.155272647356893,0.0726639351001205,0.0433005136868627,0.435541578883265,0.182201140200926,0.0945371543063585,0,0.287720126609451,0.336334292251169,0.155272647356893,0.0726639351001205,0.0433005136868627
125,2.59994067164371e-06,-1152.00500910867,-1152.00501040864,0.346474207135007,0.178984462644272,0.157326657771782,4.81265896891846e-08,0.31721462432235,0.164396164702871,0.121705397507348,0.0621271500046489,0.0455838985467624,0.346474223809629,0.178984471258184,0.157326665343378,0,0.317214639588809,0.164396164702871,0.121705397507348,0.0621271500046489,0.0455838985467624
126,0,-1120.04606820343,-1120.04606525328,0.398088106295573,0.235618581557304,0.175337243375779,5.36355553260365e-08,0.190956015135788,0.365011547413708,0.25161393870518,0.115849302623607,0.0142950086394471,0.398090282983504,0.23561934550571,0.175336438457575,0,0.190953933053211,0.365010496948004,0.251611230874232,0.115850634646469,0.0142954022996158
127,6.25567179263453,-1139.98984172563,-1143.11767762194,0.492870613652895,0.131554640491292,0.0594547910894121,0.0362558783616615,0.279864076404739,0,0.221641941310426,0.139219111370238,0.015898949288543,0.47397747740399,0.165701815796798,0.0893466059632128,0,0.270974100835999,0.158593997360137,0.2319533956055,0.145774335726355,0.016052011612282
128,1.20688363563431,-1147.37153093472,-1147.97497275253,0.363342036970784,0.161498191709194,0.129927827861831,0.0759432990997208,0.26928864435847,0.160912813903656,0.204958628827022,0.126222760510388,0.00412017217634839,0.360276117163378,0.18176838928536,0.176917070431572,0,0.28103842311969,0.195023395033885,0.173407921524615,0.127358518346578,0.00394705271678161
129,2.91487504000543e-06,-1151.18603579796,-1151.1860372554,0.404131518912091,0.186288769913957,0.136861789874914,4.18663391107696e-08,0.272717879432699,0.394129179217826,0.205956042765457,0.0883651097478278,0.0100960680886294,0.404131535831599,0.186288777713186,0.136861795604817,0,0.272717890850398,0.394129179217826,0.205956042765457,0.0883651097478278,0.0100960680886294
130,0,-1101.66996675228,-1101.66996658325,0.415933840556932,0.204004846836216,0.136904412318391,4.18793774151347e-08,0.243156858409083,0.124153063471302,0.192419186030887,0.115251840654044,0.0164938067477511,0.415933857975983,0.204004855379812,0.136904418051863,0,0.243156868592342,0.124153063471302,0.192419186030887,0.115251840654044,0.0164938067477511
131,2.41378266482843,-1121.46591299885,-1122.67280433127,0.406883639289232,0.174902622772503,0.144171994644008,0.025399619198048,0.248642124096209,0.250888908878933,0.172513477633665,0.0964474833861435,0.0266584909298702,0.404128542242522,0.193740927629182,0.153492026145187,0,0.248638503983109,0.259649719348737,0.182275533151353,0.0965675868039198,0.0266615889992714
132,0,-1083.75917080164,-1083.75916935743,0.335570865182372,0.19809204067753,0.198076510226059,6.05920641150551e-08,0.268260523321975,0.0408835001763818,0.185606952005901,0.0836713876404652,0.0218822297029464,0.335570885515304,0.198092052680336,0.198076522227924,0,0.268260539576435,0.0408835001763818,0.185606952005901,0.0836713876404652,0.0218822297029464
133,0,-1212.72857844641,-1212.728576824,0.390897948326206,0.164248474902227,0.0950398966305958,2.9072924919553e-08,0.349813651068047,0.0960398352812072,0.215554221444806,0.0880912152149952,0.0427145831007086,0.390897959690753,0.164248479677411,0.0950398993936837,0,0.349813661238153,0.0960398352812072,0.215554221444806,0.0880912152149952,0.0427145831007086
134,0.891438099929474,-1121.37521166294,-1121.8209307129,0.376527451207565,0.141259368219662,0.135019583923167,0.0297468889578772,0.317446707691729,0.0965572035998526,0.109655105486444,0.0352859995827704,0.0335563628837117,0.366629008629324,0.156514726272931,0.164045099954066,0,0.312811165143679,0.156033326926109,0.11447843287782,0.0359870274968699,0.0336793654761525
135,8.56712722452357e-06,-1118.09529372868,-1118.09529801225,0.367701947808907,0.250739301404954,0.171864950391192,5.2573887137597e-08,0.20969374782106,0.146154041344646,0.222963055962345,0.100489879905795,0.0567612275855259,0.367701967140429,0.250739314587295,0.171864959426801,0,0.209693758845476,0.146154041344646,0.222963055962345,0.100489879905795,0.0567612275855259
136,6.34404611902346,-1072.6702256442,-1075.84224870372,0.454266261437597,0.214360418995918,0.0812054433360233,0.0599705653787921,0.190197310851669,0.116525289699351,0.200190528832198,0.0919446564679427,0.0285420490104582,0.414006768036188,0.253345476765062,0.146702293425674,0,0.185945461773076,0.135467180198881,0.212644922501175,0.102499584723273,0.0285868092373588
137,0,-1112.24646561905,-1112.24646322592,0.375726692106578,0.144099573384834,0.181790078544792,4.40803938817438e-08,0.298383611883403,0.0914318548572644,0.088664714368949,0.125915721142164,0.0322931602699527,0.375726708668759,0.1440995797368,0.18179008655817,0,0.298383625036271,0.0914318548572644,0.088664714368949,0.125915721142164,0.0322931602699527
138,0,-1111.26503355167,-1111.26503111622,0.423794917650544,0.167968134784277,0.16051427889825,4.91016903886518e-08,0.247722619565239,0,0.153809302911368,0.142457287445967,0.0350794654631102,0.423794938459592,0.167968143031797,0.160514286779772,0,0.247722631728839,0,0.153809302911368,0.142457287445967,0.0350794654631102
139,1.01862679002807e-06,-1095.33760192292,-1095.33760243223,0.355781915222186,0.20211855500966,0.205396707956465,6.182853611236e-08,0.236702759983153,0.140311647658249,0.180243458231798,0.114847473201061,0.0170676057792055,0.35578194329991,0.202118570347909,0.20539671869605,0,0.23670276765613,0.140311656888689,0.180243458231798,0.114847434319975,0.0170676836609927
140,5.94066887060762e-06,-1118.2929227152,-1118.29292568554,0.418519314205855,0.185652305898752,0.166311729438637,5.08751439619508e-08,0.229516599581612,0.0941877723543592,0.279841842115381,0.116092644704176,0.0251601235950127,0.418519335498087,0.18565231534384,0.16631173789977,0,0.229516611258302,0.0941877723543592,0.279841842115381,0.116092644704176,0.0251601235950127
141,1.03794575167831,-1121.61616749889,-1122.13514037473,0.423768061029354,0.193102734966313,0.136702191539683,0.0348739865538475,0.211553025910803,0.122414478776592,0.250701373046373,0.126545453504409,0.0228878636908595,0.399791664316137,0.200158360317416,0.182823964030225,0,0.217226011336221,0.154265024474775,0.248975662362119,0.125182896134203,0.0228788558972085
142,5.28061341382545,-1117.61085043984,-1120.25115714675,0.454536731696688,0.15947283674247,0.0943737178291082,0.0564243112010012,0.235192402530732,0.168593222010805,0.168771132997453,0.104781664419928,0.0294644407338571,0.419367913524806,0.210632069081028,0.140500619721814,0,0.229499397672352,0.235708807034914,0.182133828549068,0.11542690161646,0.0295866698351516
143,0,-1157.23735608112,-1157.23735369035,0.326952357206539,0.231900500879966,0.155970862188054,4.77118486739961e-08,0.285176232013593,0.338547371046108,0.119261344982046,0.156670991463064,0.0293262121369498,0.326952372806041,0.231900511944368,0.155970869629712,0,0.285176245619879,0.338547371046108,0.119261344982046,0.156670991463064,0.0293262121369498
144,1.50923836078891,-1181.66560903287,-1182.42022821326,0.353741055054763,0.223765223953806,0.100133666170027,0.0267515573648266,0.295608497456577,0.146559952336026,0.199296625861201,0.0849665924603769,0.0570461899840223,0.334381016873126,0.242905801864744,0.128510991052706,0,0.294202190209424,0.169339286004525,0.202888361059311,0.0858016229115019,0.0570585440333949
145,2.59196070116332,-1071.87696194153,-1073.17294229211,0.428654457161361,0.181282146381025,0.147271971321371,0.0363439385928906,0.206447486543352,0.119159160577373,0.147634222414352,0.109340787219851,0.0420018294528569,0.425092638021345,0.191921438969248,0.171589333581082,0,0.211396589428325,0.115347306827716,0.152062000001884,0.109574201302479,0.0418560549232924
146,0.810107514733318,-1105.15369914501,-1105.55875290238,0.46464874978765,0.167654300523275,0.103738091603623,0.0219952842362582,0.241963573849193,0.123457929120018,0.186544156696403,0.0820698939190957,0.0311699605900033,0.452639877486403,0.185295116989567,0.123598837266456,0,0.238466168257573,0.144169624799278,0.199084138822422,0.0832781739260665,0.0312308023037741
147,3.93813328877832,-1174.16086870122,-1176.12993534561,0.387165886547441,0.196988722899167,0.0442627649042658,0.0967113410694132,0.274871284579713,0.319877041410123,0.213994487102923,0.124196741946418,0.0327964601094195,0.381068587901494,0.212137825435028,0.120798935175393,0,0.285994651488084,0.300454363310084,0.206460630655807,0.122241257565742,0.032785643328434
148,3.82733151127468e-06,-1185.29846428939,-1185.29846620306,0.356482548733434,0.166041973528129,0.185679093886335,5.07926250029574e-08,0.291796333059477,0.194085341959192,0.241876764557781,0.0969610970020721,0.0366285057723904,0.35648256684012,0.166041981961837,0.185679103317464,0,0.29179634788058,0.194085341959192,0.241876764557781,0.0969610970020721,0.0366285057723904
149,0,-1118.36254620136,-1118.36254427513,0.410419020241594,0.178349419152578,0.180687383103168,5.4557504180393e-08,0.230544122945156,0.187502791872092,0.20203159312337,0.130583677263771,0.0194136159029247,0.410418934055279,0.17834945085275,0.180687347470513,0,0.230544267621458,0.187502611622327,0.202031460241487,0.130583471593287,0.019413703847466
150,3.91431827014776,-1129.42693273747,-1131.38409187254,0.424237195243227,0.120703346656086,0.121743228737429,0.0573872619907696,0.275928967372488,0.0937000860377601,0.186475266085309,0.0868522735328924,0.0179473608758514,0.38572962653375,0.160590112576836,0.174202256532785,0,0.27947800435663,0.16187888648736,0.197495401258141,0.0845510187107862,0.0179153666248486
151,0,-1161.8801555706,-1161.88015442406,0.302098260120356,0.208033905096108,0.162298670040469,4.96474980175081e-08,0.327569115095568,0.247408692129632,0.171822047152323,0.0744187227259196,0.0140650472836732,0.302098578981698,0.208033544706818,0.162298502724387,0,0.327569373587097,0.247408601430215,0.171822405832554,0.0744187871087163,0.0140651548038932
152,0,-1100.8318635242,-1100.8318612601,0.380024640441274,0.220053097477746,0.156611755534579,4.79078115292465e-08,0.24331045863859,0.30939893200994,0.11976232043904,0.115871483997357,0.033906665948421,0.380024807029212,0.220053110695495,0.156611584045607,0,0.243310498229686,0.309402690288911,0.11976249669044,0.115871898336413,0.0339066676295158
153,0,-1111.81483904292,-1111.81483578711,0.341488658975436,0.232304297632241,0.140428454032461,4.29573899530138e-08,0.285778546402472,0.125076721453885,0.209453251349772,0.0661427164416579,0.0100486572430246,0.341488673644898,0.232304307611427,0.140428460064901,0,0.285778558678773,0.125076721453885,0.209453251349772,0.0661427164416579,0.0100486572430246
154,2.17579371561988,-1180.34065467298,-1181.42855153079,0.484822292599731,0.107588913968699,0.105383259668323,0.0346923274750181,0.267513206288229,0.121974176578274,0.225651085260409,0.0945218270559839,0.0525967114943443,0.457284817432775,0.139656661660144,0.133902509298282,0,0.269156011608799,0.132248060525002,0.242872703440487,0.0962536038620532,0.0525743466716081
155,2.16095518226211e-05,-1065.68610169191,-1065.68611249669,0.443528831458526,0.248229497593556,0.137496371264565,4.20604590304109e-08,0.170745257622894,0.215408554078301,0.162153096170774,0.122940196859919,0.0348724713155198,0.443528850113553,0.248229508034203,0.137496377047725,0,0.170745264804518,0.215408554078301,0.162153096170774,0.122940196859919,0.0348724713155198
156,0,-1144.86215243147,-1144.86214960873,0.449569191972917,0.158269565541873,0.143490788773549,4.38941652564659e-08,0.248670409817496,0.220781633749394,0.204280062659115,0.121079217344839,0.0336952703317881,0.449569211706382,0.158269572488984,0.143490795071957,0,0.248670420732677,0.220781633749394,0.204280062659115,0.121079217344839,0.0336952703317881
157,0,-1123.99544905301,-1123.99544802109,0.416949577753453,0.180381690889611,0.125338379426641,3.83413011145478e-08,0.277330313588995,0,0.207957846358085,0.0949504027520774,0.0287619672785491,0.416949593739843,0.18038169780568,0.125338384232278,0,0.2773303242222,0,0.207957846358085,0.0949504027520774,0.0287619672785491
158,5.10001326447946,-1101.71997931497,-1104.26998594721,0.546846586501782,0.11486940195699,0.113245892043896,0.0174027172721393,0.207635402225193,0.0692005396150146,0.188231231894844,0.15836941262716,0.0225140346859193,0.534229946907807,0.128721477859902,0.123064048263404,0,0.213984526968887,0.0989270645983512,0.189275297900444,0.164585584686219,0.022509309503591
159,0,-1157.13916463673,-1157.13916387666,0.384672484249127,0.212120848666372,0.138216293578581,4.2280684671561e-08,0.264990331225236,0.269265208111763,0.170600737060089,0.104205620205258,0.0496162188173066,0.384672498594593,0.212120856576926,0.138216298733036,0,0.264990346095446,0.269265233209591,0.170600737060089,0.104205620205258,0.0496164572466752
160,0,-1111.44548451639,-1111.44548243191,0.354247906581415,0.25564182009813,0.144531593818536,4.42126145495647e-08,0.245578635289304,0.128036656268852,0.148955247340212,0.108747645870227,0.0493106370131105,0.354246343809338,0.255641273877335,0.144532544463571,0,0.245579837849756,0.128033684163281,0.148954928378813,0.108747753873174,0.0493108289628907
161,0,-1115.88828605122,-1115.8882855766,0.358070432258513,0.242962613993164,0.166744272401011,5.10074598578579e-08,0.232222630339852,0.327622180695397,0.214384952511501,0.0763483263179473,0.0380691457142789,0.358070450522778,0.24296262638607,0.166744280906214,0,0.232222642184939,0.327622180695397,0.214384952511501,0.0763483263179473,0.0380691457142789
162,1.08498534245882e-06,-1115.33802192401,-1115.3380224665,0.404934794697441,0.241326802718339,0.110520492491024,3.38084751160087e-08,0.243217876284721,0.103653492903219,0.21757072676276,0.104436137601693,0.037974449137011,0.40493480838767,0.241326810877231,0.110520496227553,0,0.243217884507546,0.103653492903219,0.21757072676276,0.104436137601693,0.037974449137011
163,2.71152521236218e-06,-1166.66446020319,-1166.66446155895,0.383574145614861,0.195393420098886,0.169597885130926,5.18803866137523e-08,0.251434497274941,0.098835885737057,0.266369577683406,0.133513211123415,0.0456287518642737,0.383574165514837,0.195393430235972,0.16959789392973,0,0.251434510319461,0.098835885737057,0.266369577683406,0.133513211123415,0.0456287518642737
164,0,-1151.64289241846,-1151.64288961663,0.333971096671499,0.252195547580627,0.167713645642116,5.13039933817441e-08,0.246119658801765,0.163558485751311,0.228680380247643,0.11593895391804,0.0314496245248332,0.333971113805551,0.252195560519266,0.167713654246496,0,0.246119671428687,0.163558485751311,0.228680380247643,0.11593895391804,0.0314496245248332
165,0,-1071.9532432938,-1071.95324021163,0.452785064020182,0.176813571496377,0.170479044579647,5.21499353338483e-08,0.199922267753858,0.212269557757595,0.137752912364844,0.110542140284658,0.0381772939217892,0.452785087632895,0.176813580717194,0.170479053470119,0,0.199922278179792,0.212269557757595,0.137752912364844,0.110542140284658,0.0381772939217892
166,0.133632378460788,-1098.48344946946,-1098.5502656587,0.430476568327021,0.182380188746588,0.113960479460534,0.0265251467253992,0.246657616740458,0.123953602128575,0.133522462230773,0.124009563511007,0.0186853737362986,0.409620545282483,0.202992357509567,0.140963738973998,0,0.246423358233951,0.134816257890138,0.141562347566108,0.126320052125354,0.0186878878146983
167,0,-1139.11426411411,-1139.11426176032,0.434435944656539,0.189341327976159,0.100559425961623,3.0761361749992e-08,0.275663270644317,0.146068954002812,0.177437706788436,0.104688302968055,0.0343958321263086,0.434435958020381,0.189341333800556,0.100559429054968,0,0.275663279124095,0.146068954002812,0.177437706788436,0.104688302968055,0.0343958321263086
168,5.77229866394191e-06,-1094.6598482824,-1094.65985116855,0.382482202743805,0.24506867803141,0.159536299730867,4.88025242919469e-08,0.212912770691394,0.132567495187617,0.212362020003173,0.125963002991268,0.0300667279128846,0.382482221409903,0.245068689991381,0.159536307516641,0,0.212912781082075,0.132567495187617,0.212362020003173,0.125963002991268,0.0300667279128846
169,0,-1095.99481325675,-1095.99480954815,0.389620571803415,0.24723631542331,0.169999426166683,5.20032188467384e-08,0.193143634603374,0.213247535095796,0.16041037194777,0.130737884178909,0.0597189218932967,0.389620594994467,0.247236328273787,0.169999435002658,0,0.193143641729088,0.213247497369729,0.160410394441244,0.130738110404834,0.0597187179357921
170,0.298072088758545,-1137.42593102427,-1137.57496706865,0.444430361126032,0.17381928856542,0.154201924616001,0.00898740416130102,0.218561021531246,0.132987166928046,0.20625199261558,0.134835112534331,0.0496131160863091,0.429590718692051,0.176980350976707,0.17508897445306,0,0.218339955878182,0.135264754276676,0.215746270674344,0.13639231916247,0.0497209834517429
171,11.3407148165034,-1093.28670146206,-1098.95705887031,0.428372400375574,0.211073462364687,0.0841378101809748,0.0369800754103892,0.239436251668374,0.0958805388820563,0.146573134189599,0.114973759115142,0.0145194417799895,0.434540720534326,0.213880678906652,0.111432278410817,0,0.240146322148204,0.101315074226377,0.161116102171405,0.11593973061111,0.0145600057108696
172,2.48054515820695,-1185.24439553596,-1186.48466811506,0.417836521519551,0.150457012611187,0.115759837162033,0.0308075326520067,0.285139096055223,0.127804376809689,0.223530388272848,0.122810860086137,0.0336666974022048,0.406112772235068,0.163163771462914,0.139910295551976,0,0.290813160750043,0.161970248102807,0.218168540827855,0.12212264752569,0.0335896999189042
173,0,-1137.32821008961,-1137.32820916516,0.365880773857139,0.224240237923478,0.156841680469055,4.79782340068899e-08,0.253037259772094,0.24694425300628,0.238955115493677,0.0859725556516053,0.0331461178143554,0.365880791411453,0.224240248682129,0.156841687994042,0,0.253037271912375,0.24694425300628,0.238955115493677,0.0859725556516053,0.0331461178143554
174,0,-1156.15270494997,-1156.15270350552,0.362903586199016,0.162125515320651,0.164045628044222,4.95945713491414e-08,0.31092522084154,0.327133046190793,0.144292013155046,0.0698028746730837,0.033505565591308,0.362903604197065,0.162125523361196,0.164045636179995,0,0.310925236261743,0.327133046190793,0.144292013155046,0.0698028746730837,0.033505565591308
175,0,-1102.05768662312,-1102.0576862824,0.405906407544445,0.193683031321368,0.169321553191617,5.17958560322891e-08,0.231088956146714,0.377333838427376,0.162483443247218,0.104833046374462,0.0212382492731968,0.405906428568716,0.193683041353347,0.169321561961773,0,0.231088968116165,0.377333838427376,0.162483443247218,0.104833046374462,0.0212382492731968
176,2.29226752169552,-1097.52582034515,-1098.671954106,0.460167832485097,0.213534888955474,0.0800449748084103,0.0182388775231002,0.228013426227918,0.20961093511921,0.181000738639898,0.113679332106909,0.0320804461860547,0.445728336899469,0.22434952187166,0.0965599920481312,0,0.23336214918074,0.221260645440185,0.183109902582164,0.113188171006308,0.0320126410677719
177,8.08263215592024,-1176.55277998275,-1180.59409606071,0.354297554411309,0.142388353610713,0.129192583328613,0.0688280398334197,0.305293468815946,0.13575988453507,0.144529824187264,0.146780691529484,0.0118610668891884,0.321665043386306,0.195562406858698,0.189779527310616,0,0.292993022444379,0.216103903835448,0.170600036583474,0.148196431440292,0.0118864444749615
178,0,-1093.27171261138,-1093.27171137139,0.435035203431608,0.195556983107365,0.115085149480961,3.52048142815254e-08,0.254322628775252,0.196905055470678,0.166589416636101,0.0916550363857461,0.00957257114784607,0.435035218746942,0.195556989991913,0.115085153532512,0,0.254322637728633,0.196905055470678,0.166589416636101,0.0916550363857461,0.00957257114784607
179,0,-1195.66449352558,-1195.66449125442,0.380557164626343,0.185612846841294,0.125238393406308,3.83107150020857e-08,0.30859155681534,0.327450566068036,0.177380108130441,0.122197540501585,0.0388849844428231,0.380557179208884,0.185612853279566,0.125238397750398,0,0.308591569761152,0.327450573332753,0.177380119027517,0.122197598619325,0.0388852605020869
180,6.3938119284785,-1089.28907032889,-1092.48597629313,0.463109034532003,0.156822725079853,0.0813224819929752,0.0632997532065891,0.23544600518858,0.0698843277927492,0.16627045159734,0.102926155695665,0.0297127524659768,0.424672826503106,0.189000340751995,0.150420381174716,0,0.235906451570183,0.100409229793753,0.17301929570928,0.106185378201547,0.0296900416790632
181,7.84746134740999e-07,-1146.41797146018,-1146.41797185255,0.371752645227009,0.21294728369608,0.136405938204404,4.17268930269559e-08,0.278894091145614,0.163773179408205,0.19431375889602,0.087305111518717,0.0319312897948409,0.371752660739092,0.212947292581709,0.1364059438962,0,0.278894102782998,0.163773179408205,0.19431375889602,0.087305111518717,0.0319312897948409
182,0,-1092.7201182831,-1092.72011674918,0.392805460915103,0.246260067711405,0.166854885819424,5.10412967592289e-08,0.194079534512772,0.363167944853919,0.194791231657177,0.109778050194751,0.0223332482714815,0.392805480964404,0.246260080280839,0.166854894335914,0,0.194079544418843,0.363167944853919,0.194791231657177,0.109778050194751,0.0223332482714815
183,0,-1115.43596351307,-1115.43596229793,0.420982862486028,0.170158623221592,0.169146469371405,5.17422890934434e-08,0.239711993178686,0.145504532778853,0.256185477042587,0.0930779055215601,0.0172143531358422,0.420983162078596,0.170158509142773,0.169146424245002,0,0.239711904533629,0.145502978849845,0.256184439281206,0.0930782925063268,0.0172143742956777
184,7.4009738263353,-1148.91560682891,-1152.61609374207,0.403461869005313,0.175302113751487,0.0934429139912359,0.0442625805103124,0.283530522741651,0.154291873379038,0.180841301245005,0.113224717557216,0.0263351135636422,0.396095579219357,0.203476046725893,0.120611469769531,0,0.27981690428522,0.192572527220396,0.198771017722662,0.115372859068526,0.0261864196630712
185,5.4389239130096,-1116.24355743306,-1118.96301938957,0.537291357794475,0.0959969312370694,0.100996096631746,0.0471732218637531,0.218542392472956,0.0920525012177054,0.222137781400781,0.0878603862740123,0.0423012687484509,0.477457299366537,0.1250032320267,0.173984672266696,0,0.223554796340067,0.220513264198907,0.217650839578079,0.0926360873462303,0.0422767733861646
186,0,-1045.75924493556,-1045.75924241676,0.437792576353768,0.242612402562153,0.155644716157629,4.76120798464666e-08,0.16395025731437,0.178684685801287,0.158737566891493,0.113703257144841,0.0396658349805166,0.437792597197984,0.242612414113435,0.155644723568198,0,0.163950265120383,0.178684685801287,0.158737566891493,0.113703257144841,0.0396658349805166
187,0,-1145.64086873371,-1145.64086710667,0.399658681080565,0.162379806996864,0.164583756666763,4.96723597629795e-08,0.273377705583447,0.296588934404494,0.211736283315203,0.0913733969172821,0.019942433356193,0.399658700932556,0.162379815062653,0.164583764842027,0,0.273377719162764,0.296588934404494,0.211736283315203,0.0913733969172821,0.019942433356193
188,8.37686457089148e-07,-1103.01873767988,-1103.01873809872,0.461765210179348,0.211386511998926,0.123361555911004,3.77365862138918e-08,0.203486684174137,0.204865389111273,0.213772499751437,0.121814881941169,0.0344463339346874,0.461765227604791,0.211386519975931,0.123361560566248,0,0.20348669185303,0.204865389111273,0.213772499751437,0.121814881941169,0.0344463339346874
189,0,-1139.19508514295,-1139.19508197475,0.442529277977664,0.157201916232383,0.144449360293551,4.41873945088016e-08,0.255819401309008,0.203342726426643,0.246421303456735,0.0900524303163946,0.0377934120745338,0.44252929753188,0.157201923178726,0.144449366676392,0,0.255819412613002,0.203342726426643,0.246421303456735,0.0900524303163946,0.0377934120745338
190,1.29392401504447e-06,-1109.27629662981,-1109.27629727677,0.367049622647376,0.236456198509051,0.168294521290743,5.14816845905821e-08,0.228199606071145,0.138324171447183,0.205765738663976,0.123091581311906,0.0203299169112332,0.36704964154371,0.236456210682215,0.168294529954828,0,0.228199617819246,0.138324171447183,0.205765738663976,0.123091581311906,0.0203299169112332
191,0,-1157.02291790932,-1157.02291522553,0.412101728797014,0.14961030510147,0.121609289450793,3.72005638375759e-08,0.316678639450159,0.0133400660618276,0.126864310098283,0.117070138809381,0.0290413719949812,0.412101744127431,0.149610310667058,0.121609293974728,0,0.316678651230783,0.0133400660618276,0.126864310098283,0.117070138809381,0.0290413719949812
192,0,-1071.59973963655,-1071.59973840338,0.454985892680099,0.178192230717076,0.135191186901509,4.13552977845675e-08,0.231630648346018,0.265443394810828,0.13626520612762,0.0730536517453215,0.0303696085170884,0.454985911496177,0.17819223808627,0.135191192492381,0,0.231630657925173,0.265443394810828,0.13626520612762,0.0730536517453215,0.0303696085170884
193,0,-1074.88356352529,-1074.8835615223,0.367598537357687,0.262180642216126,0.158423565906575,4.84621364329952e-08,0.211797206057475,0.148733119088405,0.19557819224883,0.128576841116128,0.017874981829908,0.367598555172299,0.26218065492196,0.15842357358412,0,0.211797216321621,0.148733119088405,0.19557819224883,0.128576841116128,0.017874981829908
194,1.91091495975706,-1170.71741844412,-1171.672875924,0.484032926036756,0.075323185067201,0.128707188746921,0.0346502661663642,0.277286433982758,0.132968620247631,0.224281708089319,0.112422752281672,0.0383587891639058,0.46287453993181,0.0928416676265085,0.170385594021545,0,0.273898198420136,0.174177959602493,0.229835337096638,0.114561203364848,0.0384050296451253
195,0.785539810951377,-1104.88427550353,-1105.27704540901,0.532843617019183,0.1561906546397,0.0695758153709391,0.0274501806369415,0.213939732333237,0.251865936913703,0.191748812469633,0.08391926296777,0.0576309478049479,0.519105225553162,0.164646925030082,0.0999191145274392,0,0.216328734889317,0.271448637512604,0.184693777669418,0.0837861026576075,0.0576050359150794
196,0,-1105.36792069594,-1105.36791832904,0.395983631256935,0.225866594423349,0.161781979546311,4.94894829585955e-08,0.216367745283922,0.16791677298701,0.160654077933354,0.141501129243568,0.0402416738779273,0.395983650853961,0.225866605601371,0.161781987552818,0,0.21636775599185,0.16791677298701,0.160654077933354,0.141501129243568,0.0402416738779273
197,0.794836332112027,-1091.72087952702,-1092.11829769308,0.45467967490612,0.169925942279783,0.115868863574503,0.0180991464827953,0.241426372756798,0.0798253305198838,0.163707720760998,0.121702247559087,0.0183462350071439,0.444856037100729,0.173776841478555,0.138265990299578,0,0.243101131121139,0.0968167116994647,0.162173566927961,0.126264399305916,0.0183435911878687
198,0.588101592283692,-1185.37221854481,-1185.66626934095,0.409790898076846,0.175604562693716,0.0799950175238412,0.0582822792977157,0.27632724240788,0.203186580415589,0.214344175347317,0.147017530816035,0.0425977017899122,0.386691139498462,0.190477114818535,0.143275770016319,0,0.279555975666683,0.223666808470324,0.211643660085384,0.148884637714642,0.0425753443234066
199,0,-1117.29903054428,-1117.29903003683,0.447976030766525,0.166389716593866,0.141928182243977,4.34047595038326e-08,0.243706026990872,0.137695530985446,0.19613544972641,0.0940345643159557,0.0436249498152572,0.447976896998439,0.166388634339039,0.141929681251922,0,0.243704787410599,0.137694232645733,0.196135218143559,0.0940404750529706,0.0436242151373646
200,0,-1154.96256165322,-1154.96255981007,0.318793943392075,0.191120298266834,0.184717632418575,5.65055523944453e-08,0.305368069416964,0.160798343957606,0.196731693178975,0.089804017319904,0.0307813094588016,0.318793961405703,0.191120309066193,0.184717642856147,0,0.305368086671957,0.160798343957606,0.196731693178975,0.089804017319904,0.0307813094588016
201,0,-1103.24932875528,-1103.24932621574,0.389795615528984,0.227235940078561,0.14563145209005,4.45489991323968e-08,0.237336947753406,0.127560164904198,0.136694354558663,0.109545920438577,0.0511463266129274,0.38979563289399,0.227235950201695,0.145631458577786,0,0.23733695832653,0.127560164904198,0.136694354558663,0.109545920438577,0.0511463266129274
202,0,-1138.2060023263,-1138.20600049741,0.415315324684538,0.234671091984045,0.0840378870328431,2.57073832880956e-08,0.26597567059119,0.150459832826681,0.170160716877983,0.132062888119672,0.0258785609537081,0.415315332292023,0.2346710998634,0.0840378842644787,0,0.265975683580099,0.150459832826681,0.170160961018608,0.132063971493696,0.0258784236246066
203,0,-1064.48121744071,-1064.48121385798,0.429551616262051,0.203756696966184,0.145205516502473,4.44187044477727e-08,0.221486125850588,0.156940616659861,0.196461413712488,0.0562775595980641,0.00895067315598306,0.429551635342178,0.203756706016792,0.145205522952315,0,0.221486135688715,0.156940616659861,0.196461413712488,0.0562775595980641,0.00895067315598306
204,4.51621294897313,-1124.49550520065,-1126.75361167513,0.376998958240974,0.156169892950673,0.118712048582964,0.0631123064655282,0.285006793759861,0.116089013424003,0.178168576458029,0.101587734160173,0.00921760161860572,0.359320248941328,0.171163207250454,0.183307710080267,0,0.286208833727951,0.142775358942348,0.197202650672238,0.102258182054957,0.00921539270385262
205,0,-1116.2070951745,-1116.20709325623,0.424206011406086,0.205854442932134,0.150975708570819,4.61838195912209e-08,0.218963790907141,0.364316596365816,0.186832401947566,0.119224843353082,0.0144043986048855,0.424206030997541,0.205854452439279,0.150975715543454,0,0.218963801019726,0.364316596365816,0.186832401947566,0.119224843353082,0.0144043986048855
206,2.55674073999398,-1141.54887574776,-1142.82724611776,0.425965575486382,0.142686889810574,0.119159576196589,0.0442313285310977,0.267956629975357,0.105790546541901,0.212762439964973,0.127661368266049,0.0171036601076778,0.388873862154696,0.172797133914564,0.162495664692863,0,0.275833339237876,0.1138788679522,0.219087503505382,0.132986799103096,0.0169742058746469
207,0,-1086.27793319013,-1086.27793264855,0.520522194305076,0.163151934775211,0.110456997087696,3.37890517247895e-08,0.205868840042965,0.0447621998856305,0.20782697979462,0.14955056324955,0.0248522318741338,0.520522211893028,0.163151940287961,0.110457000819933,0,0.205868846999078,0.0447621998856305,0.20782697979462,0.14955056324955,0.0248522318741338
208,0,-1115.90995435275,-1115.90995194726,0.476677845335629,0.163426969939809,0.0883342838350882,2.70216624050203e-08,0.271560873867811,0.119743117813506,0.172464052219401,0.105671496119095,0.0285677871722781,0.476677858216257,0.163426974355878,0.0883342862220274,0,0.271560881205838,0.119743117813506,0.172464052219401,0.105671496119095,0.0285677871722781
209,0.639704323358274,-1146.41586364799,-1146.73571580967,0.405037113593094,0.22080924493804,0.0427562240861169,0.0555696547180279,0.275827762664721,0.267215182104214,0.218613226544891,0.0856521422622772,0.0193428285244013,0.367238301086022,0.246731568747109,0.1002930828375,0,0.285737047329369,0.266696036576134,0.201905667851451,0.100970677770307,0.0191547378376552
210,3.35349159286125e-06,-1129.5343201576,-1129.53432183435,0.385230855482525,0.21465919281427,0.15887414571844,4.8599969843016e-08,0.241235757384796,0.254683145824602,0.170360207508643,0.118018775779754,0.0391655319919464,0.385230874204734,0.2146592032467,0.158874153439719,0,0.241235769108847,0.254683145824602,0.170360207508643,0.118018775779754,0.0391655319919464
211,4.40267732444136,-1113.78759374366,-1115.98893240588,0.448743523757147,0.137835101044003,0.130306176834652,0.0503512758502666,0.232763922513931,0.142950574205259,0.19237817159295,0.108042923032756,0.0188617189127303,0.45166234900509,0.151043131367596,0.166378561650266,0,0.230915957977047,0.148681968639263,0.203022632193146,0.111378284215458,0.0188684193000244
212,3.16380678159112,-1060.66879247586,-1062.25069586666,0.475874803677361,0.186297008325196,0.117677601995157,0.0240903376275631,0.196060248374723,0.0300820128203496,0.193979361334193,0.11139276023139,0.0178726344477597,0.471571941688538,0.196206592111283,0.137351798995422,0,0.194869667204756,0.0321342739747886,0.186894674363185,0.124464421954261,0.017878386170525
213,2.5346334950882e-06,-1103.17338434397,-1103.17338561128,0.476963564289616,0.152242450378955,0.147996936022448,4.52726061564272e-08,0.222797004036375,0.16388316958855,0.194197732511043,0.130462183509126,0.0202157472563817,0.476963585883001,0.152242457271368,0.147996942722655,0,0.222797014122976,0.16388316958855,0.194197732511043,0.130462183509126,0.0202157472563817
214,0,-1135.74282675062,-1135.74282631595,0.346573458892873,0.226808193628425,0.15372546598014,4.70249752392366e-08,0.272892834473586,0.22646222964421,0.183416659634711,0.105324434001204,0.0213298377637832,0.346573481811262,0.226808203725594,0.153725467840768,0,0.272892846622376,0.226462186424259,0.183416882937791,0.105324628490984,0.0213295424274515
215,0,-1143.39970830395,-1143.39970535283,0.463118443497355,0.139936689429365,0.168299997673267,4.28069580197861e-08,0.228644826593055,0.0841507622882122,0.192018525777784,0.163044915031716,0.0587618790856816,0.463118463322047,0.139936695419629,0.168300004877678,0,0.228644836380645,0.0841507622882122,0.192018525777784,0.163044915031716,0.0587618790856816
216,7.75743137637619e-06,-1143.31592698119,-1143.31593085991,0.438214266393219,0.160136500905331,0.153869142291029,4.70689276804515e-08,0.247780043341493,0.185903995097748,0.242007564831853,0.102635175646704,0.0278973446316225,0.438214287019495,0.160136508442785,0.153869149533485,0,0.247780055004234,0.185903995097748,0.242007564831853,0.102635175646704,0.0278973446316225
217,1.35228037834167e-06,-1142.14417766127,-1142.14417833741,0.333625534492649,0.24548221386747,0.132493691794125,4.05301277716765e-08,0.288398519315629,0.0859590251387551,0.152367753088749,0.131115585157037,0.0361574205528987,0.333625548014535,0.245482223816896,0.132493697164111,0,0.288398531004458,0.0859590251387551,0.152367753088749,0.131115585157037,0.0361574205528987
218,0,-1207.73676086492,-1207.73676085495,0.344779591379063,0.234628514034225,0.0562754403008179,1.72147877752822e-08,0.364316437071106,0.286059172211037,0.117103717703335,0.124953002358365,0.0451132543919085,0.344779597314371,0.234628518073305,0.0562754412695877,0,0.364316443342736,0.286059172211037,0.117103717703335,0.124953002358365,0.0451132543919085
219,0,-1103.35816290489,-1103.35816005529,0.413504412541025,0.212769901683855,0.149726989962685,4.5801833652823e-08,0.223998650010601,0.182311731660994,0.191571683105087,0.128699108651869,0.0234313443245289,0.413504430499676,0.212769908204674,0.149726996784379,0,0.223998664511271,0.182311746574599,0.191571668191483,0.128699129957018,0.0234311547087005
220,1.39161241382772,-1143.71880771996,-1144.41461392687,0.377892938164634,0.183105894493765,0.100417794300959,0.0150053238946487,0.323578049145993,0.162816411678439,0.129148698032931,0.0747947734252487,0.0254278457298677,0.369174517228865,0.195923015946664,0.110263069971049,0,0.324639396853422,0.184485605946996,0.13368416965881,0.0748418427769359,0.0253963277106695
221,0,-1146.19034899594,-1146.1903467264,0.401917205741252,0.14873901507617,0.143804099949968,4.39899626671537e-08,0.305539635242648,0.113170957347841,0.179195158859637,0.0867348242301451,0.0103534305332138,0.401917450445216,0.148738710938357,0.143803901604779,0,0.305539937011648,0.113170747037363,0.179194966002667,0.0867346487790894,0.0103535238699162
222,0,-1140.34666987601,-1140.34666836744,0.354495433538085,0.190227700883307,0.17209258613105,5.26435313474337e-08,0.283184226804027,0.177790348653626,0.127100098418714,0.13904186293383,0.0252017073964026,0.354495417897781,0.190227692284173,0.172092630636561,0,0.283184259181485,0.177789991960007,0.127099269711563,0.139040906202411,0.0252016915785731
223,0,-1090.44864372654,-1090.44864175798,0.345287228553221,0.260363889525854,0.167554567321815,5.12553309544226e-08,0.226794263343779,0.180442061706995,0.176042152436623,0.103477589299439,0.0297769231697788,0.345287246251033,0.260363902870892,0.16755457590988,0,0.226794274968195,0.180442061706995,0.176042152436623,0.103477589299439,0.0297769231697788
224,0,-1174.35411000513,-1174.35410801831,0.344394178834273,0.145466505613592,0.189434644800098,4.44985416224897e-08,0.320704626253495,0.232748403069837,0.143275614798311,0.111796513551569,0.0388421161225846,0.344394194159313,0.14546651208664,0.189434653229664,0,0.320704640524384,0.232748403069837,0.143275614798311,0.111796513551569,0.0388421161225846
225,0,-1099.66964282756,-1099.66964077301,0.493688692992651,0.187327351033285,0.083828718205792,2.56433990852136e-08,0.235155212124873,0.114507642182886,0.206618355973981,0.0800852215433263,0.0338633701795417,0.493688710011039,0.187327355116234,0.083828718616077,0,0.23515521625665,0.114507625281415,0.206618419354498,0.0800851877403839,0.0338632434185076
226,10.1840749475823,-1183.23579766089,-1188.32783513469,0.399941241880149,0.17932300596673,0.100467652978212,0.0465134062419042,0.273754692933006,0.227011880840218,0.154219281740424,0.145233805574021,0.0496727575543375,0.353384261213674,0.236162320821335,0.127875467067727,0,0.282577950897263,0.306672634982564,0.174155799090211,0.142832011034433,0.0490362971975151
227,0,-1085.93535432437,-1085.93535093229,0.360406870755202,0.268198937944239,0.175481358114044,5.36801541773759e-08,0.195912779506361,0.176274449838065,0.156401126798918,0.159232367980548,0.0316638916612061,0.360406888790674,0.268198950313595,0.175481366207278,0,0.195912794688453,0.176274406698151,0.156401169934943,0.159232371897538,0.0316637857298517
228,2.83668805423076e-06,-1106.0258105144,-1106.02581193274,0.347991215550435,0.236799915280652,0.195886003441238,5.99219830065032e-08,0.219322805805692,0.173003496503883,0.186536834198592,0.108486498092111,0.0153499061269535,0.34799123640276,0.236799929470174,0.195886015179116,0,0.21932281894795,0.173003496503883,0.186536834198592,0.108486498092111,0.0153499061269535
229,8.81330697666272e-06,-1178.84601360498,-1178.84601801163,0.317063394330189,0.225418552550872,0.144097527324227,4.4079767881295e-08,0.313420481714944,0.252105475506766,0.182375023771736,0.11788856248865,0.0406953210797361,0.317063408076295,0.225418562323767,0.144097533088118,0,0.31342049651182,0.252105483219771,0.182375027628238,0.117888558632147,0.0406954560573224
230,4.72750207336503e-06,-1124.05139000444,-1124.05139236819,0.348907856619768,0.249052080988292,0.191316845050209,5.85242670918144e-08,0.210723158817464,0.221914680806483,0.205791918876369,0.102443942953519,0.0499953987103863,0.348907874784813,0.249052097569192,0.191316857093159,0,0.210723170552837,0.221914669921397,0.205791933389817,0.102443957466968,0.0499955547299593
231,1.22182160055718,-1119.27667820355,-1119.88758900383,0.484802872052245,0.134163679478517,0.146785625418679,0.0495802547904728,0.184667568260086,0.149466337891199,0.225599970267418,0.168017246830194,0.0243938969406417,0.443288606943332,0.16500987728686,0.200857914607633,0,0.190843601162175,0.172469442405356,0.221327893605331,0.17081609070171,0.0242380341014424
232,1.18149864647421e-06,-1106.17055147696,-1106.1705520677,0.459205874345356,0.171654768438124,0.114670238771855,3.50778921328088e-08,0.254469083366772,0.16202710886913,0.1367298515099,0.143577477305316,0.0270606156044303,0.459205890453331,0.171654774459412,0.114670242794245,0,0.254469092293012,0.16202710886913,0.1367298515099,0.143577477305316,0.0270606156044303
233,0,-1107.41235430898,-1107.41235327359,0.408180258159184,0.163114159302294,0.130080250954984,3.97919681422054e-08,0.298625291791569,0.197547806017922,0.11193171263009,0.0546459186459703,0.0282170441712062,0.40817984275723,0.163114188645583,0.13008073100517,0,0.298625237592017,0.197548160819658,0.111932024570473,0.0546459830970251,0.0282171258827762
234,0,-1092.53574851587,-1092.53574847636,0.390753056057116,0.262835734192637,0.147863908970566,9.03884252509065e-10,0.198547299875797,0.165045896150112,0.261681176635496,0.101144997082178,0.0260045759669872,0.390753171428198,0.262835798189271,0.14786380353371,0,0.19854722684882,0.165045738484023,0.261681147710829,0.10114495970883,0.026004573749721
235,6.73102952228555,-1147.74154189853,-1151.10705665968,0.449328262171747,0.162147572836151,0.0941585489871159,0.071283383687125,0.223082232317861,0.154817446107476,0.196295876253722,0.170174491530235,0.0460309079178218,0.403682168760939,0.196018653405886,0.164741708103379,0,0.235557469729796,0.191639084251962,0.196589831689187,0.168136157153184,0.0458026930920034
236,0,-1102.1690179436,-1102.16901466248,0.461807715122339,0.138745931340119,0.148736966084094,4.24427022974477e-08,0.250709345010746,0.0469707246026177,0.181212385640023,0.100508419168309,0.0222686610582271,0.461807715459162,0.138745939565087,0.14873698143291,0,0.250709363542841,0.0469708124297552,0.181211975780048,0.1005088070715,0.0222684195335988
237,0,-1140.12756164282,-1140.12756044463,0.39748106415727,0.243837210501456,0.0632569060223807,1.93505141475759e-08,0.295424799968379,0.143246368058772,0.192295561880745,0.0827201494006929,0.0254406459588196,0.397479797905332,0.24383838998667,0.06325729607732,0,0.295424516030678,0.143246198383272,0.192295193333226,0.0827204193483187,0.0254409179039115
238,8.8162757773016,-1153.67330422703,-1158.08144211568,0.434143594042275,0.100461191879512,0.0990203780249255,0.0983301884992815,0.268044647554006,0.0705934897472581,0.188929229679482,0.0747589655438231,0.0658264289103854,0.40176877425717,0.136864448653141,0.180685564191614,0,0.280681212898076,0.0852622003972141,0.182897406151789,0.0731906230196125,0.0648248887900425
239,4.40197053992415,-1118.38994528,-1120.59093054996,0.411755728839508,0.200413418485029,0.0727644959616998,0.0826799709166075,0.232386385797155,0.17992147801955,0.183544420020981,0.100435753568174,0.0205942715223875,0.400122024480941,0.234611585000419,0.125494805905694,0,0.239771584612946,0.191704263096985,0.179214087524063,0.0992996681954457,0.0206029221791459
240,0,-1120.21381713549,-1120.21381602354,0.482023917883591,0.146564221120848,0.13877638346037,4.24520177313784e-08,0.232635435083173,0.112164610814662,0.186249201947368,0.129018404936813,0.0373335241411529,0.48202393834648,0.146564227342795,0.138776389351707,0,0.232635444959017,0.112164610814662,0.186249201947368,0.129018404936813,0.0373335241411529
241,0,-1082.21645319413,-1082.21645297975,0.42942933322496,0.207993794201758,0.12634325524736,3.86486949599219e-08,0.236233578677227,0.0647632987038779,0.129485669243622,0.0842375726504109,0.0571151191831404,0.429429349821844,0.207993802240447,0.126343260130362,0,0.236233587807347,0.0647632987038779,0.129485669243622,0.0842375726504109,0.0571151191831404
242,0.620058127763514,-1121.06410093984,-1121.37413000372,0.44001295107883,0.124369636563528,0.126276715786954,0.0511862437616677,0.25815445280902,0.140464267295841,0.167913388347034,0.116252825148701,0.0200176445063796,0.421416927818078,0.145248674477876,0.174058576069503,0,0.259275821634543,0.177852993743787,0.167558957050737,0.118352499346935,0.0199786626672206
243,0,-1169.05789734024,-1169.05789615219,0.382387939613727,0.189684689946528,0.109526434196856,3.35043903771088e-08,0.318400902738499,0.176439467857982,0.140909336892582,0.13594730098585,0.012697100873471,0.382387952425402,0.189684696301798,0.109526437866473,0,0.318400913406327,0.176439467857982,0.140909336892582,0.13594730098585,0.012697100873471
244,1.35995333039318e-06,-1159.82192494209,-1159.82192562207,0.362807652835843,0.224665508109867,0.145124395626435,4.43938893835514e-08,0.267402399033965,0.265969018514705,0.181027755112511,0.138702064850728,0.0302457417635417,0.362807668942287,0.224665518083643,0.145124402069071,0,0.267402410904998,0.265969018514705,0.181027755112511,0.138702064850728,0.0302457417635417
245,2.90555954052252e-06,-1177.65205306192,-1177.6520545147,0.323674973608715,0.228156054715224,0.148461796246361,4.54148079776311e-08,0.299707130014892,0.278466016586171,0.190022520829373,0.129352635531342,0.0242601643957922,0.323674988308353,0.228156065076888,0.148461802988726,0,0.299707143626034,0.278466016586171,0.190022520829373,0.129352635531342,0.0242601643957922
246,2.06080988410304,-1056.38951212495,-1057.419917067,0.44576830919768,0.184859238746877,0.117271270093641,0.0346064195996896,0.217494762362113,0.123573773834733,0.167477699020295,0.0766161903509992,0.0228600735888339,0.43459638601467,0.203016039367958,0.144915284326512,0,0.217472290290861,0.1775652607561,0.166195795906951,0.0766000701668109,0.022854540686154
247,0,-1058.35936551705,-1058.35936318459,0.417882950410755,0.189279897812988,0.14800705297445,4.52757009555208e-08,0.244830053526106,0.260503726499736,0.13894913528134,0.0378852092186029,0.0211207598557488,0.4178829693307,0.189279906382769,0.148007059675573,0,0.244830064610958,0.260503726499736,0.13894913528134,0.0378852092186029,0.0211207598557488
248,0,-1168.78510879177,-1168.78510442255,0.360284995977466,0.191920777662318,0.185903029421486,5.68681680883519e-08,0.261891140070561,0.348992540247684,0.223552035326901,0.124000823985311,0.0291192519753194,0.360285016466215,0.191920788576502,0.185903039993452,0,0.261891154963832,0.348992540247684,0.223552035326901,0.124000823985311,0.0291192519753194
249,7.13066809165457,-1116.88198176583,-1120.44731581166,0.464461633754434,0.138638642234814,0.119920248130442,0.0552344103465474,0.221745065533763,0.0835422693526104,0.218633616292435,0.0903655556844307,0.0438547020188177,0.427726726088142,0.168422974648816,0.182631200580924,0,0.221219098682118,0.255099281420791,0.220062514959095,0.0918400431852195,0.0439581580457548
250,3.44780849622703,-1094.68278732128,-1096.40669156939,0.47445088370032,0.1541958854092,0.106415906100182,0.0289803601680489,0.235956964622249,0.0994274912807601,0.180643473584693,0.0842141642662362,0.0313432104173419,0.4554375395231,0.170616735773634,0.136328452294364,0,0.237617272408902,0.147275198483305,0.1859833846088,0.0858653146780182,0.0313201758964303
251,0,-1108.14373326462,-1108.14373132644,0.402978079428461,0.173099846625315,0.15236861613237,4.66099132465439e-08,0.27155341120394,0.163944846534999,0.170035348207481,0.104663554013335,0.0081228824173926,0.402978098211235,0.173099854693485,0.152368623234258,0,0.271553423861022,0.163944846534999,0.170035348207481,0.104663554013335,0.0081228824173926
252,0,-1103.04457638092,-1103.04457530019,0.420335685679635,0.174395308723855,0.154059178409229,4.71270601699878e-08,0.251209780060221,0.095898285512605,0.184457833207792,0.0861613114373621,0.0240199656801135,0.420335705488821,0.174395316942594,0.154059185669585,0,0.251209791899,0.095898285512605,0.184457833207792,0.0861613114373621,0.0240199656801135
253,0,-1062.19669651238,-1062.19669398711,0.501450239346168,0.189407893603703,0.138981457492355,4.25147423255985e-08,0.170160367043032,0.246417498268854,0.209130244694201,0.134955407770831,0.00801476727702707,0.501450065687591,0.18940802603666,0.138981465444736,0,0.170160442831012,0.246417687271781,0.209130278090453,0.134955349436412,0.00801478900386032
254,0,-1087.67195611228,-1087.67195543728,0.447915649855627,0.213365588125307,0.122206361988305,3.73832097123086e-08,0.216512362647551,0.23106503943608,0.178858211180602,0.0971392146434337,0.0258657852642034,0.447915666600152,0.213365596101598,0.122206366556771,0,0.216512370741479,0.23106503943608,0.178858211180602,0.0971392146434337,0.0258657852642034
255,0,-1144.99845481723,-1144.99845333308,0.456531439370316,0.174505216334803,0.111053538525568,3.39715351349103e-08,0.257909771797778,0.165304525234177,0.164784569379244,0.179654662225633,0.0269475177949528,0.45653145487939,0.174505222263013,0.111053542298228,0,0.25790978055937,0.165304525234177,0.164784569379244,0.179654662225633,0.0269475177949528
256,6.52490371066961e-06,-1132.33596449373,-1132.33596775619,0.376912101927674,0.197205326358436,0.130310755509994,3.98623624968533e-08,0.295571776341533,0.0196180175000651,0.183016531291303,0.089519145357243,0.034798224061443,0.376912116952282,0.197205334219506,0.130310760704489,0,0.295571788123723,0.0196180175000651,0.183016531291303,0.089519145357243,0.034798224061443
257,0,-1153.8003246678,-1153.80032331611,0.408027852875675,0.253133324741443,0.096012992073347,2.93705970735603e-08,0.242825800938938,0.175015910313367,0.21832824425706,0.139220775683984,0.0418988305049612,0.408027864859697,0.25313333217612,0.096012994893306,0,0.242825808070877,0.175015910313367,0.21832824425706,0.139220775683984,0.0418988305049612
258,0,-1153.50348273206,-1153.50347891811,0.37096783055438,0.174712997410569,0.14489177174008,4.43227555920957e-08,0.309427355972215,0.0714483292870769,0.253503667186819,0.0585028087937895,0.018969270902798,0.370967662329287,0.174713081483276,0.144891914303334,0,0.309427341884103,0.071452213677255,0.253503819190375,0.0585028022182367,0.0189692603290433
259,0,-1034.90754623344,-1034.90754352773,0.46325294416223,0.178575045912487,0.154254311399344,4.71867518044706e-08,0.203917651339187,0.110098600315701,0.160081243724371,0.0674137008904092,0.0274941358819222,0.463252966021633,0.178575054338864,0.154254318678104,0,0.203917660961399,0.110098600315701,0.160081243724371,0.0674137008904092,0.0274941358819222
260,4.95843726707835,-1104.51119080077,-1106.99040943431,0.518742636768507,0.0669606085043654,0.138656114527156,0.0359705123173523,0.239670127882619,0.00359836861286689,0.223811090515549,0.101282006458236,0.0241404907029585,0.506868829753976,0.0835059715653815,0.172492416390176,0,0.237132782290466,0.0556515947739877,0.23138835491431,0.103213283264538,0.024144729595502
261,3.90440618502907e-07,-1148.00842478143,-1148.00842497665,0.356707567537529,0.218566439343964,0.130694885366557,3.99798687113501e-08,0.294031067772081,0.120687428409363,0.187653439054478,0.0759728407719455,0.0447018981710615,0.356707581798651,0.218566448082222,0.130694890591722,0,0.294031079527405,0.120687428409363,0.187653439054478,0.0759728407719455,0.0447018981710615
262,0,-1194.16274860764,-1194.16274703305,0.29100222557588,0.199092571253567,0.242249682336376,6.09028795411414e-08,0.267655459931298,0.5,0.165413114537317,0.171046201602662,0.0379876294412294,0.291002243298754,0.199092583378879,0.24224969709008,0,0.267655476232287,0.5,0.165413114537317,0.171046201602662,0.0379876294412294
263,1.28830788526102e-06,-1028.73158983681,-1028.73159048096,0.521610832927507,0.211696983284828,0.0874348973115969,2.67465379647932e-08,0.17925725972953,0.17000393966368,0.140977940390248,0.14290121433067,0.00827312699268589,0.521610847991525,0.211696988207932,0.0874348994542144,0,0.179257264346328,0.170003947787729,0.140977957887801,0.142901196832302,0.00827303824069015
264,0,-1120.01133234121,-1120.01133185955,0.317415463572579,0.260285633067832,0.17383804680685,5.31774619097204e-08,0.248460803375277,0.161400462911216,0.167847098812722,0.0914910467387295,0.054319606386808,0.317415480451929,0.260285646909162,0.173838056051117,0,0.248460816587793,0.161400462911216,0.167847098812722,0.0914910467387295,0.054319606386808
265,0,-1079.31919094455,-1079.31918998481,0.424103713588393,0.234601491661171,0.0987972553540334,3.02223096720102e-08,0.242497509174093,0.154792935381166,0.179327087643897,0.0837590023370604,0.0179740041405711,0.424103726405788,0.23460149875137,0.0987972583399147,0,0.242497516502928,0.154792935381166,0.179327087643897,0.0837590023370604,0.0179740041405711
266,3.40625092576374e-06,-1073.42476027526,-1073.42476197838,0.454879365903392,0.216722255244659,0.129801433035611,3.97065595700557e-08,0.198596906109779,0.12598633489776,0.205640973355815,0.154393724240885,0.0172821770666202,0.454879383965087,0.216722263849955,0.129801438189579,0,0.198596913995379,0.12598633489776,0.205640973355815,0.154393724240885,0.0172821770666202
267,0,-1090.8969021781,-1090.89690054013,0.366504643200854,0.264101703647691,0.193523768933568,5.37989892314036e-08,0.175869830418898,0.147972539420914,0.219936848457007,0.149536997611607,0.0298743151611853,0.366504662918434,0.264101717856096,0.193523779344951,0,0.175869839880518,0.147972539420914,0.219936848457007,0.149536997611607,0.0298743151611853
268,0,-1165.47179650146,-1165.47179436519,0.400392273855174,0.210112785800971,0.1387351238352,4.24393963162959e-08,0.250759774069259,0.27364584715052,0.200061570503453,0.118819110772054,0.0455354106666814,0.400392290847581,0.210112794718031,0.138735129723035,0,0.250759784711353,0.27364584715052,0.200061570503453,0.118819110772054,0.0455354106666814
269,9.18027646235441,-1127.73241133806,-1132.32254956924,0.398944397265972,0.184025250252508,0.0975578714196486,0.0549700873357032,0.264502393726169,0.0433020295627918,0.193647347859929,0.15005202916308,0.0181564771762276,0.394952612623486,0.198176655628982,0.131440738839772,0,0.275429992907761,0.058037052400922,0.199730232498414,0.149379483140691,0.0181489644163657
270,0,-1165.0729799762,-1165.0729774169,0.401189319114047,0.170218719677665,0.144651039835232,4.42490887485994e-08,0.283940877123968,0.191534122850858,0.18574479423913,0.134205153321466,0.0251396106360675,0.401189336866309,0.170218727209688,0.144651046235909,0,0.283940889688094,0.191534122850858,0.18574479423913,0.134205153321466,0.0251396106360675
271,0,-1162.88717909341,-1162.8871770814,0.341043030492273,0.267986145127795,0.117782342566412,3.60298914526061e-08,0.273188445783628,0.339374641986173,0.182869472605087,0.147056863512,0.0236163221112515,0.341043046936192,0.267986152596167,0.117782345217715,0,0.273188455249925,0.33937467929095,0.182869475994767,0.147056754988418,0.0236162135342039
272,0,-1168.28701445894,-1168.2870135892,0.37018511268402,0.203149867536179,0.146526576457678,4.48228197535918e-08,0.280138398499304,0.237073190578895,0.213884979673717,0.146302435807981,0.0139811937778881,0.370185129276761,0.203149876641929,0.146526583025412,0,0.280138411055898,0.237073190578895,0.213884979673717,0.146302435807981,0.0139811937778881
273,0.61565367950152,-1112.76696945241,-1113.07479629216,0.367802582070779,0.216678330654267,0.119661820309463,0.0671798522812649,0.228677414684226,0.24039619953194,0.181613904729164,0.112398765260565,0.0383874902365026,0.336934473074245,0.242747595664382,0.188265575152631,0,0.232052356108742,0.238802309785569,0.187493726724311,0.11461255376588,0.0383650593199488
274,0,-1141.93168236876,-1141.9316789849,0.332443694722373,0.234552111944841,0.157315945687935,4.81233128378784e-08,0.275688199521539,0.124976269914836,0.200516297493469,0.109939714578367,0.0473682856982325,0.332443710720666,0.234552123232266,0.157315953258499,0,0.275688212788569,0.124976269914836,0.200516297493469,0.109939714578367,0.0473682856982325
275,0.00567326053806028,-1112.3602146745,-1112.36305130477,0.410288295036162,0.217106555065527,0.133248398782029,4.02328551212134e-08,0.239356710883427,0.12006965043013,0.171809488748074,0.159292725894705,0.0251847053872299,0.411475588204649,0.216073332431211,0.133267254114681,0,0.239183825249458,0.119835244035447,0.171821984075399,0.159405529705663,0.0251861108269031
276,0,-1180.70141775439,-1180.70141590408,0.407211217363097,0.187495473282052,0.0945499700031242,2.89230558272833e-08,0.310743310428671,0.110717239790375,0.225310486947376,0.150887017628348,0.0162189057148802,0.407211192353691,0.1874954747136,0.094549975786464,0,0.310743357146245,0.11071719835953,0.225310477740521,0.150887408919668,0.0162184868029963
277,0,-1130.25424025811,-1130.25423975047,0.371596624152936,0.211742758658704,0.153329936693643,4.69039834369833e-08,0.263330633590734,0.155440074762578,0.195426517733728,0.0892020996458998,0.0291449731884179,0.371596641582299,0.211742768590283,0.153329943885428,0,0.26333064594199,0.155440074762578,0.195426517733728,0.0892020996458998,0.0291449731884179
278,1.94070773643125,-1149.75770635303,-1150.72806022124,0.45790183632349,0.161000918875959,0.0948734582047803,0.0297823088305327,0.256441477765238,0.117217677709192,0.225992670098884,0.14138871547849,0.0264173023341178,0.440517860006764,0.188887799271297,0.114857332258686,0,0.255737008463252,0.11194221176014,0.238389101200306,0.14377754305828,0.0264234682127006
279,5.73532406633603e-06,-1181.24925046233,-1181.24925332999,0.358901894495981,0.240539021064829,0.0987613878467331,3.02113377182965e-08,0.30179766638112,0.101254848453876,0.265109979797362,0.118255993371378,0.020359263345323,0.358901905338887,0.240539028331835,0.0987613908304469,0,0.301797675498831,0.101254848453876,0.265109979797362,0.118255993371378,0.020359263345323
280,0,-1089.47476706515,-1089.47476523625,0.41355587807768,0.259272561707535,0.108083328135142,3.30629408841003e-08,0.219088199016701,0.482928635226363,0.140760665372707,0.153768651655823,0.0173708018143255,0.413555891751054,0.259272570279849,0.108083331708695,0,0.219088206260402,0.482928635226363,0.140760665372707,0.153768651655823,0.0173708018143255
281,4.87684519300092,-1124.12549055518,-1126.56391315168,0.517734515944151,0.117595682068076,0.0621016982894834,0.0526824015783703,0.249885702119918,0.0569386145288541,0.170420915728685,0.159914268186925,0.0097657608524851,0.47680875919651,0.157407726196083,0.114902886992926,0,0.250880627614481,0.154401850021011,0.178639666461035,0.162083793615784,0.00976457619969398
282,3.10445102513768e-06,-1172.15773536945,-1172.15773692167,0.296073890856948,0.190992319005079,0.179036465613653,5.47676702856617e-08,0.33389726975665,0.165311073181529,0.108565228942073,0.119361236349362,0.0512504438406936,0.296073907072226,0.190992329465284,0.179036475419063,0,0.333897288043427,0.165311073181529,0.108565228942073,0.119361236349362,0.0512504438406936
283,0,-1153.40489480626,-1153.4048940977,0.487788361401829,0.168358425364577,0.0817436095443079,2.5005559845799e-08,0.262109578683726,0.210610146645376,0.242191039403602,0.132846094486127,0.0146970835488624,0.487788374947004,0.168358429525857,0.0817436115647476,0,0.262109583962391,0.210610155800649,0.242191048558875,0.132846082279096,0.0146969065469093
284,1.80815200693951,-1100.47140284974,-1101.37547885321,0.482010500806401,0.161259030825645,0.098684662720693,0.0544521660293235,0.203593639617937,0,0.163972352033301,0.114999391954639,0.064788111252567,0.463020924011745,0.194764017133674,0.130045629687386,0,0.212169429167195,0,0.159232777514295,0.114600670673769,0.0641041447269418
285,5.12044607603457e-07,-1168.40759188178,-1168.4075921378,0.282172873879547,0.250677367151874,0.211786047788335,6.47858434683624e-08,0.2553636463944,0.250918329932765,0.230334465654199,0.125859593272024,0.0226561432120996,0.282172892160356,0.25067738339222,0.211786061509074,0,0.25536366293835,0.250918329932765,0.230334465654199,0.125859593272024,0.0226561432120996
286,0,-1113.61993083442,-1113.61992979806,0.443269821696139,0.196430621001432,0.194978310794879,5.05721374647796e-08,0.165321195935412,0.249882771682571,0.244116770647207,0.137851122421015,0.0519790975145124,0.443269844113243,0.196430630935349,0.194978320655349,0,0.165321204296059,0.249882771682571,0.244116770647207,0.137851122421015,0.0519790975145124
287,7.35974026611075e-07,-1091.89968501954,-1091.89968538753,0.313383115856299,0.255290725126749,0.193887013328247,5.93104872922792e-08,0.237439086378218,0.106295969952049,0.156327681226229,0.114448610563761,0.0242414135493008,0.313383134443205,0.255290740268167,0.193887024827781,0,0.237439100460847,0.106295969952049,0.156327681226229,0.114448610563761,0.0242414135493008
288,9.36438482312951e-07,-1083.31087093278,-1083.310871401,0.406472715912448,0.202501661380619,0.152253835804784,4.65746883827776e-08,0.23877174032746,0.153796971334824,0.172376761650527,0.0760575112513123,0.0296741655445518,0.4064729687056,0.202502009015698,0.152253355414264,0,0.238771666864438,0.15379882880538,0.17237626440304,0.0760573451181873,0.0296736569792206
289,4.69995817469862,-1081.40752198231,-1083.75750106966,0.448681482579988,0.189798138396864,0.13287208932504,0.0409948057463612,0.187653483951747,0.122893348457022,0.155748657036244,0.112599178583284,0.044646499919126,0.420424712884019,0.231073292333151,0.160689342153612,0,0.187812652629218,0.170835321324187,0.163062536387275,0.116189445733491,0.0445479903697387
290,0,-1178.90612694729,-1178.9061254522,0.345731251767471,0.19935670114656,0.144493395755221,4.42008650422856e-08,0.310418607129883,0.214036372654039,0.166075256035131,0.117211509646645,0.0269430984298473,0.345731259731259,0.199356708280211,0.14449340259989,0,0.31041862938864,0.2140364274089,0.166075237783511,0.117212081530752,0.0269427881523003
291,0,-1125.87205555506,-1125.87205551557,0.442852753027385,0.117444394216491,0.156148339441484,3.59265127243146e-08,0.283554477388128,0.174945872214341,0.197572626775543,0.0625446049076752,0.018456357483445,0.442852767581719,0.117444398628053,0.156148345306883,0,0.283554488483344,0.174945872214341,0.197572614245705,0.0625446189906836,0.0184562885169841
292,0,-1246.63169328052,-1246.63169174838,0.390212124550135,0.177611342080047,0.140949717546459,4.31168456715387e-08,0.291226772706514,0.324289788648471,0.280726747915347,0.166305603466951,0.0393679539717387,0.390212141374852,0.177611349738088,0.140949723623766,0,0.291226785263294,0.324289788648471,0.280726747915347,0.166305603466951,0.0393679539717387
293,0,-1123.63530646729,-1123.63530459466,0.381144509312327,0.190739975334221,0.168120183888007,5.14283543745349e-08,0.25999528003709,0.31505804820219,0.157012649529557,0.0715914972334267,0.029244668280968,0.381144528913963,0.190739985143665,0.168120192534152,0,0.259995293408221,0.31505804820219,0.157012649529557,0.0715914972334267,0.029244668280968
294,6.57352800246508,-1114.29134075577,-1117.578104757,0.450181414693285,0.110976661286969,0.120056799704519,0.0456844810168425,0.273100643298384,0.0316570431418608,0.136938824460202,0.0929463152997169,0.0101041647576367,0.426449873547743,0.139891275773169,0.156728541799916,0,0.276930308879172,0,0.145888578295865,0.101119351498273,0.010102548901141
295,6.57612985727792,-1123.52987254624,-1126.81793747488,0.517595662794162,0.101687889712179,0.109227748844291,0.0466156045009457,0.224873094148422,0.0620310713540562,0.196070252651762,0.134924341908627,0.034282175960058,0.48649837709756,0.123117874303835,0.166580246212806,0,0.223803502385798,0.0909370256299915,0.207053481260397,0.139924479973188,0.0344131589925019
296,4.8158740355575e-06,-1146.82422773763,-1146.82423014556,0.31659278841756,0.207226203034569,0.172448063939946,5.27522629252769e-08,0.303732891855662,0.099965015781929,0.171584402646551,0.095965845248814,0.0312293480480976,0.316592805118547,0.20722621396622,0.172448073036972,0,0.303732907878261,0.099965015781929,0.171584402646551,0.095965845248814,0.0312293480480976
297,0,-1113.29156010606,-1113.29155598086,0.353564066132896,0.195705878218707,0.158180529345502,4.83877909849963e-08,0.292549477915103,0.0640892795015104,0.158039104397943,0.109912702669897,0.0136028655450588,0.353564083241081,0.195705887688483,0.158180536999509,0,0.292549492070927,0.0640892795015104,0.158039104397943,0.109912702669897,0.0136028655450588
298,8.55302913322657,-1111.87769571282,-1116.15421027943,0.437504506072075,0.149610475760031,0.140446719712294,0.0393368220649705,0.23310147639063,0.141457096071192,0.183374142465753,0.0788829165981368,0.0507837867032477,0.422976901484088,0.182276151521607,0.167903108597992,0,0.226843838396313,0.14644111346776,0.190063564402841,0.104036401866058,0.0509320556864364
299,0,-1048.49842259116,-1048.49841971235,0.473561975704094,0.176992463218242,0.193700887052283,4.76426426161694e-08,0.155744626382738,0.127045926471545,0.201829275931502,0.133340205876718,0.0214650942398085,0.473561998265839,0.176992471650631,0.193700896280706,0,0.155744633802824,0.127045926471545,0.201829275931502,0.133340205876718,0.0214650942398085
300,8.73738827067427e-07,-1157.34410406567,-1157.34410450254,0.36904358132072,0.182026752254809,0.175590744096128,5.37136160776479e-08,0.273338868614727,0.190036729303419,0.164590281589994,0.1010844676059,0.0385753289999255,0.369043601143386,0.182026762032125,0.175590753527743,0,0.273338883296747,0.190036729303419,0.164590281589994,0.1010844676059,0.0385753289999255
301,0,-1145.6221247867,-1145.62212422285,0.484613350668809,0.139037133371638,0.134467158125901,4.11333683040417e-08,0.241882316700283,0.0689131982078138,0.210681391629085,0.143198745588356,0.037524303910636,0.484614349414684,0.139038791013906,0.13447118786373,0,0.24187567170768,0.0689113680726889,0.21068471665066,0.14320199420494,0.0375229461625003
302,0,-1183.56480043979,-1183.56479795034,0.271973555843145,0.267299755028043,0.147427229580845,4.50983316339359e-08,0.313299414449636,0.17081800904719,0.247007798734394,0.138243422056709,0.0219990389291386,0.271973568108699,0.267299767082816,0.147427236229567,0,0.313299428578917,0.17081800904719,0.247007798734394,0.138243422056709,0.0219990389291386
303,0,-1134.40725538848,-1134.40725401892,0.290569272567022,0.244046922371176,0.185377327616992,5.67073546864651e-08,0.280006420737455,0.138788167265821,0.168452704220588,0.117634774109232,0.022032737840086,0.290569289044438,0.244046936210432,0.185377338129251,0,0.280006436615879,0.138788167265821,0.168452704220588,0.117634774109232,0.022032737840086
304,1.13636683636287e-05,-1154.44100275768,-1154.44100843951,0.388912360854779,0.204482728607527,0.105307758231511,3.22138876098643e-08,0.301297120092296,0.204060216971788,0.213749414591393,0.0640254821619189,0.0494100164659637,0.388912373383158,0.204482735194711,0.105307761623883,0,0.301297129798248,0.204060216971788,0.213749414591393,0.0640254821619189,0.0494100164659637
305,0.679372480442453,-1198.1046311287,-1198.44431736892,0.353929104842915,0.201924186205469,0.12282382873809,0.0252265187168774,0.296096361496648,0.194366244215465,0.190894131358906,0.163018962257297,0.0402287034259144,0.342374518704409,0.212677790318748,0.143276156184201,0,0.301671534792641,0.192059932657707,0.195001027602419,0.161843092847916,0.0400749731703655
306,1.55887004919305,-1120.30985228716,-1121.08928731176,0.456360481307041,0.183047603127903,0.0734331441889405,0.0228863080417081,0.264272463334408,0.0661499879104382,0.184515421410084,0.14281110482216,0.0283795098570876,0.454993394899855,0.19165255619469,0.0868023795197771,0,0.266551669385678,0.0612483129219521,0.18821798338795,0.14237210457733,0.0283847743884043
307,1.38147944220555,-1164.24208761099,-1164.93282733209,0.326860078869306,0.181264330956203,0.117631029042758,0.0561823621661598,0.318062198965573,0.134517946359215,0.190274778884175,0.0713697131388189,0.0247055831123573,0.284135671788933,0.219736427398723,0.170248811087014,0,0.32587908972533,0.183071285067469,0.183320434101591,0.067075455577887,0.0244100885897163
308,0,-1091.71496320741,-1091.71496215997,0.385527480099142,0.212589783779738,0.135052094476177,4.13127490888944e-08,0.266830600332194,0.027855900249879,0.134322609606123,0.0839753302788521,0.0397618340377257,0.385527496026343,0.212589792562407,0.135052100055551,0,0.2668306113557,0.027855900249879,0.134322609606123,0.0839753302788521,0.0397618340377257
309,2.88154615191161e-06,-1131.1562493099,-1131.15625075067,0.410758480399651,0.207961998773015,0.120030367154513,3.67175678432517e-08,0.261249116955253,0.146511749873466,0.191776319425942,0.114526229898427,0.0229539673596431,0.410758495481704,0.207962006408874,0.120030371561736,0,0.261249126547686,0.146511749873466,0.191776319425942,0.114526229898427,0.0229539673596431
310,0,-1174.9163374543,-1174.91633563075,0.435866657113406,0.163815130007331,0.110132464023619,3.36897776940636e-08,0.290185715165866,0.136076953430661,0.189575951328617,0.116386393743305,0.0449169673463912,0.435866715909392,0.163815081987621,0.110132470098503,0,0.290185732004483,0.136076166394713,0.189575475715497,0.116385452004792,0.0449163606976339
311,0,-1126.25944915051,-1126.25944726376,0.387222717149259,0.232751757072008,0.111499002336657,3.41073107232352e-08,0.268526489334765,0.221643408331288,0.171806670123097,0.128881067076021,0.0209979152876958,0.387224797585812,0.232751926366294,0.111497901908579,0,0.268525374139315,0.221643844250138,0.171807327336673,0.128881946773187,0.0209975098365761
312,0,-1190.31083291271,-1190.31083206463,0.317232741670762,0.157841638573015,0.179951655244169,4.82841235112959e-08,0.34497391622793,0.132904203091302,0.117499666050146,0.11704817103911,0.0232499943897473,0.317232756993001,0.157841646538524,0.179951664325463,0,0.344973932143013,0.132904211753354,0.117499668215659,0.117048179701163,0.0232500766792454
313,2.80599729843334,-1141.99229584041,-1143.39529448962,0.422504379809668,0.160750210066731,0.0976737722895598,0.0432614369379331,0.275810200896108,0.0553483743557383,0.116370074673742,0.115723020338287,0.0467694997028899,0.369432223748761,0.19807566961208,0.151930522744338,0,0.280561583894821,0.129270430319436,0.109315307019636,0.115601068052069,0.0467397201632826
314,1.93456071428955e-06,-1086.3680137888,-1086.36801475608,0.405469181794356,0.237181817408225,0.1421930304542,4.34971908199442e-08,0.215155926846028,0.11784376272333,0.201147726391719,0.115840983356595,0.0244128135024586,0.405469207808293,0.237181773175529,0.142193080453217,0,0.215155938562961,0.117843881160027,0.20114764622443,0.11584065986815,0.0244129102417054
315,0,-1124.05829127318,-1124.05828908751,0.438732363655701,0.163890282268593,0.139805267196828,4.27667556538875e-08,0.257572044112122,0.232401995298751,0.176512938073881,0.0930383433982827,0.0331802452021151,0.438732382418862,0.163890289277649,0.139805273175846,0,0.257572055127643,0.232401995298751,0.176512938073881,0.0930383433982827,0.0331802452021151
316,4.78032552982404,-1114.49202521429,-1116.8821879792,0.378140285216899,0.221207234416648,0.0884392926303417,0.06366890595764,0.248544281778471,0.132661460492485,0.189442999995749,0.125053312973494,0.0184763458545408,0.336588639022266,0.258070980248931,0.143723616562733,0,0.26161676416607,0.17041109277459,0.178539087362533,0.121570032596025,0.0182930656195589
317,1.51118911162484e-06,-1172.53024087184,-1172.53024162743,0.400411126301188,0.239383994777575,0.0840352711215932,2.57065844400955e-08,0.27616958209306,0.24801498044935,0.223845099285963,0.180432786499097,0.0119616898786055,0.400411136594391,0.23938400093132,0.084035273281853,0,0.276169589192437,0.24801498044935,0.223845099285963,0.180432786499097,0.0119616898786055
318,0,-1115.9016817132,-1115.90168044556,0.405877993747221,0.245841326188894,0.132572490543812,4.05542324920586e-08,0.21570814896584,0.231896350833929,0.21182393938808,0.111050848900136,0.0397138295392298,0.405878010207292,0.2458413361588,0.132572495920188,0,0.215708157713719,0.231896350833929,0.21182393938808,0.111050848900136,0.0397138295392298
319,1.93973028217442e-06,-1182.5738781406,-1182.57387911047,0.343462254125381,0.217693028004124,0.103397010314403,3.16293853881269e-08,0.335447675926707,0.124892020358691,0.215669984035934,0.0881083163292144,0.0297709093027144,0.343462264988882,0.217693034889621,0.103397013584787,0,0.335447686536711,0.124892020358691,0.215669984035934,0.0881083163292144,0.0297709093027144
320,0,-1116.91787187525,-1116.91787126378,0.340908992926759,0.215755207189783,0.16609345671212,5.08083746704215e-08,0.277242292362964,0.204313848306885,0.147326660501446,0.114671013818008,0.016782002603691,0.340909011063685,0.215755215867444,0.166093468012774,0,0.277242305056096,0.204313831616094,0.147326628974395,0.114671045345059,0.0167818876226828
321,0,-1037.61175976195,-1037.61175485111,0.394163571814316,0.237883482048864,0.162778031182925,4.97941762761704e-08,0.205174865159719,0.146246846520412,0.138808924364904,0.0939279749759628,0.0333544843913014,0.394163615083628,0.237883473070881,0.162778041865414,0,0.205174869980077,0.146247170769114,0.138808478118238,0.0939276889833676,0.0333547172764819
322,0,-1209.95185461826,-1209.95185461082,0.347764726458245,0.202498598759544,0.0995309618359788,3.04467521874046e-08,0.35020568249948,0.337864735330625,0.142062986855286,0.116159599772957,0.0461954244008898,0.347764730524467,0.202498606351611,0.0995309649497758,0,0.350205698174147,0.337864743141491,0.142062875297089,0.116159581794616,0.0461955695433739
323,1.85029148269678e-06,-1157.51124159828,-1157.51124252342,0.326642634419314,0.176335981943942,0.19539683933383,5.39415860646201e-08,0.301624490361328,0.332719115802671,0.135180310326689,0.0892275462443451,0.0332628058603839,0.326642652038936,0.176335991455785,0.195396849873846,0,0.301624506631432,0.332719115802671,0.135180310326689,0.0892275462443451,0.0332628058603839
324,0,-1056.38448596422,-1056.38448243157,0.44574124658468,0.214780355291814,0.132055690035696,4.03961420173894e-08,0.207422667691668,0.24189949178825,0.171870007758158,0.0885378565148408,0.0161431515765111,0.445741264590908,0.214780363968112,0.132055695370237,0,0.207422676070744,0.24189949178825,0.171870007758158,0.0885378565148408,0.0161431515765111
325,2.57562814040057,-1139.11147452573,-1140.39928859593,0.477420888111816,0.145353841095417,0.0716738393207413,0.0591177259199513,0.246433705552073,0.127346160950558,0.215096017063346,0.117546666897322,0.0506218777636209,0.451954152557284,0.166153253802495,0.130950406660628,0,0.250942186979594,0.133203773341549,0.230833682330636,0.11680487624172,0.0505326411225028
326,10.1906280724502,-1054.44807654976,-1059.54339058598,0.447971772168864,0.15240939912647,0.13810659201699,0.0681321666849254,0.193380070002751,0.158615834796127,0.162491512361682,0.106417288860103,0.0130143788275216,0.419972933837789,0.192862265730957,0.189085710301564,0,0.19807909012969,0.175774370724131,0.174630726599444,0.106221461194229,0.0130129721458668
327,1.25490350910695e-06,-1141.03725144287,-1141.03725207033,0.41271588308729,0.182842130414584,0.207521782479953,5.59318319793186e-08,0.196920148086341,0.271660560855074,0.195954781030997,0.156875869946445,0.0526695120104783,0.412715906171247,0.18284214064128,0.207521794087027,0,0.196920159100446,0.271660560855074,0.195954781030997,0.156875869946445,0.0526695120104783
328,7.31207092030672e-06,-1036.35290584816,-1036.3529095042,0.4672432582614,0.205109495848517,0.139730437072239,4.27438649451322e-08,0.187916766073978,0.187424483556564,0.201285088809916,0.0744417737145947,0.0121741668259204,0.467243278233184,0.20510950461569,0.139730443044858,0,0.187916774106268,0.187424483556564,0.201285088809916,0.0744417737145947,0.0121741668259204
329,0,-1106.41944009861,-1106.41943955378,0.469382597538381,0.193439051325134,0.132978426245516,4.06784091651843e-08,0.20419988421256,0.0759925618560376,0.255708732659515,0.0944216116488608,0.0340345207767145,0.469382616632119,0.193439059193927,0.132978431654867,0,0.204199892519086,0.0759925618560376,0.255708732659515,0.0944216116488608,0.0340345207767145
330,0,-1114.1465854509,-1114.14658186424,0.395254212175781,0.174792879682155,0.192625969901401,5.34695475019676e-08,0.237326884771115,0.207262473737754,0.146289395580511,0.113436226842126,0.0461133773757883,0.395254233309846,0.174792889028252,0.192625980201026,0,0.237326897460877,0.207262473737754,0.146289395580511,0.113436226842126,0.0461133773757883
331,3.72066006093519e-06,-1113.49559526012,-1113.49559712045,0.435248890759108,0.172953296394849,0.177790407831401,5.29068147056243e-08,0.214007352107828,0.264749129571195,0.229601312238045,0.135395356302937,0.0221050985158369,0.435248913786741,0.172953305545257,0.177790417237725,0,0.214007363430276,0.264749129571195,0.229601312238045,0.135395356302937,0.0221050985158369
332,0,-1101.9233490298,-1101.92334659985,0.458471374532145,0.147547557108106,0.129603868355583,3.96461240759859e-08,0.264377160358041,0.168003464563649,0.173270772316586,0.0977240674733831,0.0135646534272798,0.458471392708759,0.147547562957795,0.129603873493874,0,0.264377170839572,0.168003464563649,0.173270772316586,0.0977240674733831,0.0135646534272798
333,2.84516136082038,-1155.85430124195,-1157.27688192236,0.46982630118755,0.146876088290827,0.0492924250129142,0.0597066207730021,0.274298564735707,0.197058843392079,0.246359180040769,0.110384662524857,0.0220697800903115,0.442385184164101,0.171015626312787,0.118093414537337,0,0.268505774985776,0.227360788084889,0.255322116490829,0.114579888793363,0.0220711731378979
334,0,-1102.48731287501,-1102.48730919535,0.369527897275814,0.211524454173653,0.160670575486961,4.91494990905817e-08,0.258277023914073,0.0992140690620361,0.225508193867244,0.0928088553391423,0.0248280928890113,0.369527916445651,0.211524472325874,0.160670575130077,0,0.258277036098398,0.0992139133395128,0.225508257959248,0.0928088314721605,0.0248281682944974
335,0,-1078.55319298503,-1078.55319209463,0.424770269512595,0.183307197582499,0.171614545196821,5.24973584625894e-08,0.220307935210727,0.175619853676172,0.207670487468449,0.0710506427309479,0.0132067801092437,0.424770655127507,0.183307026970673,0.171614760586393,0,0.220307557315427,0.175619833077404,0.207670752235779,0.0710507924490442,0.0132068959939817
336,0,-1155.87556980458,-1155.87556666152,0.353033266996881,0.214700921705649,0.134906033496507,4.12680806119343e-08,0.297359736532883,0.12500182039876,0.132461987713705,0.142999914665387,0.0405287872111789,0.353032877108549,0.214701301335081,0.134906129926852,0,0.297359691629518,0.125001773895405,0.132462087504864,0.142999187187327,0.0405288414885528
337,9.10516837393516e-06,-1056.30205686515,-1056.30206141773,0.312194579866014,0.252012877320258,0.22752863504342,6.37083931751704e-08,0.208263844061915,0.293272608553099,0.164588509272079,0.0636744747085926,0.0205460436236523,0.31219459975543,0.252012893375594,0.227528649538905,0,0.208263857330071,0.293272608553099,0.164588509272079,0.0636744747085926,0.0205460436236523
338,0,-1151.47099581266,-1151.47099225032,0.409610187839326,0.179595184562965,0.124279447368605,3.80173683972896e-08,0.286515142211736,0.134249177675455,0.173692052398129,0.132069501696997,0.0325466535060777,0.409610176687573,0.179595288476591,0.124279456012756,0,0.28651507882308,0.134249405256477,0.173692276472115,0.132069347698207,0.0325469500179009
339,2.6801921713768,-1130.43501779945,-1131.77511388514,0.367028387472888,0.157215495743044,0.127699127493946,0.0781923861082064,0.269864603181915,0.190378497682245,0.141139540217454,0.116268296401739,0.0247249119159171,0.335019845306312,0.202231463064833,0.181491008106209,0,0.281257683522645,0.208454442539322,0.128711503578005,0.123231758142447,0.0243971322252053
340,9.09024947759463e-07,-1164.09307871305,-1164.09307916756,0.380372189163481,0.227938709377242,0.170264912404537,5.20844381625512e-08,0.221424136970302,0.230412322931951,0.233867220092563,0.15292716016866,0.0395393503418496,0.380372259144728,0.227938692186458,0.170264938533968,0,0.221424110134846,0.230412231379217,0.233867525268344,0.152927495862019,0.0395391367188027
341,0,-1129.20438400403,-1129.20438243828,0.351533731159484,0.235463190661007,0.143163584162048,4.37940726065288e-08,0.269839450223389,0.123822452011155,0.20170111275175,0.155336623650749,0.00916026320891209,0.351533746554578,0.2354632009729,0.143163590431764,0,0.269839462040758,0.123822452011155,0.20170111275175,0.155336623650749,0.00916026320891209
342,3.27720083843587,-1077.01293047843,-1078.65153089765,0.470804377175465,0.180731806171292,0.109422284896903,0.0419046618443264,0.197136869912014,0.231869139469723,0.161756954344954,0.103109284479328,0.0343460276172409,0.458025953556645,0.198492697019644,0.154433832370874,0,0.189047517052837,0.245677349332156,0.17770677588197,0.105482413163583,0.0344288319874335
343,0,-1092.52092261403,-1092.52092019389,0.349118936466446,0.280957052817651,0.153937408641758,4.70898105155515e-08,0.215986554984334,0.264108544779093,0.198967622150022,0.0778063922549147,0.0287528501536466,0.349118952906392,0.280957066047866,0.153937415890642,0,0.215986565155101,0.264108544779093,0.198967622150022,0.0778063922549147,0.0287528501536466
344,0,-1166.7182831182,-1166.71828178111,0.433683325037645,0.174107194803531,0.135852041517927,4.15574531419331e-08,0.256357397083444,0.109664629511172,0.275663359510232,0.140769856218248,0.0112539257818096,0.433683352836071,0.174107198951561,0.135852039853877,0,0.25635740835849,0.109664287200809,0.275663178302589,0.140769333085127,0.0112539255410691
345,0,-1146.45784291033,-1146.45784206316,0.324771532354326,0.213684146439438,0.228757556502861,6.53664791077202e-08,0.232786699336896,0.226499457779261,0.214097745668783,0.182758945120408,0.0318935482597705,0.324771585755961,0.213684166530534,0.22875756410008,0,0.232786683613425,0.22649959506184,0.214097971480901,0.182758994480095,0.0318936175674993
346,3.07272875943454e-06,-1129.57522716388,-1129.57522870024,0.446769366691239,0.125060394063098,0.145720144216907,3.82562647467746e-08,0.282450056772491,0.0852716052442965,0.206625797691793,0.068061968980948,0.0151911417998653,0.446769383782967,0.125060398847442,0.145720149791616,0,0.282450067577975,0.0852716052442965,0.206625797691793,0.068061968980948,0.0151911417998653
347,5.92639253646576,-1105.0577971255,-1108.02099339373,0.397435888567568,0.225876061892913,0.075962863658201,0.0658367788001287,0.234888407081189,0.147630726182023,0.244773801866352,0.11134482486996,0.0143024163948242,0.37873167848508,0.250178180322652,0.13261655403284,0,0.238473587159428,0.170437016287998,0.240504924967487,0.119177869735053,0.0142276768687774
348,0,-1168.92123475426,-1168.92123399219,0.356496930481069,0.217728237775094,0.139357620457419,4.26298194775373e-08,0.286417168656598,0.213076787441223,0.200793408885426,0.1197746853763,0.0268996535148974,0.35649694567847,0.21772824705681,0.13935762639821,0,0.286417180866511,0.213076787441223,0.200793408885426,0.1197746853763,0.0268996535148974
349,2.43171520292162,-1122.99577745308,-1124.21163505454,0.444817551598809,0.198545019276737,0.10282407108658,0.0347277910400787,0.219085566997795,0.2007216179211,0.168667589669331,0.184543132098327,0.0298293537287976,0.441006966009818,0.20850723994556,0.131271267141467,0,0.219214526903155,0.19823858740787,0.168221148984263,0.186428017530508,0.0298149851166207
350,2.88874070974998e-06,-1129.32000524324,-1129.32000668761,0.366554221055942,0.245218280729497,0.156853359550279,4.79818066649375e-08,0.231374090682476,0.255852591114974,0.160649785761575,0.138418797021753,0.0374574200274419,0.366554238643877,0.245218292495514,0.156853367076387,0,0.231374101784223,0.255852591114974,0.160649785761575,0.138418797021753,0.0374574200274419
351,4.88211196756174,-1160.26782142757,-1162.70887741135,0.468399018859116,0.113761787128479,0.0794439615058024,0.062559277078496,0.275835955428107,0.128353743115869,0.207523030327992,0.0900918944763383,0.0308419951709482,0.395715363301799,0.170090471539155,0.150487251226793,0,0.283706913932252,0.21294662521043,0.214624234011075,0.0903261001686568,0.0307780592139966
352,2.15954241866712e-06,-1136.83187680279,-1136.83187788256,0.470779309184907,0.171311829720365,0.135403726444487,4.14203142047825e-08,0.222505093229927,0.18898404125694,0.256769967299557,0.0906791732905148,0.0486206863459231,0.470779338512376,0.171311835164231,0.1354037328134,0,0.222505093509993,0.188984071773727,0.256770425065775,0.0906793716193124,0.0486203810732394
353,0,-1074.02318408168,-1074.02318321894,0.522919056414037,0.173159111354054,0.0611165320925771,1.86956887853003e-08,0.242805281443643,0.134548147868279,0.135911827255472,0.0813636735579533,0.031878982937793,0.522919069324495,0.173159112782377,0.0611165324510912,0,0.242805285442036,0.134548119075945,0.135912016256354,0.081363813212932,0.031878695160149
354,0,-1130.62386402903,-1130.62386239647,0.427349610176579,0.191754098664063,0.138418159741049,4.23424364259968e-08,0.242478089075872,0.135468469947654,0.250519587282848,0.133088851714517,0.0302591892448826,0.427349629784275,0.191754105899053,0.138418166091964,0,0.242478098224707,0.135468482174957,0.250519570979778,0.133088865979704,0.0302589059790415
355,0,-1223.60475754854,-1223.60475660724,0.366952953506974,0.213450762802288,0.118395273503913,3.62173889012952e-08,0.301200973969437,0.241781367538305,0.280284390370912,0.0742644494292796,0.0586562716568367,0.366952966797053,0.213450770532917,0.11839527779188,0,0.30120098487815,0.241781367538305,0.280284390370912,0.0742644494292796,0.0586562716568367
356,0,-1144.97498265605,-1144.97497981978,0.390268116828513,0.235212035630733,0.12220710995899,3.73834385182768e-08,0.252312700198325,0.356583811116858,0.221316804465657,0.0807420438275889,0.0338348458381573,0.390268131418078,0.235212044423768,0.122207114527512,0,0.252312709630642,0.356583811116858,0.221316804465657,0.0807420438275889,0.0338348458381573
357,0,-1141.78839719262,-1141.78839520112,0.3784841180744,0.215956318572905,0.127176693638574,3.89036456977896e-08,0.278382830810475,0.337326880750854,0.159307835602739,0.104815962523544,0.0208058369163819,0.378484132798813,0.215956326974393,0.127176698586211,0,0.278382841640583,0.337326880750854,0.159307835602739,0.104815962523544,0.0208058369163819
358,2.28623457759159,-1105.8710140948,-1107.0141313836,0.413544935796663,0.206037069857915,0.145846997430474,0.0136423462988766,0.220928650616072,0.0940509807811883,0.200537610856717,0.099049562902526,0.0328638623813016,0.4013770627571,0.220379771385026,0.151544532100677,0,0.226698633757197,0.107928500028928,0.202101940574137,0.0986908800491415,0.0328172822799942
359,0,-1099.91139295272,-1099.91139094145,0.478275886431748,0.194594181109384,0.129176240156426,3.95153116175518e-08,0.19795365278713,0.212547782068395,0.198343464237449,0.134322665023938,0.0297085803853544,0.478275905330969,0.194594188798834,0.129176245260865,0,0.197953660609331,0.212547782068395,0.198343464237449,0.134322665023938,0.0297085803853544
360,0,-1146.50596786044,-1146.50596724711,0.379834757966981,0.203366661562578,0.147173866751782,4.50209016140066e-08,0.269624668697757,0.286100761102092,0.158727264741476,0.126843594344182,0.033427603740287,0.379833552250256,0.203366526691488,0.147174928286966,0,0.26962499277129,0.286101401837194,0.158727104473778,0.126843926833536,0.0334274395152111
361,0,-1164.79582322369,-1164.79582066184,0.313024346445469,0.189024547410656,0.200314957671893,5.78230476847271e-08,0.297636090648934,0.383181748215067,0.184364964831246,0.0885835181603012,0.0247094137474135,0.313024364545492,0.189024558340633,0.200314969254715,0,0.297636107859161,0.383181748215067,0.184364964831246,0.0885835181603012,0.0247094137474135
362,3.84921440854669e-06,-1130.75793632073,-1130.75793824534,0.360798526062942,0.245406308125289,0.170360228280054,5.21135891520892e-08,0.223434885418126,0.228395912432939,0.200722964071464,0.137524121401875,0.0401469881085558,0.360798544865449,0.245406320914293,0.170360237158137,0,0.22343489706212,0.228395912432939,0.200722964071464,0.137524121401875,0.0401469881085558
363,0,-1103.57753974371,-1103.57753581452,0.385146202372701,0.21631668290385,0.171265457778625,5.23905009562888e-08,0.227271604554323,0.163643070090053,0.174719484486019,0.133893197481171,0.0105887386837347,0.385146222550705,0.21631669423679,0.171265466751308,0,0.227271616461197,0.163643070090053,0.174719484486019,0.133893197481171,0.0105887386837347
364,0,-1051.30191173275,-1051.30190903381,0.435747387782781,0.211805488285306,0.175043923246488,5.35463423108441e-08,0.177403147139083,0.171124433768692,0.170739232988027,0.0745778074542819,0.0414394511088432,0.435747411115461,0.211805499626715,0.17504393261945,0,0.177403156638374,0.171124433768692,0.170739232988027,0.0745778074542819,0.0414394511088432
365,0,-1159.86097678498,-1159.86097423637,0.310802011760909,0.221608891655215,0.15486970879443,4.73750032956583e-08,0.312719340414442,0.205519091082087,0.129894640716501,0.11861293325762,0.020502524925206,0.310802026485156,0.221608902153938,0.154869716131384,0,0.312719355229523,0.205519091082087,0.129894640716501,0.11861293325762,0.020502524925206
366,0,-1144.69166253012,-1144.69166094027,0.365700214190794,0.204397229508318,0.141410436068105,4.32577805364084e-08,0.288492076975002,0.145350637188903,0.192327187446942,0.0961190682214657,0.0172239058550532,0.365700230010175,0.204397238350089,0.141410442185207,0,0.28849208945453,0.145350637188903,0.192327187446942,0.0961190682214657,0.0172239058550532
367,0,-1093.72584109716,-1093.72584015004,0.353610521680254,0.273845438023226,0.135757914371762,4.15286610328101e-08,0.236786084396097,0.190113007223492,0.166868362716533,0.152467703925759,0.0142165003898945,0.353610536365227,0.273845449395661,0.135757920009606,0,0.236786094229506,0.190113007223492,0.166868362716533,0.152467703925759,0.0142165003898945
368,0,-1126.68314882296,-1126.68314708719,0.415671246874248,0.199154565554544,0.1608642109095,4.92087354029112e-08,0.224309927452972,0.112677023784138,0.177168140697203,0.161267400778513,0.0319013419697918,0.415671267328905,0.199154575354689,0.160864218825425,0,0.224309938490981,0.112677023784138,0.177168140697203,0.161267400778513,0.0319013419697918
369,0,-1103.71172699411,-1103.71172419999,0.384124835141493,0.241869412792921,0.165241434698664,5.05477383173724e-08,0.208764266819183,0.379305047863372,0.238745995519128,0.0922154359308687,0.00918922520949089,0.384124854558136,0.241869425018874,0.165241443051246,0,0.208764277371745,0.379305047863372,0.238745995519128,0.0922154359308687,0.00918922520949089
370,0,-1137.51547144149,-1137.51546658918,0.400848759228672,0.19319476469282,0.144045015982997,4.40637046459215e-08,0.261911416031806,0.162603369358973,0.142988429449251,0.135521707197828,0.0398329277406938,0.400848776891554,0.193194773205697,0.144045022330155,0,0.261911427572594,0.162603369358973,0.142988429449251,0.135521707197828,0.0398329277406938
371,0,-1097.00795431949,-1097.0079528071,0.318683100334741,0.3136392967151,0.133322268762806,4.07835913891103e-08,0.234355293403761,0.14807286519256,0.191683688731984,0.139546177514491,0.0262074378759199,0.318683113331783,0.313639309506438,0.133322274200167,0,0.234355302961612,0.14807286519256,0.191683688731984,0.139546177514491,0.0262074378759199
372,2.97620573929225,-1158.25027638788,-1159.73837925753,0.396319840385652,0.205868329624906,0.0967473161940339,0.0538670631825709,0.247197450612837,0.230437688534486,0.28242287623492,0.11839207490874,0.0180633968296538,0.362316111110886,0.236848599052922,0.148535864431767,0,0.252299425404425,0.249933954911688,0.299844326195296,0.117004109523184,0.0180526548847646
373,0,-1031.4098199498,-1031.40981697615,0.544999615348997,0.160456955386611,0.113420118230976,3.46954009811975e-08,0.181123276338015,0.107147193530925,0.166838349474673,0.109195379331884,0.012934974370618,0.545000100243186,0.160456952575924,0.113419891600786,0,0.181123055580104,0.107147143445601,0.16683824482917,0.109195199245538,0.0129349975245451
374,0,-1039.62503231199,-1039.62502950343,0.520698670023689,0.160659376772525,0.0989849798389648,3.02798495700525e-08,0.219656943084972,0,0.152783157297398,0.0640106867896067,0.00818051858804125,0.52069869245859,0.160658743752959,0.0989857879993722,0,0.219656775789079,0,0.152782738921518,0.0640105468103712,0.00818080391720805
375,0,-1150.30760865392,-1150.30760352914,0.337180373201822,0.250156745177417,0.168977563056275,5.16906286516581e-08,0.243685266873857,0.215949122936338,0.204682446581969,0.0950846319357478,0.0593046277134082,0.337180390630889,0.250156758108177,0.168977571790832,0,0.243685279470102,0.215949122936338,0.204682446581969,0.0950846319357478,0.0593046277134082
376,0,-1060.69176666758,-1060.69176554333,0.454344846734884,0.20805732194215,0.158228628094119,4.84025044025334e-08,0.179369154826343,0.214166861088149,0.22557881227074,0.0953569393408933,0.0163853143147198,0.454344868944556,0.208057330885298,0.158228635517666,0,0.179369164652481,0.214166861088149,0.225578765080369,0.0953569747336716,0.0163852533604905
377,0,-1154.87130657853,-1154.87130496402,0.391228938350379,0.245798164631589,0.0842157307183491,2.576180709555e-08,0.278757140537875,0.25699700949815,0.159499413243779,0.12445636940279,0.0482248354152067,0.391228206138994,0.245798327731386,0.0842158522368148,0,0.278757613892805,0.256997828768449,0.159500404970018,0.124456055353951,0.048224745493916
378,0.998172013807107,-1122.14766770625,-1122.64675371316,0.416757752830108,0.197028166815365,0.102937146359294,0.0470432608592403,0.236233673135993,0.229010565692952,0.226617255733226,0.114817050367968,0.0225853450395061,0.383639568227253,0.221111288958385,0.15377471744355,0,0.241474425370811,0.236892530370796,0.222296803238396,0.113209402823001,0.0225783425812434
379,0,-1160.35523879008,-1160.35523585426,0.400123005987917,0.172203001789422,0.169425622797977,5.18276911663683e-08,0.258248317596992,0.157772726821695,0.241350148377613,0.139997024733792,0.0186349648064416,0.400123026725369,0.172203010714307,0.169425631578917,0,0.258248330981407,0.157772726821695,0.241350148377613,0.139997024733792,0.0186349648064416
380,8.71732027007965e-07,-1207.31635085607,-1207.31635129194,0.320898535023301,0.241412581346187,0.151324240693536,4.62904317676518e-08,0.286364596646544,0.236471629427926,0.203379277918834,0.157200639923086,0.0467075398605167,0.320898567490727,0.241412616822486,0.151324229393037,0,0.28636458629375,0.23647173623945,0.203378820155162,0.157200456817617,0.0467070515792667
381,0,-1207.91258795041,-1207.91258794013,0.320558553068948,0.228523964254688,0.115218937071958,3.52457401459147e-08,0.335698510358666,0.277946542460513,0.184884696383163,0.13175857312606,0.0224063663727273,0.32055856535635,0.228523973985591,0.115218940998724,0,0.335698519659336,0.277946550961151,0.184884675131568,0.131758600753133,0.0224060879768365
382,0,-1138.08874554327,-1138.08874329934,0.381563235652143,0.177390725798732,0.186991332018988,5.42642346573351e-08,0.254054652265902,0.126481198720962,0.242047654370339,0.10631184960986,0.0273342363863258,0.381563256357381,0.177390735424704,0.18699134216593,0,0.254054666051984,0.126481198720962,0.242047654370339,0.10631184960986,0.0273342363863258
383,1.43652893992703,-1158.75822515115,-1159.47648962111,0.439336835299058,0.15310151801912,0.134407722598806,0.0385825386059716,0.234571385477045,0.188569610805572,0.201399027170894,0.15069554916733,0.0295519631107728,0.42247955504235,0.162744151328808,0.181369495107723,0,0.233406798521119,0.205893933975336,0.210144960294995,0.155821429285036,0.029697759159736
384,1.09447637441917e-06,-1182.20015763936,-1182.2001581866,0.321271465858515,0.24370369451964,0.193144397054809,5.90833192509921e-08,0.241880383483717,0.411947321909282,0.227012051187325,0.115557728782692,0.0671674141928089,0.3212714848403,0.243703708918465,0.193144408466422,0,0.241880397774813,0.411947321909282,0.227012051187325,0.115557728782692,0.0671674141928089
385,0,-1017.70492206678,-1017.70492111757,0.447167999980034,0.173185735679375,0.214745300688635,5.0443579847775e-08,0.164900913208377,0.061822480110068,0.205282595707962,0.0958835259834282,0.0215560010334982,0.447167962588125,0.173185747657826,0.214745334289975,0,0.164900955464074,0.0618227981397576,0.205282165427315,0.0958826467276849,0.0215555551733104
386,0,-1067.1671794171,-1067.16717704404,0.473902749065839,0.154725437921222,0.215222243192878,4.73308705007629e-08,0.156149522489191,0.22204736860759,0.217279040627568,0.101997096340578,0.033784398347117,0.47390277149607,0.154725445244512,0.215222253379534,0,0.156149529879884,0.22204736860759,0.217279040627568,0.101997096340578,0.033784398347117
387,0,-1142.81784360442,-1142.81784174205,0.387027966761246,0.171848670791141,0.161541748179393,4.94159956259978e-08,0.279581564852225,0.0386370621013184,0.191763082724111,0.103609937752725,0.0307203173492406,0.387027985886619,0.171848679283214,0.16154175616214,0,0.279581578668027,0.0386370621013184,0.191763082724111,0.103609937752725,0.0307203173492406
388,0,-1067.99864379298,-1067.99864349141,0.425710297760997,0.204697010966099,0.170582099846209,5.21812997206145e-08,0.199010539245395,0.270927293803911,0.166280547135105,0.101217004665057,0.0344946577643066,0.425709996208992,0.204697666778273,0.170581592046343,0,0.199010744966392,0.270929068590169,0.166279845150621,0.101216442843555,0.0344948040745194
389,1.82159965333994e-06,-1142.67157534738,-1142.67157625818,0.458603316353021,0.173256346529391,0.11921075397929,3.64668462710371e-08,0.248929546671452,0.020920015456126,0.191780485781648,0.134385613845663,0.0374586455439369,0.458603333076838,0.173256352847504,0.119210758326531,0,0.248929555749127,0.020920015456126,0.191780485781648,0.134385613845663,0.0374586455439369
390,0,-1121.70344799113,-1121.70344746976,0.409458800968237,0.201188017231358,0.145815908623175,4.46054248139113e-08,0.243537228571806,0.193379591076334,0.17712313171743,0.11532423541632,0.0501498269606966,0.409458819232321,0.201188026205435,0.145815915127356,0,0.243537239434888,0.193379591076334,0.17712313171743,0.11532423541632,0.0501498269606966
391,0,-1108.2382010892,-1108.23819850968,0.346092157721774,0.157463482429958,0.23148847264986,4.81684446696225e-08,0.264955839029964,0.159529913200445,0.203522134475876,0.0352969424613128,0.023542668285944,0.346092174392496,0.157463490014729,0.2314884838003,0,0.264955851792475,0.159529913200445,0.203522134475876,0.0352969424613128,0.023542668285944
392,2.45877799898153e-06,-1135.19026080782,-1135.19026203721,0.46182315279908,0.151800428038336,0.174937963730187,4.64361031900976e-08,0.211438408996293,0.214393680017223,0.245525436570452,0.162165255589164,0.0243106579111393,0.461823174244349,0.151800435087357,0.174937971853625,0,0.211438418814669,0.214393680017223,0.245525436570452,0.162165255589164,0.0243106579111393
393,4.92898942622742,-1107.79851803878,-1110.26301275189,0.446078577016477,0.178289094574599,0.112936809853699,0.0325792660112861,0.230116252543939,0.0998430176957697,0.229897208437322,0.0908252553896381,0.0343254375084096,0.436678929709459,0.19600225017401,0.137964664223824,0,0.229354155892707,0.095711997707482,0.238639728586711,0.105287020502305,0.0343623275759138
394,0,-1093.2131669242,-1093.21316577171,0.352598716827664,0.267644060437071,0.170957521538993,5.22963025460188e-08,0.20879964889997,0.212981517105027,0.191873938908112,0.0943253540839873,0.0322813303039267,0.352598735267274,0.267644074433866,0.17095753047944,0,0.20879965981942,0.212981517105027,0.191873938908112,0.0943253540839873,0.0322813303039267
395,0,-1151.39801459812,-1151.39801199815,0.359282018573449,0.172806960493677,0.182119473037136,5.28620502138832e-08,0.285791495033688,0.148052813201243,0.234499360093008,0.0695607361787507,0.0292375649168187,0.359282037565834,0.172806969628608,0.182119482664345,0,0.285791510141213,0.148052813201243,0.234499360093008,0.0695607361787507,0.0292375649168187
396,0,-1165.89112593525,-1165.89112259839,0.34731232480351,0.224192607667016,0.170434486751654,5.21363046669021e-08,0.258060528641516,0.165603673456614,0.21622159478566,0.145943708498772,0.0311105729562199,0.347312342975647,0.224192620162751,0.170434494717797,0,0.258060542143805,0.165603686909804,0.216221597213443,0.145943717150677,0.0311107166695446
397,9.11792085389607e-07,-1138.03976164859,-1138.03976210449,0.311836682900848,0.31730149309027,0.100952094429978,3.08814799456495e-08,0.269909698697424,0.233529047849598,0.188378559278745,0.0718623097548299,0.0574577372348731,0.311836692530827,0.31730150288901,0.100952097547528,0,0.269909707032635,0.233529047849598,0.188378559278745,0.0718623097548299,0.0574577372348731
398,2.487538040441e-06,-1156.83166066594,-1156.83166190971,0.362122275546589,0.21823460302428,0.141568690415355,4.33061909084618e-08,0.278074387707584,0.0381950989374887,0.221379506522762,0.129923928363942,0.0328511952234566,0.362122291228726,0.21823461247519,0.141568696546156,0,0.278074399749927,0.0381950989374887,0.221379506522762,0.129923928363942,0.0328511952234566
399,8.45199429022614e-06,-1102.17781329817,-1102.17781752417,0.380902300817094,0.225053909355205,0.134290153427074,4.1079709853576e-08,0.259753595320916,0.113395049704108,0.169896071784268,0.0989784448496014,0.0288508175009055,0.380902886828562,0.225053696741027,0.134290234839602,0,0.259753181590809,0.113395832360964,0.16989644716609,0.0989784151214896,0.0288508288723292
400,4.27836466781264,-1136.2496929002,-1138.38887523411,0.444196181835839,0.156242831487075,0.125673630435381,0.0393999493391187,0.234487406902586,0.0940442535540892,0.230527019423268,0.164909386248164,0.0264263630760544,0.418547098089318,0.189535202863725,0.156409121739297,0,0.235508577307661,0.135945570015662,0.234146792784652,0.162887995297163,0.0264178417130326
401,0,-1141.27637008856,-1141.27636946302,0.433831822577263,0.21365153316791,0.0483583373025985,1.47929275964749e-08,0.304158292159301,0.124290793222311,0.140532916624166,0.172610914470693,0.0102257331662591,0.433831828994906,0.213651536328442,0.0483583380179599,0,0.304158296658693,0.124290793222311,0.140532916624166,0.172610914470693,0.0102257331662591
402,0,-1141.06698514515,-1141.06698468002,0.377521761132424,0.171519541123194,0.192110946065118,5.24682256409935e-08,0.258847699211039,0.185665038024126,0.209027345613122,0.104370594557179,0.0296491403412544,0.377521780940322,0.171519550122521,0.192110956144839,0,0.258847712792319,0.185665038024126,0.209027345613122,0.104370594557179,0.0296491403412544
403,0,-1129.58848271032,-1129.58848100545,0.365465145594735,0.259005957588405,0.17668138979496,5.40472471277658e-08,0.198847452974654,0.308500636841758,0.238173861854829,0.154879541433557,0.0405150670802564,0.365465165347121,0.259005971586965,0.176681399344103,0,0.198847463721812,0.308500636841758,0.238173861854829,0.154879541433557,0.0405150670802564
404,0,-1104.87624415499,-1104.87624228838,0.381323443030633,0.233515774004552,0.163140859707083,4.99051675530594e-08,0.222019873352565,0.263423155301335,0.210799622721427,0.0892528762239071,0.0152345420645966,0.381323462060644,0.233515785658196,0.163140867848655,0,0.222019884432504,0.263423155301335,0.210799622721427,0.0892528762239071,0.0152345420645966
405,0,-1143.70449846334,-1143.70449703028,0.342160447331198,0.263029885740864,0.162577314854955,4.97327778750866e-08,0.232232302340205,0.185188442106877,0.195257847017588,0.205454547697772,0.0281874418108603,0.342160464347789,0.263029898822071,0.162577322940377,0,0.232232313889763,0.185188442106877,0.195257847017588,0.205454547697772,0.0281874418108603
406,0,-1154.45145736284,-1154.45145484782,0.376434100271155,0.205405478611617,0.158714282302341,4.85510672530681e-08,0.25944609026382,0.193424021037813,0.199069500679258,0.116791597842995,0.0302158388763745,0.376434118547433,0.205405488584272,0.15871429000809,0,0.259446102860205,0.193424021037813,0.199069500679258,0.116791597842995,0.0302158388763745
407,0,-1163.49492818049,-1163.49492414483,0.348247056059003,0.233380631465423,0.147864336895096,4.52319695075895e-08,0.270507930348508,0.115399121124011,0.205734115348697,0.094025042692212,0.0532580243103211,0.348245464845545,0.233381084654725,0.147864693565771,0,0.27050875693396,0.115400727345439,0.205734663388355,0.0940249520740874,0.0532580221957673
408,0,-1168.18460007439,-1168.1845997016,0.337829128916752,0.238571260857727,0.127879000233565,3.9118482684018e-08,0.295720570873473,0.10593867673436,0.141888970812623,0.157380446159251,0.0167511221338402,0.337829147571934,0.238571267930124,0.127879004276098,0,0.295720580221844,0.105938714114617,0.141889069181722,0.157380389105174,0.0167509234282605
409,0,-1118.90091279728,-1118.90091092223,0.452604357467358,0.165718263348907,0.130769527166937,4.00027018112925e-08,0.250907812014096,0.047194031852428,0.155011678285675,0.124292080328167,0.0407592290366334,0.452604375572756,0.165718269978085,0.130769532398072,0,0.250907822051087,0.047194031852428,0.155011678285675,0.124292080328167,0.0407592290366334
410,1.97118103647108,-1132.40599443115,-1133.39158494938,0.391252814071147,0.167165472954303,0.140437702566786,0.023591009818127,0.277553000589638,0.163920720330739,0.147374336137425,0.12122328654043,0.0232948495015447,0.380617324154496,0.18199672485821,0.159682914814079,0,0.277703036173215,0.198197668288953,0.147875299633852,0.120128293524105,0.0232901188006677
411,0.443300596283279,-1194.96159641559,-1195.18324671373,0.407989905223223,0.131569686344189,0.11228556999776,0.0461123390589059,0.302042499375921,0.170505500886346,0.21399297601187,0.138260397060655,0.0199699523265133,0.369144577866773,0.180057225500503,0.143351627997462,0,0.307446568635263,0.200672617022831,0.221852480803619,0.13048898070539,0.0199668638005824
412,0,-1119.52217189855,-1119.52217036914,0.413901101712853,0.218115280870869,0.105647818129038,3.23179127216274e-08,0.262335766969328,0.237992430320723,0.186660429706423,0.120401520976984,0.018550991572431,0.413901115089273,0.2181152879199,0.105647821543355,0,0.262335775447473,0.237992430320723,0.186660429706423,0.120401520976984,0.018550991572431
413,0,-1166.80512624696,-1166.80512545575,0.412629179381366,0.163175903230197,0.131522887866526,4.02331565974719e-08,0.292671989288754,0.208848975489824,0.192984923683409,0.117044332002572,0.0294050794344746,0.412629195982741,0.163175909795279,0.131522893158107,0,0.292672001063872,0.208848975489824,0.192984923683409,0.117044332002572,0.0294050794344746
414,0,-1143.0396658463,-1143.03966416099,0.404940150396539,0.15648294293361,0.168024230805958,4.78684953623459e-08,0.270552627995398,0.300078418078557,0.155052944062241,0.117122882317035,0.0327250568354613,0.404940169780416,0.156482950424213,0.168024238849026,0,0.270552640946346,0.300078418078557,0.155052944062241,0.117122882317035,0.0327250568354613
415,0,-1157.23742298281,-1157.23742279467,0.34915737598515,0.155408849260062,0.183364046734294,4.75399279235735e-08,0.312069680480566,0.16273926472384,0.212528274903583,0.061934775007283,0.0202301470822145,0.349157400213444,0.155408857006135,0.183364060462711,0,0.31206968231771,0.162739284439891,0.212528293320958,0.0619352690960914,0.0202302262525394
416,0,-1160.26818097253,-1160.2681786544,0.284074524342702,0.219918167197141,0.151954651215781,4.64832804751518e-08,0.344052610761096,0.17138543412202,0.106273501493024,0.140778378907325,0.0176871364317739,0.284074537995012,0.219918177766151,0.151954658518506,0,0.34405262572033,0.171385457016449,0.106273516721889,0.14077840789386,0.0176867869844901
417,0,-1202.05353265929,-1202.05352896477,0.260883991994585,0.238461016046327,0.153170840163816,4.68553154393255e-08,0.347484104939957,0.111030542723005,0.287596264860167,0.0669782725479963,0.0325181235610623,0.260884004218387,0.238461027219494,0.153170847340684,0,0.347484121221435,0.111030542723005,0.287596264860167,0.0669782725479963,0.0325181235610623
418,1.48543176692328e-06,-1184.33093425504,-1184.33093499775,0.328744521864774,0.212817628022069,0.178307026542992,5.45445331812821e-08,0.280130769025632,0.383610245023048,0.163421416774786,0.177012968084133,0.0247568739344921,0.328744539795991,0.212817639630108,0.178307036268666,0,0.280130784305234,0.383610245023048,0.163421416774786,0.177012968084133,0.0247568739344921
419,3.77977994503453e-06,-1126.05410332987,-1126.05410521976,0.365280437549428,0.191148221810161,0.169836702259562,5.19536334828697e-08,0.273734586427216,0.181030140812931,0.110449273638558,0.10184503595939,0.0295354112867055,0.365281938414257,0.191147585276931,0.169836641022637,0,0.273733835286175,0.181029323964956,0.110449399831951,0.101844946477963,0.0295355938592608
420,0.536730019786319,-1157.63961983796,-1157.90798484785,0.439299425920774,0.118035713751917,0.0855111988709713,0.0574074845691616,0.299746176887176,0.121821185368159,0.209482613553537,0.0916786712371442,0.00648281198355419,0.402234235595414,0.1568601725076,0.136598079388247,0,0.304307512508739,0.172336523394243,0.215440425567461,0.0899538185630626,0.00644949604636836
421,3.12762040266534e-07,-1086.40513127779,-1086.40513143417,0.352303083384183,0.235732074903593,0.202352606776212,6.19001319724367e-08,0.20961217303588,0.155181913726258,0.141873319075239,0.148533026757508,0.0307650870973422,0.352303105191792,0.235732089495441,0.202352619301866,0,0.209612186010901,0.155181913726258,0.141873319075239,0.148533026757508,0.0307650870973422
422,0,-1149.67841021846,-1149.6784095454,0.361801001454816,0.237443103649208,0.141544254890311,4.32987160246482e-08,0.259211596706949,0.18458391965725,0.190837794480959,0.137874078755015,0.0291260703409276,0.361801017120335,0.23744311393019,0.141544261018996,0,0.259211607930478,0.18458391965725,0.190837794480959,0.137874078755015,0.0291260703409276
423,3.61667935067089e-06,-1141.88194701909,-1141.88194882743,0.379318659337378,0.167024384114872,0.12056512613029,3.68811518548511e-08,0.333091793536308,0.12618198553243,0.162796773899426,0.0631451028694615,0.0117125163285407,0.379318673327087,0.167024390274924,0.120565130576871,0,0.333091805821117,0.12618198553243,0.162796773899426,0.0631451028694615,0.0117125163285407
424,0,-1158.43663261206,-1158.43663124763,0.501798642862184,0.130086682150117,0.120170698193509,3.6760495433719e-08,0.247943940033694,0.0657119117931241,0.229234482982844,0.125727220389537,0.0508926513498336,0.501798661308551,0.130086686932168,0.120170702611044,0,0.247943949148237,0.0657119117931241,0.229234482982844,0.125727220389537,0.0508926513498336
425,2.72288525593467e-06,-1111.50378759587,-1111.50378895731,0.444366900604073,0.136580596977117,0.171174805432322,4.17803215508248e-08,0.247877655206166,0.132732909649101,0.225728129798777,0.0776502074716276,0.0273397745985577,0.444366919169866,0.136580602683499,0.171174812584061,0,0.247877665562575,0.132732909649101,0.225728129798777,0.0776502074716276,0.0273397745985577
426,0,-1088.34172994523,-1088.34172958044,0.442582256428205,0.243139181999941,0.107218389890981,3.27983542681206e-08,0.207060138882519,0.166383715350442,0.214139890333541,0.0852144660212559,0.0441064252384419,0.442582270944175,0.243139189974506,0.107218393407568,0,0.207060145673751,0.166383715350442,0.214139890333541,0.0852144660212559,0.0441064252384419
427,2.61025618034819,-1127.76685814385,-1129.07198623403,0.385476581415747,0.226566823662939,0.0993036822952846,0.0451707464160411,0.243482166209988,0.354962775557777,0.165516657569615,0.0998535842985362,0.03180801560892,0.372044534240023,0.248085397934938,0.133373730713673,0,0.246496337111365,0.377687315293061,0.167613885008726,0.101285171409636,0.031787300950747
428,4.34754873059592,-1133.27928506522,-1135.45305943052,0.413396304912942,0.186002891082707,0.0882393500208035,0.0282733022619442,0.284088151721603,0.0938388996378834,0.161630966575562,0.12303900809638,0.0196880133791475,0.405376892932391,0.187030083942972,0.114997123079202,0,0.292595900045435,0.0911451697562111,0.161478773579042,0.121169166992104,0.0195503532047626
429,1.72889031091472e-07,-1077.62433685421,-1077.62433694066,0.438586685161345,0.199113236990579,0.158566089981101,4.85057348781202e-08,0.203733939361239,0.106880312925599,0.202052423493743,0.084931338882447,0.0255124345630757,0.438586706435316,0.199113246648713,0.158566097672466,0,0.203733949243504,0.106880312925599,0.202052423493743,0.084931338882447,0.0255124345630757
430,3.02514037508763,-1083.30147596084,-1084.81404614839,0.500482193455414,0.179464077434552,0.0620386752774232,0.038491786870056,0.219523266962555,0.142707345469724,0.204833646513465,0.0930155984153708,0.0137916991805843,0.4920424159747,0.206349454897445,0.0765468921873886,0,0.225061236940466,0.130703421471691,0.209261933038565,0.0985344545816703,0.0136350566020142
431,0,-1137.18181489869,-1137.18181389775,0.40927403922117,0.239465690555063,0.120206387001847,3.67714837974069e-08,0.231053846450437,0.137626577810875,0.19957241038495,0.159695790295911,0.030118420053999,0.409273719598254,0.239465992412862,0.120206682197955,0,0.231053605790929,0.137627167122113,0.199572343672899,0.159695645848634,0.0301191641101739
432,0,-1116.4624135086,-1116.46241242314,0.422881521876015,0.227955604275977,0.119884191867761,3.66728527041683e-08,0.229278645307394,0.283266880413666,0.239509033671369,0.146456983825279,0.0126528528715584,0.422881535733225,0.22795561313708,0.119884197259621,0,0.229278653870075,0.283266848370209,0.239509022990217,0.146456938048912,0.0126526041532967
433,5.45553822742249,-1088.67672669022,-1091.40449580393,0.462555866596736,0.203255094944295,0.0716110359733731,0.0513746480019777,0.211203354483618,0.073148632219933,0.170134577147139,0.0995937319912984,0.0458671403802635,0.435596927103922,0.232198996804567,0.116291821171216,0,0.215912254920295,0.124588267464647,0.178817305545731,0.0940072806368039,0.0458269549737798
434,0,-1153.93451342336,-1153.93450973397,0.343150287979666,0.18090284420203,0.174311019682878,5.33221454100317e-08,0.301635794813281,0.170731049610341,0.158507694986622,0.0881715899870314,0.0447951258250034,0.343150306277176,0.180902853848158,0.174311028977516,0,0.30163581089715,0.170731049610341,0.158507694986622,0.0881715899870314,0.0447951258250034
435,0,-1069.49893569275,-1069.49893390412,0.426537339339891,0.161352374980044,0.196946584540805,4.93580659248763e-08,0.215163651781194,0.220941963815872,0.174229857426008,0.0870989693750434,0.0253057224771655,0.42653736039295,0.161352382944086,0.196946594261708,0,0.215163662401257,0.220941963815872,0.174229857426008,0.0870989693750434,0.0253057224771655
436,2.90565048999269e-06,-1088.63486052554,-1088.63486197836,0.412183993889878,0.265951079425058,0.162626562158565,4.87114268523337e-08,0.159238315815071,0.165774581907452,0.237260203177397,0.147907364234904,0.0531573330736566,0.412184163351489,0.265950344230603,0.162627254118208,0,0.1592382382997,0.165776229434644,0.237260472054134,0.147906991654316,0.0531570171873297
437,0,-1148.71880473681,-1148.71880429752,0.360626103217008,0.208948893181589,0.173594302471771,5.31028999520107e-08,0.256830648026732,0.305383554261056,0.235841599509152,0.116524302699118,0.0180419457992877,0.360626122367301,0.208948904277381,0.173594311690133,0,0.256830661665185,0.305383554261056,0.235841599509152,0.116524302699118,0.0180419457992877
438,1.63799486472271e-05,-1151.97115532969,-1151.97116351966,0.456262511787168,0.151140269273861,0.155972516688753,4.6234159092145e-08,0.236624656016059,0.0737559831397582,0.198322734877413,0.118966179458486,0.0680410586511818,0.456262532882083,0.151140276261705,0.155972523900011,0,0.236624666956201,0.0737559831397582,0.198322734877413,0.118966179458486,0.0680410586511818
439,0,-1168.15841567509,-1168.15841526027,0.366039495106283,0.172192862489161,0.187946170195654,5.26741962092862e-08,0.273821419534706,0.245215368416022,0.274371108553907,0.100566334364651,0.0268430235072725,0.36603951438712,0.172192871559282,0.187946180095568,0,0.27382143395803,0.245215368416022,0.274371108553907,0.100566334364651,0.0268430235072725
440,0.813883239368806,-1156.93005238494,-1157.33699400463,0.449141759726567,0.162586921571273,0.0707527806936199,0.0303707482711275,0.287147789737413,0.108636942203986,0.177540467652922,0.111404135159105,0.0315871827938362,0.434313874644654,0.198704393766538,0.0880715033637126,0,0.278910228225095,0.156348183846205,0.188878772899954,0.112289212210015,0.0317313916202904
441,3.3130418159999e-06,-1090.47934261764,-1090.47934427416,0.368033889838163,0.281391882581134,0.114061607262347,3.48917245830047e-08,0.236512585426631,0.0962400122162013,0.167765455649046,0.147903316668255,0.0116708633638451,0.36803388175772,0.281391859013,0.114061662681394,0,0.236512596547887,0.096239260490508,0.167765294454814,0.147903279359988,0.0116708994055897
442,0.073323373589119,-1173.93799235399,-1173.97465404079,0.379380982444693,0.223915734870453,0.132788837157101,0.0160029032918408,0.247911542235913,0.188524595455821,0.242304114894144,0.103976603646799,0.027236455722907,0.371152797335788,0.229694951720686,0.149722356287176,0,0.24942989465635,0.194840865949283,0.243957630508716,0.104083667235774,0.0271885694289363
443,0,-1072.82302852543,-1072.82302782744,0.466219444344748,0.239048510294769,0.0961093538210687,2.9400074355796e-08,0.19862266213934,0.123293045322577,0.222717569460532,0.1098442337974,0.0295289559701857,0.466219458051634,0.239048517322813,0.0961093566466909,0,0.198622667978862,0.123293045322577,0.222717569460532,0.1098442337974,0.0295289559701857
444,0,-1153.15638496649,-1153.15638380038,0.425774321968748,0.15683392031521,0.154721999700159,4.73297910225628e-08,0.262669710686092,0.0767039400242786,0.191140258349795,0.133899171084644,0.0243467312473692,0.425774138951126,0.156834010382954,0.154721930787388,0,0.262669919878531,0.076703946313889,0.191140308889035,0.13389874191988,0.0243468962203133
445,0,-1078.27450494952,-1078.27450385535,0.359770936897242,0.217798149367051,0.146722662149264,4.48828028216654e-08,0.27570820670364,0.0799461796904484,0.138646648745305,0.0713728743765427,0.0101358259410782,0.359770953044771,0.217798159142443,0.146722668734589,0,0.275708219078198,0.0799461796904484,0.138646648745305,0.0713728743765427,0.0101358259410782
446,2.89822764898418e-07,-1135.2638014924,-1135.26380163731,0.35519311352868,0.248099085577505,0.154225456078363,4.71779248948236e-08,0.242482297637527,0.204682222775228,0.172261469959345,0.132872640972724,0.0484978165860643,0.355193130285955,0.248099097282306,0.1542254633544,0,0.242482309077339,0.204682222775228,0.172261469959345,0.132872640972724,0.0484978165860643
447,1.37688221002463e-06,-1095.95143280448,-1095.95143349292,0.408460284908775,0.192066609075299,0.182549611525395,5.58423497723252e-08,0.216923438648181,0.152160840935041,0.257761528446156,0.0545235685844784,0.0337778661560231,0.408460307718159,0.192066619800751,0.182549621719395,0,0.216923450761696,0.152160840935041,0.257761528446156,0.0545235685844784,0.0337778661560231
448,1.20853461891966,-1150.79175110952,-1151.39601841898,0.449060229502182,0.103209033804877,0.0671314032904952,0.0663225905139502,0.314276742888496,0.0894925881407091,0.172963870317268,0.0607379579027967,0.0335668600301814,0.411078640664196,0.142252510567261,0.120666922725134,0,0.326001926043409,0.0798977644605608,0.175134817474549,0.0590052019343991,0.0334646618399183
449,0,-1147.50681640409,-1147.50681525091,0.311377871817412,0.240430243897938,0.147247504265413,4.50433532428923e-08,0.300944334975885,0.129600553703915,0.169602587505888,0.125301979462945,0.010675857186438,0.311377885842916,0.240430254727723,0.147247510897934,0,0.300944348531428,0.129600553703915,0.169602587505888,0.125301979462945,0.010675857186438
450,0,-1167.93919194206,-1167.93919008576,0.391534435366164,0.230561233729851,0.0834008689113781,2.55125193225848e-08,0.294503436480088,0.110158319303121,0.236506743171134,0.0919879429925541,0.026690754585895,0.391534444752541,0.230561239933049,0.083400870910773,0,0.294503444403637,0.11015833689191,0.23650673437674,0.0919878785003295,0.0266905962867981
451,0,-1082.24329253024,-1082.24329056132,0.363025256776439,0.240414681269992,0.148375025638797,4.53882645569011e-08,0.248184990926508,0.123778982650913,0.163272363595386,0.0900297337456844,0.0104426781494121,0.363025266488529,0.24041469556212,0.14837503209748,0,0.248185005851871,0.123778914854935,0.163272668099598,0.0900291640644585,0.0104426757669829
452,2.55997676062771,-1126.13699053451,-1127.41697891483,0.413477603023659,0.209631212077241,0.135679919194111,0.0390332789988719,0.202177986706117,0.16961442855916,0.243632421302294,0.129664676859356,0.0437734793072997,0.399511825905137,0.237272593316463,0.162323178186391,0,0.200892402592009,0.183901594460982,0.250151077818397,0.132936083054853,0.0438025262075999
453,7.02313764122664e-06,-1111.6967036009,-1111.69670711247,0.35893324583711,0.239955668424788,0.171870218608877,5.25755159411231e-08,0.229240814553709,0.242980833339729,0.203178303882077,0.126576928583705,0.0178183898353579,0.358932298830175,0.239956681540948,0.171870235956928,0,0.229240783671949,0.242981992577604,0.203177390676273,0.12657713954004,0.0178186334846201
454,0,-1136.78018586137,-1136.78018287507,0.331462845649347,0.230634093800962,0.176782719025475,5.40782439745152e-08,0.261120287445972,0.161485623194467,0.19329827209707,0.0871015614423349,0.0428910184466031,0.331462863574277,0.230634106273249,0.176782728585575,0,0.261120301566899,0.161485623194467,0.19329827209707,0.0871015614423349,0.0428910184466031
455,0,-1129.35311490879,-1129.35311194412,0.385292405262915,0.24408730106958,0.10465390026926,3.20138709419331e-08,0.265966361384374,0.16906289082443,0.224708674053231,0.0644681000783315,0.0504269274405589,0.385292417597617,0.24408730888376,0.104653903619636,0,0.265966369898987,0.16906289082443,0.224708674053231,0.0644681000783315,0.0504269274405589
456,6.75747833156493e-06,-1152.20720365533,-1152.20720703407,0.446176445789282,0.155484057484617,0.139819668080807,4.2771160917714e-08,0.258519785874133,0.198333888409186,0.164977260742205,0.12874864008855,0.0412797174137884,0.446176464872768,0.155484064134851,0.139819674061057,0,0.258519796931325,0.198333888409186,0.164977260742205,0.12874864008855,0.0412797174137884
457,6.63966342621097,-1145.58881461414,-1148.90864632725,0.390485856238336,0.184525490568493,0.0919250944955378,0.066080212793618,0.266983345904015,0.0332453942310668,0.233470332065276,0.115699779771576,0.0275019501430748,0.366185880660396,0.209130486722513,0.151630189824825,0,0.273053442792265,0.0590580938870966,0.225344112953804,0.121445289832338,0.0274784975831358
458,0.00561091142344594,-1065.19138865692,-1065.19419411263,0.484865374325185,0.202854498596152,0.0958846009075787,2.90712719832457e-08,0.216395497099812,0.171024969963164,0.131716909156699,0.144450559841779,0.0362642794360042,0.484948210103437,0.202057468604476,0.0958250463372317,0,0.217169274954855,0.170227829467505,0.1310251083281,0.144311821002604,0.0362481230517214
459,0,-1071.42745115056,-1071.42744899155,0.380095885747388,0.220184345071182,0.182596508195172,5.58566928527802e-08,0.217123205129565,0.0906561027333486,0.181769243786408,0.118108169699725,0.0128661205610959,0.380095930414757,0.220184360867137,0.182596504577378,0,0.217123204140728,0.0906561485097158,0.18176904542215,0.118109222556171,0.0128658459028928
460,4.63829991265038,-1109.70973541083,-1112.02888536716,0.444799051143812,0.182309588477612,0.092826465217659,0.0430323777223032,0.237032517438614,0.190892759130748,0.197042264358886,0.0987349131250423,0.0321181777456718,0.44416084924019,0.195852673505665,0.127816945124038,0,0.232169532130108,0.211370602773392,0.200395459702435,0.100599381724832,0.0321760589117059
461,0,-1119.60494166333,-1119.6049409412,0.35176276891988,0.229155780158431,0.135608834383565,4.14830571184803e-08,0.283472575055067,0.0884855679406885,0.221435938843349,0.0727851411286816,0.01240149043073,0.351762783512076,0.229155789664513,0.135608840009034,0,0.283472586814377,0.0884855679406885,0.221435938843349,0.0727851411286816,0.01240149043073
462,4.18215847030342,-1129.21566676852,-1131.30674600367,0.515214037664015,0.108775022920811,0.0855097899163031,0.0271984731257751,0.263302676373095,0.0212149284375922,0.197242257170007,0.109258745291923,0.0226927442104277,0.517076814272153,0.117249345713678,0.104813954969387,0,0.260859885044782,0.0161394574577717,0.200326249798826,0.133535227884503,0.0226845126207083
463,0.547254360859824,-1072.0889871601,-1072.36261434053,0.47635740125748,0.210358039530094,0.0926270814817091,0.0370710774301495,0.183586400300568,0.0321460706170292,0.228899296644097,0.129615067614994,0.0298288318987787,0.436667895633751,0.251374830488854,0.124169357521481,0,0.187787916355914,0.0790373780804722,0.221886885760787,0.132045961094997,0.0298045866378644
464,0,-1095.77699557576,-1095.77699503972,0.311726924295623,0.254124508503538,0.190096104946728,5.81508396215626e-08,0.244052404103272,0.315450276488612,0.1262579743543,0.0898437315073772,0.0276767204868022,0.311726942422807,0.254124523281092,0.190096116000976,0,0.244052418295125,0.315450276488612,0.1262579743543,0.0898437315073772,0.0276767204868022
465,6.91240529704373e-07,-1119.15687370149,-1119.15687404711,0.481088585189372,0.165415966344513,0.136850329778734,4.18627972256098e-08,0.216645076824584,0.152757851297251,0.189295550589358,0.0961783720426535,0.0435041048741065,0.481088675305167,0.165416037453138,0.136850196318982,0,0.216645090922713,0.152757866519963,0.189296056925854,0.0961790946451231,0.0435031721370691
466,1.12238012661692e-06,-1117.12758002467,-1117.12758058586,0.427647684163781,0.148309911243017,0.202195084101509,4.53683460026589e-08,0.221847275123346,0.221683725166786,0.183342765169508,0.143125598221923,0.023397614048194,0.42764770356545,0.148309917971593,0.202195093274766,0,0.22184728518819,0.221683725166786,0.183342765169508,0.143125598221923,0.023397614048194
467,0,-1088.77636539924,-1088.77636437685,0.416637668733017,0.195694345573261,0.148381426334861,4.53902226352047e-08,0.239286513968638,0.0597740957148687,0.133429048229886,0.0908966661662776,0.0365975449217005,0.416637687644295,0.195694354455871,0.148381433069927,0,0.239286524829907,0.0597740957148687,0.133429048229886,0.0908966661662776,0.0365975449217005
468,0,-1179.80832810037,-1179.80832601286,0.344922089100417,0.231960987876657,0.132137310037359,4.04211097652973e-08,0.290979572564458,0.192392739238003,0.197594513890997,0.139996015965436,0.0460954390398467,0.344922103042551,0.231960997252778,0.132137315378496,0,0.290979584326176,0.192392739238003,0.197594513890997,0.139996015965436,0.0460954390398467
469,0,-1133.57118738081,-1133.57118633908,0.422481136667303,0.227333265523794,0.107527087513681,3.28927855872378e-08,0.242658477402437,0.180859838157588,0.230253554138819,0.0957159047789136,0.0545719635274566,0.422481150563885,0.227333273001419,0.107527091050546,0,0.24265848538415,0.180859838157588,0.230253554138819,0.0957159047789136,0.0545719635274566
470,8.34924003356718e-06,-1107.86257120877,-1107.86257538339,0.446510479547909,0.182789502847675,0.130167899766147,3.98186630347324e-08,0.240532078019605,0.136210788320138,0.199341645485775,0.0910694973826351,0.0381024421051414,0.446510665369415,0.182789426920995,0.130167877214687,0,0.240532030494902,0.136211130796723,0.19934273231316,0.0910695139002599,0.0381024376468987
471,1.39241365104681e-07,-1162.3799912541,-1162.37999132372,0.32475325361259,0.274110922672191,0.167442062518418,5.1220915473996e-08,0.233693709975885,0.21296661708011,0.276653940326297,0.146350080322524,0.0455842725691809,0.32475327024675,0.274110936712404,0.167442071094955,0,0.233693721945892,0.21296661708011,0.276653940326297,0.146350080322524,0.0455842725691809
472,3.99504862451886,-1151.16890842447,-1153.16643273672,0.470138301141066,0.18244235786993,0.0608795880430724,0.0281657825839924,0.258373970361939,0.0815711811102173,0.188788880410837,0.166827379540892,0.020543643690238,0.44976656303255,0.212836175924259,0.0837488316200717,0,0.253648429423118,0.144585121816806,0.201104339723692,0.170354840549985,0.0205391881525171
473,5.04268200529623e-06,-1051.36150310081,-1051.36150562215,0.411749245099981,0.235040887904845,0.158159236446504,4.83812774377826e-08,0.195050582167392,0.119709056280411,0.165113184963971,0.0778760741880031,0.0426258747420056,0.411749265020937,0.235040899276424,0.158159244098451,0,0.195050591604189,0.119709056280411,0.165113184963971,0.0778760741880031,0.0426258747420056
474,2.5051543679856,-1120.63199912177,-1121.88457630576,0.446513514160729,0.170857874610423,0.0526193746836444,0.0568181504044737,0.273191086140731,0.0979069183853444,0.250206219288844,0.112266706730501,0.00484540889707715,0.434100865923932,0.190851174945958,0.0876625679757177,0,0.287385391154393,0.111067085726618,0.237881710158803,0.107721779989263,0.00478959455184843
475,1.94916128748446e-06,-1096.50561333567,-1096.50561431025,0.331705132264299,0.241012575505298,0.171886085091329,5.2580352291412e-08,0.255396154558721,0.0893003354433898,0.165902869093965,0.115647675530607,0.0290693659575152,0.331705149705473,0.241012588177825,0.171886094129161,0,0.255396167987542,0.0893003354433898,0.165902869093965,0.115647675530607,0.0290693659575152
476,9.6979783847928e-07,-1091.09210883816,-1091.09210932306,0.435210860521063,0.197853557489269,0.104971478174662,3.21112398569179e-08,0.261964071703767,0.126764227042548,0.134037573719304,0.129446682265833,0,0.435211813902852,0.197852574271397,0.104971103068968,0,0.261964508756783,0.126763541848964,0.134037959419795,0.129447556217397,0
477,0,-1013.42405099414,-1013.42404887753,0.469159538810672,0.226417861543817,0.128775530606209,3.93927334725712e-08,0.175647029646569,0.114278647458187,0.17055330199973,0.0544781670008238,0.028314177234267,0.469159555259141,0.226417872324026,0.128775535352142,0,0.175647037064692,0.114278656406732,0.170553310932524,0.0544780056019291,0.0283140551466241
478,0,-1132.59434418977,-1132.59434204455,0.436969238312396,0.179327005149825,0.152936375218439,4.67835920684583e-08,0.230767334535749,0.226717910494669,0.205922370737887,0.110266122370066,0.0248418198656173,0.436969258755387,0.179327013539387,0.152936382373352,0,0.230767345331874,0.226717910494669,0.205922370737887,0.110266122370066,0.0248418198656173
479,0,-1151.28504234695,-1151.28504224476,0.470534644763699,0.173949992934434,0.102890844266171,3.14745480194136e-08,0.252624486561149,0.180310081631518,0.217747279513804,0.191337709622374,0.0188175331105517,0.470534659573565,0.173949998409431,0.102890847504614,0,0.25262449451239,0.180310081631518,0.217747279513804,0.191337709622374,0.0188175331105517
480,7.01361568644643e-06,-1098.35633533987,-1098.35633884668,0.349667901426837,0.240533320656823,0.169294470095917,5.1787571250468e-08,0.240504256032851,0.143705447472857,0.250938349662306,0.0926377869405313,0.014507205202002,0.34966791953529,0.24053333311346,0.169294478863267,0,0.240504268487983,0.143705447472857,0.250938349662306,0.0926377869405313,0.014507205202002
481,0,-1088.19854950951,-1088.19854800367,0.449463672707798,0.224007441876319,0.115377616437769,3.5294311268458e-08,0.211151233683804,0.250418095898941,0.188940491398529,0.14084679831412,0.0184058053010558,0.449460077803641,0.224010114279664,0.115378748269417,0,0.211151059647278,0.250418256658225,0.188938793859962,0.140846590527623,0.0184055191185635
482,1.79302787728375e-06,-1110.29484069044,-1110.29484158695,0.422750774625843,0.214592178579191,0.116791895135352,3.57269243627904e-08,0.245865115932689,0.192685632704748,0.17580938522771,0.13054091730974,0.0169334217381448,0.422750109524806,0.21459216529685,0.116791968797985,0,0.245865756380358,0.192685814470982,0.175808926781723,0.130540937015518,0.0169335117206554
483,0.735298856462123,-1169.41855879474,-1169.78620822297,0.40675811936447,0.153202842288511,0.103235575608094,0.0497771529210115,0.287026309817914,0.205485093761669,0.17176063295296,0.144851104417521,0.0281567746376037,0.348484907257465,0.166864724016143,0.194660520542354,0,0.289989848184038,0.248081724110734,0.186421647679363,0.145274774363057,0.0284131043758643
484,7.65709955885541e-07,-1127.75953815402,-1127.75953853687,0.380849815829381,0.21909041277547,0.168740399279948,5.16180797021407e-08,0.231319320497121,0.153003875245716,0.196614747836553,0.142374491013936,0.0335721574946296,0.380849835488118,0.219090424084497,0.168740407990004,0,0.231319332437381,0.153003875245716,0.196614747836553,0.142374491013936,0.0335721574946296
485,0,-1110.46414135434,-1110.46413993662,0.370461043190658,0.286679034993547,0.0804533128627061,2.46107739658926e-08,0.262406584342315,0.479566129035057,0.173645628372145,0.111801355360819,0.00499271714857405,0.370460810642556,0.286679649072975,0.0804530525633694,0,0.2624064877211,0.479565962447528,0.173646075140355,0.111801666408802,0.00499271693743996
486,0,-1133.8488350017,-1133.84883165828,0.420721637391146,0.18764119757797,0.1244920880082,3.80824186058258e-08,0.267145038940265,0.181268860730495,0.183177087914755,0.0990735279833047,0.0213616944501831,0.420721653413244,0.187641204723801,0.12449209274916,0,0.267145049113795,0.181268860730495,0.183177087914755,0.0990735279833047,0.0213616944501831
487,2.87109651253559e-06,-1146.2889562663,-1146.28895770185,0.403653693509007,0.183996138354625,0.123964358880576,3.7920984986851e-08,0.288385771334808,0.126777654476129,0.184457395122628,0.134885403645017,0.0143159000361505,0.403653707878799,0.183996145466271,0.123964363293621,0,0.288385783361309,0.12677763921734,0.184457382915597,0.134885411274412,0.0143157154048028
488,0,-1098.98148246995,-1098.98148225826,0.447041304384676,0.233152294686101,0.115649566214178,3.53774706699465e-08,0.204156799337575,0.135856280720255,0.185931126147953,0.123027537366615,0.0393419656344516,0.447041320199868,0.233152302934439,0.115649570305567,0,0.204156806560126,0.135856280720255,0.185931126147953,0.123027537366615,0.0393419656344516
489,0,-1086.39043111877,-1086.39042981963,0.500762184491603,0.164462681562414,0.143797838389327,4.39880924464417e-08,0.190977251568563,0.166144313696244,0.156543528611398,0.167267782946515,0.035035271044424,0.500762206519177,0.164462688796814,0.14379784471472,0,0.190977259969288,0.166144313696244,0.156543528611398,0.167267782946515,0.035035271044424
490,0,-1148.62875285314,-1148.62875229101,0.38744577119208,0.176257467054254,0.16050485326173,4.90988070645681e-08,0.275791859393129,0.317485228485925,0.219188808652851,0.107914630353269,0.00898351878294969,0.387445790215206,0.176257475708286,0.160504861142327,0,0.275791872934181,0.317485228485925,0.219188808652851,0.107914630353269,0.00898351878294969
491,0.163705648051746,-1184.41973028213,-1184.50158310616,0.453766632833794,0.123168436328987,0.0921224520591922,0.0604928193316212,0.270449659446405,0.216504411940521,0.201831985605864,0.121221630204036,0.0399391257030559,0.41567043059986,0.17007835368805,0.144748234638048,0,0.269502981074043,0.27529452696519,0.204898473835841,0.12127674350308,0.0399872901111556
492,10.3039408707295,-1118.47231911052,-1123.62428954588,0.388585923141343,0.168386811319316,0.0643333370457334,0.0623428307938923,0.316351097699714,0.207809828617585,0.124609912005074,0.0868457065696613,0.0043544798317683,0.369365511028091,0.20665480315808,0.105043433782746,0,0.318936252031083,0.234460957219463,0.144900520243091,0.093356097578951,0.00436145783349845
493,0,-1182.66738898917,-1182.66738785424,0.38406432225783,0.159067142479718,0.145224137565871,4.44244006742763e-08,0.31164435327218,0.212498934061137,0.184075514813733,0.136688484056041,0.019455296482648,0.384064339319658,0.159067149546181,0.145224144017366,0,0.311644367116794,0.212498934061137,0.184075514813733,0.136688484056041,0.019455296482648
494,1.00946130943021,-1105.44476328279,-1105.94949393751,0.475988744916908,0.185614867330606,0.0583783309065882,0.0242815047910309,0.255736552054866,0.137001720934119,0.183295476527833,0.0609961452738997,0.03256923635707,0.462222684402653,0.203451201108896,0.0773254715426703,0,0.25700064294578,0.131735738504875,0.188207442476873,0.0611719276616846,0.0325705413978288
495,0,-1066.75082535109,-1066.75082267545,0.411610577073512,0.260550275570701,0.115648475025654,3.53771368728449e-08,0.212190636952996,0.168086227810816,0.191208439936858,0.0661560124333409,0.0426112574789359,0.411610591635117,0.260550284788224,0.115648479116966,0,0.212190644459693,0.168086227810816,0.191208439936858,0.0661560124333409,0.0426112574789359
496,1.55725406330021e-05,-1178.84700178463,-1178.8470095709,0.370042678172992,0.207155458688206,0.149942371337677,4.58677193337419e-08,0.272859445933406,0.175626776494851,0.22148125628659,0.129862663047232,0.0307317213894431,0.370042695146006,0.207155468189955,0.149942378215192,0,0.272859458448847,0.175626776494851,0.22148125628659,0.129862663047232,0.0307317213894431
497,0,-1139.66449049741,-1139.66448843933,0.362577180442029,0.205694679681121,0.165403788466383,5.05974027116599e-08,0.266324300813064,0.342192488605488,0.156326374831493,0.101764826914653,0.0261301002452847,0.362577198787494,0.205694690088738,0.165403796835386,0,0.266324314288382,0.342192488605488,0.156326374831493,0.101764826914653,0.0261301002452847
498,3.78816699402614,-1149.56979582904,-1151.46387932605,0.382898240498088,0.185006970781259,0.091145700368267,0.0760709831278899,0.264878105224495,0.23142011085383,0.157833366482979,0.126622077675685,0.030265086003119,0.340792627349655,0.241220177628255,0.14978272837857,0,0.26820446664352,0.285608455763783,0.161502686805627,0.120322177299944,0.0302500406688649
499,6.91224158799741e-06,-1124.74541549158,-1124.7454189477,0.347325492877354,0.229910106350816,0.179273831799938,5.4840281152855e-08,0.243490514131611,0.253664862239075,0.185694922736937,0.0992334736587387,0.0418455958348814,0.347325511924783,0.229910118959152,0.179273841631365,0,0.2434905274847,0.253664862239075,0.185694922736937,0.0992334736587387,0.0418455958348814
500,0,-1119.37204183974,-1119.37203971909,0.417480686939162,0.231468896196462,0.104260030097131,3.18933849642501e-08,0.24679035487386,0.137705172303374,0.159602999280669,0.130657942381131,0.0409487472989683,0.417480697959845,0.231468906294309,0.104260032940045,0,0.246790362805801,0.137705172303374,0.159603177293045,0.130658028516152,0.0409485578019218
501,1.95648728001242,-1193.27544682133,-1194.25369046133,0.398415226948922,0.12732692046004,0.111277476612724,0.0438326759774944,0.31914770000082,0.148579912623523,0.205858483201619,0.0946175036704885,0.0357017560094239,0.386223173985918,0.147103516577086,0.142854598472604,0,0.323818710964392,0.140147252336944,0.212702261624399,0.098300406889782,0.0352667602670415
502,0,-1137.20462060245,-1137.20461948075,0.366197746025327,0.179032015596543,0.163542280967789,5.00279632482083e-08,0.291227907382378,0.0951388868885858,0.205329045735753,0.118401151674605,0.00584524849023977,0.366197764345455,0.179032024553151,0.163542289149477,0,0.291227921951917,0.0951388868885858,0.205329045735753,0.118401151674605,0.00584524849023977
503,6.80761686591677,-1086.99484500208,-1090.39865343503,0.416764900472019,0.198464409085892,0.117693521348553,0.0517785273836412,0.215298641709895,0.195810423731842,0.136014520531885,0.124932574240249,0.0261070017381744,0.38961661478196,0.235109217997398,0.159810949043754,0,0.215463218176888,0.236720426686001,0.155651810345846,0.120535459016739,0.0261019535113524
504,3.76730759182965,-1113.41732991851,-1115.30098371443,0.399172749161693,0.160161928333503,0.134417607328563,0.0425505579808293,0.263697157195411,0.10889501311691,0.160547950817561,0.0746856144655901,0.0282448114563112,0.343428863803659,0.21306704984304,0.179450434434379,0,0.264053651918921,0.177103515685851,0.173032822438585,0.0760171739716,0.0282361628243205
505,0,-1122.41558083478,-1122.41557655233,0.298105760796217,0.200203477503941,0.20424340452768,6.12427083409906e-08,0.297447295929454,0.112556122553204,0.133854605068213,0.099920437183535,0.0137727201969621,0.298105779053022,0.200203489764945,0.2042434170361,0,0.297447314145933,0.112556122553204,0.133854605068213,0.099920437183535,0.0137727201969621
506,0,-1097.16894893367,-1097.168946974,0.435011361047318,0.244603136274244,0.148483734843672,4.5421519045457e-08,0.171901722413246,0.103892350605053,0.171413667500992,0.242250486182522,0.0396020841267148,0.435011380806196,0.244603147384491,0.148483741588029,0,0.171901730221284,0.103892350605053,0.171413667500992,0.242250486182522,0.0396020841267148
507,0,-1169.20890507429,-1169.20890329908,0.373152649686908,0.230204792339252,0.0997615916955444,3.05173023966226e-08,0.296880935760993,0.153672404113507,0.188611843450531,0.0988125106886497,0.0446589281501511,0.373152661074521,0.230204799364482,0.0997615947399991,0,0.296880944820998,0.153672404113507,0.188611843450531,0.0988125106886497,0.0446589281501511
508,8.14472318324806,-1159.08432987998,-1163.15669147161,0.385847040514778,0.163594022245676,0.109864319381055,0.0601544497886456,0.280540168069845,0.226681088405047,0.160270150870643,0.127453598765879,0.032668262114525,0.352082315110339,0.221551346873141,0.149313101558668,0,0.277053236457853,0.291643746192025,0.172240512918083,0.128561436184279,0.032566286071972
509,10.6639776463439,-1089.90400959512,-1095.23599841829,0.471605656385999,0.165598857764048,0.0654996947964227,0.0586620597418143,0.238633731311716,0.0542244937280278,0.147662494466288,0.0937689455043889,0.0426470665187844,0.443286082841831,0.187455280511363,0.12284344388196,0,0.246415192764847,0.114159103436626,0.139739279858455,0.0952391416386948,0.0424593235190155
510,9.93472440313781e-07,-1063.58704896906,-1063.5870494658,0.34766306436924,0.25909803124239,0.114120132813437,3.4909613443607e-08,0.27911873666532,0.0763877002122305,0.136967574890465,0.0632107438433147,0.0172317655303375,0.347663076506023,0.259098040287403,0.114120136797327,0,0.279118746409247,0.0763877002122305,0.136967574890465,0.0632107438433147,0.0172317655303375
511,1.47188211485627e-06,-1158.53767944764,-1158.53768018358,0.37039101819686,0.206827201628785,0.111785407241581,3.4195415473441e-08,0.310996338737359,0.119647057130726,0.157618957671314,0.123567768176491,0.0286324056755889,0.370391030862535,0.206827208701327,0.111785411064129,0,0.310996349372008,0.119647057130726,0.157618957671314,0.123567768176491,0.0286324056755889
512,0,-1172.63829598366,-1172.63829453547,0.394463999091111,0.20827385590466,0.12133207632624,3.71157659291711e-08,0.275930031562223,0.289869109478157,0.205458834289487,0.0987907928381676,0.0487700321199992,0.394464001537325,0.208273866730263,0.121332090038329,0,0.275930041694083,0.28986906370179,0.205459185241635,0.098791143790316,0.0487696659090617
513,0,-1099.35419019863,-1099.35418929799,0.422307298510773,0.223395575796311,0.156641099646607,4.79168758678548e-08,0.197655978129433,0.104230302652417,0.187066637082076,0.126254463606867,0.0436642854898161,0.42230731874642,0.223395586500729,0.156641107152359,0,0.197655987600491,0.104230302652417,0.187066637082076,0.126254463606867,0.0436642854898161
514,0,-1133.9056369147,-1133.90563602822,0.3502225722554,0.214890822040693,0.145027927852819,4.43644511869132e-08,0.289858633486637,0.0102970513244633,0.211037322056252,0.0992707642102966,0.0210055047553636,0.350222810404974,0.214890790323052,0.145028200936275,0,0.289858198335699,0.0102969416011782,0.211037180693501,0.0992712268883929,0.02100553668982
515,0,-1201.74391183511,-1201.74391030276,0.240633200027829,0.248615100600364,0.193831401469193,5.9293475495547e-08,0.316920238609139,0.203697137265144,0.205214460718123,0.15594516202335,0.0281806797910367,0.240633214295808,0.248615115341618,0.193831412962131,0,0.316920257400443,0.203697137265144,0.205214460718123,0.15594516202335,0.0281806797910367
516,0,-1117.78185955967,-1117.78185615448,0.397992500638574,0.163138956364871,0.13409731468497,4.10206797351957e-08,0.304771187290905,0.0723593406258041,0.172851337956883,0.0633525653279134,0.0254286402738553,0.397992516964498,0.163138963056943,0.134097320185733,0,0.304771199792827,0.0723593406258041,0.172851337956883,0.0633525653279134,0.0254286402738553
517,0,-1125.68193874133,-1125.68193695793,0.454952483421584,0.226872700961025,0.10632862160472,3.25261720846446e-08,0.211846161486499,0.190845190278416,0.198156030022498,0.117674794226043,0.0579569498540878,0.454952498219447,0.226872708340325,0.106328625063184,0,0.211846168377044,0.190845190278416,0.198156030022498,0.117674794226043,0.0579569498540878
518,6.02858204283029,-1140.39592719685,-1143.41021821827,0.362519752166724,0.227636723464068,0.0928118321488694,0.0725537991352514,0.244477893085088,0.281790104000909,0.191705648360437,0.159856977275567,0.0221240711031844,0.34262205329729,0.275376368483653,0.131831261093687,0,0.25017031712537,0.270782251776723,0.18329351801877,0.179146934058306,0.0222010411511646
519,0,-1142.96914009313,-1142.96913802965,0.391641899666141,0.235633911318328,0.129335613895724,3.95640644142301e-08,0.243388535555743,0.232704070931882,0.184535065701461,0.155091656483815,0.0331103359264285,0.391641915161087,0.235633920640964,0.129335619012767,0,0.243388545185183,0.232704070931882,0.184535065701461,0.155091656483815,0.0331103359264285
520,0,-1122.61191625627,-1122.6119127709,0.397884144239561,0.202576515874033,0.164624985364278,5.03591650355117e-08,0.234914304162963,0.141320767746791,0.158519478554189,0.130376362483087,0.0306651603546301,0.397884164276675,0.202576526075618,0.164624993654655,0,0.234914315993052,0.141320767746791,0.158519478554189,0.130376362483087,0.0306651603546301
521,0,-1083.21052068791,-1083.21051958047,0.473972774949654,0.175468037089306,0.142040864990018,4.34506302065332e-08,0.208518279520392,0.131064547254509,0.156187705485844,0.114061912303366,0.0233521484741389,0.473972795544071,0.175468044713503,0.142040871161784,0,0.208518288580643,0.131064547254509,0.156187705485844,0.114061912303366,0.0233521484741389
522,0,-1139.91858188288,-1139.91857907292,0.474144399624859,0.170394179576588,0.121013151970857,3.70182668975974e-08,0.234448231809428,0.0275003189348308,0.251166366289384,0.119691441841128,0.0342830631775248,0.474145057095957,0.170393374041936,0.121013322948954,0,0.234448245913153,0.0275005176555084,0.251166228907793,0.119691203895048,0.0342831066377662
523,0,-1185.54127821053,-1185.5412777591,0.421382433949027,0.138881465107292,0.118635669707549,3.62909266578276e-08,0.321100394945205,0.0773989522801211,0.177600468708404,0.162512738297104,0.0340795410142165,0.421382449241386,0.13888147014743,0.118635674012948,0,0.321100406598236,0.0773989522801211,0.177600468708404,0.162512738297104,0.0340795410142165
524,0,-1128.12180217834,-1128.12180074859,0.452716031913819,0.150404142275551,0.128476537954533,3.93012710903325e-08,0.268403248554826,0.145209393174025,0.139563868273952,0.107338128068085,0.0390054290882738,0.452716049706135,0.150404148186625,0.128476543003824,0,0.268403259103415,0.145209393174025,0.139563868273952,0.107338128068085,0.0390054290882738
525,0,-1120.23448372742,-1120.23448180613,0.396377556573387,0.204916545937751,0.133093219095194,4.07136353464048e-08,0.265612637680033,0.112364702623729,0.195211279938557,0.0670162526895061,0.0391270951713956,0.396378840785004,0.204915003243233,0.133093537915703,0,0.26561261805606,0.112363452469066,0.195210933637533,0.067016371252121,0.039127710973426
526,0,-1094.51550935579,-1094.51550720828,0.418315466213046,0.204002635387887,0.134657659128157,4.1192090400647e-08,0.24302419807882,0.121610119826545,0.139865772466567,0.101711543320831,0.0353446594255477,0.418315483444335,0.204002643791182,0.134657664674988,0,0.243024208089495,0.121610119826545,0.139865772466567,0.101711543320831,0.0353446594255477
527,0,-1129.57359797926,-1129.57359647634,0.357115605796532,0.258648158285912,0.117190414444779,3.58488197192286e-08,0.267045785623958,0.288088065379244,0.161251255582767,0.108467481078049,0.0191126223064454,0.357115618598705,0.258648167558144,0.117190418645917,0,0.267045795197234,0.288088065379244,0.161251255582767,0.108467481078049,0.0191126223064454
528,0,-1154.96343110506,-1154.96342932306,0.303193875295226,0.236099778791611,0.14496733978294,4.43458068051126e-08,0.315738961784416,0.114398359138366,0.208765709360636,0.0951447945518208,0.0243169871404909,0.303193295789048,0.236100244528011,0.144967233525668,0,0.315739226157274,0.114398545105082,0.208765259399685,0.0951450154390655,0.0243170460636707
529,2.78247375551746,-1196.37538980056,-1197.76662667832,0.445829353799298,0.15478978074313,0.116978951252653,0.0342057402792904,0.248196173925629,0.0828715712244821,0.243161374307137,0.195839884865841,0.026776205532588,0.431945109638876,0.170290591136463,0.144707174321905,0,0.253057124902756,0.0874057529686058,0.24166911357936,0.194671021250522,0.0267320815396576
530,0,-1173.89103746538,-1173.89103684289,0.311399156070089,0.213635811934586,0.167593293024709,5.12671772368009e-08,0.307371687703439,0.200919175432033,0.1442100430584,0.128388378102975,0.0357958710607253,0.311399172034646,0.213635822887092,0.167593301616744,0,0.307371703461518,0.200919175432033,0.1442100430584,0.128388378102975,0.0357958710607253
531,2.60448496192112e-06,-1063.30856273583,-1063.30856403808,0.439521924138512,0.196282070491588,0.163702196177013,5.00768816817934e-08,0.200493759116006,0.143181530778309,0.162987738657468,0.135547817721388,0.0130797383168807,0.4395219461484,0.196282080320782,0.163702204374709,0,0.200493769156108,0.143181530778309,0.162987738657468,0.135547817721388,0.0130797383168807
532,7.22590917270509,-1134.18793488042,-1137.80088946677,0.431169622579076,0.170170520348434,0.127541178975418,0.0351147042218416,0.236003973875229,0.176527908405265,0.213423749710066,0.099708413405043,0.050065377086995,0.424195613254628,0.181533394202858,0.162030343207316,0,0.232240649335197,0.208028200489669,0.240993306032912,0.100142891899537,0.0502269982986802
533,1.61546611976473,-1164.33696063956,-1165.14469369945,0.389936509122975,0.214678513630425,0.0753954681414085,0.0247036603385364,0.295285848766655,0.176112723021168,0.216482791688913,0.090142446178449,0.0174746594692172,0.367193742562429,0.238037525821154,0.10486448116648,0,0.289904250449936,0.190802509314014,0.224268494867882,0.103724979355713,0.0175460956495853
534,2.28493619824394,-1118.62955311404,-1119.77202121316,0.481585479482043,0.159649042519637,0.0694870695840463,0.0634367312490912,0.225841677165183,0.155390153776464,0.191716096908574,0.173068186354051,0.0171505180555586,0.467842191078354,0.183074223764423,0.117942129951307,0,0.231141455205917,0.164364001513241,0.185407184238397,0.177065547847028,0.0171258805182952
535,8.58672147994002,-1150.89755876829,-1155.19091950826,0.419381983605437,0.132698168687203,0.0994464366453823,0.0511040169690514,0.297369394092926,0.111380333763106,0.222604186990364,0.0594038818358109,0.0200356462305131,0.383325782197429,0.182375653634724,0.140364429104416,0,0.293934135063431,0.235349295214265,0.232353456677351,0.0579402406044547,0.0199764070738257
536,0,-1127.70606838743,-1127.70606835142,0.442525307332928,0.152242724823579,0.162360016043765,4.65714028030538e-08,0.242871905228325,0.158061862302835,0.201240618309502,0.104550167746333,0.0302803500941777,0.442525327941953,0.152242731913737,0.162360023605099,0,0.242871916539211,0.158061862302835,0.201240618309502,0.104550167746333,0.0302803500941777
537,2.85454063050884,-1070.49047178772,-1071.91774210297,0.471882640615403,0.223500893484576,0.0521224662494098,0.0361067064245266,0.216387293226085,0.0560967191699026,0.175879794536491,0.0905528941777946,0.029422981758976,0.461780323993821,0.251274061492479,0.0762001090110179,0,0.210745505502682,0.131426256852421,0.17569380251898,0.0948223321271094,0.0293813758481428
538,0,-1225.09018843892,-1225.09018610425,0.356197124597938,0.179209324599577,0.138890954083423,4.24870651508315e-08,0.325702554231997,0.119404396098493,0.181774704290169,0.156388539334195,0.044572451332707,0.356197139731709,0.179209332213656,0.138890959984492,0,0.325702568070143,0.119404396098493,0.181774704290169,0.156388539334195,0.044572451332707
539,0,-1114.57342950385,-1114.57342906686,0.477473524775051,0.10700610047611,0.150903091831145,3.27334144434935e-08,0.26461725018428,0.111809999886519,0.157774097327484,0.0924123633409462,0.0198623022059514,0.47747354040439,0.107006103978785,0.150903096770718,0,0.264617258846106,0.111809999886519,0.157774097327484,0.0924123633409462,0.0198623022059514
540,0,-1141.2328554044,-1141.23285277052,0.410197858812149,0.16944919770811,0.189543547442492,5.18349027860836e-08,0.230809344202346,0.188735453260493,0.209638893050188,0.116796326096691,0.0337163423074545,0.410197880074716,0.169449206491493,0.189543557267464,0,0.230809356166327,0.188735453260493,0.209638893050188,0.116796326096691,0.0337163423074545
541,0,-1066.08997159484,-1066.08996700995,0.362790462787531,0.201454555614666,0.213611846487828,6.16254160381905e-08,0.222143073484558,0.357851129325134,0.131800630915113,0.0944504595621441,0.0111605036555034,0.362790485144646,0.201454568029388,0.213611859651748,0,0.222143087174218,0.357851129325134,0.131800630915113,0.0944504595621441,0.0111605036555034
542,3.76681924570175,-1039.02467016181,-1040.90807978467,0.515170060095853,0.167309160118992,0.0875223462006252,0.0454959275763609,0.184502506008169,0.0956743841534308,0.160479451173933,0.132670446963803,0.020953495992823,0.499146153099936,0.194297682940377,0.12055228575808,0,0.186003878201607,0.154359576646008,0.16473496651112,0.131396901828715,0.0209707314397317
543,0,-1162.47272276119,-1162.47272267322,0.350251488881909,0.224586302275873,0.142159372081886,4.34868818009313e-08,0.28300279327345,0.136553450322598,0.173089956335223,0.125191076182849,0.042801698024958,0.350251504113255,0.224586312042432,0.142159378263954,0,0.283002805580359,0.136553450322598,0.173089956335223,0.125191076182849,0.042801698024958
544,1.56139094542596e-06,-1215.27064327228,-1215.27064405297,0.326407275954753,0.22152887191788,0.127238580130082,3.89225769191496e-08,0.324825233074709,0.299290604662517,0.239328102801502,0.117308417773947,0.0299575469152317,0.326407288659366,0.221528880540355,0.127238585082536,0,0.324825245717744,0.299290604662517,0.239328102801502,0.117308417773947,0.0299575469152317
545,0,-1083.03435158652,-1083.03434865201,0.425084157918111,0.210681924048217,0.145415062876867,4.44825990019051e-08,0.218818810674207,0.182524663640144,0.217543571538931,0.072652233032875,0.026883536583389,0.425083889253876,0.210682040670718,0.145415047563553,0,0.218819022511852,0.182524501378134,0.217543429494272,0.0726519224756281,0.0268836390494021
546,0,-1086.79720223532,-1086.79720008632,0.434319912082627,0.21965039959664,0.137758007676772,4.21404822758583e-08,0.20827163850348,0.119629542430875,0.201217962672385,0.111240385252286,0.0261301938457259,0.434320690090191,0.219650029977575,0.137757918173893,0,0.208271361758341,0.119629964340483,0.201218339845932,0.111240259787483,0.0261302684621538
547,7.44224007576122e-06,-1110.74362110363,-1110.74362482475,0.325493895512917,0.228437422448671,0.210578046948851,6.44163132083959e-08,0.235490570673248,0.163424106559546,0.176686205903261,0.0935135338957448,0.0216929527053916,0.325493916480035,0.228437437163769,0.210578060513513,0,0.235490585842683,0.163424106559546,0.176686205903261,0.0935135338957448,0.0216929527053916
548,0,-1110.35427630564,-1110.35427465186,0.457117644299801,0.215772697278543,0.102157347266652,3.12501695851798e-08,0.224952279904835,0.18173774125198,0.23617013361159,0.146369960566617,0.0108974179201772,0.457117658584805,0.215772704021477,0.102157350459087,0,0.224952286934632,0.18173774125198,0.23617013361159,0.146369960566617,0.0108974179201772
549,0,-1133.4615409559,-1133.46154040364,0.45193634661819,0.150429871222999,0.13976155523552,4.27533840634895e-08,0.257872184169908,0.214712669955317,0.208117427435814,0.112056756238043,0.0270474594922889,0.451936365939999,0.150429877654385,0.139761561210799,0,0.257872195194817,0.214712669955317,0.208117427435814,0.112056756238043,0.0270474594922889
550,0,-1177.93911314486,-1177.93911156701,0.384353776578147,0.213887346881124,0.118296495707884,3.61871722162371e-08,0.283462344645673,0.155476079206022,0.20756425904389,0.103473044189791,0.0605002948918221,0.384353798829814,0.213887356003092,0.118296498515575,0,0.28346234665152,0.155476079206022,0.207564279370878,0.103473069598527,0.0604998172075833
551,1.06483912531985e-06,-1120.82495401225,-1120.82495454467,0.443135131962581,0.124168615388307,0.177963225997532,3.79834675807817e-08,0.254732988668112,0.14452951684446,0.198837194781509,0.105718216459841,0.0247759239590149,0.44313514879439,0.124168620104661,0.177963232757193,0,0.254732998343755,0.14452951684446,0.198837194781509,0.105718216459841,0.0247759239590149
552,0,-1111.30503318754,-1111.30503115154,0.334133824598422,0.217600263747158,0.168610689993155,5.15784075238248e-08,0.279655170082858,0.198280348373275,0.164818751128175,0.0720269557351551,0.0329129650087914,0.334133820601312,0.217600314269163,0.168610723995265,0,0.279655141134261,0.198280378890854,0.164819605620362,0.0720269557351551,0.0329127361269554
553,0,-1108.83044683486,-1108.83044490944,0.522802045794316,0.159269963422764,0.119689310002154,3.66132376689213e-08,0.198238644167528,0.0658844199872625,0.179563187458637,0.158581543098616,0.0491180652988705,0.522802064935792,0.159269969254153,0.119689314384367,0,0.198238651425687,0.0658844199872625,0.179563187458637,0.158581543098616,0.0491180652988705
554,1.33453886519419e-06,-1115.76679542321,-1115.76679609048,0.33259576220631,0.259705949577712,0.179999331682703,5.50622132505166e-08,0.227698901471061,0.289900695605505,0.284405786848571,0.0969433708008223,0.00820288373600809,0.332595780469188,0.259705962253059,0.17999934156649,0,0.227698915711262,0.289900701709036,0.284405838728982,0.0969433982650842,0.00820268078303109
555,2.0613818566917,-1100.43157828983,-1101.46226921818,0.387185663367823,0.183121487546779,0.0979444013698554,0.0762383354111984,0.255510112304345,0.0704948738601311,0.170330328523688,0.0767072036169953,0.029843312929608,0.351557112816929,0.221658610099132,0.177492523338225,0,0.249291753745714,0.150018234360693,0.16726457705916,0.0802265460749875,0.0299598410930196
556,0,-1156.91573295372,-1156.91573059098,0.42243985179767,0.187019019857885,0.12841356708992,3.92820081172484e-08,0.262127521972517,0.113865401292639,0.181435230520309,0.138294819320308,0.0362119266837614,0.422439864864678,0.187019028684696,0.128413572106372,0,0.262127534344254,0.113865417557803,0.181435214255144,0.138294835585472,0.0362120730702432
557,0,-1115.72821422851,-1115.7282136218,0.372879945176845,0.204574704835952,0.177275416381197,5.42288975746986e-08,0.245269879377108,0.207920059887712,0.239898937109335,0.0933447345731158,0.0117533072877452,0.372880656312703,0.204574667653464,0.177275161278477,0,0.245269514755355,0.207920370930591,0.239898532032417,0.0933445807906261,0.0117533896377173
558,1.93805175146736,-1126.31061852628,-1127.27964440201,0.44458224670913,0.171465352794791,0.100727697718323,0.0292728795993909,0.253951823178366,0.118424240319912,0.187159871764738,0.120797569275745,0.0355917342286503,0.441942074227124,0.178444527252761,0.123968233568058,0,0.255645164952057,0.117994154655303,0.185961308762564,0.122056155209003,0.035596052189243
559,0,-1086.88032149751,-1086.88031806429,0.367596812361612,0.235543400240025,0.148296076786139,4.53641140101967e-08,0.24856366524811,0.107746067345398,0.208445593260209,0.0850311453727804,0.00509053125378982,0.367596829037317,0.235543410925243,0.148296083513459,0,0.248563676523981,0.107746067345398,0.208445593260209,0.0850311453727804,0.00509053125378982
560,5.51678740578382,-1185.14408884771,-1187.9024825506,0.405380576431674,0.136946467395791,0.0916106721239759,0.0770529370764731,0.289009346972086,0.174018080810925,0.226180324983175,0.0888159832236833,0.0278534457494778,0.401536905066812,0.144244572655197,0.1520195044968,0,0.302199017781191,0.11952806915702,0.224871860389045,0.090781313128994,0.0278222577120773
561,4.03999528108397,-1123.12855763623,-1125.14855527677,0.518297985529879,0.149129641048008,0.0532476348114321,0.0579698587917011,0.22135487981898,0.0883736549614183,0.210914436600889,0.13371864976088,0.0478655348751614,0.487466477372105,0.194277827692775,0.0961102722905279,0,0.222145422644593,0.148250661387209,0.213538268443944,0.132785952935803,0.0478808995304575
562,0,-1118.931442807,-1118.93144177081,0.5250578524319,0.157026688503245,0.103844107178088,3.17661533562175e-08,0.214071320120613,0.0930123837005171,0.203252486354183,0.129622120860356,0.0386168056694933,0.525057869110969,0.157026693491379,0.103844110476816,0,0.214071326920836,0.0930123837005171,0.203252486354183,0.129622120860356,0.0386168056694933
563,0,-1102.36426341485,-1102.36426270985,0.339374466930212,0.241040112378982,0.218495754329052,6.15137735451487e-08,0.20108960484798,0.223866532226533,0.198408164787706,0.132273329681093,0.0410473064634617,0.339374046487414,0.241040509016417,0.218495808458014,0,0.201089636038155,0.223866828604714,0.198407437184724,0.132272866525733,0.0410467489304097
564,0,-1140.45442440159,-1140.45442233165,0.311344449053827,0.209304521294708,0.172819129768212,5.28657728232023e-08,0.30653184701748,0.192462543607233,0.121153484760306,0.077744576292446,0.0334818458122655,0.311344465513292,0.209304532359754,0.17281913890443,0,0.306531863222524,0.192462543607233,0.121153484760306,0.077744576292446,0.0334818458122655
565,0,-1124.09746917409,-1124.09746803979,0.400573203955468,0.232440043651114,0.120538589935463,3.68729745596824e-08,0.246448125584981,0.0522280505812629,0.205622768183569,0.126402302548624,0.0222583707113388,0.400572455012846,0.232440726400474,0.120538513498252,0,0.246448305088427,0.0522303979509616,0.205622652933355,0.126402985198913,0.022258704654715
566,1.13388068712084e-07,-1086.51555886535,-1086.51555892205,0.439815478701795,0.188660948649063,0.153396330794862,4.69242935466141e-08,0.218127194929986,0.083300347632234,0.280027952827129,0.0740408340840958,0.0207151718298614,0.439815499339826,0.188660957501845,0.153396337992877,0,0.218127205165451,0.083300347632234,0.280027952827129,0.0740408340840958,0.0207151718298614
567,8.47036517370725e-07,-1079.19589268264,-1079.19589310616,0.446713027331224,0.18228123207399,0.150867312578781,4.61506609353027e-08,0.220138381865344,0.108480183759876,0.203741582179655,0.0997808622544984,0.0132230277679433,0.446713047998549,0.18228123995101,0.150867319328502,0,0.220138392721939,0.108480199018602,0.203741600490089,0.0997808576756367,0.0132227927801437
568,3.42041357725975e-06,-1126.56744145204,-1126.56744316224,0.434807913193258,0.18521721495008,0.101800057469785,3.11408738072265e-08,0.278174783246003,0.210982501675948,0.146835664106219,0.0794597423060807,0.0430663040118501,0.434807926733557,0.185217220717906,0.101800060639928,0,0.278174791908609,0.210982501675948,0.146835664106219,0.0794597423060807,0.0430663040118501
569,0,-1159.71066156408,-1159.71065978598,0.368733679507439,0.216550520836151,0.152905404624424,4.6774118091882e-08,0.261810348257868,0.1210356000848,0.263642490811356,0.0736608465176706,0.0467808366139262,0.368733696754632,0.216550530965111,0.15290541177644,0,0.261810360503817,0.1210356000848,0.263642490811356,0.0736608465176706,0.0467808366139262
570,0,-1097.73339053628,-1097.73338884578,0.419233686593882,0.159809122880076,0.11501480966355,3.51832971681558e-08,0.305942345679195,0.138316045251794,0.14632433442304,0.0521090514164134,0.0133918490389966,0.419233701343905,0.159809128502688,0.115014813710151,0,0.305942356443255,0.138316045251794,0.14632433442304,0.0521090514164134,0.0133918490389966
571,0,-1068.05779099156,-1068.05778956831,0.455627980438229,0.182242709907088,0.138331064352955,4.23157935830564e-08,0.223798202985935,0.161967905877188,0.138214101228437,0.0881229536235918,0.0190501787653358,0.455627999718489,0.182242717618833,0.138331070206544,0,0.223798212456134,0.161967905877188,0.138214101228437,0.0881229536235918,0.0190501787653358
572,0,-1106.17387140446,-1106.17386862203,0.3855336907943,0.242999189509111,0.18264829190943,5.58725363307894e-08,0.188818771914623,0.342661279169924,0.198488054117046,0.161298621128788,0.0216232124270174,0.385533712335047,0.242999203086092,0.182648302114454,0,0.188818782464407,0.342661279169924,0.198488054117046,0.161298621128788,0.0216232124270174
573,5.3374110538175,-1193.47659642716,-1196.14530195407,0.352788895520038,0.189283777595134,0.0749241288866277,0.065829978411454,0.317173219586746,0.146482720384191,0.216607639394883,0.125290365948775,0.0337777997025608,0.310773720042293,0.253939484220925,0.118040031192166,0,0.317246764544616,0.18248147509627,0.257556743287775,0.124959988390724,0.0337422991439605
574,4.58712293038843e-07,-1134.78381726847,-1134.78381749782,0.352883049015143,0.228859221005397,0.168783570454615,5.16312858646502e-08,0.249474107893558,0.20424930368429,0.209662751792914,0.10098218212255,0.0394614666044267,0.35288306723495,0.228859232821693,0.168783579169129,0,0.249474120774228,0.20424930368429,0.209662751792914,0.10098218212255,0.0394614666044267
575,1.33747416896176,-1154.3908906576,-1155.05962774208,0.414059734197026,0.169495413226079,0.123153556124422,0.0359397287304194,0.257351567722054,0.207551972568159,0.205536885723769,0.124816160982352,0.0255166452340743,0.370156585260677,0.201057754050659,0.173845261534201,0,0.254940399154463,0.243432582957425,0.211496995774314,0.127189696428445,0.0254681670133072
576,2.36040341405896e-06,-1085.16250553556,-1085.16250671576,0.451603253846929,0.1477524611565,0.15266768776787,4.51978214488206e-08,0.24797655203088,0.122827995558664,0.215111610473303,0.0599672919520519,0.0243147681048358,0.451603276737885,0.147752470723073,0.15266769550632,0,0.247976557032721,0.122828346510812,0.215111747802405,0.0599676886805675,0.0243147070696795
577,1.76572802956798e-06,-1087.90513908762,-1087.90513997049,0.413226757458985,0.185215917677344,0.19933838428372,5.66579790113746e-08,0.202218883921972,0.191002339422012,0.233976310124313,0.0952068266525297,0.0126986546633438,0.413226780871579,0.185215928171304,0.199338395577831,0,0.202218895379286,0.191002339422012,0.233976310124313,0.0952068266525297,0.0126986546633438
578,0,-1101.4577249047,-1101.45772422095,0.414437254241368,0.210106316114995,0.136948402577491,4.18928664081812e-08,0.23850798517328,0.100648344188912,0.140847651354121,0.190203363723271,0.0111314239100366,0.4144373898243,0.21010656538895,0.136948524394782,0,0.238507520391969,0.100648500134867,0.140847891162476,0.190203635435448,0.0111310827772246
579,0,-1184.02346002157,-1184.02345762579,0.364011473779315,0.237890282919501,0.115837089911375,3.54348346040681e-08,0.282261117954975,0.123155218181644,0.240656943664777,0.100922870635288,0.0419557051233794,0.364011486678001,0.237890291349105,0.115837094016043,0,0.282261127956851,0.123155218181644,0.240656943664777,0.100922870635288,0.0419557051233794
580,0,-1162.33537058765,-1162.33536935251,0.388944667878309,0.216015125962192,0.108969067465517,3.33338906006214e-08,0.286071105360092,0.230640171493848,0.231567562618096,0.117733696885172,0.0233737502442606,0.388944680843348,0.216015133162817,0.10896907109788,0,0.286071114895955,0.230640171493848,0.231567562618096,0.117733696885172,0.0233737502442606
581,0,-1137.36877387817,-1137.36877246081,0.470369153969848,0.17741977200978,0.0922286336361593,2.82129194485388e-08,0.259982412171293,0.0663869643285647,0.206100954219527,0.145760495278973,0.0152915972420374,0.470369521964976,0.177419636033629,0.0922289015367902,0,0.259981940464605,0.0663879191529847,0.206101009240229,0.145760622748499,0.0152916274174009
582,1.05042772702291e-06,-1146.83099634774,-1146.83099687295,0.38508695822702,0.17713134592027,0.169434947620467,5.18305485043795e-08,0.268346696401694,0.180292983564623,0.17040292421237,0.0791585369997357,0.0514713830147633,0.385086987329133,0.177131340045864,0.169434971129193,0,0.26834670149581,0.180292794495661,0.17040294834078,0.0791582762474382,0.0514716376367162
583,0,-1110.50308052306,-1110.50307880004,0.348624381426904,0.22779706031439,0.187200727128512,5.72651367833186e-08,0.236377773865058,0.180221874346303,0.140666714013379,0.0963627197360079,0.0469031387101512,0.348624402551619,0.227797073211241,0.187200736985602,0,0.236377787251538,0.180221870223916,0.140666692026019,0.096362773054718,0.0469028450005757
584,0,-1068.48353165354,-1068.48352980464,0.517469474042986,0.153984000651791,0.131432302759343,4.02054464029815e-08,0.197114182340434,0.0609222053534947,0.143708984258547,0.151985376515809,0.0391304742867927,0.517469494848078,0.153984006842786,0.131432308043638,0,0.197114190265498,0.0609222053534947,0.143708984258547,0.151985376515809,0.0391304742867927
585,0,-1165.01985334567,-1165.01985207405,0.408343327216586,0.213071239096108,0.115710513627389,3.53961146250763e-08,0.262874884663802,0.264164108000426,0.221527270096208,0.125361203825266,0.0200881721249698,0.408343341670354,0.213071246638003,0.115710517723091,0,0.262874893968552,0.264164108000426,0.221527270096208,0.125361203825266,0.0200881721249698
586,2.86736394627951e-08,-1127.41213078678,-1127.41213080111,0.392931430168574,0.210699314831318,0.144410543219848,4.41756034779977e-08,0.251958667604656,0.22680757045888,0.214713581440959,0.106581356177804,0.0134518512357059,0.392930608444316,0.210700296951227,0.144410923288943,0,0.251958171315515,0.226807549250809,0.21471363512409,0.10658142933145,0.0134518933481697
587,9.46972198711001,-1131.16018116367,-1135.89504215723,0.533947243256139,0.125362439469633,0.0645618497924494,0.0532458107512242,0.222882656730555,0.00811753537460364,0.20777410139248,0.232110219589573,0.0257300121485079,0.512855644175258,0.159554945033745,0.103646346208218,0,0.223943064582779,0.110547650831562,0.208587017189447,0.232215432948233,0.0256955666450323
588,0,-1100.01824206992,-1100.01823757471,0.388563137062966,0.269171658550221,0.16103486865023,4.92609400018121e-08,0.181230286475642,0.26147009829989,0.226965007509076,0.0883558535648455,0.0401167052806352,0.388563156203953,0.269171671809871,0.16103487658296,0,0.181230295403217,0.26147009829989,0.226965007509076,0.0883558535648455,0.0401167052806352
589,2.68068561126711e-06,-1150.36150472784,-1150.36150606819,0.38383603918782,0.204856795982167,0.150779048277872,4.61236607512581e-08,0.260528070428479,0.109603282089101,0.213917105277949,0.149818581997967,0.0185969812776199,0.383836056891744,0.204856805430913,0.150779055232354,0,0.260528082444988,0.109603282089101,0.213917105277949,0.149818581997967,0.0185969812776199
590,4.78053001483977,-1135.72543442074,-1138.11569942816,0.428033332292268,0.148557955208401,0.0781048844947489,0.0903388297959703,0.254964998208611,0.305701677868801,0.180594704060033,0.0963696304049248,0.0280444707222454,0.382526534933957,0.183747078350985,0.15722254526714,0,0.276503841447919,0.293012591213172,0.162398850039824,0.0985133194446151,0.0279784569276907
591,2.13861429607869,-1137.6484142956,-1138.71772144364,0.367416986305613,0.231358644455688,0.0782152818721761,0.0634728687669006,0.259536218599622,0.255177312506186,0.178161930505953,0.127306803380176,0.0231303415473797,0.316778838089382,0.294930860348246,0.126315212769125,0,0.261975088793247,0.303072127729783,0.19310091143095,0.120844787184954,0.0229850829699146
592,1.08324716165953e-05,-1082.66139999566,-1082.66140541189,0.362846072557112,0.239367629001856,0.192506170289131,5.88880842023648e-08,0.205280069263817,0.149562245542302,0.220352099653932,0.0671018161054804,0.042091795287645,0.362846093924423,0.239367643097758,0.192506181625451,0,0.205280081352368,0.149562245542302,0.220352099653932,0.0671018161054804,0.042091795287645
593,0,-1083.31319861465,-1083.31319825599,0.443138646965465,0.190291414707997,0.118119707363242,3.61330925794124e-08,0.248450194830204,0.13685515469546,0.145568596323414,0.0860505893816379,0.0308036948865601,0.443138662977435,0.190291421583815,0.118119711631273,0,0.248450203807478,0.13685515469546,0.145568596323414,0.0860505893816379,0.0308036948865601
594,0,-1173.57406288628,-1173.57406192742,0.382257854127736,0.194346467136331,0.172024869148636,5.26228066565906e-08,0.251370756964491,0.349969118192031,0.19838014592816,0.161310852172492,0.0398616440911679,0.382257874243218,0.194346477363388,0.172024878201068,0,0.251370770192326,0.349969118192031,0.19838014592816,0.161310852172492,0.0398616440911679
595,0.212027451594167,-1067.92289178204,-1068.02890550784,0.538710789166172,0.171464222409844,0.0722385110543205,0.00972913009819221,0.207857347271471,0.200940876331757,0.184220736980929,0.0757756109993419,0.03719581925958,0.539057417182285,0.172171016024911,0.0795615892914048,0,0.209209977501399,0.200352854942138,0.183652864386609,0.0759550161190082,0.0371855334178628
596,0,-1111.55732712509,-1111.55732634729,0.348681424356316,0.256423511121798,0.169461420638089,5.18386418087273e-08,0.225433592045156,0.209595170015536,0.194412655432378,0.119233128941588,0.0475861956734997,0.348681442431488,0.256423524414445,0.169461429422739,0,0.225433603731328,0.209595170015536,0.194412655432378,0.119233128941588,0.0475861956734997
597,2.10953658097424e-07,-1177.55142836284,-1177.55142846832,0.286996775607776,0.216585581657324,0.195509137745759,5.9806752221254e-08,0.300908445182389,0.249295464807396,0.193918012122141,0.124592378970723,0.0126830580921142,0.286996349039037,0.216585868097792,0.195509254538896,0,0.300908528324275,0.249295838556358,0.193917684650294,0.124591584995819,0.0126831204580318
598,0,-1120.21073289557,-1120.21073260611,0.464670130665903,0.136810406988948,0.142449401209706,4.18506209667184e-08,0.256070019284822,0.136109446386787,0.158811895741097,0.120038073698893,0.0151801747553148,0.464670150112638,0.136810412714549,0.142449407171302,0,0.256070030001512,0.136109446386787,0.158811895741097,0.120038073698893,0.0151801747553148
599,1.8780583559419e-06,-1087.62794300469,-1087.62794394372,0.473597353431835,0.192545868544313,0.100547246468202,3.0757636014692e-08,0.233309500798015,0.079796629935197,0.203311286911219,0.0663437526804462,0.0316518600124675,0.47359736799857,0.192545874466568,0.100547249560797,0,0.233309507974064,0.079796629935197,0.203311286911219,0.0663437526804462,0.0316518600124675
600,0,-1182.56266619362,-1182.56266343743,0.371774906333184,0.209288880494406,0.104456080388341,3.19533573813188e-08,0.314480100830711,0.153513164951872,0.224509183931062,0.104507990342873,0.0307289971265773,0.371774918212641,0.209288887181889,0.104456083726064,0,0.314480110879406,0.153513164951872,0.224509183931062,0.104507990342873,0.0307289971265773
601,0.796579348483647,-1178.78541014557,-1179.18369981981,0.373904402973495,0.193753314891798,0.0739046091967591,0.0379212434359356,0.320516429502013,0.0839236600147424,0.225823269897924,0.115823251083452,0.0195208582164652,0.338856866927244,0.222944206896906,0.116364649149613,0,0.321834277026237,0.11951084855847,0.234383571994134,0.116503560226329,0.0194759671592429
602,4.52173016825373,-1120.96293962393,-1123.22380470806,0.446293236692914,0.165729087723652,0.0996353053477015,0.0412121277328626,0.24713024250287,0.0679751109454898,0.183728909077703,0.109531165625201,0.0240841551222285,0.454407000507934,0.181554448349179,0.115137056027394,0,0.248901495115493,0.0622908613185447,0.200520712384515,0.107386210229431,0.0241001643075131
603,0,-1168.37007092749,-1168.37006784904,0.261623573368044,0.255732185255909,0.170153971906255,5.20504948487259e-08,0.312490217419298,0.259228095347074,0.19037232766034,0.0841876480738406,0.0333565601216716,0.261623586985681,0.255732198566896,0.170153980762854,0,0.312490233684569,0.259228095347074,0.19037232766034,0.0841876480738406,0.0333565601216716
604,7.86590589996194e-07,-1093.2218266685,-1093.22182706179,0.360358296668818,0.247865943339164,0.152308651556463,4.65915721883781e-08,0.239467061843983,0.171379292133823,0.166433330884424,0.124054216183363,0.024876799205666,0.360358297219111,0.247865962051478,0.152308667131236,0,0.239467073598175,0.171379302959714,0.166433400311536,0.124053992467984,0.0248769312850595
605,7.71330688638727,-1107.32566201233,-1111.18231545552,0.489421017094217,0.126142062691455,0.0666674372903798,0.0691247315655771,0.248644751358371,0.127021261781786,0.131896066550628,0.109826195121891,0.036828847455973,0.476972971908278,0.153195329939629,0.125142780833998,0,0.244688917318095,0.208581674261811,0.140134096484278,0.112090751488109,0.0367818844735483
606,0,-1052.87155400558,-1052.87155157819,0.481871097915121,0.196433909274457,0.151903145428129,4.64675246779909e-08,0.169791800914768,0.140936320917212,0.166481891310603,0.129111260550939,0.0272083212170941,0.481871120306479,0.196433918402255,0.151903152486693,0,0.169791808804573,0.140936320917212,0.166481891310603,0.129111260550939,0.0272083212170941
607,1.16819637696608e-06,-1085.02145244868,-1085.02145303278,0.351123987963868,0.259675180334767,0.174267615024459,5.33088678243008e-08,0.214933163368038,0.138383398216233,0.189839309740696,0.106549389643403,0.0134627085786562,0.351124006681891,0.259675194177758,0.174267624314469,0,0.214933174825883,0.138383398216233,0.189839309740696,0.106549389643403,0.0134627085786562
608,5.21382058957579,-1045.79549384174,-1048.40240413653,0.431669575318986,0.218333625757213,0.0575579459742039,0.0500613246756786,0.242377528273919,0.203259158953776,0.100894053383506,0.0643945097162829,0.0228559449054153,0.400960464671194,0.225502847616505,0.123196889800388,0,0.250339797911913,0.216013829822278,0.0979480596569001,0.0624512788095708,0.0229028168043309
609,0,-1122.3954064836,-1122.39540514011,0.388613782207709,0.214658281183453,0.132833253639828,4.06339684653933e-08,0.263894642335042,0.257465033276347,0.20625992967429,0.0972015054699172,0.0187286950877914,0.388614351914797,0.214657961019688,0.132833105817115,0,0.263894581248401,0.25746480185151,0.206260178609811,0.0972013293604446,0.0187288079181946
610,5.78843355469871e-07,-1170.03201839637,-1170.03201868579,0.381576885543902,0.185597386889913,0.148015661444004,4.52783373825368e-08,0.284810020843844,0.0852119537067536,0.210877111460365,0.13832337627492,0.0361888042763609,0.381577302549329,0.18559736640654,0.148015658390697,0,0.284809672653434,0.085212029238157,0.210877434815267,0.138322827942548,0.0361889505154919
611,4.20261585531989e-07,-1149.05634506671,-1149.05634527684,0.391983036125864,0.217280324063347,0.143550748188486,4.39125069806313e-08,0.247185847709796,0.129817067586196,0.245434539559205,0.138619149463826,0.014562242960867,0.391983053338822,0.217280333604671,0.14355075449216,0,0.247185858564347,0.129817067586196,0.245434539559205,0.138619149463826,0.014562242960867
612,0,-1103.90274882534,-1103.90274752481,0.514032989879298,0.218378165339819,0.0597846005207365,1.82882487937377e-08,0.207804225971898,0.223730089348585,0.211172616065833,0.110187065073201,0.0453446325740258,0.514033076366148,0.218378102220158,0.0597846014863317,0,0.207804219927362,0.223729983462096,0.211172573009343,0.110187021017154,0.0453447558515628
613,0,-1164.33411186971,-1164.33411113807,0.41204342726634,0.173347476018123,0.136248979531304,4.16788790046318e-08,0.278360075505354,0.18965947445015,0.208270026312667,0.129037987145863,0.0105915196155644,0.412043444439849,0.173347483243051,0.136248985210009,0,0.278360087107091,0.18965947445015,0.208270026312667,0.129037987145863,0.0105915196155644
614,0,-1144.38438212822,-1144.38438126215,0.329494991551472,0.245174114539286,0.12771766107026,3.90691264645844e-08,0.297613193769855,0.234790433728948,0.20158810794767,0.111245389008701,0.0104611144948602,0.329495000571035,0.245174140981791,0.127717659803794,0,0.297613198643381,0.234790175858131,0.201588137437979,0.111245580237012,0.0104611265690727
615,1.31828741669506,-1126.35903645311,-1127.01818016146,0.495567297471946,0.0960965465130317,0.0671813805734892,0.0851269993083067,0.256027776133227,0.233670645104159,0.227136365644746,0.0592190581229508,0.0359314845286151,0.444031363183333,0.135503470429623,0.159577650388786,0,0.260887515998257,0.287879846363411,0.219653529089502,0.0584580530816911,0.0358077295194732
616,0,-1160.96307986122,-1160.9630795433,0.393408256570779,0.205303818652485,0.120359556134142,3.68182347827127e-08,0.280928331824359,0.215232379633594,0.220580727361566,0.0956164860535186,0.0384782079570769,0.393408083734784,0.205303855958662,0.120359442168536,0,0.280928618138018,0.215231422620064,0.220581490359067,0.0956162627495986,0.0384781911116433
617,0,-1156.81692596911,-1156.81692520183,0.336404443757434,0.209289947621717,0.136711694178041,4.18204247911121e-08,0.317593872622384,0.104984077245548,0.167384351509795,0.0936606946308558,0.0252317134567315,0.336404453827683,0.209289956198138,0.136711700829803,0,0.317593889144377,0.104984062520169,0.167384425134243,0.0936607792982182,0.0252315588386031
618,0.685857427657538,-1138.98969609218,-1139.33262480601,0.41714107987015,0.175152083431002,0.0945086295786387,0.0541509379377846,0.259047269182425,0.274895889296796,0.21864855058059,0.12378801536527,0.00335382111798801,0.374914569844451,0.215820036295911,0.145856782632046,0,0.263408611227591,0.314094755474213,0.211902259256932,0.121216529968054,0.00329802267739698
619,0,-1120.15397127332,-1120.15397029838,0.407943228556467,0.232548776815158,0.141386290198128,4.32503942587519e-08,0.218121661179853,0.338303427880388,0.174183515398265,0.154093057933357,0.0265116937338558,0.407943246200173,0.232548786872984,0.141386296313141,0,0.218121670613702,0.338303427880388,0.174183515398265,0.154093057933357,0.0265116937338558
620,0,-1103.75777250642,-1103.75777133878,0.434058041016518,0.173470288985801,0.145771561947681,4.45912752453529e-08,0.246700063458725,0.157690221672992,0.187876907501041,0.0935168817780577,0.0257499838572678,0.434060781851991,0.173470000763153,0.145769990754499,0,0.246699226630358,0.157689062949862,0.187877466932425,0.09351710975374,0.0257500284383733
621,0,-1089.15934502257,-1089.15934343116,0.495867198677527,0.139353456589638,0.143591242559003,4.26285476511247e-08,0.221188059545284,0.134087807497776,0.246978173435596,0.103930945658878,0.0201726772753932,0.495867216217235,0.139353472150645,0.143591247638082,0,0.221188063994039,0.134087731203831,0.246977837742237,0.103929847026066,0.0201726467578151
622,2.50164725912327e-05,-1112.36944020607,-1112.36945271431,0.407941839814302,0.213971494595718,0.146988053366138,4.49639866107477e-08,0.231098567259855,0.296706035485451,0.19293736010378,0.0818852656148585,0.0456844828315447,0.407941858156995,0.21397150421673,0.146988059975307,0,0.231098577650969,0.296706035485451,0.19293736010378,0.0818852656148585,0.0456844828315447
623,1.16990395326866e-06,-1060.57796328612,-1060.57796387107,0.364004949661452,0.327699340601479,0.145274306208255,4.44397473783981e-08,0.163021359089067,0.163476765696794,0.230506790043543,0.137089538711581,0.0260518831282362,0.364004965837741,0.327699355164355,0.145274312664209,0,0.163021366333695,0.163476765696794,0.230506790043543,0.137089538711581,0.0260518831282362
624,0,-1160.45466331662,-1160.45466238819,0.400565681982004,0.169858711301955,0.152616779097505,4.66858268734414e-08,0.276958780932709,0.19343913632741,0.23567905512674,0.109370194860682,0.0215327023095559,0.400565700682745,0.16985871923195,0.152616786222546,0,0.27695879386276,0.19343913632741,0.23567905512674,0.109370194860682,0.0215327023095559
625,0,-1114.89019236252,-1114.89018931861,0.37592895072492,0.242103254439002,0.139610678237082,4.27072302151034e-08,0.242357073891767,0.223501844449297,0.175498040871753,0.123512164802265,0.0249293367086763,0.375928967617696,0.242103264720459,0.139610683477182,0,0.242357084184663,0.223501849380733,0.175498075368424,0.123512184450919,0.0249291858962842
626,0,-1151.33865409312,-1151.33865395196,0.425845825865257,0.169649754012805,0.111401735257145,3.40779295853018e-08,0.293102650786863,0.115870773056379,0.165349051494998,0.090267934481417,0.0459665257082622,0.425846211527837,0.16964963913392,0.111401248190134,0,0.293102901148109,0.115869940553294,0.165348460665599,0.0902664235983988,0.0459665492653393
627,6.44663487037178e-07,-1122.05462627024,-1122.05462659258,0.367139271969087,0.218168946110419,0.166677080729672,5.09869057696768e-08,0.248014650203916,0.164187017895789,0.19599642785891,0.113147038648663,0.0235465088505926,0.367139290688383,0.218168957234179,0.166677089228021,0,0.248014662849416,0.164187017895789,0.19599642785891,0.113147038648663,0.0235465088505926
628,0,-1186.60886791352,-1186.60886443348,0.323530555171374,0.205188450903384,0.165430999020995,5.06056985516424e-08,0.30584994429855,0.159571085816896,0.116811145547573,0.146101550385731,0.041594597019602,0.323530241942339,0.205188428156516,0.165431003399901,0,0.305850326501244,0.159570651202567,0.116811509998585,0.146101891261997,0.0415949047531055
629,4.5205697460915e-06,-1080.08510639769,-1080.08510865797,0.383163965762098,0.249628515492952,0.172358862885407,5.27249762277944e-08,0.194848603134567,0.114813631552004,0.259876036014281,0.103974350125043,0.0256438528325992,0.383163987191944,0.249628528043586,0.172358872200506,0,0.194848612563963,0.114813639083056,0.259876043547569,0.103974378369734,0.025643754804362
630,0,-1101.22631786798,-1101.22631631828,0.484656775500699,0.212273139807758,0.09355010351696,2.86171937490241e-08,0.20951995255739,0.31352459929019,0.168490775471462,0.126186904870075,0.0372302535572755,0.484656789370216,0.21227314588242,0.0935501061941015,0,0.209519958553263,0.31352459929019,0.168490775471462,0.126186904870075,0.0372302535572755
631,0,-1082.61834207551,-1082.61833887268,0.373034560140039,0.265986458952695,0.128876745973276,3.94236956519496e-08,0.232102195510294,0.254413367901156,0.189599773801445,0.0640245759123879,0.0259350158844977,0.373034574846441,0.265986469438865,0.128876751054074,0,0.23210220466062,0.254413367901156,0.189599773801445,0.0640245759123879,0.0259350158844977
632,3.35147825523654,-1071.02917616325,-1072.70491529086,0.414345130139562,0.227836313239548,0.0722249473931037,0.0754620657935648,0.210131543434222,0.0335484839031049,0.234655571756427,0.0999385007509646,0.0208783369484636,0.371899016823686,0.294210691736209,0.129626259462783,0,0.204264031977321,0.148087036291764,0.226404495305101,0.107442269398461,0.0208924540418674
633,5.90219139140663,-1100.68757853046,-1103.63867422616,0.395891121182993,0.128400559262129,0.198934903608062,0.0454411067323233,0.231332309214493,0.0804933891997694,0.139457074131182,0.143347475079669,0.0260729063900592,0.379889836328094,0.146994832036979,0.241600762810225,0,0.231514568824702,0.102979059559344,0.156960713564405,0.14321971082027,0.0260747689106032
634,4.61369927506894e-06,-1128.55065289622,-1128.55065520307,0.393346247411593,0.2388628616357,0.110358548506551,3.37589360753672e-08,0.25743230868722,0.0709183964579287,0.202908723555462,0.120822655590152,0.0313008288728553,0.393346260690544,0.238862869699456,0.110358552232138,0,0.257432317377861,0.0709183964579287,0.202908723555462,0.120822655590152,0.0313008288728553
635,0,-1007.90512753173,-1007.90512556532,0.482354869426039,0.216537414005212,0.144577910717843,4.42267183818939e-08,0.156529761624188,0.135137098192989,0.15839178070895,0.144565131805796,0.0135144125436821,0.482354890759013,0.216537423581951,0.14457791711205,0,0.156529768546986,0.135137098192989,0.15839178070895,0.144565131805796,0.0135144125436821
636,0,-1161.57762462366,-1161.57762234773,0.387033831325442,0.223372205492592,0.111988913708621,3.42576685739458e-08,0.277605015215677,0.220786577378977,0.182078555309597,0.141938949962048,0.0292811871189746,0.38703384458432,0.223372213144803,0.1119889175451,0,0.277605024725777,0.220786577378977,0.182078555309597,0.141938949962048,0.0292811871189746
637,0,-1033.95142593709,-1033.9514255107,0.409753810364509,0.221071573617607,0.16528020151455,5.05595971763102e-08,0.203894363943737,0.106735422208498,0.115090912988135,0.0975916349386401,0.0296803443306446,0.409753831081497,0.221071584794897,0.165280209871051,0,0.203894374252555,0.106735422208498,0.115090912988135,0.0975916349386401,0.0296803443306446
638,0,-1090.79497077465,-1090.79497024705,0.462280312143323,0.164647104875328,0.110963095427987,3.39438683814868e-08,0.262109453609492,0.0689070538837187,0.214348573251324,0.0579774445185518,0.0200151580282296,0.462280327834906,0.164647110464088,0.110963099194504,0,0.262109462506501,0.0689070538837187,0.214348573251324,0.0579774445185518,0.0200151580282296
639,0,-1097.67069758078,-1097.67069647731,0.454324353295295,0.182130856709548,0.0957699253316767,2.92962307707147e-08,0.26777483536725,0.0420616843726967,0.18819096858995,0.110576013369069,0,0.454324971070878,0.182130530190927,0.0957698498096235,0,0.267774648928572,0.0420622082413409,0.188191109274307,0.110576107413931,0
640,0,-1063.46784070821,-1063.46784023612,0.349547969993359,0.269623191702787,0.202196166731763,5.46441320355763e-08,0.178632616927959,0.24086650087497,0.197822006726757,0.11183280190406,0.0170347295817984,0.349547989094105,0.269623206436113,0.202196177780598,0,0.178632626689184,0.24086650087497,0.197822006726757,0.11183280190406,0.0170347295817984
641,8.26802988740383e-06,-1081.03600934933,-1081.03601348335,0.37311399588025,0.266389932905922,0.177444695955087,5.4280744253402e-08,0.183051320977997,0.166060309013668,0.197846673121212,0.188948923278351,0.0219052672464682,0.373114016133157,0.266389947365767,0.177444705586918,0,0.183051330914159,0.166060309013668,0.197846673121212,0.188948923278351,0.0219052672464682
642,1.08475978777278e-06,-1110.7056681802,-1110.70566872258,0.458112945335166,0.224637961583622,0.129267030326756,3.95430845413344e-08,0.187982023211372,0.345213545877863,0.223702084174129,0.102649067091417,0.0447915586859633,0.458112963450366,0.2246379704665,0.129267035438373,0,0.187982030644761,0.345213545877863,0.223702084174129,0.102649067091417,0.0447915586859633
643,0,-1129.86578375569,-1129.86578304038,0.353106224749183,0.208059407429034,0.162493566085399,4.97071593666513e-08,0.276340752029225,0.0929054851879595,0.216988066927321,0.118312765705498,0.0104629263602844,0.353106241227647,0.208059418047942,0.162493575799148,0,0.276340764925263,0.0929053628081445,0.216988058185905,0.118312787559037,0.0104628607996692
644,0,-1093.5141885376,-1093.51418452644,0.427946522489098,0.196207678054305,0.149779692786056,4.58178862931572e-08,0.226066060852654,0.0371060694747731,0.165043147455605,0.134797853600424,0.0272143349838192,0.427947218351064,0.196207466897114,0.149779406139217,0,0.226065908612604,0.0371063965687782,0.165042409633551,0.134797804962898,0.0272144066659715
645,4.4061057575459,-1069.31544536363,-1071.5184982424,0.437978180748837,0.18528511684964,0.100503049843153,0.0786339978449164,0.197599654713453,0.0733026200208237,0.274867015154673,0.0911938356786518,0.018816024676002,0.414544080986945,0.236746101363149,0.149530324982178,0,0.199179492667728,0.111181404864443,0.265540589514684,0.0932867527666788,0.0185023331120393
646,0,-1095.57525775496,-1095.57525602427,0.360081633673595,0.26292278637061,0.162616278130736,4.97446968315624e-08,0.214379252080362,0.305241878550588,0.187736541168801,0.121518886932349,0.030478986522508,0.360081651585747,0.262922799449625,0.162616286220034,0,0.214379262744593,0.305241878550588,0.187736541168801,0.121518886932349,0.030478986522508
647,7.24468899149861,-1125.20052104583,-1128.82286554158,0.377067736987622,0.167972392838223,0.0800540001912966,0.0731782185032991,0.30172765147956,0.109915946268217,0.161019656285009,0.0870151749739931,0.0136643473656081,0.337257755638158,0.206895467389487,0.152287525782232,0,0.303559251190123,0.140574481030457,0.163399926882204,0.0882029519312554,0.013661973568816
648,2.40676463368209,-1072.10989915215,-1073.31328146899,0.457026770367604,0.180053963908353,0.119818071890946,0.0400407294639554,0.203060464369141,0.162124888828108,0.157366050012089,0.0921388436791037,0.0310503809372021,0.421478680008819,0.218811783937187,0.156113857532408,0,0.203595678521586,0.190846957338566,0.168527174991324,0.093171021027215,0.0310541761824265
649,3.16197643493979,-1178.65132585559,-1180.23231407306,0.466093163560535,0.14310294498849,0.0647947371608686,0.0450548106556745,0.280954343634432,0.0428042596804695,0.234900335864456,0.115126895333181,0.0466819851965153,0.414002260086138,0.191318317143079,0.109799734689866,0,0.284879688080918,0.128395255302428,0.240534123986457,0.108570430046396,0.046638912125666
650,3.72442662864341,-1090.91863625467,-1092.78084956899,0.449790758734456,0.168509101111997,0.110928685834287,0.0477286508272023,0.223042803492058,0.102022859273333,0.173068772437502,0.123481816139712,0.0265125537574791,0.397068258966184,0.210452780859917,0.165319165887323,0,0.227159794286575,0.147929539379537,0.178462481113759,0.12631279840825,0.0264914313365051
651,0,-1189.24550858956,-1189.24550721787,0.40200992651098,0.144099238318004,0.153255453946329,4.40802913840229e-08,0.300635337144397,0.246539788838401,0.192059523752976,0.128090475626249,0.0167841848143916,0.402009944231695,0.14409924466994,0.153255460701874,0,0.30063535039649,0.246539788838401,0.192059523752976,0.128090475626249,0.0167841848143916
652,2.70669306701166e-06,-1105.03250810073,-1105.03250945408,0.406526143234339,0.209022133260835,0.157032935370422,4.80368761846838e-08,0.227418740097528,0.17237201442694,0.162264750009974,0.153589894096927,0.0273405369798338,0.406527855361415,0.209021884566599,0.157032794008959,0,0.227417466063027,0.17237236903798,0.162265380195756,0.153590272165951,0.0273405215959441
653,0.512649851979404,-1072.04357005205,-1072.29989497804,0.475488446559713,0.168263086309454,0.109181293577092,0.0478956515416821,0.199171522012059,0.262047811211376,0.159198532039012,0.101533584097959,0.0149435229713441,0.466091921929841,0.184821264831068,0.144794128936805,0,0.204292684302287,0.243105069387895,0.155319591312002,0.102081537598516,0.0148373575527064
654,0,-1166.92208443377,-1166.92208179795,0.281230486977475,0.236524333969697,0.193905807263305,5.93162364006249e-08,0.288339312473287,0.187253281482482,0.20822562086154,0.0733808335725285,0.0380502416507401,0.28123050365901,0.236524347999431,0.193905818765069,0,0.288339329576491,0.187253281482482,0.20822562086154,0.0733808335725285,0.0380502416507401
655,0,-1108.46250494971,-1108.46250248484,0.413154281685467,0.192363769733507,0.173287965959018,5.30091912892163e-08,0.221193929612817,0.151835160439681,0.220711009478774,0.121066726681477,0.0225309815339253,0.413154301066162,0.192363781864505,0.173287976187233,0,0.2211939408821,0.151835124093846,0.220711021594052,0.121067162831491,0.0225306665366934
656,4.4649104893324e-06,-1064.94754106574,-1064.9475432982,0.4707186545891,0.152323251653036,0.179041345565177,4.65960361470473e-08,0.197916701596651,0.167311919419348,0.195348868409036,0.0725563704452173,0.0200990390133495,0.470718676522724,0.152323258750696,0.179041353907794,0,0.197916710818785,0.167311919419348,0.195348868409036,0.0725563704452173,0.0200990390133495
657,0,-1087.9161313343,-1087.91613078618,0.353350033252322,0.216741013258499,0.198441861008798,6.07038257672922e-08,0.231467031776554,0.123766580838317,0.155268299626433,0.0861874757153128,0.0336081542141558,0.353350054702023,0.216741026415509,0.198441873054979,0,0.231467045827489,0.123766580838317,0.155268299626433,0.0861874757153128,0.0336081542141558
658,6.86982275510672e-07,-1149.95312896042,-1149.95312930391,0.329860650723982,0.246293674769131,0.175335305996826,5.36354769703268e-08,0.248510314874584,0.188765351060972,0.16345111893229,0.15588860858353,0.0441739021063131,0.329860668416216,0.24629368797921,0.17533531540102,0,0.248510328203554,0.188765351060972,0.16345111893229,0.15588860858353,0.0441739021063131
659,0,-1155.15915752643,-1155.15915564805,0.305217326287512,0.203718843699645,0.17709014561477,5.41722864815645e-08,0.313973630225787,0.172121094203402,0.181613843503156,0.0959319482808216,0.0241341293693436,0.305217342821833,0.203718854735561,0.177090155208149,0,0.313973647234457,0.172121094203402,0.181613843503156,0.0959319482808216,0.0241341293693436
660,6.70832082686047,-1203.2206938986,-1206.57485431203,0.392996384428409,0.156179579712026,0.0817334098437564,0.0762247658465178,0.292865860169291,0.192909804743768,0.170595417907585,0.163152043679013,0.05445412191043,0.370270522645574,0.173378211642022,0.164488471941925,0,0.291862793770479,0.230785323545578,0.171501287884476,0.165636082956158,0.054480365278527
661,5.72979843127541e-07,-1137.96230675823,-1137.96230704472,0.35764196825726,0.22696128886646,0.161485170389658,4.9398688348829e-08,0.253911523087934,0.296839232239619,0.180779911234399,0.118141881464789,0.0194480348616664,0.357641985924305,0.22696130007805,0.161485178366814,0,0.253911535630831,0.296839232239619,0.180779911234399,0.118141881464789,0.0194480348616664
662,0,-1179.016693892,-1179.01669291938,0.381648564348073,0.165469836412072,0.134276114667437,4.10753750647383e-08,0.318605443497042,0.109266247296785,0.175931194418063,0.0795124875108398,0.0419002713059829,0.381648580024432,0.165469843208808,0.13427612018288,0,0.318605456583881,0.109266247296785,0.175931194418063,0.0795124875108398,0.0419002713059829
663,0,-1135.74223948354,-1135.74223494238,0.394309313211168,0.195907776898528,0.159757193213199,4.88699879554123e-08,0.250025667807118,0.267588314145089,0.187525767025005,0.117849596371763,0.0156133680962012,0.394309415730892,0.195906686414652,0.159757717482717,0,0.250026180371739,0.267587343264021,0.187525944999104,0.117850206232825,0.0156138215394539
664,0,-1094.39254528421,-1094.39254190004,0.368115740933598,0.21102054345969,0.186952546700234,5.71892178593275e-08,0.23391111171726,0.236566859480925,0.208535994783455,0.0796008266774826,0.00747161544207711,0.36811576198585,0.211020555527791,0.186952557391905,0,0.233911125094455,0.236566859480925,0.208535994783455,0.0796008266774826,0.00747161544207711
665,0,-1056.80445262839,-1056.80444895571,0.423930959214141,0.195779951373018,0.175762565583013,5.3766176669198e-08,0.204526470063652,0.0721316781933062,0.182037884236413,0.0882617711464105,0.0365643740185642,0.423930982007289,0.195779961899358,0.175762575033094,0,0.204526481060259,0.0721316781933062,0.182037884236413,0.0882617711464105,0.0365643740185642
666,2.31974828918919,-1047.03731274648,-1048.19718689107,0.439692412338099,0.221477887060377,0.0886978674098958,0.051383337162097,0.198748496029532,0.0579677230739958,0.169193901196404,0.0771412977705091,0.0305408580617561,0.423643454763835,0.247761990822351,0.133308766300621,0,0.195285788113193,0.0791138730280061,0.171459871596576,0.0792763862536525,0.0305403597094324
667,0,-1067.77480101803,-1067.77480083202,0.434846719675295,0.239592730036697,0.0931179327953934,2.84849925783469e-08,0.232442589007622,0.14613885539356,0.173239941338329,0.111835617478846,0.0248472845022131,0.434846724527282,0.239592739905866,0.0931179387298524,0,0.232442596836999,0.146138832868398,0.17324011403096,0.111835369702359,0.0248471718703685
668,0,-1162.08780581743,-1162.08780345049,0.378514933833518,0.206334059639173,0.146512911130681,4.48186394983531e-08,0.268638050577989,0.202318134906904,0.195887226278688,0.156442987069134,0.0243962357777393,0.378514950798043,0.206334068886785,0.14651291769719,0,0.268638062617981,0.202318134906904,0.195887226278688,0.156442987069134,0.0243962357777393
669,0,-1147.47712242405,-1147.4771221028,0.396475335245189,0.189236473198046,0.128215006578196,3.92212693233695e-08,0.2860731457573,0.280874111720814,0.178988771443907,0.126686630671708,0.0113508527179885,0.396475350683133,0.189236470682932,0.128215015865077,0,0.286073162768858,0.280874089702782,0.178988618135278,0.126686630671708,0.0113510112030427
670,1.10687024061917e-05,-1055.80978213704,-1055.80978767139,0.445174777990291,0.202928720454301,0.158834862679097,4.85879530701247e-08,0.193061590288358,0.105882765623465,0.198504267342685,0.104877653178643,0.0212479617321483,0.445174799620423,0.202928730314193,0.158834870396558,0,0.193061599668826,0.105882765623465,0.198504267342685,0.104877653178643,0.0212479617321483
671,0.000967288286119583,-1148.9076926969,-1148.90817634104,0.369366313415362,0.196415941035082,0.135788666555821,4.37649774452239e-08,0.298429035228757,0.327202741721538,0.0875807811050451,0.182147982999837,0.0148225760506603,0.369363899560439,0.196435622895716,0.135777144078198,0,0.298423333465647,0.327234719406831,0.0875816895679676,0.182425418132219,0.0148228594849589
672,4.63813194073737e-07,-1088.00907906687,-1088.00907929878,0.369311045391005,0.202953270107966,0.194256536665969,5.94235253329743e-08,0.233479088411535,0.127614281334325,0.165043132212925,0.107462391898908,0.0136545639999465,0.369311068271424,0.202953281752754,0.194256547811767,0,0.233479102164055,0.127614282860204,0.165043156626988,0.107462408683576,0.013654441929634
673,0,-1115.32202771881,-1115.32202590258,0.377772999568403,0.202258774009577,0.146827050757335,4.49147355391081e-08,0.273141130749949,0.0737935954057784,0.172874367524862,0.136484793005923,0.00887632789783506,0.377773016535978,0.202258783093977,0.146827057352033,0,0.273141143018012,0.0737935954057784,0.172874367524862,0.136484793005923,0.00887632789783506
674,0,-1176.93829913237,-1176.93829680884,0.300482238439179,0.195917575992908,0.227335785123937,5.99316382627925e-08,0.276264340512337,0.236187837783023,0.195590833956082,0.123594308110518,0.0348240699213963,0.300482237749336,0.195917581522053,0.22733583663506,0,0.276264344093552,0.236187685195133,0.195591093355496,0.123593560429854,0.0348234900874119
675,0,-1085.88902968882,-1085.88902923745,0.465579808518419,0.192634856366642,0.125537143465374,3.84023223632511e-08,0.216248153247242,0.0958796659537541,0.233679711908297,0.0966738648497891,0.029899318177879,0.465577038786866,0.192635431093486,0.125538229769071,0,0.216249300350577,0.0958797613905006,0.23367923068396,0.0966735377770969,0.0298993693756558
676,0,-1106.14009149506,-1106.14009062672,0.445312320171269,0.161950884831626,0.133818107221825,4.09352696196744e-08,0.25891864684001,0.051051580368806,0.169769570283643,0.112353205630811,0.0272155294040792,0.445312335363063,0.161950893579856,0.133818113451623,0,0.258918657605458,0.0510516002716801,0.169769535453613,0.112353275290871,0.0272152457881227
677,1.20644517664914e-06,-1115.3944058857,-1115.39440648892,0.352593642271872,0.218717313008414,0.186746983504196,5.71263356006498e-08,0.241942004089181,0.216440860947128,0.173829760194136,0.105494240097891,0.0192981370685693,0.352593662414256,0.218717325502934,0.186746994172368,0,0.241942017910442,0.216440860947128,0.173829760194136,0.105494240097891,0.0192981370685693
678,0,-1060.67520969572,-1060.67520771218,0.428824148534622,0.23339391682033,0.126737592095201,3.8769323516736e-08,0.211044303780523,0.113760220302994,0.185063481188602,0.113660412053116,0.0221388486677803,0.428824165159845,0.233393925868854,0.126737597008732,0,0.211044311962568,0.113760220302994,0.185063481188602,0.113660412053116,0.0221388486677803
679,1.79367502823879e-05,-1113.23788655076,-1113.23789551913,0.392752366604906,0.253381253209116,0.172136962258291,5.26570961989465e-08,0.18172936527059,0.183812292853597,0.240384065302952,0.143699792875912,0.03617060038592,0.392752387286106,0.253381266551438,0.172136971322524,0,0.181729374839931,0.183812292853597,0.240384065302952,0.143699792875912,0.03617060038592
680,2.72614988716668e-06,-1100.3159053963,-1100.31590675937,0.427932477104864,0.211692982571503,0.126743951212551,3.87712687854895e-08,0.233630550339813,0.0757329270847855,0.183596343911936,0.0877617752432958,0.0326606998750948,0.42793249369635,0.211692990779109,0.126743956126575,0,0.233630559397966,0.0757329270847855,0.183596343911936,0.0877617752432958,0.0326606998750948
681,9.3381399892678e-06,-1142.09764689157,-1142.09765156064,0.382011842469453,0.15975736534772,0.138061474232884,4.22333984697067e-08,0.320169275716546,0.0350122847655157,0.162851565950983,0.092413081163089,0.0245584921194632,0.382011843195313,0.159757433657734,0.138061513959572,0,0.320169209187381,0.0350121241666618,0.162851428529993,0.0924131802955731,0.0245585602771558
682,2.43028580371174e-06,-1153.66899731805,-1153.66899853319,0.439780529053432,0.138217468399938,0.169741140439949,4.22810443174288e-08,0.252260819825636,0.170190652110051,0.227408941975647,0.139509063869454,0.0260497043841908,0.439780547647813,0.138217474243917,0.169741147616782,0,0.252260830491488,0.170190652110051,0.227408941975647,0.139509063869454,0.0260497043841908
683,0.767887230850647,-1141.23220626315,-1141.61614987858,0.341657223740597,0.238206734228313,0.115798075277999,0.058402972438606,0.245934994314485,0.346653292671506,0.22141088593705,0.111032091291094,0.0296147526465007,0.284762344676937,0.29031043234781,0.167401246691877,0,0.257525976283375,0.380645668367298,0.223727491615314,0.108190578485662,0.0295893074536002
684,2.18100281069519,-1090.79529877428,-1091.88580017962,0.42986540309873,0.23304628773862,0.0905361378324589,0.0423643438797383,0.204187827450453,0.170989423543593,0.197926164245746,0.101057541415963,0.0328298092778085,0.414547458595544,0.250292078662708,0.129872266991539,0,0.205288195750209,0.167812266319193,0.186408107682338,0.115010685241079,0.0328266115843321
685,5.19005607202416e-06,-1127.58261734874,-1127.58261994377,0.324418947338146,0.238012972259369,0.176042005854803,5.38516580967801e-08,0.261526020696024,0.208975924103265,0.180822498056119,0.122489095225403,0.0177223676819631,0.324418964808645,0.238012985076763,0.176042015334957,0,0.261526034779635,0.208975924103265,0.180822498056119,0.122489095225403,0.0177223676819631
686,4.33229221161582,-1115.82370739712,-1117.98985350293,0.32392160079033,0.231188290644379,0.122170581354912,0.0422380660399871,0.280481461170392,0.348685643624168,0.133354111867269,0.0534440353116785,0.0256618713577751,0.2987434243485,0.245472533636112,0.168639085047941,0,0.287144956967446,0.347241656495539,0.139504187973105,0.0517162481864734,0.0255120873488151
687,0,-1147.34664332956,-1147.34664018983,0.344242461009503,0.19808796335055,0.179914235706099,5.50361821938081e-08,0.277755284897665,0.27016315908886,0.151014929499758,0.108318123034665,0.029786000523716,0.344242479955295,0.198087974252556,0.179914245607892,0,0.277755300184257,0.27016315908886,0.151014929499758,0.108318123034665,0.029786000523716
688,2.55010627370211e-06,-1173.3646139349,-1173.36461520996,0.410846411879429,0.198895033740249,0.133109434133836,4.07184847914183e-08,0.257149079528001,0.107485712070965,0.232988681162454,0.16767968137689,0.0316090714393925,0.41084643077204,0.198895038580742,0.133109439294317,0,0.257149091352901,0.107485650735858,0.232988774969088,0.167679818478895,0.0316088080592266
689,1.49259808495117e-05,-1072.93624787849,-1072.93625534149,0.403669098986448,0.208663294949737,0.170170064854701,5.20554081848339e-08,0.217497489153705,0.0993279295052138,0.227461706019384,0.0972962083558605,0.0181306823150402,0.403669738987198,0.208662950458219,0.170169818354772,0,0.217497492199812,0.0993269668180159,0.227462014860539,0.0972964356080831,0.0181307437888976
690,0,-1155.59418247056,-1155.59418179792,0.394108654417642,0.186631920010631,0.155975524524171,4.77132745825539e-08,0.263283853334282,0.24667238356785,0.174517301355768,0.137892998352806,0.0366247041585733,0.394108674653085,0.186631929593132,0.15597553056305,0,0.263283865190733,0.246672396179245,0.174517184529105,0.137892985618941,0.0366244577585909
691,0,-1141.63432380876,-1141.63432348494,0.374622270922524,0.230455402717761,0.166921779441188,5.10617596733534e-08,0.228000495856767,0.107989449160263,0.225381741277598,0.121263535316335,0.0440397103594582,0.374622290051397,0.23045541448522,0.166921787964508,0,0.228000507498874,0.107989449160263,0.225381741277598,0.121263535316335,0.0440397103594582
692,0,-1032.02813359797,-1032.0281309973,0.487148478699296,0.192955653408717,0.173638480067839,4.47404504294469e-08,0.146257343083697,0.102526892462758,0.214856979325607,0.12465204124589,0.0242387172925078,0.487147538246896,0.192956174317229,0.173638827892124,0,0.146257459543752,0.102526980765805,0.214856872221511,0.124652172962556,0.0242387657863423
693,0,-1199.28392180039,-1199.28391980493,0.360580744382744,0.197791153729709,0.134124598501309,4.10290259179261e-08,0.307503462357212,0.188244394139469,0.217685770693194,0.141529098485877,0.0300452582562253,0.360580759177022,0.197791161844888,0.134124604004311,0,0.30750347497378,0.188244394139469,0.217685770693194,0.141529098485877,0.0300452582562253
694,0,-1137.71939181249,-1137.71939032988,0.359055288209439,0.277694807187254,0.131763369667115,4.03067205383103e-08,0.231486494629472,0.335904852144909,0.225947791832738,0.107804664644879,0.0391201871541572,0.359055302681781,0.277694818380221,0.131763374978064,0,0.231486503959934,0.335904852144909,0.225947791832738,0.107804664644879,0.0391201871541572
695,8.79008499363226,-1109.7820665909,-1114.17710908772,0.470927417094368,0.135284916496147,0.0603714032041194,0.0514772055893798,0.281939057615986,0,0.165648813311041,0.0977574493067735,0.00904043382669927,0.442136542314148,0.169109833774996,0.108346803499079,0,0.280406820411777,0.0968827639546643,0.172394416285132,0.10193755744466,0.00902339589878805
696,0,-1064.21670891039,-1064.21670729358,0.432749100569094,0.207688196338902,0.149086525402514,4.56059133498371e-08,0.210476132083576,0.177109486591897,0.207922262290151,0.0635395623657029,0.0209770867763683,0.432749124507834,0.207688205292506,0.14908652904229,0,0.21047614115737,0.177109474384865,0.207922271445424,0.0635395516845506,0.0209769524990245
697,3.88699390896363e-07,-1111.27040134278,-1111.27040153713,0.333096188584902,0.273802395026308,0.152409855107435,4.66225283447114e-08,0.240691514658826,0.199656716433053,0.165613157519408,0.0966693968327016,0.027777106520643,0.333096204114689,0.273802407791669,0.152409862213168,0,0.240691525880474,0.199656716433053,0.165613157519408,0.0966693968327016,0.027777106520643
698,0,-1116.24278991773,-1116.24278991317,0.326801103065182,0.243687628747509,0.157292505927527,4.81161425607776e-08,0.27221871414364,0.209624867812431,0.137904441727745,0.114855355866836,0.0259572452904467,0.326801118789591,0.243687640472818,0.157292513495836,0,0.272218727241755,0.209624867812431,0.137904441727745,0.114855355866836,0.0259572452904467
699,0,-1110.05973700447,-1110.05973631659,0.430529640650541,0.226863594723428,0.0950757844143891,2.9083903075893e-08,0.247530951127738,0.117500250222429,0.21609266292834,0.084767738281037,0.0285208769571949,0.430529653172024,0.226863601321507,0.0950757871795641,0,0.247530958326905,0.117500250222429,0.21609266292834,0.084767738281037,0.0285208769571949
700,6.04196080066549,-1157.35388303515,-1160.37486343548,0.417273707311147,0.191927968324516,0.0382203496002424,0.074884709626155,0.277693265137939,0.0668923521098582,0.176374955504469,0.146088394562028,0.0349276767440882,0.364542893823902,0.22405965943428,0.12505517535089,0,0.286342271390928,0.143234721677523,0.165320150955839,0.147229736668299,0.0347120162280031
701,0,-1114.52754152118,-1114.52753719806,0.41409612886804,0.174709001726039,0.175216125111539,5.34438890405527e-08,0.235978690850493,0.188149599935033,0.190190295060322,0.140701872516837,0.0125137129085396,0.414096150998949,0.174709011063168,0.175216134475771,0,0.235978703462112,0.188149599935033,0.190190295060322,0.140701872516837,0.0125137129085396
702,4.33680359019172,-1174.21096981298,-1176.37937160807,0.421772535104778,0.173127494349585,0.0681194124341188,0.055296138920091,0.281684419191427,0.196973492730237,0.21805053652198,0.0724689328902868,0.0502822968017677,0.397388081868607,0.197597766858828,0.11687797749098,0,0.288136173781585,0.193478411943668,0.22174074341086,0.0718094685995869,0.0496837824687561
703,0,-1198.81736818939,-1198.81736535472,0.332355961857893,0.173271905777463,0.135923278577654,4.15792463271204e-08,0.358448812207744,0.104804059481818,0.220250008522203,0.0700300362877966,0.0137848242415668,0.332355975677004,0.173271912981978,0.135923284229242,0,0.358448827111776,0.104804059481818,0.220250008522203,0.0700300362877966,0.0137848242415668
704,0.122690464744664,-1131.12762460223,-1131.1889698346,0.408847392193385,0.207877018317704,0.051562372481392,0.044937574850088,0.286775642157431,0.189893174198529,0.119197527858519,0.11268425685137,0.0423375296394651,0.36884718891264,0.243401023181887,0.098638162696369,0,0.289113625209104,0.241452688369694,0.118745244324047,0.113018594944031,0.0423312622642566
705,1.66755535246921e-06,-1174.08365017675,-1174.08365101053,0.363928986693578,0.212936325257561,0.159417067361242,4.87660508333997e-08,0.263717571921569,0.15778202323921,0.204243813480243,0.187723613828897,0.040339871234685,0.363929004440958,0.212936335641625,0.159417075135383,0,0.263717584782034,0.15778202323921,0.204243813480243,0.187723613828897,0.040339871234685
706,1.40766953307957,-1180.81369866088,-1181.51753342742,0.357558067016542,0.133500673166761,0.17221916784932,0.0142007955361471,0.322521296431229,0.121520644185872,0.130185829361847,0.100656237710563,0.0388387885808473,0.358400732222671,0.137944494972219,0.180738773437378,0,0.322915999367732,0.149310978465109,0.129211798542669,0.101021334437726,0.0387690410735096
707,0,-1125.56251964142,-1125.56251722301,0.46372634138253,0.127312286375512,0.154265056971859,3.8945123830662e-08,0.254696276324975,0.159907335559307,0.192606247255543,0.0898656849483425,0.0238098786982079,0.463726359442411,0.127312291333705,0.154265062979731,0,0.254696286244154,0.159907335559307,0.192606247255543,0.0898656849483425,0.0238098786982079
708,4.14555414067127,-1202.28578897922,-1204.35856604955,0.337221781533703,0.160851185405679,0.107150438685586,0.0609610213271408,0.333815573047892,0.159997216482057,0.24145491452876,0.0702834541852131,0.035707597294587,0.309001859662658,0.219672786864305,0.136906086119316,0,0.334419267353721,0.172556298796821,0.255799591134343,0.0820328040245961,0.0357992047672543
709,1.101285430605,-1166.64944432243,-1167.20008703773,0.419272765081413,0.155622003644545,0.0753804339612475,0.0273136084177206,0.322411188895074,0.0889326579416126,0.183164493778041,0.0950498964473771,0.0154708560413926,0.392866152996369,0.183801719132769,0.0996679949545014,0,0.323664132916361,0.137570104183443,0.185637228201113,0.0997324603700496,0.0154700559159286
710,0,-1142.79242472743,-1142.79242375707,0.452886379519052,0.196236592532407,0.115029613914056,3.5187825822739e-08,0.235847378846658,0.161239982016232,0.210451716992428,0.12772307454435,0.0386367521377719,0.45288639545514,0.196236599437547,0.115029617961698,0,0.235847387145615,0.161239982016232,0.210451716992428,0.12772307454435,0.0386367521377719
711,5.94840136360017,-1193.93700021973,-1196.91120090153,0.375824199548153,0.169695884150224,0.0619389660616392,0.0802212308261009,0.312319719413883,0.101204300933511,0.236248194220975,0.167472026043048,0.00983675228909915,0.333956253425626,0.237595413171761,0.126588279463194,0,0.301860053939419,0.234953289375507,0.237601964028449,0.188244939866069,0.00985676116983507
712,9.49128661886789e-07,-1193.64555845056,-1193.64555892513,0.241358687021643,0.288155475365193,0.172145936547557,5.26598414548578e-08,0.298339848405766,0.20746239796396,0.288701586893274,0.136052863642246,0.0180561646413427,0.241358699731554,0.288155490539415,0.172145945612735,0,0.298339864116296,0.20746239796396,0.288701586893274,0.136052863642246,0.0180561646413427
713,0,-1065.78949748346,-1065.78949625903,0.417300591892822,0.242821461949076,0.131192867214023,4.01321608649198e-08,0.208685038811919,0,0.19518688913805,0.0986568975749228,0.0231662066394433,0.417300584045378,0.242821294195123,0.131192769936368,0,0.208685351823131,0,0.195186200797019,0.0986568873162314,0.0231662143521068
714,0,-1182.39265302794,-1182.39265167571,0.357845682662975,0.148996885267443,0.213073162467802,4.5578492950855e-08,0.280084224023287,0.238572414381255,0.215293404589786,0.14453487924848,0.0221351092171587,0.357845698973043,0.148996892058496,0.213073172179356,0,0.280084236789105,0.238572414381255,0.215293404589786,0.14453487924848,0.0221351092171587
715,0,-1144.16318397892,-1144.16317996133,0.309673374617931,0.250069342645262,0.219983252169458,6.72933873101754e-08,0.220273963273961,0.224776860442958,0.196489673587766,0.163043134614315,0.0276912138488972,0.309673395456903,0.250069359473277,0.219983266972877,0,0.220273978096943,0.224776860442958,0.196489673587766,0.163043134614315,0.0276912138488972
716,1.85388398676878e-06,-1105.30435898211,-1105.30435990906,0.365657216187029,0.170597189201138,0.20872997005358,5.21860760477171e-08,0.255015572372177,0.161580085774557,0.191974732256899,0.129382676109057,0.0100528115236194,0.365657235269245,0.170597198103936,0.208729980946379,0,0.25501558568044,0.161580085774557,0.191974732256899,0.129382676109057,0.0100528115236194
717,0,-1095.68781638036,-1095.68781219105,0.434059333421187,0.205107988358141,0.16052958010183,4.91064060823223e-08,0.200303049012437,0.112213279558115,0.245334360314,0.121259598200727,0.0292026223489152,0.434059316727975,0.205107929966042,0.160529730939139,0,0.200303022366843,0.112213190610415,0.245333864666042,0.121259917354032,0.0292026886165859
718,0,-1156.66234917276,-1156.66234799957,0.441759988624918,0.191060761568994,0.0952869157412918,2.91484886387231e-08,0.271892304916308,0.0947791980149358,0.202827465538031,0.0832674203454723,0.0490807127251507,0.441760001501554,0.191060767138127,0.0952869185187615,0,0.271892312841558,0.0947791980149358,0.202827465538031,0.0832674203454723,0.0490807127251507
719,3.91276580558042e-06,-1126.26228750566,-1126.26228946204,0.441138230989827,0.177988175017535,0.135555042446561,4.14666020401265e-08,0.245318510079475,0.124025194543083,0.198686421221622,0.127943707918146,0.0182779723898151,0.441138249282331,0.177988182398101,0.135555048067568,0,0.245318520252,0.124025194543083,0.198686421221622,0.127943707918146,0.0182779723898151
720,0,-1128.37578765238,-1128.37578662623,0.365055842150738,0.275806408545387,0.132863491382888,4.06432462562813e-08,0.226274217277741,0.230415623341652,0.221202759937029,0.0989446505595912,0.0211216368959997,0.365055862408033,0.27580614830603,0.132863492313457,0,0.226274496972481,0.23041479972895,0.221203111537757,0.0989453722050818,0.0211216509103397
721,0,-1170.0160322796,-1170.01603158219,0.372559671717939,0.163917610474708,0.137405972107133,4.2032805718381e-08,0.326116703667414,0.289632075952288,0.115074179646471,0.0710124423038907,0.0491967122736829,0.372559687377668,0.163917617364626,0.137405977882691,0,0.326116717375015,0.289632075952288,0.115074179646471,0.0710124423038907,0.0491967122736829
722,0,-1182.26774208597,-1182.26774100424,0.368970953613203,0.163451374273741,0.173364692041107,5.00001546795498e-08,0.294212930071794,0.0714597486044678,0.172349703696254,0.201950570979555,0.0365618853293344,0.368970972061809,0.163451382446335,0.173364700709369,0,0.294212944782487,0.0714597486044678,0.172349703696254,0.201950570979555,0.0365618853293344
723,2.45717214966135e-05,-1128.85734971912,-1128.85736200498,0.480850975749946,0.140206993022019,0.114724670542986,3.5094542937907e-08,0.264217325590506,0.0475096409366731,0.186881544212419,0.157116859871298,0.0255181511299597,0.480850992625192,0.140206997942519,0.114724674569196,0,0.264217334863093,0.0475096409366731,0.186881544212419,0.157116859871298,0.0255181511299597
724,0.39300490994674,-1192.33982134872,-1192.5363238037,0.392949337430723,0.206685954800902,0.0920092828922764,0.0290246194050239,0.279330805471075,0.0376995459419492,0.21407530438307,0.162433842742926,0.0548179987482252,0.365009898721778,0.2246337659656,0.127469194270419,0,0.282887141042202,0.062740006946835,0.216150076482939,0.169059382050025,0.0546399044432412
725,1.47782356689049,-1148.8343088571,-1149.57322064054,0.477192355698851,0.117057692561008,0.0522296860174681,0.0803859557337106,0.273134309988961,0.0829153611935359,0.226898148075295,0.108401927800668,0.0310198630141787,0.441991071279302,0.13363789412286,0.14264648618954,0,0.281724548408297,0.0788204981076753,0.216101626397721,0.10926097417891,0.0310275996595958
726,2.90224706013305,-1107.19915540434,-1108.65027893441,0.406239588166807,0.262650232014113,0.0203307224952458,0.0461827001421109,0.264596757181723,0.164872028188047,0.216041612008815,0.109914051441968,0.0257022666884972,0.389934958099216,0.271924795529118,0.0680480304205958,0,0.27009221595107,0.175763072949888,0.218176068132126,0.107347434600175,0.0256299489515748
727,1.1690700928566,-1083.04810375329,-1083.63263879972,0.439692617878488,0.19221028922432,0.0811344375127218,0.0371609090992819,0.249801746285188,0.0844401505848142,0.125515865128819,0.133277944504242,0.0137070890955469,0.406180307678094,0.242347412888054,0.108035976924136,0,0.243436302509716,0.134979818810251,0.136044252292172,0.137314991841952,0.0136512510102469
728,0,-1074.95035247566,-1074.95035209615,0.464512380608075,0.221898701802582,0.127192131602939,3.89083673291779e-08,0.186396747078036,0.126913900124549,0.238357030970334,0.171650321957468,0.00493814895653146,0.464512541806528,0.22189865645352,0.127192116930072,0,0.18639668480988,0.1269124327169,0.238357159184569,0.171650393254733,0.00493818211793374
729,0,-1129.50998779665,-1129.50998592881,0.339478448964039,0.268335778622398,0.144202336644337,4.41118294012882e-08,0.247983391657396,0.179219976061487,0.201397759296054,0.101058857142578,0.0366665294734652,0.339478463939055,0.26833579045918,0.144202343005366,0,0.247983402596398,0.179219976061487,0.201397759296054,0.101058857142578,0.0366665294734652
730,0,-1111.48675005977,-1111.48674806268,0.398928854891111,0.249790407993736,0.0976629331954846,2.98753179711904e-08,0.25361777404435,0.22048930603971,0.163858575708574,0.125793263214717,0.0231180421215275,0.398928867274643,0.249790414457534,0.097662936350682,0,0.253617781917141,0.220489302596329,0.163858572265193,0.125793268379788,0.0231179594803902
731,0,-1057.70636098609,-1057.70636027012,0.402185698332624,0.221477311120128,0.142509194709208,4.35938933543934e-08,0.233827752244146,0.139885172529216,0.112239287536919,0.119301359648858,0.0296070209741581,0.402185715865466,0.221477320775187,0.142509200921739,0,0.233827762437608,0.139885172529216,0.112239287536919,0.119301359648858,0.0296070209741581
732,2.79497749281381,-1081.49534363518,-1082.89283238159,0.43430413845187,0.171575256535971,0.0882155024976519,0.0396865943948247,0.266218508119682,0.081213690184963,0.108227033144502,0.0984265952861547,0.0294286683261532,0.368111253544433,0.220835467896198,0.128787885462309,0,0.28226539309706,0.108231708053689,0.113300089661836,0.0868311994779322,0.0293606066213004
733,0,-1158.16497423721,-1158.16497224581,0.387001957017433,0.221542982050349,0.131480976179265,4.02203357150825e-08,0.259974044532617,0.141308429883391,0.191768719825391,0.155692862421295,0.0107259483231162,0.387001972582783,0.221542990960882,0.131480981467474,0,0.259974054988861,0.141308429883391,0.191768719825391,0.155692862421295,0.0107259483231162
734,0,-1204.19365818045,-1204.19365748239,0.357664569574127,0.209425091445067,0.121188973993082,3.70719883637191e-08,0.311721327915736,0.295220618303199,0.207007125977089,0.151650498511083,0.0162989000250725,0.357664582833464,0.209425099208871,0.121188978485798,0,0.311721339471866,0.295220618303199,0.207007125977089,0.151650498511083,0.0162989000250725
735,12.5387347642163,-1089.52216638984,-1095.79153377195,0.322675641992172,0.230242670083676,0.122446847159511,0.124463078320953,0.200171762443687,0.186663621628984,0.186698233168316,0.130282455180351,0.0316095236665796,0.299158955073943,0.272821369784799,0.219286355896604,0,0.208733319244653,0.203191132875809,0.207940812985746,0.126842406801249,0.0311802835565432
736,0,-1183.43262682677,-1183.43262472131,0.39805265104392,0.17534886923277,0.129025810510256,3.94693637146241e-08,0.29757262974369,0.380107736846855,0.180908709590232,0.104283315103932,0.0368051833617293,0.398052678658368,0.175348800063905,0.129026081133403,0,0.297572440144325,0.380108981439298,0.180908486232114,0.104282856374994,0.0368048535396228
737,0,-1104.59066152227,-1104.59065941105,0.404836454470899,0.223108679281249,0.163997504433107,5.01672171625959e-08,0.208057311647528,0.291817353054268,0.216962865106038,0.115344929546114,0.0289725503848133,0.404836474780418,0.223108690473991,0.163997512660406,0,0.208057322085185,0.291817353054268,0.216962865106038,0.115344929546114,0.0289725503848133
738,0,-1103.15023769238,-1103.15023603224,0.40267899513134,0.209563026057447,0.17940197907092,5.48794844917119e-08,0.208355944860809,0.185026810306445,0.208339046504793,0.111583261639812,0.0336098329600854,0.402679018716,0.209563035257719,0.179401998130193,0,0.208355947896088,0.185026795639239,0.208339138174833,0.111583360643455,0.0336096166187917
739,0,-1144.44852561331,-1144.44852444505,0.409327042318073,0.193988752916662,0.123903176521375,3.79022692154359e-08,0.272780990341621,0.12514106214758,0.168726747437821,0.111205498462603,0.0415442237241927,0.409327057832498,0.193988760269276,0.123903181217587,0,0.27278100068064,0.12514106214758,0.168726747437821,0.111205498462603,0.0415442237241927
740,1.65723123778571,-1162.41203209234,-1163.24064771124,0.459777057108991,0.147729932135407,0.076465607912301,0.0173947201271593,0.298632682716141,0,0.209843435739815,0.114499694506564,0.0407236532273842,0.454992389170146,0.15709844201468,0.0921650809368895,0,0.295744087878285,0,0.223296619357826,0.117421607822842,0.040854185868191
741,0,-1096.15307495426,-1096.15307309927,0.374800887719179,0.239396722817201,0.127876069984878,3.9117586545028e-08,0.257926280361156,0.149848004896014,0.161674083803205,0.117521396287316,0.0172213001522901,0.374800902380486,0.239396732181823,0.127876074987081,0,0.25792629045061,0.149848004896014,0.161674083803205,0.117521396287316,0.0172213001522901
742,0,-1191.68691888555,-1191.6869174666,0.368771436833109,0.202034888121455,0.132073298999113,4.04015286401603e-08,0.297120335644794,0.251988322178421,0.269785243576851,0.100742150347439,0.0160655599018188,0.368771451732039,0.202034896283974,0.132073304335077,0,0.29712034764891,0.251988322178421,0.269785243576851,0.100742150347439,0.0160655599018188
743,0,-1136.96868808534,-1136.96868749515,0.404191178084516,0.226796647902133,0.0792333577952138,2.42376683341663e-08,0.289778791980469,0.0187018460771401,0.266527682501381,0.102710325217869,0.0220688442238563,0.404191174410144,0.226796641956412,0.079233360108352,0,0.289778823525092,0.0187024314030724,0.266527934593652,0.102710311799618,0.022068845781294
744,0,-1099.96963404912,-1099.96963335573,0.447712326973165,0.229807823328201,0.160667117633744,4.91484441125021e-08,0.161812682916446,0.5,0.204127141425574,0.135041135264872,0.0448865257082271,0.44771234897753,0.229807834622899,0.160667125530283,0,0.161812690869288,0.5,0.204127141425574,0.135041135264872,0.0448865257082271
745,3.01867227342154,-1081.13714606782,-1082.64648220453,0.466994793101584,0.180822758228235,0.0614013166684138,0.0670162529842031,0.223764879017564,0.201763002141773,0.18502916746683,0.10327709564287,0.0160565406418415,0.436130333237932,0.209867428911525,0.126962827733559,0,0.227039410116984,0.216962056070917,0.183256586326256,0.106159234748615,0.0159847574020212
746,0,-1140.03389900712,-1140.03389677887,0.386200954535558,0.184393765594426,0.175767114561442,5.37675686935e-08,0.253638111541005,0.202509825540172,0.196861313858388,0.161642460061551,0.0233579868778785,0.386200974747483,0.184393775244721,0.175767126000909,0,0.253638124006886,0.202509866970631,0.196861345727971,0.161642437752842,0.0233579040169607
747,2.99556268146262e-06,-1034.53790501044,-1034.53790650822,0.469683710211847,0.208182427266908,0.128346672015003,3.92615447980762e-08,0.193787151244697,0.083186897147837,0.171739309633694,0.0974992294386857,0.0142187980505303,0.469683728652356,0.208182435440472,0.128346677054092,0,0.19378715885308,0.083186897147837,0.171739309633694,0.0974992294386857,0.0142187980505303
748,0,-1071.72248994846,-1071.72248859463,0.497343390737672,0.194729171668582,0.0728080473886254,2.22721506473874e-08,0.23511936793297,0.138545341930302,0.153424341883403,0.106128563392117,0.00963604354297952,0.497343401814579,0.19472917600562,0.0728080490102173,0,0.235119373169584,0.138545341930302,0.153424341883403,0.106128563392117,0.00963604354297952
749,8.00747329776641e-07,-1150.5864498851,-1150.58645028547,0.367168605419256,0.223263635267614,0.160089959383906,4.897189006458e-08,0.249477750957333,0.235592350122999,0.173243825050614,0.147335141875458,0.0323550674338553,0.367168623400198,0.223263646201257,0.160089967223815,0,0.249477763174731,0.235592350122999,0.173243825050614,0.147335141875458,0.0323550674338553
750,4.08112765838496,-1131.2169935223,-1133.25755735149,0.403915476503876,0.197762204902624,0.0903496797060113,0.0788191262926055,0.229153512594883,0.229862004933021,0.250956864560354,0.0950824458580366,0.0301663870333433,0.377737883072345,0.227220313451791,0.16460618327323,0,0.230435620202635,0.278103105446973,0.257675092843866,0.0968679244684449,0.0301506110419039
751,0,-1045.1626767711,-1045.1626738255,0.512114048613244,0.176839513094491,0.137987440996972,4.22107173791216e-08,0.173058955084575,0.0763015642376323,0.127815521845864,0.178409671628358,0.0227221250592776,0.512113712007081,0.176839625165461,0.137987643971573,0,0.173059018855885,0.0763017203154444,0.127815682335987,0.178409285225064,0.0227218582018014
752,0.426553141719523,-1152.56991708804,-1152.7831936589,0.376654055362397,0.166027554484345,0.104131425256606,0.0245040865521614,0.328682878344491,0.0712712213215975,0.122346116457062,0.101367506881043,0.0277514778299718,0.371403995263202,0.187322264995047,0.119001663133991,0,0.32227207660776,0.0896410090871775,0.13340823559328,0.103273153505185,0.027777954729198
753,5.24165989190806e-06,-1103.1022355206,-1103.10223814143,0.297919721562071,0.251573525983787,0.192760910842079,5.8966009975488e-08,0.257745782646054,0.234305566831375,0.151857962398543,0.116156640754559,0.00452852213759271,0.297919738849218,0.251573540749285,0.192760922284165,0,0.257745798117332,0.234305566164993,0.151857955068339,0.116156660746024,0.00452849281677769
754,1.46102047438035e-06,-1184.69480061726,-1184.69480134777,0.334694794400258,0.154968271015543,0.169977468615776,4.74051537078102e-08,0.34035941856327,0.160709493826963,0.115943241098994,0.143140155845578,0.0269755600663794,0.334694810266517,0.154968278361838,0.169977476673585,0,0.340359434698061,0.160709493826963,0.115943241098994,0.143140155845578,0.0269755600663794
755,5.22559542523686,-1204.93296611097,-1207.54576382359,0.373961641969273,0.141097319003141,0.0796646682924633,0.0559781982513736,0.34929817248375,0.21059711736645,0.193486798089784,0.0853988233377802,0.0187723651861068,0.366392751099647,0.182509398341716,0.102716674580668,0,0.348381175977969,0.205650140392271,0.216106500748726,0.0827674927084229,0.0186497418858532
756,0,-1078.17324923331,-1078.17324697827,0.364663963637238,0.25375089698398,0.146854134175566,4.49230204195922e-08,0.234730960280195,0.0987151730847592,0.1969597144238,0.0472290629449821,0.0241425318411764,0.364663980019046,0.253750908383237,0.146854140772698,0,0.234730970825019,0.0987151730847592,0.1969597144238,0.0472290629449821,0.0241425318411764
757,4.77117237096536e-06,-1159.54593984846,-1159.54594223405,0.337187498086001,0.180424413124883,0.171617893033199,5.24983117184897e-08,0.310770143257605,0.156949408745631,0.124189943787731,0.124967759339675,0.0349459677664533,0.337187515787776,0.180424422596861,0.171617902042849,0,0.310770159572514,0.156949408745631,0.124189943787731,0.124967759339675,0.0349459677664533
758,0,-1156.04041059153,-1156.04041038065,0.358904061723984,0.217322197808162,0.133331763711647,4.07864959159939e-08,0.290441935969711,0.207489291241105,0.255695806445692,0.0863039419848097,0.0187542920376843,0.358904076362423,0.217322206671973,0.133331769149783,0,0.290441947815821,0.207489291241105,0.255695806445692,0.0863039419848097,0.0187542920376843
759,1.18125808512559e-06,-1058.30898824532,-1058.30898883594,0.352260619523992,0.280733605041147,0.174943782808601,5.35157091185185e-08,0.192061939110551,0.136136936393721,0.185593877113922,0.117747968474832,0.0173793144246424,0.35226063837547,0.280733620064806,0.174943792170842,0,0.192061949388882,0.136136936393721,0.185593877113922,0.117747968474832,0.0173793144246424
760,6.60432306176517e-07,-1145.00424706872,-1145.00424739894,0.351979444747648,0.20416836421679,0.180598639355001,5.52455428581672e-08,0.263253496435018,0.183863193309384,0.207844287599637,0.0900400698536491,0.0153006913935577,0.351979464192945,0.204168375496182,0.180598649332272,0,0.263253510978601,0.183863193309384,0.207844287599637,0.0900400698536491,0.0153006913935577
761,0.649281435966714,-1119.02781011028,-1119.35245082826,0.455109195268224,0.171397037239235,0.118531808149972,0.0101871712960119,0.244774788046556,0.0418975733498252,0.145427305745566,0.144779529053607,0.0308020477941907,0.456261839735913,0.174590117834265,0.124653227465654,0,0.244494814964168,0.0439986544606978,0.148137143324318,0.145233651911684,0.030800194677731
762,0,-1099.42244418672,-1099.42244322044,0.367790595532042,0.286027868860696,0.109481395124395,3.34906128203298e-08,0.236700106992254,0.5,0.203539498234904,0.103450970872443,0.0124066603023374,0.367790607849575,0.286027878439945,0.109481398790994,0,0.236700114919486,0.5,0.203539498234904,0.103450970872443,0.0124066603023374
763,0.139355622498897,-1111.2740027202,-1111.34368053144,0.49782576459631,0.191518484620892,0.0995387063370368,0.0279221937860014,0.18319485065976,0.172688413586265,0.231388138535082,0.125518001152983,0.0495647897771242,0.49085041631842,0.215360990869601,0.117235307366636,0,0.176553285445343,0.233280269227341,0.231873266908809,0.128333036389251,0.0499438626862489
764,0,-1147.88257706338,-1147.88257691027,0.370152372682632,0.169739083455666,0.169578132686183,5.18743442950697e-08,0.290530359301176,0.090877775729415,0.182398946595328,0.117145088072645,0.0266491199121189,0.370152391884044,0.16973909226077,0.169578141482937,0,0.290530374372248,0.090877775729415,0.182398946595328,0.117145088072645,0.0266491199121189
765,0,-1136.16059429951,-1136.16059128278,0.423576036239264,0.156899205389983,0.166884067085337,4.79958310136885e-08,0.252640643289585,0.227242891078855,0.165398774043093,0.104119340044414,0.0449031647615377,0.423576056569148,0.156899212920491,0.166884075095077,0,0.252640655415283,0.227242891078855,0.165398774043093,0.104119340044414,0.0449031647615377
766,2.74150170298526e-06,-1161.65447862507,-1161.65447999582,0.322078238065343,0.280722837722727,0.139157100735947,4.25684800294325e-08,0.258041780907503,0.237000201068014,0.222387450244739,0.154248126256396,0.0427411598318263,0.322078251775724,0.280722849672672,0.139157106659653,0,0.25804179189195,0.237000201068014,0.222387450244739,0.154248126256396,0.0427411598318263
767,5.86147960548487,-1094.9076978059,-1097.83843760864,0.462270020254558,0.144669088906467,0.0768152941618088,0.0873983355908671,0.228847261086299,0.167870011734962,0.210640016863814,0.0699861727969928,0.0193446279659652,0.417973160372409,0.195340947957921,0.157781890505313,0,0.228904001164357,0.310097653974096,0.215136399332645,0.0750919770283498,0.0193023456592912
768,0,-1155.82507623221,-1155.82507433133,0.430916257250986,0.147608543452474,0.141959084005683,4.34256132136521e-08,0.279516071865243,0.177314527044051,0.155323917039758,0.1413267253031,0.0371879485499964,0.43091627596379,0.147608549862466,0.141959090170344,0,0.279516084003401,0.177314527044051,0.155323917039758,0.1413267253031,0.0371879485499964
769,0,-1084.36444776557,-1084.36444587806,0.43454742211083,0.258042573658975,0.105550280182329,3.22880756373922e-08,0.201859691759791,0.185901046112663,0.213047897198881,0.102629352140508,0.0220177012373128,0.43454743614153,0.258042581990674,0.105550283590344,0,0.201859698277452,0.185901046112663,0.213047897198881,0.102629352140508,0.0220177012373128
770,0,-1176.70785408758,-1176.70785227729,0.425468964503087,0.160018276009576,0.120808066555286,3.69554662417768e-08,0.293704655976584,0.313496426979663,0.179585619833341,0.130998003762584,0.0265083465056177,0.425468962533366,0.160018292360564,0.120808068081312,0,0.293704677024758,0.313496335426929,0.179585039999357,0.130998049538951,0.0265081939177271
771,0,-1147.55431871391,-1147.55431538152,0.309547415558283,0.232607183170971,0.173205632669608,5.29840049576199e-08,0.284639715617133,0.156273329851387,0.18172269106802,0.136343713562826,0.0266978623175702,0.309547431959346,0.232607195495432,0.173205641846737,0,0.284639730698486,0.156273329851387,0.18172269106802,0.136343713562826,0.0266978623175702
772,0,-1149.25379331,-1149.25379138674,0.309372655271884,0.229925584237517,0.145523196737288,4.45158913262181e-08,0.31517851923742,0.225321110960861,0.174899613415272,0.108446342720757,0.00469685537649231,0.309372669722402,0.229925538903721,0.145523224672061,0,0.315178566701816,0.22532160598959,0.174899390535348,0.108446281440911,0.0046968590091131
773,0,-1153.81346159583,-1153.81346122552,0.366891615674283,0.238534906338157,0.126769579663451,3.87791085880908e-08,0.267803859545,0.19410663527793,0.273169562992091,0.123740169050832,0.0221740037390157,0.366891629902013,0.238534915588328,0.126769584579463,0,0.267803869930196,0.19410663527793,0.273169562992091,0.123740169050832,0.0221740037390157
774,0,-1116.92155808897,-1116.92155714791,0.38606908743567,0.205317904855632,0.149219357382939,4.56465476872322e-08,0.259393604679212,0.132166375666628,0.181202759871781,0.110298153370701,0.0221538380080851,0.386069105058391,0.205317914227686,0.149219364194287,0,0.259393616519636,0.132166375666628,0.181202759871781,0.110298153370701,0.0221538380080851
775,2.60673555327048,-1173.69509541853,-1174.99846319517,0.422373204121253,0.145089193654473,0.0318765128644933,0.105840877710977,0.294820211648803,0.135926307758888,0.187924326075018,0.120968839134446,0.0310098655503657,0.395821070244711,0.193090876788584,0.12645614909068,0,0.284631903876025,0.169455533815874,0.196089167830666,0.124833802217291,0.0312513964677386
776,0,-1094.54544583648,-1094.5454441676,0.393923311866579,0.23397031772854,0.149191666893195,4.56380771021639e-08,0.222914657873608,0.222939028988139,0.13704949182546,0.153988256756717,0.013912173046495,0.393923329844482,0.233970328406496,0.149191673702016,0,0.222914668047005,0.222939028988139,0.13704949182546,0.153988256756717,0.013912173046495
777,0,-1137.1419381336,-1137.14193749035,0.453567448237906,0.151536549448005,0.161289296684,4.63553821169844e-08,0.233606659274708,0.103075259250827,0.241406068029655,0.138454078394393,0.0335932393875316,0.453567469263199,0.15153655647254,0.161289304160627,0,0.233606670103634,0.103075259250827,0.241406068029655,0.138454078394393,0.0335932393875316
778,9.95483833321487e-06,-1098.50180728422,-1098.50181226164,0.411719450615592,0.189347703720466,0.120493734427773,3.68593129673865e-08,0.278439074376856,0.131376984022926,0.186571662860377,0.0869202773710073,0.0134595434563463,0.411719465791289,0.189347710699692,0.120493738869089,0,0.278439084639929,0.131376984022926,0.186571662860377,0.0869202773710073,0.0134595434563463
779,0,-1165.78207945434,-1165.78207731516,0.374850952291783,0.189779191509325,0.197011423063177,5.80534244955992e-08,0.23835837508229,0.318378679085149,0.234019515768708,0.120126283929462,0.0491612861708617,0.374851001143914,0.189779066995595,0.197011174288925,0,0.238358757571566,0.318378184616073,0.234019409567334,0.120126165676345,0.049161631939479
780,8.60858760994461,-1155.64081653016,-1159.94511033513,0.398027846393044,0.194718304766095,0.088003260979927,0.0729654164089333,0.246285171452001,0.100863397091165,0.149530616870444,0.209198135654691,0.0603690357071462,0.382670505539436,0.207764730585204,0.162932039211562,0,0.246632724663798,0.111076885638168,0.159201888550142,0.215557029841982,0.060348346206758
781,2.03677036955878,-1102.66327694765,-1103.68166213243,0.45370857763562,0.152918036086641,0.115785914304184,0.0396456922228603,0.237941779750694,0.21402469535227,0.158884541199174,0.110342034845034,0.0143929409035616,0.440903447498341,0.161358914669408,0.161969380470846,0,0.235768257361405,0.255115320528526,0.161207957986368,0.114053290417489,0.0144916714649053
782,2.54061861235914,-1124.91856453582,-1126.188873842,0.343544578247158,0.207445023497058,0.0962873264661642,0.0570618428799288,0.295661228909691,0.181845690182087,0.184730548028211,0.0703111753554317,0.00448510238431995,0.310347734355191,0.25017317496424,0.145313744018506,0,0.294165346662063,0.212140480937379,0.181813260133405,0.0812949345556944,0.00448884668350544
783,0,-1119.33866467369,-1119.33865983329,0.342812947298301,0.268664132927382,0.194511822033531,5.93484268471916e-08,0.194011038392359,0.143437934375037,0.2332418619187,0.221969288075649,0.021578738238433,0.342812967643711,0.268664148872177,0.194511833577502,0,0.19401104990661,0.143437934375037,0.2332418619187,0.221969288075649,0.021578738238433
784,0.0954397288192013,-1172.37457374067,-1172.42229360508,0.375612703747071,0.188340000191071,0.0918714351124486,0.0266873865793895,0.31748847437002,0.0761101449257799,0.210503593288453,0.0712721662865897,0.0387957155051063,0.344503714497805,0.195621450424066,0.135880076271419,0,0.32399475880671,0.107444573928213,0.193940629509576,0.0722258923701936,0.0388550431014051
785,0,-1124.37220177547,-1124.37220120219,0.402919555175266,0.175580641215339,0.119926640476781,3.66858383075755e-08,0.301573126446776,0.0717341748968489,0.104717862580395,0.106681299060502,0.0251939174793972,0.402919564925067,0.175580647683922,0.119926647927525,0,0.301573139463486,0.0717340105351291,0.104717919474837,0.106681033553109,0.0251937467960728
786,0,-1168.23416456333,-1168.23416335348,0.41415741670526,0.169617978672337,0.16046290538294,4.90859751111062e-08,0.255761650153489,0.129536348792053,0.192854858449858,0.145436164889191,0.0320290425368582,0.414157437034581,0.169617986998201,0.160462913259419,0,0.255761662707799,0.129536348792053,0.192854858449858,0.145436164889191,0.0320290425368582
787,2.14636702366988e-06,-1172.4471303952,-1172.44713146839,0.369982239137707,0.195638374068429,0.16548673017474,5.06227747727124e-08,0.26889260599635,0.149758476375259,0.238625023167464,0.156263824215614,0.00652631551175966,0.369982257867236,0.195638383972186,0.165486738552137,0,0.26889261960844,0.149758476375259,0.238625023167464,0.156263824215614,0.00652631551175966
788,0,-1057.65452120198,-1057.65452083288,0.417135691376354,0.298026628622055,0.119918549623522,3.66833626010487e-08,0.164919093694707,0.117702781620853,0.20200130800448,0.121258424128979,0.0304377677780738,0.417135706678295,0.298026639554674,0.119918554022537,0,0.164919099744494,0.117702781620853,0.20200130800448,0.121258424128979,0.0304377677780738
789,0,-1121.13768404163,-1121.13768157583,0.337816678200995,0.205837258773867,0.175022932018999,5.35399210456452e-08,0.281323077466217,0.396102103849005,0.150543590206936,0.0496369496520287,0.0268081819713006,0.337816696287674,0.205837269794379,0.175022941389714,0,0.281323092528233,0.396102103849005,0.150543590206936,0.0496369496520287,0.0268081819713006
790,0,-1104.95061797293,-1104.95061757944,0.41710961486639,0.225583289939759,0.17665045058637,5.40377827520637e-08,0.180656590569698,0.188220843139956,0.262810758288205,0.0792001884004859,0.042437906015987,0.41710963740607,0.225583302129781,0.176650460132169,0,0.180656600331981,0.188220843139956,0.262810758288205,0.0792001884004859,0.042437906015987
791,6.96476200796087,-1183.90652513891,-1187.38890614289,0.445079755643823,0.112203030258904,0.10267050626195,0.052809272272478,0.287237435562845,0.106565578468877,0.189550608364649,0.166750619882328,0.0376080069609396,0.444142812431279,0.140696520220176,0.128970891289679,0,0.286189776058867,0.135336111043937,0.217396229832494,0.165686344307506,0.0372069958787656
792,6.36401045994717e-06,-1209.41723076377,-1209.41723394578,0.298958531981016,0.238858265778829,0.163449515219816,4.99995859906401e-08,0.298733637020753,0.325915766541917,0.229146832884742,0.0984832580261737,0.0465129053526567,0.29895854692882,0.238858277721644,0.163449523392224,0,0.298733651957312,0.325915766541917,0.229146832884742,0.0984832580261737,0.0465129053526567
793,1.43621314236952e-05,-1108.25319713116,-1108.25320431223,0.360383638913527,0.223779949659378,0.141624082808789,4.33231355701512e-08,0.27421228529517,0.216476837920919,0.176640094812273,0.0932023858774817,0.00832306531857987,0.360383654526477,0.223779959354227,0.141624088944389,0,0.274212297174907,0.216476837920919,0.176640094812273,0.0932023858774817,0.00832306531857987
794,0,-1063.25051217999,-1063.25050665713,0.398295331159892,0.210858031108323,0.215585834068259,5.3612670133447e-08,0.175260750050855,0.207036927987686,0.18509775226077,0.152695891160221,0.0130868674625959,0.39829535251357,0.210858042412986,0.215585845626392,0,0.175260759447052,0.207036927987686,0.18509775226077,0.152695891160221,0.0130868674625959
795,4.05440096074017e-06,-1107.12394460259,-1107.12394662979,0.458730984787124,0.148365914409794,0.153646676506742,4.53854775013311e-08,0.239256378910863,0.0549238969470341,0.172378372471055,0.162362916153606,0.00894250094639355,0.45873100560685,0.148365921143452,0.15364668348007,0,0.239256389769628,0.0549238969470341,0.172378372471055,0.162362916153606,0.00894250094639355
796,0,-1120.21933488173,-1120.21933436335,0.400726114159125,0.276165757730284,0.123267418000972,3.77077274855384e-08,0.199840672401891,0.214836603872482,0.220827865403922,0.130196621054721,0.0627884798107443,0.400725614553198,0.276166076980004,0.123267227590436,0,0.199841080876363,0.214836966475077,0.220827772624309,0.130195711122668,0.0627875359734631
797,0.422354364348394,-1168.10698447547,-1168.31816165764,0.410948224797833,0.126185698258054,0.0914069752376144,0.0440887719761414,0.327370329730358,0.101289088555342,0.152223819479758,0.101368695636651,0.0109681378600704,0.379370143002541,0.169279936764779,0.126011157954201,0,0.325338762278479,0.154411824009431,0.153895789630094,0.102432076927267,0.0108987021331078
798,9.94831043499289e-06,-1149.06659013851,-1149.06659511267,0.368255620971937,0.163319267043742,0.184026742903481,4.99597427713379e-08,0.284398319121097,0.0710314519749691,0.209198674366473,0.0756871438581701,0.0215078998741681,0.368255639369894,0.163319275203131,0.184026752097411,0,0.284398333329564,0.0710314519749691,0.209198674366473,0.0756871438581701,0.0215078998741681
799,0,-1158.01482108062,-1158.0148202525,0.358985441152559,0.215720284878728,0.163264528257993,4.99429904877747e-08,0.262029695767729,0.238438541201389,0.225146080269888,0.127634963722377,0.0328713332491988,0.358985300376109,0.215719900769607,0.163264546578573,0,0.262030252275711,0.238439255135303,0.225145355279613,0.12763485338831,0.0328712561158534
800,1.37798383548215e-05,-1139.72509251716,-1139.72509940708,0.447276298579219,0.12736615108434,0.145297915234683,3.89616011700857e-08,0.280059596140157,0.00651910996859327,0.195675682795672,0.0980365812071741,0.0452453388625308,0.44727631600582,0.127366156046729,0.145297920895723,0,0.280059607051728,0.00651910996859327,0.195675682795672,0.0980365812071741,0.0452453388625308
801,0,-1181.24644871183,-1181.24644631365,0.326757935012112,0.222944396784117,0.125881030720513,3.85070873580834e-08,0.324416598976171,0.268454651819634,0.189708885134018,0.108991593382059,0.0283264197663801,0.326757583518606,0.222944669704589,0.125881244459323,0,0.324416502317482,0.268454354096974,0.18970903313469,0.108991512682102,0.0283267474115639
802,0,-1185.03053658823,-1185.0305349609,0.378997584786423,0.18933197109289,0.177073708884592,5.41672584476613e-08,0.254596681068837,0.268918528848571,0.207193487055221,0.14006775013055,0.0444384043839368,0.378997605315684,0.189331981348485,0.17707371847619,0,0.254596694859642,0.268918528848571,0.207193487055221,0.14006775013055,0.0444384043839368
803,0,-1076.77962920677,-1076.77962910198,0.345247265094738,0.258294566757631,0.203069826317514,5.91579244272866e-08,0.193388282672192,0.162203658668503,0.179175948553942,0.156994060299893,0.0248539738963335,0.345247285518851,0.258294582037803,0.203069838330704,0,0.193388294112642,0.162203658668503,0.179175948553942,0.156994060299893,0.0248539738963335
804,0,-1171.85343721388,-1171.85343493955,0.278032683908677,0.226632345144996,0.175254282629038,5.36106917341055e-08,0.320080634706597,0.0889897670852491,0.189624716807264,0.126300493820255,0.0388799717200219,0.278032698814202,0.226632357294913,0.175254292024542,0,0.320080651866342,0.0889897670852491,0.189624716807264,0.126300493820255,0.0388799717200219
805,0,-1115.23459922659,-1115.23459621784,0.399488699650653,0.24459229589133,0.148373947642535,4.53879348858678e-08,0.207545011427547,0.0771877042517988,0.210523740648146,0.152330115099259,0.0362556706520085,0.399488717782621,0.24459230699287,0.148373954376922,0,0.207545020847587,0.0771877042517988,0.210523740648146,0.152330115099259,0.0362556706520085
806,0,-1152.99234666161,-1152.99234567205,0.383044746766375,0.223232314236575,0.127053711411455,3.88660410864379e-08,0.266669188719554,0.177851306355537,0.211465429971028,0.147307626523682,0.0191274297892638,0.383044452215978,0.223232395599005,0.127053794580645,0,0.266669357604372,0.177851302998458,0.211465442277565,0.14730781151516,0.0191275514535285
807,7.64107835493633e-06,-1095.33477436383,-1095.33477818437,0.400649271045718,0.186018558186957,0.200937022258891,5.69035086057939e-08,0.212395091604926,0.213035733658301,0.189648806123275,0.0798024811309488,0.0260765135072258,0.400649293844068,0.186018568772066,0.200937033692913,0,0.212395103690953,0.213035733658301,0.189648806123275,0.0798024811309488,0.0260765135072258
808,2.38944903685478e-06,-1026.44338098593,-1026.44338218065,0.519517610397881,0.233946950337967,0.131191733799405,3.52838963635193e-08,0.11534367018085,0.162804831091381,0.214137076585209,0.102870250105917,0.031262142038501,0.519517628728487,0.233946958592528,0.131191738428361,0,0.115343674250625,0.162804831091381,0.214137076585209,0.102870250105917,0.031262142038501
809,9.71122244664002e-06,-1079.45530671064,-1079.45531156625,0.363119150257786,0.248258508623843,0.124624273189114,3.81228543594034e-08,0.263998029806404,0.0690843267026815,0.153415172857613,0.105233177801029,0.00440684430606672,0.363119164100925,0.248258518088166,0.124624277940147,0,0.263998039870762,0.0690843267026815,0.153415172857613,0.105233177801029,0.00440684430606672
810,1.71732909476759,-1174.02707908372,-1174.8857436311,0.449297398961812,0.113837052412259,0.099972274532777,0.0606656160366772,0.276227658056475,0.155572602813875,0.211440951959406,0.108003097924675,0.0316873024821333,0.431249370226173,0.144233365370586,0.140004452182829,0,0.284512812220412,0.194596487704278,0.196449525813688,0.108947068798389,0.0316441572064895
811,2.70288435461498,-1098.77244330534,-1100.12388548265,0.468273111357781,0.231078858011119,0.0386362051931146,0.050409350673388,0.211602474764598,0.150394611160857,0.194493500301184,0.204457003795586,0.0208217686191826,0.450109732621324,0.261653996817505,0.0749654245893676,0,0.213270845971803,0.181055925088822,0.193336945044401,0.203693210228387,0.0207730882686674
812,2.53878874663724,-1168.20032268305,-1169.46971705637,0.351531785097474,0.189441344415433,0.137392957261953,0.0464757435140464,0.275158169711094,0.161110558149305,0.187507654950937,0.122253625412526,0.0309492238203194,0.334572945334927,0.207746396504197,0.176842749164623,0,0.280837908996253,0.182005884972225,0.194089503855628,0.120696480977591,0.0306929054939084
813,0,-1136.92774974062,-1136.92774732851,0.364372678225521,0.222981426766825,0.165373647991875,5.05881826705667e-08,0.247272196427596,0.141961949389002,0.257896612467737,0.0849504881422324,0.0394370459391092,0.364372696658474,0.22298143804705,0.165373656357828,0,0.247272208936648,0.141961949389002,0.257896612467737,0.0849504881422324,0.0394370459391092
814,0,-1111.56219480198,-1111.5621921054,0.442989427954437,0.19797164726779,0.143475997735321,4.38896406435494e-08,0.215562883152812,0.482403077059344,0.179866226642931,0.10272605483844,0.0389283140575524,0.442989447397084,0.197971655956695,0.143476004032431,0,0.21556289261379,0.482403077059344,0.179866226642931,0.10272605483844,0.0389283140575524
815,0,-1148.81554630287,-1148.81554520671,0.459238813761047,0.173786184819289,0.0829957818306612,2.53886022538626e-08,0.2839791942004,0.142084811871825,0.218934671561524,0.11581261978991,0.00637455243298568,0.459238825420479,0.173786189231478,0.0829957839378081,0,0.283979201410235,0.142084811871825,0.218934671561524,0.11581261978991,0.00637455243298568
816,3.00697619468428,-1126.6918224387,-1128.19531053604,0.509005427301847,0.126260744105011,0.107570910084318,0.0182067582986149,0.238956160210209,0.0737493596659375,0.194174063674348,0.134030658552436,0.0392826093087684,0.509612262470092,0.129622754151468,0.120949126411797,0,0.239815856966642,0.0850302443086063,0.193981807337632,0.140693172878498,0.0392883032085177
817,0,-1146.26076434202,-1146.26076282512,0.473076155556703,0.14111645904611,0.106758018019713,3.2657525444406e-08,0.279049334719948,0.267480358278835,0.207898312411148,0.0717859988904039,0.0261451344247341,0.4730761710062,0.141116463654625,0.106758021506166,0,0.279049343833009,0.267480358278835,0.207898312411148,0.0717859988904039,0.0261451344247341
818,0.969015408087671,-1111.12862280908,-1111.61313051312,0.473873766948811,0.149002252760799,0.104340801885635,0.0150024308868829,0.257780747517873,0.0839085669318477,0.180231056769503,0.0792593198051435,0.0254343229424626,0.454512324808345,0.163654953473788,0.119821358565255,0,0.262011363152613,0.106873086609186,0.176577527325438,0.081419624599073,0.0254082142336462
819,0,-1058.12308889157,-1058.12308660749,0.426361977077806,0.218887752371878,0.142262620810808,4.35184658266974e-08,0.212487606221043,0.134785558485717,0.157388944004103,0.103850683463846,0.0263430690206487,0.426361995632426,0.218887761897538,0.142262627001859,0,0.212487615468178,0.134785558485717,0.157388944004103,0.103850683463846,0.0263430690206487
820,1.79390814406906,-1121.61197913254,-1122.50893320458,0.40461628030207,0.152156917533326,0.131311756530227,0.0351401148457153,0.276774930788661,0.119079686155909,0.203072640388259,0.0946807381211024,0.0053968128514109,0.38484769074235,0.15763463922746,0.177929911934952,0,0.279587758095238,0.127317067445602,0.208540839011057,0.0941483476756541,0.0053753263345213
821,0.825753290138437,-1170.97642308042,-1171.38929972549,0.452544660089604,0.109769031425237,0.0843260722001636,0.0574044580516575,0.295955778233338,0.126375678676887,0.18189759034649,0.140495117319039,0.0246585997590887,0.451974409360899,0.147312738379134,0.113048784268724,0,0.287664067991243,0.149274545308522,0.194446927605413,0.138190971166019,0.0249570726740198
822,0.735395235147735,-1158.06647707188,-1158.43417468945,0.456066924112509,0.146249181578392,0.113746342330827,0.0406137869117384,0.243323765066533,0.145985696229121,0.2546978378197,0.119401226825115,0.0145848747103062,0.432301325974483,0.161273196443117,0.155947436665522,0,0.250478040916879,0.16204876010313,0.25858124871204,0.117969314066989,0.0145687052976073
823,0,-1201.97130420407,-1201.97130268921,0.41702612865434,0.144219946824086,0.138680692783717,4.24227457313398e-08,0.300073189315112,0.3321044310192,0.196158976045316,0.137181442598726,0.0350707135684564,0.417026146345734,0.144219952942292,0.138680698666933,0,0.300073202045041,0.3321044310192,0.196158976045316,0.137181442598726,0.0350707135684564
824,0,-1087.32510134383,-1087.325101325,0.352906218696968,0.220597246816365,0.253134370430153,5.30318720495329e-08,0.173362111024641,0.246784616546039,0.23163341199224,0.103451490519085,0.0408996913194783,0.352906237412246,0.220597258515051,0.253134383854344,0,0.173362120218359,0.246784616546039,0.23163341199224,0.103451490519085,0.0408996913194783
825,0,-1090.84233016773,-1090.84233008435,0.338761400520783,0.241704052977507,0.14817049959681,4.53256996565792e-08,0.2713640015792,0.0799429414965525,0.145186621924939,0.123597732918759,0.0185749191183325,0.338761415875382,0.241704063932913,0.148170506312742,0,0.271364013878963,0.0799429414965525,0.145186621924939,0.123597732918759,0.0185749191183325
826,7.82297502155416e-06,-1157.82727809929,-1157.82728201078,0.340140675072682,0.203732420528939,0.162573144614961,4.97315021889954e-08,0.293553710051916,0.117971343123889,0.210889811328544,0.0973734057941175,0.0348665236830192,0.340140691988389,0.203732430660859,0.162573152699968,0,0.293553724650783,0.117971343123889,0.210889811328544,0.0973734057941175,0.0348665236830192
827,3.78352478946908e-06,-1087.00089232274,-1087.0008942145,0.347681411434746,0.270082090729082,0.173687145428497,5.31313008279153e-08,0.208549299276374,0.249789904414067,0.163574431443232,0.10135657866818,0.0182132296459406,0.347681429907513,0.270082105078896,0.173687154656721,0,0.20854931035687,0.249789904414067,0.163574431443232,0.10135657866818,0.0182132296459406
828,1.81512905328418e-06,-1083.55190185658,-1083.55190276414,0.364488126751106,0.250260776862889,0.138936483620583,4.25009927419002e-08,0.24631457026443,0.140619468542494,0.168479341000583,0.109590647040997,0.00651827242973072,0.364488142242213,0.25026078749922,0.138936489525522,0,0.246314580733044,0.140619468542494,0.168479341000583,0.109590647040997,0.00651827242973072
829,12.6272826116287,-1171.83063086244,-1178.14427216825,0.377637587737339,0.148505327114318,0.0994770659787859,0.102172526121795,0.272207493047762,0.205025245917468,0.191788159659453,0.126526230692741,0.0325508185615664,0.36140448439575,0.176311464624929,0.189845638902211,0,0.27243841207711,0.241737496462645,0.204931613986934,0.132531308061641,0.0326540205698674
830,0.915822257386935,-1159.30018986404,-1159.75810099273,0.385802450706898,0.192416451668684,0.101701196043495,0.0543845762078743,0.265695325373048,0.240614274556083,0.202546708821668,0.0867523794710813,0.0319583931755476,0.348717902157167,0.234306434496422,0.151053489449077,0,0.265922173897334,0.28474286228838,0.202802960623707,0.089877430856751,0.0319668919970643
831,1.28597380353312e-05,-1070.56061420705,-1070.56062063692,0.377455317149761,0.245753269235083,0.152747272843589,4.67257452131796e-08,0.224044094045821,0.158758553433759,0.155733837832676,0.0842837757796977,0.0319168853336597,0.377455334786643,0.245753280718088,0.15274727998082,0,0.224044104514449,0.158758553433759,0.155733837832676,0.0842837757796977,0.0319168853336597
832,0,-1136.46369568917,-1136.46369483008,0.430606494170054,0.18515958307858,0.107799333306927,3.29760662071387e-08,0.276434556468373,0.425656749538871,0.182116884931451,0.146761967182003,0,0.430606508369762,0.185159589184415,0.107799336861725,0,0.276434565584098,0.425656749538871,0.182116884931451,0.146761967182003,0
833,6.90001479597413e-06,-1058.30266398829,-1058.3026674383,0.392657219411151,0.265320266172174,0.170701988377297,5.2218134358891e-08,0.171320473821243,0.0790375102807801,0.202366199819507,0.13688118545063,0.0316498125727188,0.39265723991498,0.265320280026704,0.170701997291037,0,0.171320482767279,0.0790375102807801,0.202366199819507,0.13688118545063,0.0316498125727188
834,0,-1105.01347703239,-1105.01347360237,0.436835390089096,0.229283600986798,0.141639369477831,4.33278117976839e-08,0.192241596118463,0.207018979170551,0.224914820974763,0.130412119679353,0.0421562950851265,0.436835409016219,0.229283610921155,0.141639375614755,0,0.192241604447871,0.207018979170551,0.224914820974763,0.130412119679353,0.0421562950851265
835,2.92831698460304,-1056.18694138327,-1057.65109987557,0.489091305674039,0.136371685928116,0.14463126338996,0.0303542475331446,0.19955149747474,0.173506486662454,0.188970850764506,0.080400743517017,0.0126053143349942,0.482052939065992,0.140499697762913,0.175992692485698,0,0.201454670685398,0.189420512722419,0.184080382681209,0.0867854579969253,0.0126028614410354
836,2.37877453684587,-1087.02072542111,-1088.21011268953,0.339103592834791,0.222947778762319,0.112944300671852,0.051912062558747,0.27309226517229,0.0107603940301255,0.162175785579187,0.0649966315577047,0.010485413789121,0.318628505034169,0.234818759265764,0.169373840804738,0,0.277178894895329,0.0467338723700758,0.152630799620169,0.0648204742973301,0.0104297928050648
837,0,-1098.08879353593,-1098.08879200071,0.29346912348732,0.29749029244808,0.180179986735143,5.51174760502684e-08,0.228860542211981,0.231785202875075,0.143765188957846,0.135659310986854,0.0380386031978078,0.293469139662598,0.297490308844995,0.18017999666621,0,0.228860554826197,0.231785202875075,0.143765188957846,0.135659310986854,0.0380386031978078
838,0,-1136.33820151014,-1136.33819617138,0.376665039201416,0.166619820164894,0.165009844218319,5.0476893630616e-08,0.291705245938478,0.172192929882788,0.119729483295064,0.152041252852517,0.0247359729628213,0.376665070236507,0.16661983574687,0.165009851083881,0,0.291705242932742,0.172192948421192,0.11972949070057,0.152041315882857,0.0247358542051743
839,0,-1150.60326773162,-1150.60326688772,0.353638948144541,0.235234871891641,0.155483716875131,4.75628297923515e-08,0.255642415525856,0.268492432800256,0.236119518727165,0.112597951083553,0.012230897025916,0.353638964964611,0.235234883080078,0.155483724270377,0,0.255642427684934,0.268492432800256,0.236119518727165,0.112597951083553,0.012230897025916
840,1.06594475255406e-05,-1075.08597656217,-1075.0859818919,0.370108044410023,0.256241544570681,0.176596807923197,5.4021373336921e-08,0.197053549074726,0.288537561209804,0.201679622085832,0.103350840449765,0.0204124151213381,0.370108064403769,0.256241558413202,0.176596817463199,0,0.197053559719829,0.288537561209804,0.201679622085832,0.103350840449765,0.0204124151213381
841,0,-1059.98851317563,-1059.98851174298,0.385057103462879,0.248127139378704,0.150457399322433,4.60252352596038e-08,0.216358311810749,0.135692702079214,0.152458935474521,0.128045502485245,0.0207155255036316,0.385057262648069,0.24812718401355,0.150457275053126,0,0.216358278285256,0.135692748342405,0.152459041114165,0.128045502485245,0.0207156254626825
842,13.1577098776211,-1146.27773170317,-1152.85658664198,0.420489582799978,0.156372266822983,0.0509003361631629,0.0498680924945897,0.322369721719287,0.0935662188602912,0.17297446573887,0.0580475836977828,0,0.396681980200283,0.178378355319568,0.104142331730324,0,0.320797332749826,0.171700740501236,0.188367656460753,0.0562493882494138,0
843,2.95590459856749,-1122.58470625977,-1124.06265855905,0.402067143246392,0.215006474099975,0.142371277471254,0.0252552180121722,0.215299887170207,0.0350449351827969,0.288812465908129,0.139359165402061,0.0302675978091898,0.403870947153038,0.222841369548279,0.157201910682492,0,0.216085772616192,0.0685297054832023,0.28806953401619,0.140125131373312,0.0301568234360129
844,0,-1176.46685198318,-1176.46685052301,0.29755218417257,0.234434916262687,0.166266505667465,5.08613099054075e-08,0.301746343035968,0.198564587354906,0.18110231858571,0.15448344453121,0.0329665061193764,0.297552199306465,0.234434928186354,0.166266514123998,0,0.301746358383183,0.198564587354906,0.18110231858571,0.15448344453121,0.0329665061193764
845,2.38365873883595e-06,-1156.61970697389,-1156.61970816572,0.379499374284782,0.16631209763288,0.179866125548113,5.08752500844881e-08,0.274322351658975,0.166077001641057,0.239556785940814,0.136733425489693,0.021816963634339,0.379499388306724,0.166312080238961,0.179866168356782,0,0.274322363097533,0.166077119724156,0.239556703507117,0.136733658821499,0.0218170113237396
846,4.27990289608715e-06,-1160.71722373912,-1160.71722587907,0.375367328837455,0.198717872206099,0.195230699549054,5.97215240252505e-08,0.230684039685869,0.154281962946812,0.202849687246423,0.17375833899658,0.0476896110496399,0.375367351254965,0.198717884073833,0.19523071120853,0,0.230684053462672,0.154281962946812,0.202849687246423,0.17375833899658,0.0476896110496399
847,0,-1125.34465385275,-1125.3446525307,0.386809978306179,0.169632694001659,0.185880677132629,5.18910347280837e-08,0.257676598668498,0.20070622751215,0.171944289694653,0.0953691359550273,0.0300256370620032,0.38680999837815,0.169632702804076,0.18588068677817,0,0.257676612039604,0.20070622751215,0.171944289694653,0.0953691359550273,0.0300256370620032
848,1.88524290933856e-06,-1115.41549930972,-1115.41550025234,0.441718875581111,0.195128460047287,0.144659623761499,4.42522888969596e-08,0.218492996357814,0.0829480019790171,0.215547467300452,0.0931489928226531,0.045058844226427,0.441717256489981,0.195129116428183,0.144659610338401,0,0.218494016743435,0.0829482919302639,0.215543992840286,0.0931493782995816,0.045058431974714
849,0.279870691940687,-1146.10166223328,-1146.24159757925,0.439959277043953,0.164899821943625,0.0967826454210526,0.0482076186351356,0.250150636956233,0.106638307968077,0.245419416636141,0.0801178670737925,0.0318166154997044,0.394333828030031,0.220172688630984,0.131947830613965,0,0.25354565272502,0.117640079680398,0.254593773192544,0.0842074148053711,0.0317959958470351
850,11.0607005739221,-1102.97188210891,-1108.50223239587,0.449226134218209,0.162820260823587,0.0537920362527999,0.0622007687969575,0.271960799908447,0.054126353109823,0.157306733131139,0.0619519376285204,0.0298747702837308,0.419215888530032,0.217803732477002,0.0952267523208046,0,0.267753626672161,0.133430711515814,0.172769503862127,0.0620595095116642,0.0298852916350139
851,9.1273795987945e-07,-1086.90940419409,-1086.90940465046,0.444076015634914,0.209260998479394,0.118587829536317,3.62762922384343e-08,0.228075120073083,0.170629626996297,0.171986547262986,0.106073811125669,0.0140834037816776,0.444076031744346,0.209261006070608,0.118587833838244,0,0.228075128346803,0.170629626996297,0.171986547262986,0.106073811125669,0.0140834037816776
852,0,-1167.15654956981,-1167.15654921351,0.306291027741671,0.227820766319142,0.212404782452766,6.49751158379867e-08,0.253483358511305,0.349853486421921,0.214600523788656,0.144686578293138,0.0261008342865595,0.306291047642967,0.227820781121824,0.212404796253792,0,0.253483374981417,0.349853486421921,0.214600523788656,0.144686578293138,0.0261008342865595
853,1.23131667351117e-06,-1041.70098092095,-1041.7009815366,0.468658983367213,0.193194617332072,0.180475819865831,4.82317813697846e-08,0.157670531203102,0.184851115938149,0.192480798921289,0.108943391851425,0.0272569503542523,0.468659005971472,0.193194626650193,0.180475828570502,0,0.157670538807833,0.184851115938149,0.192480798921289,0.108943391851425,0.0272569503542523
854,0,-1101.39233995345,-1101.39233547307,0.332293785455867,0.213574282475557,0.226636435364197,6.53328686087853e-08,0.227495431371511,0.181132347130269,0.204724711415477,0.0898171952373658,0.0141256510945211,0.332293807165575,0.213574296428978,0.226636450171006,0,0.227495446234441,0.181132347130269,0.204724711415477,0.0898171952373658,0.0141256510945211
855,7.68324389355257e-06,-1084.17841136217,-1084.17841520379,0.447944884331691,0.200223784178763,0.14810564801414,4.53058615294619e-08,0.203725638169545,0.151692679725707,0.196550406532487,0.10296149807725,0.0294830715742966,0.447944906415457,0.200223793813765,0.148105654067812,0,0.203725645702967,0.151692681831303,0.196550374048922,0.102961323288334,0.0294831022299459
856,0,-1064.89108657544,-1064.89108478178,0.431570780015106,0.21426447573284,0.162687794265953,4.97665737832786e-08,0.191476900219528,0.111724023331707,0.162276552480092,0.105031316324075,0.0415290088443538,0.431570801492906,0.214264486396049,0.162687802362367,0,0.191476909748678,0.111724023331707,0.162276552480092,0.105031316324075,0.0415290088443538
857,0,-1125.85143809778,-1125.8514362853,0.323159955129086,0.259025523798645,0.146510159379555,4.48177991992494e-08,0.271304316874915,0.156941807319099,0.204098488062998,0.114681160422163,0.0216458509704649,0.323159936966973,0.259025538590401,0.146510173137658,0,0.271304351304969,0.156942152536643,0.204098528698965,0.114680911022203,0.0216459371419279
858,2.37589123634962,-1142.05735375585,-1143.24529937403,0.463691208306745,0.129553562913792,0.105582102990639,0.0257593089066495,0.275413816882175,0.169479091299352,0.176300571856114,0.0822070503035019,0.0362267066697224,0.452597959818018,0.136561541742425,0.132282051165201,0,0.278558447274355,0.176747887865967,0.186288598143131,0.081799234187146,0.0361794650809997
859,0,-1192.17260853097,-1192.17260825329,0.325522715715227,0.186477297898427,0.163049667626443,4.98772716839802e-08,0.324950268882631,0.168946102547286,0.213775853563228,0.0785796200931066,0.0275219988732338,0.325522731951413,0.186477307199407,0.163049675758916,0,0.324950285090265,0.168946102547286,0.213775853563228,0.0785796200931066,0.0275219988732338
860,0,-1117.79937011027,-1117.7993692167,0.421765264093169,0.218637243277707,0.135119087388425,4.13332424352913e-08,0.224478363907456,0.0919444905552214,0.229053822112825,0.149507782134581,0.0218308351445104,0.421765281267639,0.218637252556721,0.135119093127325,0,0.224478373048315,0.0919444929464815,0.229053800368791,0.149507803294567,0.0218308797741132
861,0.886579959942992,-1067.32397184665,-1067.76726182662,0.523336124196155,0.154322850141068,0.0857848934601969,0.0228724540877137,0.213683678114866,0.0530496888150227,0.164245780667157,0.114178760151844,0.0178401180775485,0.510249213051612,0.162951696951697,0.112287728197848,0,0.214511361798844,0.056281252308369,0.16951451180173,0.122070394556162,0.0178354210035334
862,7.27307001706322,-1163.33158222493,-1166.96811723346,0.348544364121937,0.218537546344844,0.150196874402969,0.0479444823139053,0.234776732816344,0.238892460723729,0.149070017854413,0.1427070458608,0.050005051048857,0.314039530467043,0.245774799667787,0.200855179215994,0,0.239330490649176,0.277663461280289,0.161908882750693,0.14549250338939,0.0498425143473943
863,1.05643448478077e-06,-1124.46252394143,-1124.46252446965,0.426695425713309,0.201640333367799,0.113705067538559,3.47826439680115e-08,0.25795913859769,0.152029575766673,0.199006834562514,0.124661422934204,0.00991191314096711,0.426695440990735,0.201640340279662,0.113705071289544,0,0.257959147440059,0.152029597128978,0.199006834562514,0.12466142751184,0.00991182463999055
864,0,-1104.21993820623,-1104.21993652748,0.292346449583265,0.287953994102622,0.191412314097665,5.85534710551001e-08,0.228287183662977,0.290832992637246,0.173972254082975,0.124876148996588,0.0302528837861118,0.292346466701165,0.287954010963329,0.191412325305521,0,0.228287197029985,0.290832992637246,0.173972254082975,0.124876148996588,0.0302528837861118
865,2.11163751373533e-07,-1176.91235299023,-1176.91235309582,0.355553683485655,0.19925033190458,0.135349194992285,4.14036328261939e-08,0.309846748213847,0.163419802867665,0.192371717957166,0.147018069866409,0.020284111488083,0.35555369820687,0.199250340154268,0.135349200596233,0,0.309846761042628,0.163419802867665,0.192371717957166,0.147018069866409,0.020284111488083
866,0,-1096.63136825363,-1096.63136528452,0.446683188657578,0.113183376693279,0.179592248336062,3.46230575727062e-08,0.260541151690024,0.159557754128661,0.169267820398051,0.0822743448576389,0.0137394358844036,0.446683204123116,0.113183380612034,0.179592254554095,0,0.260541160710756,0.159557754128661,0.169267820398051,0.0822743448576389,0.0137394358844036
867,8.43255487925262,-1127.61171145257,-1131.8279888922,0.389912146365547,0.211163127614915,0.0753130026990608,0.0526885120676253,0.270923211252851,0.118346946213373,0.195207080737827,0.106962129979284,0.0293177930539368,0.357686692171572,0.252367833690933,0.116422119366198,0,0.273523354771297,0.146933244255144,0.2090183391715,0.108421982894229,0.0291527476920038
868,4.42285727331182e-06,-1116.63239468099,-1116.63239689241,0.435840771364981,0.178719420319699,0.125853869428641,3.8498990702355e-08,0.259585900387689,0.179498043426187,0.212266731903436,0.0662047757933877,0.0333610103908016,0.435840788144411,0.178719427200216,0.125853874273888,0,0.259585910381485,0.179498043426187,0.212266731903436,0.0662047757933877,0.0333610103908016
869,0,-1157.674263641,-1157.67426092531,0.402230118215919,0.170450065514076,0.172247277088683,5.21410705704443e-08,0.255072487040251,0.262265680960956,0.245079784605233,0.101964737969345,0.0247007694749161,0.402230139188629,0.170450074401526,0.172247286069841,0,0.255072500340004,0.262265680960956,0.245079784605233,0.101964737969345,0.0247007694749161
870,2.01174952962901e-06,-1150.55385350598,-1150.55385451186,0.398397281433589,0.188860064468682,0.142612370007578,4.36254342434796e-08,0.270130240464718,0.207753425270658,0.198940115342533,0.0996315628740845,0.0354642898180995,0.398397457016196,0.188860154416733,0.142612269090555,0,0.270130119476515,0.207753740704161,0.198940056913798,0.0996320324685211,0.035464380910223
871,11.0512339038,-1138.28444781244,-1143.81006476434,0.412495406615303,0.153994880734666,0.0959753967000829,0.0476290408946983,0.289905275055249,0.0763787027399072,0.124369532127138,0.112774592330613,0.0302571920174882,0.400211529181414,0.184410000737263,0.126911911008263,0,0.288466559073061,0.108810936452114,0.136678336980129,0.127878764800729,0.0301995312125181
872,0,-1045.78866392353,-1045.78866211657,0.475260762402387,0.167934490839885,0.127232104884434,3.89205959424677e-08,0.229572602952698,0.105382569152913,0.142757204409597,0.079674951242049,0.0138694377657738,0.475260782191135,0.167934497832285,0.127232109216514,0,0.229572610760065,0.105382588989339,0.142757210513113,0.0796749588714435,0.0138692500826683
873,0,-1205.60219017685,-1205.60218854407,0.366248841071621,0.162194769235034,0.134714186466702,4.12093822446796e-08,0.336842162017261,0.2175605795199,0.163922322040509,0.118501500649603,0.0411272009155295,0.36624885616451,0.16219477591898,0.13471419201819,0,0.336842175898319,0.2175605795199,0.163922322040509,0.118501500649603,0.0411272009155295
874,2.76207265414996e-06,-1142.76452781666,-1142.7645291977,0.345906739167829,0.256421900678453,0.136097077196646,4.163241172797e-08,0.261574241324661,0.160103839791604,0.166608115750606,0.129658372428593,0.0299562408913202,0.345906753568761,0.256421911353916,0.136097082862695,0,0.261574252214628,0.160103839791604,0.166608115750606,0.129658372428593,0.0299562408913202
875,9.27209839574061e-07,-1199.16174296032,-1199.16174342392,0.352153818026082,0.17305681734983,0.157912340849696,4.83057515017972e-08,0.31687697546864,0.117030562668377,0.183181954556613,0.144948724712301,0.0420305753075859,0.352153835037138,0.17305682570947,0.157912348477771,0,0.316876990775621,0.117030562668377,0.183181954556613,0.144948724712301,0.0420305753075859
876,0.935177923690844,-1173.39300295202,-1173.86059191386,0.366653720359552,0.18845573762914,0.150405243655204,0.0192624419441078,0.275222856411995,0.166085993274773,0.21356059637361,0.0935624868404452,0.0551901273027358,0.356361009308839,0.198124450072131,0.168962254219338,0,0.276552286399691,0.170195647703069,0.216166145366994,0.0932497553791076,0.0551425753339081
877,1.14834633041028,-1062.04175191468,-1062.61592507988,0.535673378264904,0.112852448546652,0.138855731761561,0.0384015000388499,0.174216941388033,0.0861883638502356,0.162294606636471,0.168088189676855,0.0201071635700156,0.485011746396817,0.172508969648216,0.167220061210131,0,0.175259222744837,0.129341937617422,0.170457638181252,0.172569024637723,0.0201104413810981
878,0,-1119.8880857153,-1119.88808361821,0.433385209359222,0.175501906426783,0.146691852597471,4.48733778522942e-08,0.244420986743146,0.201931361024261,0.193166884177588,0.0816455661789326,0.0292687310928273,0.43338522746105,0.175501914706461,0.146691858044811,0,0.244420999787678,0.201931366824593,0.193166947981237,0.0816457633902112,0.0292686440878515
879,0,-1174.8953323357,-1174.89533120354,0.448913622509107,0.145949218344917,0.111589181767395,3.41353896455461e-08,0.293547943243191,0.101767210775433,0.214738842024446,0.0977925541662104,0.0241314950581453,0.448913637832949,0.145949223326951,0.111589185576535,0,0.293547953263565,0.101767210775433,0.214738842024446,0.0977925541662104,0.0241314950581453
880,0,-1145.03492840607,-1145.03492710764,0.392111927311977,0.212610034648214,0.123110468281601,3.76597779254083e-08,0.27216753209843,0.185634702590523,0.199829754318158,0.110723626638412,0.0268691675626836,0.392111942078826,0.212610042655061,0.123110472917914,0,0.272167542348199,0.185634702590523,0.199829754318158,0.110723626638412,0.0268691675626836
881,0,-1150.01076401686,-1150.01076351539,0.386280907134788,0.232259454448538,0.113695559102946,3.47797353603438e-08,0.267764044533992,0.19385816857708,0.211235677630028,0.146845506241437,0.0267884835518968,0.386280920569536,0.232259462526461,0.113695563057248,0,0.267764053846755,0.19385816857708,0.211235677630028,0.146845506241437,0.0267884835518968
882,0,-1110.37109585787,-1110.37109581025,0.41903152207922,0.210153587049902,0.121778451099028,3.72523107783107e-08,0.249036402519539,0.110308796537209,0.176820903903475,0.109685257617397,0.02421131519457,0.419031537689113,0.210153594878609,0.121778455635557,0,0.249036411796721,0.110308796537209,0.176820903903475,0.109685257617397,0.02421131519457
883,6.82871859680745e-06,-1084.99104087399,-1084.99104428835,0.371924543589962,0.232726773562943,0.193197423274162,5.90995400945396e-08,0.202151200473393,0.222828283547746,0.174912764268146,0.106994595802276,0.0221702619929164,0.371924565570533,0.232726787316989,0.193197434692042,0,0.202151212420436,0.222828283547746,0.174912764268146,0.106994595802276,0.0221702619929164
884,3.43511283062981e-06,-1086.34964132699,-1086.34964304454,0.38441782473906,0.19694380983548,0.170257943342399,5.20822999523081e-08,0.248380370000761,0.180558688006824,0.168938907527551,0.113498579014891,0,0.384417844760425,0.196943820092767,0.170257952209824,0,0.248380382936983,0.180558688006824,0.168938907527551,0.113498579014891,0
885,0,-1067.49892503945,-1067.49892243319,0.492196554235275,0.186661743729962,0.14245308241432,4.35767283336616e-08,0.178688576043715,0.148800204656287,0.282965500398819,0.10626953600406,0.00831694691044301,0.492196576329395,0.186661751359857,0.142453088041495,0,0.178688584269253,0.148800204653488,0.282965504371725,0.106269548500538,0.00831680693967949
886,1.1998666611662,-1133.48462118191,-1134.08455451249,0.484547051904869,0.132099018474859,0.0812846635637772,0.0446998999412533,0.257369366115241,0.200405122225539,0.181430520211656,0.109260000317075,0.0230346986924307,0.454009845666396,0.155656674196119,0.129511548804044,0,0.260821931333441,0.248577780584123,0.178632496646198,0.110537744666173,0.0230370789087621
887,1.66230034617911,-1151.04650997894,-1151.87766015203,0.435065919838485,0.120638898987514,0.127609987597034,0.0354205071680349,0.281264686408933,0.118513373565196,0.152495992646246,0.127527183328292,0.0201772279195483,0.422249010588929,0.145425880269619,0.157570758765825,0,0.274754350375627,0.148886467645492,0.160899768977697,0.127468379881397,0.0201883631837383
888,5.70985635816669,-1156.8947297803,-1159.74965795938,0.420812622926459,0.185419641977618,0.0985282025325004,0.044581626548487,0.250657906014935,0.168349921405631,0.192100464270288,0.188471620674068,0.0364070229224647,0.37919138779428,0.232285381850505,0.12947024963747,0,0.259052980717745,0.211655938946048,0.20089875292992,0.181867769898455,0.0362268022451784
889,5.74579371459549e-06,-1127.16735100466,-1127.16735387755,0.481699565752369,0.212810559142338,0.0911968133142244,2.78973166581009e-08,0.214293033893752,0.162588938979998,0.274678045098902,0.132507991785782,0.0296593797302631,0.481699585034394,0.212810560186044,0.0911968148168384,0,0.214293039962723,0.162588935077246,0.27467806461266,0.132508015202292,0.0296589640872146
890,0,-1117.34898013999,-1117.34897866929,0.407209349030853,0.165938129345605,0.167666789488854,5.07608588265527e-08,0.259185681373829,0.10581990830044,0.189155958394992,0.106642274480589,0.0192741653202432,0.407209369701151,0.165938137768768,0.167666797999765,0,0.259185694530317,0.10581990830044,0.189155958394992,0.106642274480589,0.0192741653202432
891,0,-1134.88031588272,-1134.88031498335,0.428318106523941,0.165831631522192,0.167287140941806,5.07282808952423e-08,0.23856307028378,0.253684924325141,0.226145209234075,0.0807009717913365,0.0239135175602826,0.428318128251783,0.165831639934546,0.167287149427996,0,0.238563082385675,0.253684924325141,0.226145209234075,0.0807009717913365,0.0239135175602826
892,1.09324842014757e-05,-1145.42480622261,-1145.42481168885,0.322210950086165,0.258285601577111,0.104119140374106,3.18502866490944e-08,0.315384276112331,0.250151475568706,0.17205924077793,0.0717853371546117,0.0208098449674419,0.322210960348677,0.258285609803582,0.104119143690331,0,0.315384286157411,0.250151475568706,0.17205924077793,0.0717853371546117,0.0208098449674419
893,10.7513809795846,-1168.96403853268,-1174.33972902247,0.457178009481327,0.164228553008758,0.0226145802726096,0.100051301199146,0.255927556038159,0.178179697874798,0.207643320346888,0.161588953060245,0.038591669826233,0.431635175397083,0.204222489692132,0.104534447147869,0,0.259607887762916,0.286130112793217,0.211858637120457,0.155753706760445,0.0385919269739196
894,0.343641477212259,-1103.79375158837,-1103.96557232698,0.427152603391541,0.165882749934809,0.1214831803074,0.0328934473265759,0.252588019039673,0.0760667483939169,0.153351583819245,0.151727606831756,0.02849195144486,0.410091355500323,0.17110158093574,0.161693242377712,0,0.257113821186225,0.0942454507759777,0.1489852617326,0.153480231250302,0.0285129461900163
895,6.09896051173564e-06,-1156.61499489631,-1156.61499794579,0.301171011378657,0.24940632549617,0.210418290800207,6.43674434318113e-08,0.239004307957523,0.259816607006594,0.147315622332319,0.154201619804253,0.0447744116279861,0.301171030764266,0.249406341549818,0.210418304344295,0,0.23900432334162,0.259816607006594,0.147315622332319,0.154201619804253,0.0447744116279861
896,6.62241427562549e-06,-1157.45228916634,-1157.45229247754,0.419548609991421,0.183069956441634,0.134018068871773,4.09964382570487e-08,0.263363323698734,0.0826242097754652,0.229161714823875,0.121570145299363,0.0351778693408012,0.419548627191421,0.183069963946851,0.134018074366036,0,0.263363334495692,0.0826242097754652,0.229161714823875,0.121570145299363,0.0351778693408012
897,3.85215571441222e-07,-1071.50709950145,-1071.50709969406,0.435975567216778,0.227250059559021,0.121344753294371,3.71196076435547e-08,0.215429582810223,0.279641836917318,0.183249310760403,0.0654505620857804,0.0220584704251339,0.435974147016934,0.227251904146549,0.121344709643297,0,0.215429239193219,0.279641626757063,0.183248399284368,0.0654506378234366,0.0220586396532515
898,0,-1190.52943020509,-1190.52943014291,0.30021395660097,0.231983366262754,0.162833090851663,4.98110203460084e-08,0.304969536473593,0.121841025883572,0.247591698525576,0.0759298990766822,0.0472622638374049,0.300213971554934,0.231983377818082,0.162833098962546,0,0.304969551664437,0.121841025883572,0.247591698525576,0.0759298990766822,0.0472622638374049
899,0,-1108.62512142422,-1108.62511906491,0.362066571428607,0.207875340991932,0.169426665608848,5.18280100059972e-08,0.260631370142604,0.256867894028613,0.164842432109237,0.0883398161967182,0.004515107133621,0.362066589898876,0.207875353407894,0.169426673977114,0,0.260631382716116,0.256867888537916,0.164842344535446,0.0883397737192913,0.00451511424925563
900,3.18055663228733e-06,-1078.69209642587,-1078.69209801615,0.468551878982612,0.191760146898009,0.121282906199126,3.71007860879066e-08,0.218405030819466,0.0246740769045216,0.181188671938045,0.0918872960235927,0.0457797208065798,0.468552880105172,0.191760012660319,0.121282791490364,0,0.218404315744145,0.0246748748501982,0.181188320881791,0.0918871154483498,0.0457795536541409
901,0,-1057.63963923544,-1057.63963804214,0.443553986953361,0.223498735950778,0.098257254300327,3.00571032372348e-08,0.234689992738431,0.049197649956925,0.160115747706082,0.0918639906175474,0.0217726817805761,0.443554345867862,0.223498565683539,0.0982571669644125,0,0.234689921484187,0.0491978339160649,0.160115971903342,0.0918640853537754,0.0217727242553504
902,0.781027930871915,-1141.86220500264,-1142.25271896807,0.407710512494149,0.19092677943475,0.158007581920403,0.0149273610885374,0.228427765062161,0.098082673750893,0.219975633616319,0.153728666102355,0.012990840506935,0.401343738675605,0.200088582153297,0.168371288641436,0,0.230196390529662,0.109396057053404,0.221794402509785,0.154665528650234,0.0129620879653814
903,1.35276091758578,-1148.0666323659,-1148.74301282469,0.372923363573501,0.201734934151376,0.0783712929446341,0.0395281474831634,0.307442261847326,0.20005172440922,0.159780481042891,0.107597506175425,0.0176434174855056,0.361388676089599,0.217296806604857,0.112211414636666,0,0.309103102668878,0.235815084364472,0.15659867767122,0.109028274746372,0.01758452801078
904,0,-1174.0390597472,-1174.03905937173,0.411045442927888,0.200796182374111,0.0937831019652098,2.8688468515017e-08,0.294375244044323,0.181215962417775,0.171154481762109,0.131676989376731,0.0320746445618618,0.411045454720153,0.200796188134646,0.0937831046557034,0,0.294375252489498,0.181215962417775,0.171154481762109,0.131676989376731,0.0320746445618618
905,0,-1115.33494078477,-1115.33493867067,0.470299834674166,0.151686147156503,0.111781408996033,3.419419240085e-08,0.266232574979106,0.0615998466304669,0.213577824097168,0.0843128755322402,0.0222366012313599,0.47029985075569,0.151686152343288,0.111781412818308,0,0.266232584082714,0.0615998466304669,0.213577824097168,0.0843128755322402,0.0222366012313599
906,6.43863450022764e-06,-1164.84361212364,-1164.84361534296,0.364241956391698,0.225789326744473,0.109030012639652,3.3352533870813e-08,0.300938670871643,0.195621612888562,0.160640895832825,0.141819590904644,0.0190629972957112,0.36424196854009,0.225789334275119,0.109030016276079,0,0.300938680908711,0.195621612888562,0.160640895832825,0.141819590904644,0.0190629972957112
907,5.2390141718206e-06,-1132.63196204893,-1132.63196466844,0.396124549028835,0.184374064160136,0.143621410068642,4.39341226137419e-08,0.275879932808264,0.0966874623776798,0.214507535605684,0.0910184244519093,0.0228214267442852,0.39612456643222,0.184374072260449,0.143621416378523,0,0.275879944928808,0.0966874623776798,0.214507535605684,0.0910184244519093,0.0228214267442852
908,0,-1112.47004624953,-1112.4700436105,0.396536047648341,0.22348294184535,0.147412608025716,4.50938588662926e-08,0.232568357386735,0.225480416677042,0.136243728603223,0.0987642723525209,0.0554038022336689,0.396536065529682,0.223482951923058,0.14741261467312,0,0.23256836787414,0.225480416677042,0.136243728603223,0.0987642723525209,0.0554038022336689
909,0,-1088.59381136122,-1088.59381072303,0.322536537179188,0.247923343129376,0.189404231547267,5.79391939431741e-08,0.240135830204976,0.168857374189012,0.178643185213453,0.0719307660577515,0.0385958446099889,0.322536555866696,0.247923357493855,0.189404242521196,0,0.240135844118253,0.168857374189012,0.178643185213453,0.0719307660577515,0.0385958446099889
910,2.98589020530926e-06,-1181.15800132616,-1181.1580028191,0.404913263612853,0.142502647384146,0.130384367960543,3.98848809702444e-08,0.322199681157578,0.0457116582643997,0.168095634124272,0.137934119260179,0.0190485388205829,0.404913280791031,0.142502652770707,0.130384374094991,0,0.322199692343271,0.0457116690551691,0.168095638748887,0.137934147007872,0.0190483075898097
911,0,-1149.0813019168,-1149.08129956451,0.329021059131636,0.2051735883845,0.171964108003057,5.26041678234838e-08,0.29384119187664,0.18367030160575,0.145634172433076,0.125317907014853,0.01644538962007,0.329021334254048,0.2051735546293,0.171963942176419,0,0.293841168940233,0.183667557424963,0.145633830605637,0.125317912906249,0.0164454858979862
912,1.46391704667258,-1130.86171330801,-1131.59367183134,0.460614997874156,0.165377761582881,0.128520666959462,0.0240276926851846,0.221458880898316,0.147927693498435,0.236809779772955,0.0931605539432937,0.0289217610056502,0.443928896893239,0.190959411264013,0.144914853648627,0,0.220196838194121,0.174987241594486,0.245962537326831,0.0911602074288749,0.0289270278364778
913,0.495865241377487,-1209.57509170684,-1209.82302432752,0.329851377552814,0.19073179963271,0.141458420241651,0.0236477609952275,0.314310641577597,0.257343625505821,0.156122875547612,0.124658792487683,0.0700328175893823,0.291167096576785,0.208086763929035,0.179962329655573,0,0.320783809838607,0.283807682623709,0.148694434628068,0.131977875851008,0.0695089713236444
914,0.0849325604326623,-1091.74463214054,-1091.78709842075,0.491476767750135,0.136561809339644,0.125190504360371,0.00862352635267893,0.238147392197171,0,0.173926116222745,0.0846746679671651,0.0258880433402343,0.483887103112233,0.139077784449608,0.137499697333396,0,0.239535415104763,0,0.17336656305727,0.0847421017941689,0.0259021122197604
915,1.46686534208129e-06,-1197.61308630026,-1197.61308703369,0.389698602036875,0.169983326542885,0.160132065436789,4.8984767920306e-08,0.280185956998682,0.176117956844628,0.227607577124555,0.122857541781969,0.0480962163487085,0.389698627033061,0.169983333857632,0.160132064138837,0,0.280185974970469,0.176118048322188,0.227607647491909,0.122857752884031,0.0480959278425568
916,0,-1085.75348829098,-1085.75348723114,0.412923243424343,0.263938635856932,0.146572651321749,4.48369141614281e-08,0.176565424560062,0.114565846133132,0.269006090847391,0.117470194642553,0.0302612117778679,0.412923261938548,0.263938647691126,0.146572657893615,0,0.176565432476711,0.114565846133132,0.269006090847391,0.117470194642553,0.0302612117778679
917,5.01076182254747,-1151.02565867053,-1153.53103958181,0.471672643854398,0.110152238449012,0.102975740026682,0.0455764776619078,0.269622900008,0.015613847300502,0.199986417246232,0.128111947915183,0.0264002693613767,0.443494924830157,0.147647124531694,0.137313938603053,0,0.271544012035095,0.110826401958271,0.204629341213271,0.130489450957846,0.0263811593123909
918,1.62779509141092,-1118.89960889023,-1119.71350643593,0.518498307076375,0.0879068756874943,0.0937659551781495,0.0367125609996456,0.263116301058336,0.0368651464131078,0.151516054053012,0.0951466355652203,0.0339974660320386,0.497734933633989,0.110247179242252,0.130137078284473,0,0.261880808839285,0.0707348843034175,0.158472443146873,0.0943225557773634,0.0340134315032819
919,2.74446665571304e-06,-1083.45848710601,-1083.45848847824,0.421541546645816,0.204333958116946,0.152854111760946,4.67584274859186e-08,0.221270336717865,0.270010823400014,0.216242836609912,0.10371146764153,0,0.421541566356436,0.204333967671281,0.152854118908164,0,0.221270347064119,0.270010823400014,0.216242836609912,0.10371146764153,0
920,0,-1217.92327341726,-1217.92327184987,0.341323606917667,0.23405715022645,0.135530871881426,4.14592082674572e-08,0.289088329515249,0.327314668453568,0.206225095855247,0.140265522406487,0.0128423205129463,0.341323621886065,0.234057159419359,0.135530877824994,0,0.289088340869581,0.327314676082963,0.206225132476341,0.14026550409594,0.0128421831838447
921,0,-1120.06028928249,-1120.06028737848,0.353428735714194,0.264330844492059,0.140635852963532,4.30208327482771e-08,0.241604523809382,0.218105509422429,0.133843732893277,0.119789862877792,0.0367576734196972,0.353428747047542,0.264330864988082,0.14063585640745,0,0.241604531556926,0.218105547315085,0.133843528266615,0.11978987801823,0.0367575293482933
922,0,-1102.15610329165,-1102.15610254634,0.462748932968047,0.148321528709828,0.109911896707074,3.36223043015151e-08,0.279017607992746,0.139370014655743,0.155798500251803,0.0801084600897997,0.0135335327089292,0.462748947872756,0.148321533713447,0.109911900582659,0,0.279017617831138,0.139370013129808,0.155798504829227,0.0801084631405431,0.0135334838579581
923,0,-1134.73108510701,-1134.73108032947,0.359561686226378,0.183769888339987,0.181282003624678,5.54545855740096e-08,0.275386366354371,0.255504849527021,0.165560288634698,0.104396872735532,0.0163715142655275,0.359561706165723,0.183769898530871,0.181282013677597,0,0.275386381625808,0.255504849527021,0.165560288634698,0.104396872735532,0.0163715142655275
924,0,-1069.9617073702,-1069.96170456347,0.353012563954635,0.220024164812523,0.224032459227535,6.20764862914398e-08,0.202930749928821,0.220649101236297,0.154367034940445,0.12559631671802,0.00903679901222447,0.35301169617352,0.220024077884743,0.224033274103914,0,0.202930951837824,0.220649790543037,0.154366812340063,0.125596013245542,0.00903688065924999
925,0,-1162.31345195004,-1162.31344942069,0.353733724216537,0.238136337080966,0.16965995355417,5.18993734884527e-08,0.238469933248953,0.134589748888557,0.265530928171657,0.129532063725306,0.0341059952039179,0.353733742575097,0.238136349440093,0.169659962359416,0,0.238469945625394,0.134589748888557,0.265530928171657,0.129532063725306,0.0341059952039179
926,0.557309690008424,-1205.15275003479,-1205.43140487979,0.378892387286252,0.133508084074238,0.0912614188745018,0.0226549156783474,0.373683194086661,0.0681567882118473,0.201209147646861,0.101917889845064,0.0160798795462176,0.346125943167336,0.169633438880769,0.10935735583085,0,0.374883262121045,0.098463522201079,0.19761766921897,0.114130265057289,0.0160498932190715
927,0,-1132.04739239181,-1132.0473913282,0.492882566708941,0.166227203480758,0.140571891256891,4.30009941062324e-08,0.200318295552417,0.242893544702984,0.281557083494236,0.125965136911421,0.0308647292326163,0.492883093029581,0.166227487276495,0.140571100501997,0,0.200318319191926,0.242893201318372,0.281557627703109,0.125965579055725,0.0308649288847385
928,0,-1123.66143592937,-1123.66143540619,0.370733069785062,0.203516319993483,0.146554876633749,4.48314764306625e-08,0.27919568875623,0.168172263724117,0.172604683706208,0.0772590408098306,0.0204458524335083,0.370733098172324,0.203516315231812,0.146554880880886,0,0.279195705714978,0.16817224183283,0.172604883440529,0.0772589258128334,0.0204459939245338
929,3.09079496219056e-07,-1110.7779924672,-1110.77799262174,0.475705468540308,0.186205290887274,0.115262779810228,3.52591518114397e-08,0.222826425503039,0.27996805995707,0.175187116083049,0.103528699175569,0.0332379697286708,0.47570548531328,0.186205297452715,0.115262783874296,0,0.22282643335971,0.27996805995707,0.175187116083049,0.103528699175569,0.0332379697286708
930,3.01912809148644,-1105.60536594964,-1107.11492999538,0.355988933961029,0.206010904201361,0.124731618354851,0.0619561777880181,0.251312365694741,0.0674080823165146,0.172557845766179,0.0779548586919244,0.0333648394141156,0.340096927029698,0.22838444612273,0.180135624226616,0,0.251383002620956,0.0974646009876783,0.185148277688386,0.0802354179224293,0.0332664822265425
931,0,-1119.86902802456,-1119.86902639029,0.472427420608301,0.151485317443964,0.120238728666117,3.67813061131544e-08,0.255848496500313,0.174668379477984,0.215474121496186,0.0806872257711846,0.0149568009144756,0.472427437984799,0.151485323015792,0.120238733088654,0,0.255848505910755,0.174668379477984,0.215474121496186,0.0806872257711846,0.0149568009144756
932,0,-1212.52164289559,-1212.52164040064,0.292273679840685,0.150392657432162,0.202698036238576,4.60054628949346e-08,0.354635580483114,0.221505572166837,0.19494751271265,0.0844302069896763,0.029136298728422,0.292273693286872,0.150392664351046,0.202698045563794,0,0.354635596798289,0.221505572166837,0.19494751271265,0.0844302069896763,0.029136298728422
933,0,-1143.82154408767,-1143.82154284568,0.335671561880763,0.274566178799944,0.172812442536831,5.28637061251434e-08,0.216949763918755,0.249267880360775,0.228074011456933,0.0996132098867233,0.0505564338120754,0.335671629050106,0.274566257609298,0.17281237614532,0,0.216949737195276,0.249266721844861,0.228073794862909,0.0996133319756281,0.0505564850387264
934,8.49772069055734,-1120.59342223547,-1124.84228258075,0.477651111901505,0.110469803408238,0.0903444607608187,0.0487321746544222,0.272802449275015,0,0.177772656861286,0.107286637153294,0.022739250782459,0.473760782525354,0.12762422270881,0.129315725957313,0,0.269299268808523,0,0.198790685752117,0.112115387082925,0.0228367872091383
935,1.60717722792469e-05,-1056.66821757689,-1056.66822561278,0.460706519565809,0.17542563799666,0.121010306254202,3.70173334877968e-08,0.242857499165996,0.0931536383241213,0.167214240462519,0.0856056696838621,0.0133612633520973,0.460706536619936,0.17542564449045,0.121010310733681,0,0.242857508155934,0.0931536383241213,0.167214240462519,0.0856056696838621,0.0133612633520973
936,3.98750992450596,-1182.85722648525,-1184.85098144751,0.414794947508362,0.191050492856893,0.0546531157143505,0.0721725498082764,0.267328894112118,0.229367399286949,0.205469081563749,0.16316765469735,0.0365425450415846,0.392081962575542,0.22023131055818,0.113783262208785,0,0.273903464657493,0.222721959704435,0.203153703890518,0.165461328494183,0.0365220208497788
937,6.39043400951778e-06,-1090.32363529068,-1090.3236384859,0.372469550763468,0.180464718328216,0.228756611281685,5.52045761053096e-08,0.218309064422055,0.487861807347525,0.149696951004855,0.0652459349408015,0.0513527166560602,0.372469571325493,0.180464728290694,0.228756623910097,0,0.218309076473715,0.487861807347525,0.149696951004855,0.0652459349408015,0.0513527166560602
938,0,-1078.56008721259,-1078.56008535122,0.410448638846375,0.202797732727783,0.154296359252744,4.71996143403976e-08,0.232457221973484,0.192515309897955,0.167911671574369,0.0941059233469576,0.0239757540888398,0.410448658219393,0.202797742299758,0.154296366535473,0,0.232457232945376,0.192515309897955,0.167911671574369,0.0941059233469576,0.0239757540888398
939,0,-1129.17053676901,-1129.17053460044,0.416158739701526,0.177802596350411,0.160192387692678,4.90032231219183e-08,0.245846227252162,0.297369660384592,0.164272857739045,0.122312807423985,0.0279372277954059,0.416158760094647,0.177802605063312,0.160192395542622,0,0.24584623929942,0.297369660384592,0.164272857739045,0.122312807423985,0.0279372277954059
940,0,-1122.74039449592,-1122.74039083966,0.467234458811581,0.13953646410736,0.151747030456355,4.26845281650612e-08,0.241482003940176,0.021798568955559,0.222472357946457,0.1146299069329,0.0148965688106506,0.467234478755265,0.139536470063408,0.151747036933605,0,0.241482014247722,0.021798568955559,0.222472357946457,0.1146299069329,0.0148965688106506
941,3.26333974953741e-07,-1071.61289542923,-1071.6128955924,0.402556672725967,0.23607374225309,0.16004919692751,4.89594207500296e-08,0.201320339134012,0.270102213442544,0.212100358918455,0.084606542362233,0.00444325980494583,0.402556692204927,0.236073753830355,0.160049204826972,0,0.201320349137746,0.270102215691545,0.212100359928375,0.0846065386217356,0.00444343608248783
942,0,-1169.67787314963,-1169.67787112834,0.313751306647731,0.247673102111517,0.129365511238048,3.95731634791351e-08,0.30921004042954,0.188404015750026,0.228925450576039,0.087615897970128,0.0343135295855923,0.313751057530967,0.247672902173825,0.129365746556559,0,0.309210293738649,0.188405594029314,0.228925797793493,0.087616737046438,0.0343134623551124
943,0,-1163.45748472646,-1163.45748283373,0.436169403794897,0.185422049840303,0.130037011420732,3.97786235447242e-08,0.248371495165445,0.278885040030059,0.190706373635627,0.119686067383949,0.0505623689465047,0.436169421145116,0.185422057216137,0.130037016593425,0,0.248371505045322,0.278885040030059,0.190706373635627,0.119686067383949,0.0505623689465047
944,2.64859681919916e-06,-1129.99443509625,-1129.99443642054,0.282534574149484,0.316980397530754,0.195358288517374,5.976055378673e-08,0.205126680041834,0.151557161323316,0.261799609979208,0.101247559490983,0.0740717333669508,0.282534591033908,0.316980416473679,0.195358300192094,0,0.205126692300318,0.151557161323316,0.261799609979208,0.101247559490983,0.0740717333669508
945,0,-1150.15693238644,-1150.15693012204,0.3821672331286,0.20554160771539,0.124351910142092,3.80395378713005e-08,0.287939210974381,0.162740609520323,0.229867870492982,0.111418864705906,0.0174661519852043,0.382167247666065,0.205541615534098,0.124351914872381,0,0.287939221927456,0.162740609520323,0.229867870492982,0.111418864705906,0.0174661519852043
946,4.38611035201302,-1134.36935462049,-1136.5624097965,0.419148280090029,0.211224877550646,0.082623353695187,0.0495417852075141,0.237461703456624,0.111110091714664,0.29569136858018,0.120633341734003,0.0179113542443422,0.381351463404306,0.230681717074193,0.14404006154651,0,0.243926757974992,0.180390776410809,0.289318259700717,0.121431388317853,0.017917127632722
947,0,-1129.49829967868,-1129.49829739596,0.351594925957404,0.243929075226305,0.153054216649161,4.68196374121074e-08,0.251421735347492,0.222876896400526,0.207627319876561,0.146062914916026,0.00455739625468378,0.35159400441473,0.243929275274504,0.153054281408686,0,0.25142243890208,0.222877202922714,0.207627038035549,0.146062752463377,0.00455741392785216
948,0,-1106.73867523605,-1106.73867476643,0.374772682797948,0.253496820877748,0.118496820753253,3.6248452440509e-08,0.253233639322599,0.145579897464704,0.15864348447909,0.11718593430797,0.0255764494774253,0.374772696382878,0.253496830066616,0.11849682504858,0,0.253233648501926,0.145579897464704,0.15864348447909,0.11718593430797,0.0255764494774253
949,0,-1118.09940826036,-1118.09940738828,0.351438249499795,0.266541441614809,0.138187840542813,4.22719807200824e-08,0.243832426070603,0.156822383030705,0.224484701360352,0.116357676948307,0.0281078147877707,0.351438262443488,0.266541457645304,0.138187844860103,0,0.243832435051105,0.156822353890748,0.2244846693064,0.116357659464333,0.0281076923999522
950,7.70369465365911,-1053.31585479183,-1057.16770211866,0.419358744807156,0.2145916911597,0.0882460830510227,0.0786697329568159,0.199133748025306,0.136347491130989,0.182055932415868,0.0841599774291726,0.0218164880009119,0.345521730433846,0.269916243939839,0.176717095372301,0,0.207844930254015,0.230968868387598,0.187550140844559,0.0836907225125455,0.0215942017799911
951,9.0904974954401,-1138.74057984337,-1143.28582859109,0.447265864827604,0.167038054631208,0.0632997262337584,0.0642021662017526,0.258194188105678,0.147741215773769,0.181092139574924,0.100403474218217,0.040293739101669,0.430748133784009,0.204316856517013,0.105746291494282,0,0.259188718204696,0.19237176025647,0.19513757672693,0.10041675411111,0.0393374211885418
952,0,-1108.7330862261,-1108.73308228217,0.368145857632559,0.179854508993724,0.192260179611071,5.50179116538967e-08,0.259739398744734,0.284991353039035,0.165513633589288,0.100987746586467,0.0129601251648698,0.368145877887177,0.179854518888944,0.192260190188825,0,0.259739413035054,0.284991353039035,0.165513633589288,0.100987746586467,0.0129601251648698
953,0,-1152.07964951581,-1152.07964871542,0.389032340524593,0.25567364932602,0.114402577415281,3.49960139027242e-08,0.240891397738092,0.28724808240088,0.269732933441565,0.158096676212629,0.0321513580111365,0.389032354139175,0.255673658273579,0.114402581418915,0,0.240891406168331,0.28724808240088,0.269732933441565,0.158096676212629,0.0321513580111365
954,0,-1148.31286208619,-1148.31286034127,0.455452857343272,0.143828163421924,0.153537820253975,4.39973689442823e-08,0.24718111498346,0.126153640511725,0.139573226010985,0.154312934353253,0.0362617646026385,0.455452877382001,0.143828169749985,0.153537827009235,0,0.247181125858779,0.126153640511725,0.139573226010985,0.154312934353253,0.0362617646026385
955,0,-1130.65544833184,-1130.65544718415,0.368590368047048,0.18605584616684,0.177891156674153,5.44173004343686e-08,0.267462574694659,0.228032909566778,0.110223937333256,0.137382026193282,0.0369961568836829,0.368590337586181,0.18605581144984,0.177891106062322,0,0.267462744901658,0.22803326829543,0.110223820775718,0.137381657623978,0.0369959606465964
956,0.260255701659844,-1172.70715803625,-1172.83728588708,0.407878564461318,0.192906529870792,0.10676896847382,0.0613812123009005,0.231064724893169,0.232704635071646,0.219782935666781,0.144410939065326,0.044698076338511,0.353467067801763,0.260560142775143,0.155101750274515,0,0.23087103914858,0.26181652566946,0.223123194889429,0.14949163389635,0.0445146972633061
957,1.45534613693599e-06,-1124.51488753003,-1124.5148882577,0.509897864603797,0.159906505874609,0.0945445639720444,2.89214015098817e-08,0.235651036628148,0.0983584260077054,0.244156083979311,0.0703104399949511,0.0403949588892549,0.509897879350759,0.159906510499329,0.0945445667064057,0,0.235651043443506,0.0983584260077054,0.244156083979311,0.0703104399949511,0.0403949588892549
958,0,-1068.7158497221,-1068.71584963878,0.376091971407532,0.230126227796589,0.184460908133753,5.6427019813255e-08,0.209320836235106,0.040544117745785,0.173216826292145,0.168088955220937,0.00491752988426048,0.376091992815235,0.230126240676383,0.184460918458211,0,0.209320848050171,0.0405441242193006,0.173216820997636,0.168088958485537,0.00491743926072336
959,0,-1146.11722589004,-1146.11722254288,0.423395680923223,0.197680610839141,0.170815599567022,5.22528882854625e-08,0.208108056417727,0.26544337665674,0.261575776702034,0.125639817248523,0.0399230912495727,0.423395703046871,0.197680621168524,0.170815608492631,0,0.208108067291974,0.26544337665674,0.261575776702034,0.125639817248523,0.0399230912495727
960,0,-1168.21226922108,-1168.21226761388,0.343030744810226,0.218633099212419,0.126803014243249,3.87893363036358e-08,0.31153310294477,0.1445245830651,0.170771194252894,0.143530790333677,0.0219281391746304,0.343030758116162,0.218633107693052,0.126803019161854,0,0.311533115028933,0.1445245830651,0.170771194252894,0.143530790333677,0.0219281391746304
961,0,-1089.09337270885,-1089.09337247939,0.485435073213175,0.218057290839504,0.080889966143727,2.47444283486802e-08,0.215617645059165,0.115965822990099,0.229311557782462,0.120144834625253,0.0228310130364246,0.485435085224989,0.218057296235208,0.080889968145303,0,0.215617650394501,0.115965822990099,0.229311557782462,0.120144834625253,0.0228310130364246
962,0,-1066.38419091609,-1066.38418838274,0.374830433124649,0.230939146295256,0.188239721459641,5.75829686902652e-08,0.205990641537485,0.227494124390246,0.180292773806122,0.109460705116668,0.0199271412515639,0.374830450763563,0.230939162593115,0.188239736219518,0,0.205990650423804,0.227494081281777,0.180292718940799,0.109460638494489,0.0199270667914818
963,2.64015129461814,-1171.68063991368,-1173.00071556099,0.372434072365813,0.146989376889087,0.112547065753411,0.0436863342083464,0.324343150783343,0.220896038438257,0.155071519316911,0.105046415855738,0.0139871420722887,0.360261088323446,0.167831820322334,0.148715800252238,0,0.323191291101982,0.229913847335551,0.166200800409454,0.107595070700826,0.0139938022452536
964,9.09027803825575,-1136.46504729898,-1141.0101863181,0.423857380781992,0.152856875037075,0.0931924372153336,0.0731096003525195,0.256983706613079,0.161561707964682,0.188283750159477,0.0790030740808128,0.0518489528946479,0.387229848419334,0.209741047494512,0.157904870076334,0,0.245124234009821,0.247374629003688,0.198984744828285,0.0842207091216892,0.0520771289483089
965,0,-1141.12472652179,-1141.1247256762,0.467447714803033,0.181559419279403,0.0941537883903697,2.88018640220041e-08,0.25683904872533,0.151469644281764,0.201491147056905,0.11372951121727,0.0137365053330006,0.467447704173682,0.181559431916757,0.0941537973070755,0,0.256839066602485,0.151469732705642,0.201491203151709,0.11372964664696,0.0137365416212837
966,5.77450009586755e-07,-1143.39584943476,-1143.39584972349,0.362803907690665,0.241475504044517,0.189852795025779,5.80764105521432e-08,0.205867735162629,0.305222197889168,0.233336310622648,0.145577361377439,0.0394734247850681,0.362803928761015,0.241475518068549,0.189852806051748,0,0.205867747118688,0.305222197889168,0.233336310622648,0.145577361377439,0.0394734247850681
967,0,-1140.26883839353,-1140.26883815118,0.406151787624297,0.175122466743876,0.106339194350365,3.25294063120713e-08,0.312386518752056,0.120520992330814,0.165250463500827,0.10524375994473,0.00347762212030866,0.406151800836174,0.175122472440506,0.106339197809516,0,0.312386528913804,0.120520992330814,0.165250463500827,0.10524375994473,0.00347762212030866
968,0,-1102.93987566875,-1102.93987428584,0.456200919258273,0.160050932675965,0.18020026722106,4.8959953503102e-08,0.203547831884748,0.253990411165062,0.159815585310098,0.162842256437766,0.0230409511194453,0.456200827959807,0.160050962734392,0.180200316956337,0,0.203547892349464,0.253990392055594,0.159815261527474,0.16284231413641,0.0230410284368138
969,7.47958474608276,-1207.97621965048,-1211.71601202353,0.338933522451569,0.150591526065605,0.143632423502615,0.0921656045922855,0.274676923387926,0.262073100650439,0.178607820634389,0.217226469960015,0.0254530552045904,0.334129593071235,0.173759389427277,0.22847327222215,0,0.263637745279338,0.256540522164479,0.212010765899292,0.227230129071692,0.0254735767032237
970,0,-1121.89476388458,-1121.8947621654,0.407988600548322,0.190848514606358,0.14395442480121,4.40359925931958e-08,0.257208416008117,0.19008025893426,0.169257443879555,0.145362865636975,0.0227868800962258,0.407988618514506,0.190848523010563,0.143954431140386,0,0.257208427334545,0.19008025893426,0.169257443879555,0.145362865636975,0.0227868800962258
971,3.17178682962549e-06,-1119.35392709402,-1119.35392867991,0.361701333124857,0.238607247153641,0.116246795113665,3.55604173938251e-08,0.283444589047419,0.0238525328762178,0.154070593834157,0.082733402362025,0.0472099504298739,0.361702177996637,0.238606244525311,0.116246890977772,0,0.28344468650028,0.0238521268385459,0.154070177464373,0.0827335772793344,0.0472100808850287
972,0,-1121.63202615885,-1121.6320241332,0.393128438000294,0.233333179863025,0.140156003200039,4.28740466111533e-08,0.233382336062595,0.133764972429165,0.181005110675758,0.0922083474860052,0.0501794298246279,0.393128454855301,0.233333189866964,0.140156009209095,0,0.233382346068641,0.133764972429165,0.181005110675758,0.0922083474860052,0.0501794298246279
973,2.49241916778146,-1096.57025351372,-1097.81646309761,0.43107355459239,0.161376531206098,0.0908036967927697,0.109257396718889,0.207488820689854,0.31247923671674,0.167815250732721,0.0909360681916457,0.0288208664851491,0.401832458773518,0.194541169378371,0.195391710756281,0,0.20823466109183,0.360637807069538,0.164554066389809,0.0904091605238181,0.0288165989143321
974,0.607340321322226,-1168.24147786082,-1168.54514802148,0.347766050566656,0.164426140006623,0.108648869062151,0.0651265306153104,0.31403240974926,0.18383445211739,0.208374337524496,0.0606275819692041,0.023673056055602,0.329276802107882,0.20100992854268,0.160844284641422,0,0.308868984708017,0.225360366490115,0.215965892462341,0.0605762045316795,0.0234004808380018
975,0.571977815717673,-1125.44533052649,-1125.73131943435,0.465358086027471,0.155417083129892,0.111816007244449,0.0266264569606054,0.240782366637583,0.0945405908357628,0.169926500482779,0.107431660239949,0.0442279150118852,0.451660456823858,0.160992916736865,0.142731768005725,0,0.244614858433552,0.12268591753734,0.166601203054459,0.106309195250953,0.0441378867245583
976,8.67906601342838e-06,-1086.10595454315,-1086.10595888268,0.327702256727788,0.215860332703036,0.192823789744877,5.89852447309139e-08,0.263613561839054,0.111035070910663,0.149454283014899,0.0667126177164622,0.0240834785298992,0.327702276057387,0.215860345435612,0.192823801118636,0,0.263613577388365,0.111035070910663,0.149454283014899,0.0667126177164622,0.0240834785298992
977,0,-1159.47602115282,-1159.47601884492,0.361061851697352,0.171476079162186,0.198354343291342,5.24549305262674e-08,0.269107673394189,0.140242662723087,0.16707782062857,0.115028342299372,0.0569366003365328,0.361061870636828,0.171476088156952,0.198354353696006,0,0.269107687510214,0.140242662723087,0.16707782062857,0.115028342299372,0.0569366003365328
978,0,-1064.5082511358,-1064.50824938171,0.417830495689342,0.215719473300643,0.15936950859139,4.87515669922807e-08,0.207080473667058,0.268357909410269,0.152602772647723,0.056352009481471,0.0490519851376685,0.417830592113649,0.215719637517508,0.159370036102539,0,0.207079734266305,0.268358519077077,0.152602820059039,0.0563520594982522,0.0490523963993479
979,0.295918814497327,-1095.10687776562,-1095.25483717287,0.467837343196967,0.162539690097128,0.0914320072482102,0.0134336079512476,0.264757351506447,0.0644206741501275,0.118797327676657,0.095110439952075,0.0298311396102477,0.450796264569729,0.181023971775946,0.107844921798973,0,0.260334841855352,0.156548845305738,0.119907241726208,0.0959655541072572,0.0300009812812324
980,0,-1134.89487830165,-1134.89487639635,0.433607981728911,0.20139325871478,0.119319715321536,3.65001777984752e-08,0.245679007734595,0.0878288470529898,0.207885960661738,0.120491795011858,0.0336792209274323,0.43360799755568,0.20139326606567,0.119319719676727,0,0.245679016701922,0.0878288470529898,0.207885960661738,0.120491795011858,0.0336792209274323
981,0,-1074.89198076595,-1074.89198034924,0.397099347881112,0.18818020640848,0.152963989757386,4.67921153763982e-08,0.261756409160907,0.0866541543009018,0.130797081454756,0.127623714051361,0.00826465252042535,0.397099194159031,0.188179880434245,0.152964318387289,0,0.261756607019435,0.0866548004564055,0.130797069803696,0.127623767497408,0.00826473122939791
982,4.69068618258461e-06,-1153.23942390109,-1153.23942624643,0.312281098726573,0.239859860448287,0.151740732244162,4.6417912127896e-08,0.296118262163066,0.218382604455243,0.174347112769869,0.111521476808873,0.0115775867672802,0.312281068659384,0.239859966235847,0.151740710903828,0,0.296118254200942,0.218383030378814,0.174346941050562,0.111521554912567,0.0115776812901741
983,0.0682566698314986,-1063.69960733059,-1063.73373566551,0.456651616474806,0.240162838068833,0.0842894685789048,0.0226137901208172,0.196282286756639,0.211269337294465,0.172086432158972,0.0913493691344621,0.0234786471068565,0.437684204422296,0.269879607164669,0.0951741261082227,0,0.197262062304812,0.229270059075988,0.173006167484434,0.0947655138572823,0.0234581328165393
984,2.59159401742681,-1122.46430831313,-1123.76010532184,0.464134340632881,0.194872975391023,0.0836758035521949,0.0405710819628868,0.216745798461014,0.211407250717362,0.172265614849847,0.144957945670223,0.0458557330061777,0.455725203723236,0.206921681720215,0.120062975491177,0,0.217290139065371,0.229609405356534,0.173494489375586,0.147979204670317,0.0456703178793648
985,0,-1131.0991453018,-1131.09914347931,0.317255697494578,0.283971709782301,0.129647912179221,3.96595971838407e-08,0.269124640884302,0.118751832596091,0.202247057106636,0.101685209220365,0.043817605885482,0.317255710076812,0.283971721044506,0.129647917321005,0,0.269124651557677,0.118751832596091,0.202247057106636,0.101685209220365,0.043817605885482
986,1.01323610214922,-1140.88992642266,-1141.39654447373,0.423350762259445,0.176555085184294,0.0952288022834993,0.0175191085975351,0.287346241675227,0.0431841524761427,0.167723601978106,0.110782619964634,0.037743777118776,0.39818165043921,0.202602404340734,0.105702638161678,0,0.293513307058377,0.0417181519783882,0.17099227435096,0.115419084074892,0.0376999256185305
987,0,-1136.86724155995,-1136.86723896607,0.346495634635423,0.240025831625772,0.149172529859409,4.56322230391211e-08,0.264305958247173,0.230112233380624,0.17473407643693,0.0817057314891323,0.0411207415292753,0.346495650446789,0.240025842578685,0.149172536666484,0,0.264305970308042,0.230112233380624,0.17473407643693,0.0817057314891323,0.0411207415292753
988,0,-1201.96302615957,-1201.96302446135,0.364540138451242,0.210007728619188,0.113552566425627,3.47359935685371e-08,0.311899531767949,0.190845986522187,0.128711798399857,0.163006822574518,0.0424325693933568,0.364540151113906,0.210007735914016,0.113552570369989,0,0.31189954260209,0.190845986522187,0.128711798399857,0.163006822574518,0.0424325693933568
989,0.0795843438204429,-1112.32359109247,-1112.36338326438,0.526080236455357,0.151414120680735,0.105308463855272,0.0199701209626961,0.19722705804594,0.0908870043949968,0.278235299294796,0.100127984118035,0.0351814422521523,0.506895229279695,0.16239198450359,0.134982800253169,0,0.195729985963547,0.090764069540213,0.279760404994823,0.106481877949367,0.0351849916699564
990,0,-1161.64245789856,-1161.64245645962,0.359206371628394,0.241993959258998,0.105305856594397,3.22133058946586e-08,0.293493780304905,0.18453291676976,0.201317461226991,0.126481313698342,0.0200451118463135,0.359206383199619,0.241993967054424,0.105305859986647,0,0.29349378975931,0.18453291676976,0.201317461226991,0.126481313698342,0.0200451118463135
991,0,-1169.11449921928,-1169.11449777775,0.311747858339586,0.267691298984653,0.105515608905726,3.22774693554721e-08,0.315045201492567,0.234418999675306,0.174242723229257,0.0979056638818173,0.0216905044652688,0.311747949890712,0.267690980023195,0.105515607828822,0,0.315045462257271,0.234419176555109,0.174242724977497,0.0979054266418404,0.0216905854269701
992,1.04098394331231e-05,-1126.39709945907,-1126.39710466399,0.36222844017276,0.263893197288189,0.140503535706667,4.29803576113807e-08,0.233374783852026,0.154829796274255,0.196128960328541,0.131366696347109,0.0400069143769298,0.362228455741469,0.263893208630413,0.14050354174556,0,0.233374793882559,0.154829796274255,0.196128960328541,0.131366696347109,0.0400069143769298
993,1.74674864930194,-1112.88704975473,-1113.76042407938,0.43252200514689,0.171084468931751,0.052271309399798,0.094242695651289,0.249879520870272,0.23109020225094,0.232932808258414,0.0989983490258232,0.00442890392869332,0.41750686627652,0.229500321315694,0.109278543676042,0,0.243714268731744,0.280199878783716,0.236510352074899,0.112286991542123,0.00444702420215187
994,0,-1152.80688861252,-1152.8068879868,0.399346658588779,0.134857160958805,0.167504151537967,4.12531184735866e-08,0.298291987661331,0.212365716901721,0.16643040852593,0.0895124663877053,0.0361961551535235,0.399346675063075,0.134857166522083,0.167504158448036,0,0.298291999966806,0.212365716901721,0.16643040852593,0.0895124663877053,0.0361961551535235
995,0.49372655606885,-1096.90574779382,-1097.15261107186,0.416269426454476,0.165919244133857,0.131402364311742,0.0232439440436314,0.263165021056294,0.136471950259847,0.166988802460845,0.0552964898216951,0.036097920924797,0.401459544024801,0.181097068407108,0.151619322938941,0,0.26582406462915,0.14359901837808,0.165410396944401,0.0550058794249394,0.0360759109183475
996,0,-1112.94682331042,-1112.9468231561,0.380627002322151,0.247333630309507,0.146410207885271,4.47872223372592e-08,0.225629114695848,0.187129763605768,0.157186171935793,0.156264065775678,0.0151945111885334,0.380627019369378,0.247333641386893,0.146410214442578,0,0.22562912480115,0.187129763605768,0.157186171935793,0.156264065775678,0.0151945111885334
997,6.47619981464231e-06,-1163.28920671737,-1163.28920995547,0.355072326308004,0.14871845401532,0.184886676511835,4.54938874307764e-08,0.311322497670953,0.157271301747626,0.15517245699791,0.129724458311432,0.0187938676593883,0.355070459915685,0.148720182796345,0.184887244771198,0,0.311322112516772,0.157292910966936,0.155171838634118,0.12972404114519,0.0187939031313041
998,0,-1209.15549651709,-1209.15549458834,0.339410367673995,0.162459214006484,0.140244995343452,4.29012695143297e-08,0.357885380074799,0.244403043385333,0.143447380945176,0.13773288199171,0.021909410623112,0.339410382235131,0.162459220976191,0.140245001360141,0,0.357885395428537,0.244403043385333,0.143447380945176,0.13773288199171,0.021909410623112
999,0,-1116.14500879332,-1116.145007852,0.343819772159782,0.243574204117315,0.188991916116156,5.78130656960184e-08,0.223614049793681,0.121288718883879,0.215504584375776,0.108235209564927,0.0422900139173369,0.343819792037059,0.243574218199087,0.188991927042358,0,0.223614062721496,0.121288718883879,0.215504584375776,0.108235209564927,0.0422900139173369
1000,5.51485102389188,-1188.73734195197,-1191.49476746392,0.372524370226514,0.187795080808004,0.0835426816460034,0.0348362087536928,0.321301658565785,0.127470122851741,0.178414317409948,0.104661791387082,0.0383934348111688,0.345580346068951,0.206216775847591,0.118357807069638,0,0.329845071013821,0.144597120866201,0.175494420933279,0.107026803239084,0.0381006654476263
