"replicate","lr","ll_full","ll_restr","pi_full_self","pi_full_self_mob","pi_full_self_mer","pi_full_self_mob_mer","pi_full_rand","tr_full_spec","tr_full_high","tr_full_medium","tr_full_low","pi_restr_self","pi_restr_self_mob","pi_restr_self_mer","pi_restr_self_mob_mer","pi_restr_rand","tr_restr_spec","tr_restr_high","tr_restr_medium","tr_restr_low"
1,0.199179765017107,-1069.18822358601,-1069.28781346852,0.497217794509211,0.110093576726112,0.00619972517820066,0.168466197999067,0.218022705587409,0.0492723065265862,0.184401962691541,0.104730125353154,0.0235680980722894,0.499321699104287,0.110101884457382,0,0.171857091243773,0.218719325194557,0.0517375491444545,0.184229447346805,0.105825905229034,0.0235658776249838
2,0,-1123.86976947712,-1123.8697694388,0.457109984968561,0.0892035659202259,2.24688382806813e-09,0.175557244395895,0.278129202468434,0.097097130902447,0.15280360471088,0.116188855464076,0.0180649904748853,0.45710996535576,0.089203580603497,0,0.175557273988278,0.278129180052466,0.0970972238649971,0.152803609488816,0.116188861698941,0.018064991087151
3,0.205033469105729,-1089.52528675287,-1089.62780348743,0.441950493835324,0.154183474011752,0.00624527404112822,0.183547488356856,0.214073269754939,0.158167253573036,0.125570547512291,0.113659431422518,0.0314270181403102,0.444084653562871,0.154020941529265,0,0.188796201621804,0.213098203286059,0.15940871402636,0.125721658206178,0.118387715734805,0.031437137234262
4,5.55437509319745e-08,-1155.32357325118,-1155.32357327895,0.377145988961956,0.125241079243583,4.8415701941618e-12,0.207914234015803,0.289698697773817,0.205058120481125,0.114265503908423,0.164284081864984,0.0216982462246307,0.377145781481288,0.125241757773724,0,0.207914221411496,0.289698239333493,0.205058885820704,0.114265337564312,0.164284416910266,0.0216982589313664
5,2.65807102550752e-07,-1067.62300480142,-1067.62300493433,0.45317107139187,0.152438707217447,4.57831776497655e-08,0.14966600310406,0.244724172503445,0.155920531269362,0.132147306275109,0.0776700920096806,0.025231982485728,0.453171092139482,0.152438714196576,0,0.149666009956246,0.244724183707696,0.155920531269362,0.132147306275109,0.0776700920096806,0.025231982485728
6,0.609872134702528,-1128.45476384563,-1128.75969991298,0.400765674718678,0.133136778587465,0.00712815221703809,0.180494286837058,0.278475107639761,0.0381913570044276,0.170503603379651,0.0747760288683722,0.0437376765505542,0.40374393999982,0.133409505344308,0,0.185150980107484,0.277695574548388,0.0442939432307273,0.170113195614835,0.0799490706468159,0.0437798660197855
7,3.99581975040655,-1078.18703099331,-1080.18494086851,0.421220753727635,0.198667642640951,0.0201217567967951,0.1454542523587,0.21453559447592,0.146599868226459,0.148705329153683,0.13515035520337,0.0283138683894882,0.428261761403187,0.196170145688132,0,0.155293026695673,0.220275066213008,0.138645682659543,0.147533870802338,0.142653517876865,0.0283097940535156
8,0.197996508776214,-1124.52784763159,-1124.62684588598,0.497227635793341,0.092820673046581,0.00583405562556105,0.123002560114522,0.281115075419994,0.0275372495907307,0.172180222103636,0.0738894257365443,0.0356372492499841,0.501177178485326,0.0924488717967644,0,0.127429953770481,0.278943995947429,0.0270192815346605,0.172446226746417,0.0818169082052622,0.0356378949581738
9,0,-1082.87246008847,-1082.87246003414,0.511109504981245,0.0937612249003953,2.62895899263567e-10,0.161230259518053,0.233899010337411,0.0794227528986014,0.142992744889264,0.11368011098092,0.0328282450040229,0.511109455823211,0.0937612454721757,0,0.161230332502362,0.233898966202251,0.0794229473965214,0.142992750209807,0.113680122747829,0.0328282443224746
10,5.70348674955312e-08,-1155.63066270774,-1155.63066273626,0.397769967296671,0.0854757070959508,2.79348734230581e-10,0.236728402915484,0.280025922412546,0.140201597130727,0.147749816164085,0.116805613448014,0.0523581254346267,0.39777001213631,0.0854755736507864,0,0.236728476782886,0.280025937430018,0.140201363934685,0.147749826350375,0.116805666030006,0.0523581282672132
11,1.88986201261923,-1167.87503080227,-1168.81996180858,0.374201514155125,0.14194447383073,0.0186476804922821,0.144740032441704,0.320466299080158,0.107301618348026,0.15311351034838,0.10216301551305,0.0237353510406133,0.383613033126435,0.141935235925276,0,0.154238980929382,0.320212750018907,0.114333699525851,0.156329803580282,0.107832594760416,0.0236339808125653
12,0,-1144.14820079086,-1144.14820074153,0.38928232463167,0.156271939694129,1.66537088444732e-10,0.211730657174094,0.24271507833357,0.222572345428861,0.189731114148471,0.15860710033494,0.0204171684108062,0.389282329669195,0.156271955269329,0,0.211730642201397,0.242715072860079,0.222572315903184,0.18973110868145,0.158607105613453,0.0204171671064839
13,0.758120581238472,-1175.39695650163,-1175.77601679225,0.421648618907328,0.061402802020861,0.0136809666059566,0.219970701399111,0.283296911066744,0.113960155682971,0.225402304782871,0.1476258144246,0.0267150935943344,0.427381940511993,0.0612385095512858,0,0.227264922340994,0.284114627595727,0.116866263690168,0.225417615610153,0.155899293035503,0.0266413464451465
14,0.0615805248608012,-1162.65254913292,-1162.68333939535,0.372480320860111,0.165726937098516,0.00532078883510284,0.192650510309256,0.263821442897014,0.107991884937157,0.15574316350076,0.206091109837985,0.0206330620386504,0.373837034896294,0.165527044039002,0,0.196844989077483,0.26379093198722,0.106993839818711,0.155565972988611,0.209257068230996,0.0206336301664787
15,0.304788062572698,-1108.23131987393,-1108.38371390522,0.457259958749038,0.0752713926487212,0.00682903059910602,0.228949022063394,0.231690595939741,0.100365585811727,0.18161144087367,0.0781109172050963,0.0269335573911727,0.458564745214288,0.0752861857182926,0,0.235075974721191,0.231073094346228,0.102289656454179,0.181551507536871,0.0809511314016111,0.0269360772545172
16,0.697753773731165,-1126.2414790128,-1126.59035589966,0.423920204149885,0.111486373851328,0.00795825627473209,0.158744402701548,0.297890763022506,0.129934662447892,0.121992448050426,0.0816757405399642,0.0279100920436597,0.428594440786792,0.111183553595352,0,0.160997752621538,0.299224252996318,0.132998290958289,0.120545933006577,0.0856033689670131,0.0279202916198864
17,5.16632150453552,-1105.76170435468,-1108.34486510695,0.443591201991993,0.131971288560462,0.0388688958837907,0.15877334357999,0.226795269983765,0.125378308638539,0.192800481362684,0.104865620214205,0.0147816775835783,0.453932525364824,0.13200220339568,0,0.193469289445824,0.220595981793673,0.133352079199802,0.199980060834786,0.127626756183221,0.0149997022679269
18,0.124450942278145,-1084.9179896309,-1084.98021510204,0.439684613613677,0.138151702516198,0.00640079972810281,0.21319068783141,0.202572196310612,0.169692980925372,0.152159504739697,0.0957108482186586,0.0387359414772413,0.44041081291428,0.138383866046011,0,0.21701527747273,0.20419004356698,0.174986841606456,0.151199595131506,0.0963385277292602,0.0387171484384279
19,0,-1133.51439423677,-1133.51439419447,0.430844901565717,0.0769827551484403,2.66986231690337e-09,0.228484311218029,0.263688029397951,0.242257350588005,0.109970766289615,0.110358598348153,0.0381382180304554,0.430844905047869,0.0769827440800057,0,0.228484310451429,0.263688040420697,0.242257331551664,0.109970755957467,0.110358610994983,0.0381382126841093
20,0.56516064216521,-1045.18600672237,-1045.46858704345,0.484607195111688,0.136000645585958,0.0124719715552907,0.166321232222174,0.20059895552489,0.0415718749891864,0.0991868562166236,0.139054827823987,0.0296930814426625,0.486663397707719,0.136054115252736,0,0.174521422006103,0.202761065033443,0.0469636733898886,0.0989890441830234,0.137876582989953,0.0296010719089357
21,1.57360738135276,-1130.72259199975,-1131.50939569043,0.47254753007379,0.126897422543704,0.0156868504967184,0.118341255154415,0.266526941731372,0.148294855186563,0.13035802144559,0.1067600857509,0.042414532734935,0.481729821391734,0.126559656017159,0,0.12562209243002,0.266088430161087,0.155760575675882,0.130241863560629,0.115179277744693,0.0424437183311539
22,9.69807842921e-08,-1177.6907319101,-1177.69073195859,0.411511648198521,0.116780420022739,3.25187457623461e-10,0.146221675225419,0.325486256228134,0.0726586717171836,0.135794103338998,0.130833307990405,0.0315457767261624,0.411511554866925,0.11678020770365,0,0.146221937650736,0.325486299778689,0.0726587260505815,0.135793977264493,0.130833379811252,0.0315457586492908
23,2.00302797779341,-1130.39958302562,-1131.40109701451,0.405042660959805,0.126911261529013,0.0199484499756562,0.160804401105139,0.287293226430387,0.167403964108101,0.149073057723865,0.0881389832851319,0.0206577574623289,0.414179242094574,0.126630342152175,0,0.175277415350768,0.283913000402484,0.16352837138201,0.149262436317056,0.105887512192787,0.0207470601454012
24,0.41438228322113,-1110.21523295948,-1110.42242410109,0.468737140674651,0.117164919969545,0.00474052657262121,0.154344551415102,0.255012861368081,0.123888669243725,0.197232675413919,0.11346114923555,0.0217982511569235,0.468385682881886,0.116791659557702,0,0.15553554398231,0.259287113578101,0.122680518136507,0.196184624733916,0.1121398031545,0.0217502603242326
25,0,-1139.39638321821,-1139.39638321799,0.411011437135205,0.129075076121724,3.94037972632531e-36,0.149629913594853,0.310283573148218,0.0325817344987091,0.195389989346219,0.079063369537651,0.0315175267270706,0.411011221770145,0.129074967607415,0,0.149629981319537,0.310283829302904,0.0325815983135522,0.195389853046163,0.0790630756448149,0.0315174278316622
26,0,-1132.325031645,-1132.3250316428,0.409469297508802,0.0968150966566229,2.46030348148837e-16,0.186230831517525,0.30748477431705,0.0146506001341698,0.147410733989655,0.0955547351988,0.0166842391817379,0.409469562368173,0.0968156940200058,0,0.186231006925245,0.307483736686577,0.0146506339607924,0.147411034830369,0.0955546762469256,0.0166842460360654
27,0.743714485415239,-1054.78068299877,-1055.15254024147,0.496557992946372,0.153335002158954,0.0111970319538929,0.152533230255893,0.186376742684888,0.142064018915757,0.156764410175741,0.0972045927200939,0.0425795105605286,0.502239618312529,0.152861096943152,0,0.159284037016623,0.185615247727697,0.142727658232952,0.156643390869627,0.104739059824734,0.0425735860007185
28,0.0369273304031594,-1113.26415903959,-1113.28262270479,0.472287476450105,0.140237904811891,0.00259608811806158,0.16287371125219,0.222004819367752,0.211339017816036,0.213995478425445,0.120542002888359,0.0306760386161126,0.472995492701852,0.140233149818021,0,0.164483101175881,0.222288256304247,0.212373318286822,0.215393295974586,0.12003036176885,0.0306732592099189
29,0,-1122.05369599975,-1122.05369578771,0.401355069029384,0.143545488522973,2.10037107217088e-09,0.174146004356588,0.280953435990684,0.072677728661342,0.145755190393713,0.0821210339963181,0.0210885991142568,0.401355071348327,0.143545572141829,0,0.174145944761844,0.280953411747999,0.0726780004585272,0.145755681569779,0.0821211387900869,0.0210885022375693
30,3.5561363131369,-1038.30132908949,-1040.07939724606,0.495549678812278,0.144382776108056,0.0203407745351531,0.166418776474719,0.173307994069795,0.18304551012931,0.168968048520657,0.0885911542984688,0.0256319825086834,0.501568974141376,0.142921386364371,0,0.181016211939509,0.174493427554744,0.174198393035803,0.167899389134036,0.0970310998355005,0.0256306770451167
31,0.735981473042102,-1111.53098596571,-1111.89897670223,0.51853348005826,0.109671033227754,0.0131450398697985,0.193372219473535,0.165278227370652,0.11436589478282,0.242710119411955,0.205231435627704,0.0161527270333659,0.52055264814249,0.110004848352133,0,0.203930127620669,0.165512375884708,0.124357052253121,0.247797198628718,0.20497271536447,0.0161517307770377
32,2.22074256592441,-1080.46793867285,-1081.57830995581,0.485301173692368,0.12069153655913,0.0152851239150728,0.188143585965254,0.190578579868175,0.08517011906333,0.133966710400008,0.155848378062774,0.0238036752180007,0.493662904667792,0.120041635606445,0,0.197087684199583,0.18920777552618,0.0903346179251351,0.142824838126484,0.159098301066905,0.023805919766937
33,3.59786988689211,-1125.26455124785,-1127.0634861913,0.444669145925709,0.0685130656609067,0.0373941276132953,0.169294798569648,0.280128862230441,0.0649715778900831,0.151380543157778,0.103488233638786,0.0391293328229652,0.450312334900312,0.0687901262603204,0,0.200926713218403,0.279970825620965,0.118556216171733,0.15329690512802,0.113999505523274,0.0390948380171647
34,0,-1106.00276245672,-1106.00276241344,0.425672150002378,0.18039726076026,3.35577933901373e-09,0.164976681374842,0.22895390450674,0.0588747847042701,0.177040585456797,0.142226123032458,0.0327683531265748,0.42567214508998,0.180397262084524,0,0.164976684692976,0.22895390813252,0.0588747872794734,0.17704059217379,0.142226121148789,0.0327683566274222
35,0.937093588297103,-1097.33763710869,-1097.80618390284,0.419614137064138,0.182288309216697,0.0162565736639444,0.149806944375168,0.232034035680052,0.125375521856936,0.156726243698714,0.0889962049342948,0.0313446018543833,0.421962357235889,0.183944933961269,0,0.160011914019042,0.2340807947838,0.145641489218762,0.15650955514067,0.0889015578531351,0.0312738514437075
36,3.29470546476568,-1118.74391354206,-1120.39126627445,0.39370348265837,0.144292197707567,0.0282104197598351,0.189144673571864,0.244649226302364,0.0948562598524669,0.229933224448365,0.106117114193459,0.0303160208292719,0.401481017371992,0.143776426635376,0,0.211757855927791,0.242984700064841,0.0970982796331988,0.243427762198012,0.114082782897147,0.0304352662701646
37,2.69713754116174,-1077.0382261286,-1078.38679489918,0.434092093324596,0.147704412189487,0.0249530253780079,0.172859183205689,0.22039128590222,0.194599187588456,0.156233457180206,0.104753639690615,0.0311942036301045,0.448057222743242,0.145343475706763,0,0.182353807100958,0.224245494449037,0.177575866852501,0.154120642757792,0.114585770816953,0.0312073252320528
38,0,-1094.97877910822,-1094.97877908137,0.432903423307323,0.153675555330936,9.97131572914941e-10,0.139397090997919,0.27402392936669,0.0637968037707986,0.115524946124344,0.100314484849717,0.00368413554286327,0.432903414124227,0.153675537983453,0,0.139397099746491,0.274023948145829,0.063796773769306,0.115524937317551,0.100314488668351,0.00368413453084953
39,4.76240679544435,-1110.66603029656,-1113.04723369428,0.422898392758247,0.155646729418186,0.0242640923953977,0.115238485856616,0.281952299571554,0.0699890021085488,0.125974650557369,0.0786077415748555,0.0340648079941958,0.433498374052184,0.155577119688439,0,0.131088384009362,0.279836122250015,0.0749662299414617,0.125966702521246,0.0958477097408216,0.0337648959022265
40,3.85880412068218e-08,-1117.8546694129,-1117.85466943219,0.431146307679619,0.114309255071133,9.72236853759732e-12,0.195918917285,0.258625519954525,0.11380957160211,0.198213591721852,0.0831772542981117,0.0346656460236623,0.431148593875077,0.114308277404864,0,0.195921095251233,0.258622033468827,0.113809231968887,0.198213207953823,0.0831773618388819,0.0346653783192084
41,1.0638405001373e-07,-1153.39858029249,-1153.39858034568,0.421230304252282,0.10591049651514,7.57112178161423e-10,0.206594706536903,0.266264491938563,0.159458975770242,0.186754943250537,0.131086610511529,0.0235693685691362,0.421230254787665,0.105910433002766,0,0.206594761952523,0.266264550257045,0.159458971461598,0.186754975508603,0.131086653002261,0.023569391114922
42,0,-1059.70385152971,-1059.70385137556,0.473369253371554,0.168453811481904,1.05711456323266e-10,0.200788267217523,0.157388667823308,0.15201692838776,0.230197264401635,0.151206944135966,0.0254486858046226,0.473369062703156,0.168454165838878,0,0.200788435225228,0.157388336232738,0.152017207798138,0.230197676245883,0.151207154843182,0.0254488345375996
43,0,-1122.98088279444,-1122.98088274816,0.445203375407862,0.136157435912584,8.55832195004679e-10,0.168179621057228,0.250459566766494,0.252467434830008,0.170479157674474,0.118873322550548,0.0188232788215329,0.44520329225442,0.136157448235225,0,0.168179995587358,0.250459263922997,0.252467911445015,0.170479402636564,0.118873459163073,0.018823319285714
44,1.21507784495498,-1161.13054432102,-1161.73808324349,0.431470060505765,0.150556170672218,0.00913459856785028,0.137249774553158,0.271589395701009,0.128223218452742,0.140399133428198,0.145188673160776,0.038424873110555,0.439812958975452,0.150590592977722,0,0.142252122566448,0.267344325480379,0.125648066179261,0.154706466741758,0.145642599123035,0.0385657171167915
45,0,-1127.38522285885,-1127.38522282258,0.386485273023639,0.164242035470838,1.98670742625771e-14,0.226043588395774,0.223229103109728,0.274889040962602,0.20532408383634,0.110888828180245,0.0258025254080746,0.386485284477203,0.164242031017748,0,0.226043595235761,0.223229089269287,0.274889024160417,0.205324089438845,0.11088883002324,0.0258025265591993
46,0.336294011666268,-1048.03527219424,-1048.20341920008,0.511986115214231,0.126375199937194,0.00955944762230775,0.154842337475793,0.197236899750474,0.092432114362382,0.155754766772639,0.101160399539514,0.0323857793064014,0.514694336295513,0.126646234984163,0,0.161703707428593,0.19695572129173,0.0942569986730989,0.157141796837726,0.104201974404443,0.0323575790931084
47,0,-1068.68400506596,-1068.68400501493,0.450772800337395,0.106059135131282,2.23799505993521e-13,0.221175254552193,0.221992809978906,0.0220433001357066,0.192913133527676,0.12953714946769,0.0228274556727231,0.450772795906042,0.106059136612675,0,0.221175297215284,0.221992770265999,0.0220433283496517,0.192913088446645,0.129537089069589,0.0228274294870487
48,0,-1121.45506134993,-1121.45506130541,0.370470889870194,0.164988989232232,1.48607514726056e-10,0.194085326957629,0.270454793791338,0.0870423634037976,0.203740909857005,0.119146781452276,0.0141253325184638,0.37047086011873,0.164989000027202,0,0.194085343389543,0.270454796464525,0.0870424023680569,0.203740902857645,0.11914676102932,0.0141252857994116
49,1.57965587277431e-07,-1104.53526410339,-1104.53526418237,0.480322193906574,0.14130708040939,1.28317540380758e-09,0.108557431060776,0.269813293340084,0.0138131616910349,0.136928518764363,0.075154559283881,0.0322958054469241,0.480321159220265,0.141309264236143,0,0.108557262299879,0.269812314243713,0.0138134990566484,0.136928494420967,0.0751543568221186,0.0322978186629951
50,3.92799756809836e-06,-1164.38277454263,-1164.38277650663,0.365100346457331,0.196275833517231,4.44170467407571e-08,0.145200097429441,0.293423678178951,0.120981802327016,0.165029248098119,0.157577254435616,0.0386986001280097,0.365100362674011,0.196275842235224,0,0.1452001038788,0.293423691211965,0.120981802327016,0.165029248098119,0.157577254435616,0.0386986001280097
51,1.70562543644337e-07,-1178.25756926583,-1178.25756935111,0.425497199755128,0.0847226960963299,3.21027828068366e-11,0.161285267944367,0.328494836172073,0.0831760310500683,0.171076523250223,0.173495492822073,0.0195046129394296,0.425496991323183,0.084722490989483,0,0.161284988219474,0.32849552946786,0.0831773744313179,0.171075863159985,0.173495705460666,0.0195047036535219
52,0,-1105.12928688654,-1105.12928687508,0.413574995072249,0.129436820972968,2.23411913542895e-07,0.17974048701737,0.277247473525499,0.0772741069239922,0.144135590098243,0.0579173422240841,0.0499146366155385,0.413575038966768,0.129436114441219,0,0.179741174615439,0.277247671976574,0.0772742641594323,0.14413535324424,0.0579171436832647,0.0499148054208021
53,0.0732162688773315,-1097.26386267822,-1097.30047081266,0.464773495132814,0.13377127516577,0.00365144552958471,0.159130453213942,0.238673330957889,0.108296854686308,0.141482739422462,0.095870028912246,0.0377429323997054,0.465344512860601,0.133875153752512,0,0.162447682136673,0.238332651250214,0.109707432429218,0.141647794009586,0.0980041795103517,0.0377487730221711
54,0.458840783604046,-1146.57151994851,-1146.80094034031,0.358561396417998,0.105132312854827,0.0171864861143636,0.200807068234269,0.318312736378543,0.166612105301436,0.0968226086004981,0.0910368823728104,0.0336607539227016,0.35851811230069,0.10669580470148,0,0.21814460886309,0.316641474134739,0.191963580900851,0.0981614840817991,0.0952750940808042,0.0336800836255428
55,7.53100108808849,-1056.0939861463,-1059.85948669035,0.502232238819604,0.130159272733879,0.0446631236241637,0.140103812389827,0.182841552432526,0.105461093464713,0.146497153051449,0.113347806782822,0.02579143731438,0.520156859305282,0.130119591305328,0,0.167411610386841,0.182311939002549,0.130236992333246,0.152383976224211,0.13051730943322,0.0258111792063341
56,0,-1142.91686875352,-1142.91686872574,0.38651368268607,0.118975648766506,1.53626635864951e-09,0.197567005538549,0.296943661472609,0.0954523896521345,0.206176936401178,0.0969917797976204,0.00614885175679268,0.386513708637421,0.118975638655798,0,0.197566976721479,0.296943675985301,0.0954523942415039,0.206176912391229,0.0969918050317771,0.00614881266261624
57,1.21969482059876,-1129.55686945693,-1130.16671686723,0.456018118747454,0.128724595478418,0.0175757169953825,0.158718003326421,0.238963565452325,0.116014261694512,0.171733852794055,0.0930339263151837,0.0340422469160084,0.463858321548372,0.12848302916086,0,0.170143905365038,0.23751474392573,0.118584694780905,0.172004713753826,0.103889995151899,0.0338899142074769
58,5.94368430029135e-08,-1075.95107113275,-1075.95107116247,0.484785616761451,0.120047269063115,3.45707254819135e-12,0.150991753405457,0.24417536076652,0.0662296274377518,0.150839773731175,0.107100064358834,0.00980779889221028,0.484785621041842,0.120047249903648,0,0.150991752944299,0.244175376110211,0.0662296473042446,0.150839732840821,0.107100073681107,0.00980779598125769
59,1.68215600628719,-1063.82243392079,-1064.66351192393,0.430972347719968,0.126309487751613,0.0135820019500055,0.215708520340977,0.213427642237438,0.147634583810709,0.131862542143573,0.133226217719017,0.021254853176525,0.43649542000297,0.126230801165995,0,0.22302732540606,0.214246453424974,0.156847225964488,0.138124208913357,0.134545372898182,0.0212521782576383
60,1.88784239006145,-1083.0218802648,-1083.96580145983,0.491355381714114,0.0910485784900302,0.018052191195365,0.127545950474676,0.271997898125815,0.011312456800732,0.0979431308556672,0.0800581704733613,0.0159151515190231,0.492689256116269,0.0906108511797261,0,0.139597556010979,0.277102336693026,0.00894980880580318,0.0975913975050783,0.0846015429305908,0.0158697117520648
61,0.0928542649262454,-1094.31243792145,-1094.35886505391,0.54426451667231,0.093200784005523,0.00648849792878438,0.143319025900115,0.212727175493268,0.15423104328559,0.178389475199748,0.13118946203084,0.0335095932449034,0.545721610704471,0.0933219054533282,0,0.148492893844711,0.21246358999749,0.161645355201587,0.178932517413598,0.132874908365915,0.033516833211165
62,0,-1086.82056685678,-1086.82056680944,0.484149757160427,0.176743584757796,1.60027431611874e-10,0.173921680646776,0.165184977274973,0.117021034814158,0.196080762585074,0.129424532541036,0.0520051347158175,0.484149755704766,0.176743564086426,0,0.173921696784903,0.165184983423904,0.117021031029667,0.19608075511495,0.129424533208177,0.0520051361909927
63,5.30947107093516,-1099.6381794613,-1102.29291499676,0.474717005832429,0.0918367306376622,0.0312561785147227,0.140160711958622,0.262029373056564,0.115539455842436,0.13237990108031,0.105926479718802,0.0211884452620285,0.481590819469108,0.0914081408965028,0,0.159837126250217,0.267163913384172,0.128807951709316,0.136609737227064,0.109836066146845,0.0211397397403445
64,2.25018069132284,-1141.78724676681,-1142.91233711247,0.345339752169943,0.130018361276312,0.0192684930597132,0.195646460361671,0.309726933132361,0.0365209771079299,0.193022091176647,0.0687017453911728,0.0209096784923115,0.347276088065449,0.130071517365268,0,0.212007240300866,0.310645154268417,0.0457301066161592,0.197869294298819,0.0729206136645207,0.0209022501378742
65,1.23478751825087,-1069.70422853048,-1070.32162228961,0.493540412987625,0.124559528571638,0.00940620956155428,0.137639920644176,0.234853928235007,0.144372104222908,0.148222171674483,0.095342842757434,0.00947907354809895,0.50023740201941,0.124607522121037,0,0.141924618028494,0.233230457831059,0.14596467795683,0.157499112144255,0.0967500656609677,0.00948276415579551
66,0.955465225453736,-1077.6945969217,-1078.17232953443,0.53463744759389,0.102261704109628,0.0125927661106962,0.11726830323632,0.233239778949466,0.120914658680178,0.152344469725267,0.0852503453035568,0.0315797420627381,0.540024858556176,0.101101312548898,0,0.122255610695007,0.236618218199919,0.112756507999062,0.148867005303679,0.0894518407162886,0.031572927828928
67,3.7813591436593,-1059.79176510221,-1061.68244467404,0.485310700863879,0.14203765695828,0.0332988444773729,0.147367968239628,0.19198482946084,0.0246742296585055,0.207337043910622,0.101427269487226,0.0247991488396607,0.490279545469406,0.142802097245085,0,0.175012086080411,0.191906271205098,0.0650432148130738,0.20484912250608,0.115204014216483,0.0247932358988647
68,1.54404343373926,-1157.19343127021,-1157.96545298708,0.417629802421379,0.126347609588884,0.0131943516424915,0.182578277197157,0.260249959150088,0.190364237887497,0.161045886765387,0.129812578254391,0.0367008539311458,0.426113969273005,0.125274229203196,0,0.191140507832562,0.257471293691237,0.188060823599185,0.171204778538008,0.132143525565868,0.0367406355204831
69,0,-1091.61875214016,-1091.61875213326,0.363088491189192,0.164435132988416,2.41739799592486e-09,0.214495638392699,0.257980735012295,0.076187408971083,0.117014844474644,0.167666769506312,0.0136217437817977,0.363088373197516,0.164435137304275,0,0.214495626819302,0.257980862678908,0.0761874234596643,0.117014955442162,0.167666687973185,0.0136217311547035
70,0,-1081.65675796394,-1081.65675792466,0.474303254005297,0.135676897909895,1.93639282255304e-10,0.167676836798831,0.222343011092337,0.20122521456318,0.138403686864723,0.139841755277338,0.0224176801178455,0.474303319921694,0.135676870165297,0,0.167676798558186,0.222343011354823,0.201225281180105,0.138403678190841,0.139841713587132,0.0224176851991426
71,0.136470697733785,-1111.68690865249,-1111.75514400136,0.453262457575316,0.134197169238198,0.00448700174748869,0.122733824827264,0.285319546611733,0.076300507394335,0.182329246798056,0.125519793277651,0.0172998135537665,0.455890795726153,0.133936004507217,0,0.125484881360398,0.284688318406233,0.077112080315123,0.182479865995886,0.129923027865306,0.017300950843763
72,2.58320687191599,-1137.19974662695,-1138.49135006291,0.336591610069424,0.160601443561088,0.0303153992493893,0.185683732931476,0.286807814188622,0.0706052486868868,0.183118564817446,0.125829502157838,0.0183875401657838,0.339575371310094,0.160554061177677,0,0.210963081255029,0.2889074862572,0.0889260531855162,0.183389824555203,0.128568577473336,0.0183879670970904
73,3.03627075481927e-07,-1066.59204427419,-1066.592044426,0.441754536167703,0.180912140439355,7.40283108645899e-22,0.16671449746659,0.210618825926353,0.0554950466930875,0.137497935571689,0.132893925354338,0.0172524078521753,0.441754090957144,0.180912535579022,0,0.166714496129708,0.210618877334125,0.055495381151944,0.137497791318242,0.132893593951527,0.0172523120784645
74,0.377409083196653,-1108.56266430957,-1108.75136885117,0.433994507178135,0.115536951005902,0.00978975323962681,0.235443339992187,0.205235448584149,0.0941767545466096,0.175556038895026,0.154993503610888,0.0195066175953418,0.43592730461717,0.115416469147999,0,0.241745052466869,0.206911173767962,0.0984067932800468,0.174299386054081,0.158257348450392,0.0194998600810023
75,0.613216906367597,-1102.88148274377,-1103.18809119696,0.40204293443041,0.202615036867708,0.00811981822289428,0.153541510997905,0.233680699481083,0.162969730453881,0.189003306544655,0.0844434034979734,0.0218104508625518,0.407532068666577,0.201952465354561,0,0.157808498276057,0.232706967702805,0.160957302716123,0.189790719839454,0.0883224261683636,0.0217702973627282
76,0,-1119.78984675463,-1119.78984671455,0.433360668069784,0.154910794252588,4.26771001610736e-10,0.179645980272413,0.232082556978444,0.143119179384427,0.160983493306272,0.135724376164868,0.0389022032130146,0.433360664582348,0.154910807900783,0,0.179645946249312,0.232082581267557,0.143119225040552,0.160983486261077,0.135724380431925,0.0389022064325552
77,0.568307124994135,-1134.78529277095,-1135.06944633345,0.493046852141135,0.137389630622738,0.0122574313144641,0.111716895086261,0.245589190835401,0.231814187092983,0.165844477548514,0.154404281639307,0.0129912735506965,0.498551978333643,0.136655184649506,0,0.119151201254642,0.245641635762208,0.231238888897826,0.165474786885494,0.162049488428065,0.0130150264141799
78,0.894074927585734,-1094.07738713171,-1094.5244245955,0.432416836305961,0.165587425833393,0.0116604167451683,0.142501409825412,0.247833911290065,0.0834925900081442,0.170958906842495,0.109291174344034,0.0181359995767565,0.436628341634294,0.165429428065222,0,0.150589294788668,0.247352935511816,0.0861468018389653,0.177890567993011,0.111501928130675,0.0181295737830361
79,0,-1027.30263518488,-1027.30263499343,0.508700088554012,0.166993440312274,1.34608453823898e-18,0.160516491418009,0.163789979715705,0.144241641958999,0.194131737799007,0.117331509498528,0.0154031391915165,0.508700007876466,0.166993546320835,0,0.16051645823957,0.163789987563129,0.144241829055263,0.194131765608965,0.117331518689985,0.0154031400653136
80,1.12178986455547e-06,-1162.67859573729,-1162.67859629818,0.465954762016839,0.166548772339326,3.57657951046355e-08,0.116919014457544,0.250577415420495,0,0.173412884445128,0.142427544218598,0.0647948942963582,0.465954802897249,0.166548779408541,0,0.11691900693191,0.2505774107623,0,0.173413433761534,0.142427818876801,0.0647944060151082
81,0,-1130.00213458148,-1130.00213453765,0.438492857520543,0.123142158538495,2.18054105828908e-13,0.167521593927458,0.270843390013286,0.0994542341437455,0.174051890454157,0.116510799546149,0.0282829346588944,0.438492859496524,0.123142161103309,0,0.167521600640563,0.270843378759603,0.0994542351643843,0.174051894803914,0.116510797255769,0.0282829394632545
82,5.70262272958644e-08,-1082.31094037781,-1082.31094040632,0.487664645968737,0.143678143768374,9.41838099796603e-11,0.140536335779781,0.228120874388924,0.11310330387472,0.165650941254882,0.114359486854635,0,0.487664381814144,0.143678189099699,0,0.140536398698918,0.228121030387239,0.11310330247657,0.165650970298958,0.114359423261906,0
83,0,-1072.01066305718,-1072.01065938761,0.362026252785626,0.184287251307177,5.63738977664859e-08,0.244474929239029,0.209211510294269,0.200897813977568,0.146716965707451,0.146914561484459,0.00876052315715097,0.362026273535248,0.184287261504424,0,0.244474943089668,0.20921152187066,0.200897811995762,0.146716961083237,0.146914570732886,0.00876028732224758
84,0.543874853919988,-1134.41968686923,-1134.69162429619,0.433519014082451,0.115454481314778,0.00760064570095035,0.168360275821761,0.275065583080059,0.0598511398328037,0.167638244821707,0.0920827453078699,0.041315908773894,0.436025568161081,0.115613806264542,0,0.172868204385189,0.275492421189188,0.0644313368403358,0.172335201435664,0.0919627744405912,0.0412957038925262
85,0,-1053.69517973362,-1053.69517971743,0.526663645418151,0.0838778599645957,3.93004451464383e-11,0.155024402132246,0.234434092445707,0.0337610905590567,0.168903786737348,0.0616182997406793,0.0172094004099061,0.526663530946647,0.0838781894892017,0,0.155024124439417,0.234434155124734,0.0337612125131946,0.168903735221415,0.0616183803860514,0.0172091386269312
86,0.832679776946861,-1056.51537042903,-1056.9317103175,0.485979851780674,0.109600785269779,0.0113771393807023,0.197193400192075,0.19584882337677,0.143241954584315,0.132927434420779,0.111164190650318,0.0378713486519963,0.492575950863008,0.10957398259338,0,0.202305966480167,0.195544100063445,0.144108447785425,0.134247922940799,0.11944841177328,0.0378724520554709
87,2.0589223018701,-1148.55899364084,-1149.58845479177,0.31391923432376,0.108322318465054,0.0137749244441392,0.230906487877265,0.333077034889783,0.124046926278951,0.153095910228146,0.0774137984600018,0.0100175834701695,0.313109105938168,0.108875741162774,0,0.240338213769109,0.337676939129949,0.138089594357345,0.153987319051359,0.0767250355021855,0.0100124613117472
88,1.45304089349565,-1098.61196459027,-1099.33848503702,0.532979650812381,0.109253540640266,0.0155091763718956,0.0868150651770251,0.255442566998433,0.0785651461984081,0.117722342260004,0.131505150334156,0.0307121016309408,0.541546444957722,0.109196364157118,0,0.0930186829433953,0.256238507941765,0.0840785421682426,0.117612877159416,0.137791874778061,0.0307321329612348
89,1.62358214765845e-05,-1064.16115852036,-1064.16116663827,0.393183726974295,0.197845310534768,2.73589631296939e-07,0.20251907521185,0.206451613689456,0.113671552181278,0.159715688661667,0.0847954308737461,0.037199319496326,0.393182981033905,0.197855543804335,0,0.202510932973999,0.20645054218776,0.113672712139843,0.159724538408365,0.0847953241477759,0.0371993289027103
90,0.120241811658616,-1058.0310085632,-1058.09112946903,0.370062707702136,0.191067427831055,0.00510881494609306,0.192308584205191,0.241452465315525,0.0490826413917196,0.124402556672354,0.134637091906685,0.0125230686395296,0.371544097152388,0.190711690852417,0,0.19460422487692,0.243139987118274,0.0484207013430396,0.122796253306353,0.136647701372049,0.012522098865207
91,0.5986280682705,-1141.0754790395,-1141.37479307363,0.435017882287019,0.0999455873329811,0.011763084689473,0.186271972016691,0.267001473673836,0.0750295670573908,0.129033808464727,0.169772004291349,0.0350149075719237,0.436641134651202,0.100750090510311,0,0.194725497315817,0.26788327752267,0.0892022162388359,0.127293116433374,0.176141238869222,0.0350148639442916
92,2.17937115546783,-1129.99234348754,-1131.08202906527,0.398712994915899,0.147139272369605,0.0219912859517095,0.174447602022642,0.257708844740145,0.05182620632743,0.164290415214141,0.128422352054415,0.0331036785754024,0.406652001681583,0.147072171170312,0,0.185338008304328,0.260937818843776,0.0659477269692453,0.164467247002696,0.134358568346515,0.0328693564837048
93,0,-1054.24010615341,-1054.2401061195,0.475706547678103,0.104352502059572,1.47770065054678e-09,0.195547129682959,0.224393819101665,0.0991600810934314,0.116699969996854,0.0815236346467702,0.0374755923229209,0.475706530621247,0.10435251180483,0,0.195547131988886,0.224393825585037,0.0991601263611313,0.116699962952727,0.081523637816944,0.0374755859858056
94,3.39795046485324,-1094.79786331776,-1096.49683855019,0.415326736331827,0.167756114152574,0.032919616456388,0.121253050307633,0.262744482751578,0.19085011183828,0.112203613129643,0.126714868563796,0.0181273017268165,0.42537336299942,0.168318960953075,0,0.143745897253539,0.262561778793966,0.218292634265397,0.111361765749443,0.143350916783001,0.0181325887263019
95,0,-1100.43619846466,-1100.4361984335,0.395486530291658,0.138169810974667,9.19073857885742e-09,0.207670571866762,0.258673077676174,0.0379250904678261,0.166918995184571,0.114321116437787,0.0221234523247377,0.395487142721475,0.13816962298837,0,0.20767004333598,0.258673190954175,0.0379263717448064,0.166918760354215,0.114320030697857,0.0221231023872308
96,0,-1014.04018490966,-1014.04018484571,0.470629826292961,0.166289738598309,3.81420770472252e-09,0.196771634755528,0.166308796538994,0.115627865249307,0.159084394477377,0.122689737458883,0.0126209186097468,0.470629249560856,0.166289365518744,0,0.196771384746098,0.166310000174302,0.115627853202915,0.159084566195852,0.122689673482443,0.0126211361276324
97,2.11808128369739e-07,-1158.10586028447,-1158.10586039037,0.377452527209377,0.123705250619364,3.78417232227233e-08,0.194670171914461,0.304172012415075,0.130757263590396,0.165900510571824,0.114929464796594,0.0246806151819823,0.377452541492832,0.123705255300584,0,0.194670179281116,0.304172023925469,0.130757263590396,0.165900510571824,0.114929464796594,0.0246806151819823
98,0.180017034053435,-1185.21470286308,-1185.30471138011,0.398596363494647,0.0892295063980398,0.00607339756312891,0.16977981761491,0.336320914929274,0.00994247004515238,0.15847639303391,0.118201049162939,0.0318439046545851,0.399779393932339,0.0890517733167635,0,0.173177899817318,0.33799093293358,0.00974280384926618,0.156541079698502,0.121312442311632,0.0318256419072456
99,2.49650113597818,-1092.16864034815,-1093.41689091614,0.464055432866719,0.200850806976387,0.0203421759626166,0.105275305163208,0.209476279031069,0.204073454546863,0.204445948712972,0.106043673573811,0.0247488066382543,0.47698194472429,0.19997748362339,0,0.117589117998871,0.205451453653449,0.214716184448131,0.214843722371495,0.112778994151078,0.0247478633555741
100,0.527109643494896,-1074.95992980757,-1075.22348462932,0.47033082919016,0.161105306470316,0.00965952046575644,0.173430673893398,0.18547366998037,0.0732553170694391,0.192834629263533,0.124088179473222,0.0219039510810807,0.474503084879612,0.161204452135545,0,0.178586538724349,0.185705924260495,0.0766097216459946,0.193447056996376,0.127939319289081,0.0218946112915848
101,1.08055711792213,-1135.48708013086,-1136.02735868982,0.385301199805734,0.154294596269301,0.0138516844439452,0.146275383479652,0.300277136001368,0.0856542562212287,0.106724031049823,0.145281170932278,0.0192657673545061,0.392670440387025,0.153807373267384,0,0.154531109988603,0.298991076356989,0.0876277364809289,0.106797275434799,0.155823529344119,0.0193232497830068
102,0.472296836059741,-1117.20638597036,-1117.44253438839,0.382827914590134,0.159025862880631,0.00971662090895324,0.194149222788703,0.254280378831579,0.205615958412574,0.126326236748357,0.123921191989482,0.0246318505018164,0.386650262529193,0.158912665991965,0,0.202305891050258,0.252131180428584,0.20863321211719,0.127082801601895,0.131781911409762,0.0246776180806737
103,0,-1080.09166445114,-1080.09166443328,0.501053040140514,0.099053252799664,8.87180774126395e-11,0.184071834458812,0.215821872512292,0.135192097277572,0.109407981558271,0.119013967489109,0.037956388933344,0.501053045849865,0.0990532556819155,0,0.184071878475947,0.215821819992272,0.135192130180336,0.109408020570785,0.119013968750387,0.0379563871861791
104,0.691374044463373,-1085.36340662856,-1085.7090936508,0.467460949123893,0.101359451792356,0.0156776073648604,0.204877905134681,0.21062408658421,0.151087064100806,0.174832032137566,0.110395521029371,0.013369522777517,0.473233165028232,0.100451062041705,0,0.216575712762365,0.209740060167698,0.153517022102167,0.174905934659165,0.118294094224293,0.0133724257535742
105,0.53001515035794,-1104.54706231712,-1104.8120698923,0.406570579219297,0.166818280400079,0.00993983179088644,0.165468780797477,0.25120252779226,0.188461168749583,0.130116480687316,0.11273676405583,0.0182929353012607,0.408957435898905,0.16624588726026,0,0.172011701025345,0.25278497581549,0.184744675869979,0.130851874333894,0.114300253050387,0.0182916572987569
106,0.928337990307682,-1063.64096900811,-1064.10513800326,0.435859420986469,0.219623268981333,0.0155225632396066,0.108466936503882,0.22052781028871,0.11905036618794,0.139322225898287,0.110763174710756,0.0282483808338278,0.441217975417318,0.219472216479684,0,0.1197807059693,0.219529102133698,0.122262792778118,0.139396835846023,0.115913296442378,0.028253475296876
107,0,-1122.70853573965,-1122.70853570381,0.479296830855182,0.105799139115751,1.70263699172169e-12,0.15403571841753,0.260868311609834,0.090300891535025,0.162966418903019,0.130813034467805,0.0190828304368618,0.479296762190246,0.105799181308031,0,0.154035762997656,0.260868293504067,0.0903009089508592,0.162966342186215,0.130813021256726,0.019082833159816
108,0,-1042.34152727752,-1042.3415272457,0.473733244139288,0.082816553459861,2.59640090706167e-10,0.235842012071833,0.207608190069377,0.167289845387708,0.114564562648019,0.0778138765448169,0.0290303580509582,0.473733235783746,0.0828165587247794,0,0.23584201159524,0.207608193896234,0.167289861575596,0.114564566362446,0.0778138767285847,0.0290303572062408
109,2.09814613888602,-1114.79216892217,-1115.84124199161,0.4248962730094,0.185739284084008,0.0198591669990959,0.151500846072457,0.218004429835039,0.11882583510515,0.175819760438081,0.107650821177941,0.0616368117917997,0.433990641764035,0.184197476795673,0,0.163427434819012,0.218384446621279,0.110116688710845,0.17960074117638,0.115691886048262,0.0612195190507662
110,0.219532684347087,-1093.79132532149,-1093.90109166366,0.452189180494658,0.136263721309313,0.00412023579361463,0.149259353923097,0.258167508479318,0.215539911951847,0.124965543008698,0.0799112552644011,0.0288224031551744,0.455579196503997,0.135852965180989,0,0.151358446198895,0.257209392116119,0.214297265394699,0.125040000877549,0.0839254414159882,0.0288331236308182
111,0.3044442683954,-1085.07114903136,-1085.22337116555,0.50956074112269,0.0791001642409786,0.0071308593920093,0.162762733945223,0.241445501299099,0,0.159177003386014,0.107382635010928,0.0149473646720016,0.510646388068049,0.0790080413005786,0,0.166233675717083,0.24411189491429,0,0.157247027917112,0.108467827124808,0.0149446371827187
112,0,-1144.21840977943,-1144.21840973736,0.468602034246356,0.0939941119946027,1.10699068500898e-09,0.166836478091487,0.270567374560564,0.119396719096256,0.135575884901181,0.158845956531733,0.0198132895658585,0.468602034134232,0.0939941049658304,0,0.166836479637272,0.270567381262666,0.119396690448431,0.135575873130398,0.158845955861445,0.0198132909521974
113,0.129619729540536,-1130.63141535328,-1130.69622521805,0.477175422977971,0.0963737940435489,0.00392267325072201,0.156332214299847,0.266195895427911,0.123885325565202,0.201501548267822,0.100391677147804,0.0188494220309174,0.479613323342378,0.0963907040607803,0,0.158499483458259,0.265496489138583,0.125334366740364,0.201298155069308,0.104031448702929,0.0188676987810155
114,0.408106583106928,-1174.58038483511,-1174.78443812666,0.443817937298615,0.0707891368959835,0.00644483027501724,0.169989682766931,0.308958412763453,0.138872051130934,0.169359422374366,0.0812148272547141,0.0491530310525255,0.447782623401553,0.0707055044904263,0,0.173302529761215,0.308209342346806,0.139870679050143,0.169566211771239,0.0864045914523844,0.0491326162510958
115,3.52380288027689,-1090.54563340512,-1092.30753484525,0.435812025016388,0.134631869961399,0.0144444324006177,0.181759009198771,0.233352663422825,0.026937136175324,0.176944139273328,0.12203731621321,0.023725592646574,0.442864971674916,0.135506435415146,0,0.191310749491492,0.230317843418445,0.0259539015901062,0.19549626484144,0.126285183932207,0.0237995255249939
116,0,-1100.19920952202,-1100.19920950112,0.477265565733461,0.142070352769738,1.37469479620512e-11,0.16769398024374,0.212970101239314,0.0186132210470167,0.202471452910124,0.143279787549927,0.0302676910864931,0.477265757381394,0.142070144944955,0,0.167694091691477,0.212970005982174,0.0186131832493059,0.202471495837324,0.143279879663775,0.0302677022288912
117,0.370876521841183,-1117.61082748959,-1117.79626575051,0.43646747013774,0.155107243037546,0.00812005541673325,0.136577112441502,0.263728118966479,0.0181084285758872,0.153353897585768,0.103914224292111,0.0330041191785439,0.437726143803479,0.155133574270413,0,0.14107712911238,0.266063152813727,0.0256286395004599,0.151858917809493,0.103737231213938,0.0329106741023755
118,0,-1067.10637558861,-1067.10637555154,0.431398736341876,0.156884906133441,4.8602852308883e-09,0.194027252291147,0.217689100373252,0.176647947562071,0.19198178474082,0.146282375102996,0.00770170213428202,0.431398801903303,0.156884903686842,0,0.194027179596737,0.217689114813118,0.176648038356219,0.191981666283658,0.146282320516877,0.00770170174091285
119,0,-1081.88703807127,-1081.88703803549,0.48946112758999,0.118049938438613,8.4161012243814e-09,0.159170933605762,0.233317991949533,0.132417186201601,0.139315801909843,0.098193413652664,0.0286497587842485,0.489461085312651,0.118049985857859,0,0.159170931178414,0.233317997651076,0.132417192173168,0.139315823342459,0.0981934387222184,0.0286497468194874
120,0.144746770012262,-1071.95027023594,-1072.02264362094,0.458050878161502,0.150370605854487,0.00449284372291613,0.155111858500581,0.231973813760514,0.0578175369908837,0.14180447963334,0.108661640838856,0.0259840308136031,0.460652741910013,0.150047044211223,0,0.157786433836371,0.231513780042394,0.0565195550869653,0.141933877849673,0.111822390076077,0.0259839911621992
121,5.01216505045795,-1170.47983572787,-1172.9859182531,0.362609727177135,0.132306908248172,0.0249232188890462,0.189272701211809,0.290887444473838,0.00144377568317978,0.193405860223763,0.140664151324874,0.0587561343548826,0.369614722621975,0.13478775497248,0,0.207609553714472,0.287987968691073,0.013918414493242,0.195534889195601,0.154604111782751,0.058712684240752
122,3.71201304005808e-06,-1137.83892613843,-1137.83892799443,0.421782453118205,0.148625461910867,4.54648736841898e-08,0.15748308260743,0.272108956898626,0.152267932350323,0.139514219579559,0.133391454580095,0.0115355875150475,0.421782472294491,0.148625468668105,0,0.157483089767378,0.272108969270025,0.152267932350323,0.139514219579559,0.133391454580095,0.0115355875150475
123,0,-1141.10985882754,-1141.10985879022,0.442947542418121,0.154991048476017,7.67476216417338e-10,0.0976542790606515,0.304407129277734,0.121669837668367,0.118611787041071,0.143654691356242,0.0271601613072263,0.442947535492512,0.154991049614905,0,0.0976542965303484,0.304407118362235,0.121669847502612,0.118611789696253,0.14365469532626,0.0271601642442776
124,0,-1142.19975421667,-1142.19975415701,0.453227026033984,0.129193535986011,6.8904076739941e-13,0.122752091445048,0.294827346534268,0.158896106256523,0.145250301757306,0.0722870400683846,0.0404648551944873,0.453227029905677,0.129193528332571,0,0.122752106030233,0.294827335731519,0.158896087747825,0.1452503191311,0.0722870448585199,0.0404648590320424
125,0.21582769919678,-1113.18935246955,-1113.29726631915,0.442153420286111,0.102044462733602,0.00391781721261745,0.161067837353368,0.290816462414302,0.0676227444522093,0.110632728638522,0.0787424786646057,0.0491362141203035,0.444714361528453,0.101994917897434,0,0.162757387837313,0.2905333327368,0.0663268876413135,0.110470128739432,0.0823242349507481,0.0491316399287706
126,3.0108416210669,-1171.85754669833,-1173.36296750886,0.406149228492994,0.16522364182169,0.0387466332124691,0.144452920013566,0.245427576459282,0.478535348194142,0.221086369750764,0.127210296368485,0.0211672679866962,0.424697594208909,0.161384005692816,0,0.16649554216029,0.247422857937984,0.47217999453044,0.220673661841272,0.141741657181413,0.0211682331327661
127,8.65420588525012e-08,-1107.41430805343,-1107.4143080967,0.479209649720492,0.0768574596905589,5.89730244695599e-10,0.166615807356386,0.277317082642833,0,0.177928382762889,0.11680975600051,0.0147629817478887,0.479209657586277,0.0768575004219003,0,0.166615752372806,0.277317089619017,0,0.177928350135024,0.116809753778763,0.0147629976270435
128,5.02698118495618,-1131.51772237995,-1134.03121297243,0.439889350172384,0.137185466318135,0.0226900088322019,0.126204947450708,0.274030227226571,0,0.195360403010972,0.119077812826257,0.010017208322458,0.441589847537189,0.13952992734361,0,0.139239370633303,0.279640854485898,0.0267144935357809,0.204409486336364,0.119107354117381,0.0100138738716655
129,0.510795934942962,-1104.14370948002,-1104.39910744749,0.473168251043964,0.116352081431166,0.00591305936589312,0.163218123100797,0.241348485058179,0.299376783404702,0.177351917572657,0.0668998607420297,0.0153460944113246,0.477563640506936,0.116168879830446,0,0.165672283014368,0.24059519664825,0.30889458564287,0.177471370659204,0.0712020100024346,0.015348540349392
130,0,-1083.6042618135,-1083.60426179496,0.40003847653085,0.107317854671798,4.09483922298327e-10,0.20575341988419,0.286890248503678,0.0578518258338283,0.106678093767791,0.10483228564082,0.0140166166918549,0.400039825466794,0.107318182881261,0,0.205752984324053,0.286889007327892,0.0578506620859458,0.106677157040394,0.104833878323082,0.0140163833738398
131,1.62464462692924,-1056.21478317734,-1057.0271054908,0.42291090708401,0.192608571054974,0.0142069281315295,0.115995841787863,0.254277751941623,0.0986858099795505,0.115981433105564,0.0865427744013568,0.0166661885746604,0.429551835337578,0.193146963950208,0,0.122881683343806,0.254419517368408,0.108624838256419,0.114187329999027,0.0957681092836757,0.0166690835743115
132,4.62805019196821e-07,-1089.25845612199,-1089.25845635339,0.352830674576506,0.209110203281439,2.68413376505845e-10,0.184959781562137,0.253099340311505,0.069180111752498,0.17848029861722,0.115325893464954,0.0276474341780595,0.352830587088446,0.209110434967128,0,0.184959839880341,0.253099138064085,0.0691802540746181,0.178480386360586,0.115326102749228,0.027647302509645
133,5.69898475077935e-08,-1161.68576931855,-1161.68576934705,0.431566354298541,0.0938794101605075,1.42880898118859e-10,0.169548851818382,0.305005383579689,0.00705048433500716,0.180974197079889,0.111880518815724,0.0366115037496655,0.431566752867172,0.0938796050476505,0,0.169547770585607,0.30500587149957,0.00705029479289049,0.180974544491719,0.111880745978558,0.0366115160113805
134,1.08462095517689,-1083.21703369699,-1083.75934417458,0.414440445675371,0.135884281239176,0.0074978411858213,0.144397632074273,0.297779799825358,0.0552526254129257,0.0981638037032497,0.0430240561581929,0.0352525399719415,0.4192516285348,0.135866923811761,0,0.148667762762446,0.296213684890994,0.0544551953412455,0.0981990064348479,0.0499622836481346,0.0352501467637743
135,0.792670533665842,-1117.19949068355,-1117.59582595038,0.473941663165368,0.111458282595109,0.0130235281719496,0.200104493615535,0.201472032452039,0.103610740901638,0.210003953282189,0.10541416355526,0.0508552816706519,0.479218232661444,0.1112535027154,0,0.206819297673946,0.20270896694921,0.113526942054821,0.209666423743834,0.106977419641441,0.0507683774261122
136,0,-1069.79241515812,-1069.79241512091,0.456569010730822,0.125857558744286,4.8051623718065e-11,0.228286186812737,0.189287243664104,0.130215740053018,0.233097241437953,0.103100954018985,0.0157106325872875,0.456568993254008,0.125857560951621,0,0.228286196481711,0.18928724931266,0.130215842385495,0.233097216078723,0.103100951705226,0.0157106357342807
137,6.86522289345385,-1115.53147599106,-1118.96408743779,0.424372056783838,0.130262434968795,0.0305993027745231,0.108112265044716,0.306653940428128,0.0473730034159231,0.118085271413374,0.0804674269134543,0.031464365807507,0.43418592882976,0.128125803352615,0,0.125846779182819,0.311841488634807,0.0416853172434912,0.116111104511956,0.0971265939032191,0.0314201872234186
138,1.46729907822555,-1070.44205197613,-1071.17570151524,0.463214141359964,0.177849770831759,0.0195467632802404,0.126092613507716,0.213296711020321,0.0985909581960576,0.145329794589864,0.118012241712986,0.0388926672417102,0.469076881770265,0.17890420032328,0,0.139247947025409,0.212770970881046,0.121435531442217,0.144512212959231,0.123561723273697,0.0389254077299796
139,1.01578802039785,-1098.58674954582,-1099.09464355602,0.382227201896523,0.154153673732398,0.0183599974647289,0.191967598450686,0.253291528455664,0.0881484680105318,0.142302357838014,0.11148852636463,0.0129858934989024,0.389322810793701,0.153619061808705,0,0.203352333797547,0.253705793600047,0.0934272278915339,0.142252407477154,0.116951080856829,0.0130059538469562
140,0,-1074.89873894635,-1074.89873893697,0.483251920967145,0.127583857585605,8.29829966762626e-11,0.167221670387221,0.221942550977046,0.0589255250512239,0.212709276551973,0.124540814074201,0.0206217887889878,0.483251227823585,0.127583931494602,0,0.16722147900474,0.221943361677073,0.0589258028110129,0.212708384818314,0.124541080544818,0.0206218692765001
141,0,-1106.27984218296,-1106.27984002328,0.492990661656458,0.144294494770276,3.90199796425622e-08,0.127556991325044,0.235157813228243,0.0263742841393375,0.211351406809872,0.104310349733593,0.0236044045952093,0.492990680892944,0.144294500400644,0,0.127556996302315,0.235157822404096,0.0263742841393375,0.211351406809872,0.104310349733593,0.0236044045952093
142,3.96653376810718e-08,-1084.84638869433,-1084.84638871417,0.450455559069559,0.165453698119076,3.17830781708013e-10,0.151049721542395,0.23304102095114,0.13534214594093,0.14630884947227,0.119009137467453,0.0269128806455635,0.450455596161701,0.165453590291107,0,0.151049860310109,0.233040953237083,0.135342264304002,0.146308943908796,0.119009246195006,0.0269129020938394
143,0.22439244692805,-1176.00388211582,-1176.11607833929,0.32845371505417,0.174494744612474,0.00741100917723388,0.157837942819029,0.331802588337093,0.182495333097997,0.0892546560275481,0.156412087898194,0.0358292289959117,0.331015143449134,0.174347622638216,0,0.161496905429857,0.333140328482793,0.188447527578858,0.0885275844299588,0.158702271479735,0.0358306353229549
144,1.74438285029964,-1181.04468941741,-1181.91688084256,0.415704804732198,0.111105888786136,0.0195282543388364,0.144701049878985,0.308960002263845,0.0122791538840673,0.194110223539754,0.0829216027071821,0.0641243975556826,0.416998538743693,0.112965724959203,0,0.162937759320109,0.307097976976994,0.0345825377177113,0.193491133440053,0.0895988773670408,0.0641667933068189
145,0,-1092.45002632364,-1092.4500262842,0.418524643480012,0.180309995732866,1.48629853552413e-09,0.123152615705473,0.27801274359535,0.147519409040257,0.0746850573458322,0.0901846393603884,0.0469242967911557,0.418524642911752,0.180309993633758,0,0.123152618172231,0.278012745282259,0.147519403144496,0.0746850572357075,0.0901846391253113,0.0469242966273441
146,0.848430859284235,-1075.09262009621,-1075.51683552586,0.457416859516749,0.13590210952562,0.0108304210120883,0.164981321148595,0.230869288796948,0.144325252755442,0.14663856008384,0.0854225777020178,0.0237085322172415,0.462542852323722,0.134977284987477,0,0.169296070831776,0.233183791857025,0.141142925503288,0.144980642521724,0.0895595044234644,0.0236293648026745
147,1.03312231658492e-07,-1128.40085604549,-1128.40085609714,0.488155346917247,0.0532453522114715,2.07427350317004e-11,0.190274254795084,0.268325046055455,0.147604254031055,0.162434703468334,0.0860424569590583,0.0330170551860393,0.488155271049067,0.0532453480829806,0,0.190274273844492,0.26832510702346,0.147604226505032,0.162434599337157,0.0860423794854103,0.0330171153316584
148,0,-1174.08413245403,-1174.08413241103,0.360790355722112,0.178009722031438,1.4112965910573e-09,0.122114500842108,0.339085419993046,0.10530230060679,0.158385565763518,0.0912877681621971,0.0265971208880999,0.360790364763909,0.178009734633822,0,0.122114473290267,0.339085427312001,0.105302324054082,0.158385563086146,0.091287762758183,0.0265971176959435
149,3.93907684996748,-1088.27731074549,-1090.24684917048,0.438907855131098,0.141423690045907,0.0249207893753144,0.141839622268584,0.252908043179097,0.0461470718267415,0.176197058032668,0.100884488861836,0.0182359472775948,0.450424326949368,0.140723949907089,0,0.153022775494723,0.255828947648821,0.0534908936207522,0.174413994945638,0.112638287480941,0.0181023376676742
150,2.74394733423833e-06,-1088.58921540549,-1088.58921677746,0.431555110076321,0.12522418884264,3.83063085220351e-08,0.185093430150332,0.258127232624398,0.0719563358185,0.150510118243528,0.0828035768624234,0.0156687988217191,0.431554317816323,0.125222972092181,0,0.185092898109793,0.258129811981703,0.0719537641475352,0.150510204200431,0.0828021884423939,0.0156682928476444
151,0.674326168032621,-1137.64365352712,-1137.98081661114,0.406984427046347,0.104758042506742,0.00852061480826312,0.180515285797207,0.299221629841441,0.116205148032062,0.149492573164866,0.0918511426305141,0.0175477322719742,0.413455093985449,0.104121239262848,0,0.183478471065813,0.29894519568589,0.116522707867593,0.149088318520426,0.097305525988328,0.0175586310323346
152,0,-1073.23999962261,-1073.23999959211,0.460272244421353,0.0928189224323513,2.29781918492441e-11,0.179354850286099,0.267553982837218,0.00738138654788438,0.0871528178394391,0.0927991615667782,0.0358519546474847,0.460272246002224,0.0928187750951393,0,0.17935491859942,0.267554060303217,0.00738140311169252,0.0871527633473325,0.0927991639116066,0.0358519517095723
153,0,-1086.75566847408,-1086.75566845462,0.419555685698823,0.124422050020036,1.48963117935389e-10,0.170516221516067,0.285506042616111,0.137119836325597,0.142662108966245,0.0636146738043587,0.00881048076797345,0.419555910158004,0.124421660082786,0,0.170516324519582,0.285506105239628,0.137119023977553,0.14266274915027,0.063614652298253,0.00881053072961552
154,3.0629089451395e-06,-1142.79747082549,-1142.79747235694,0.476047363497414,0.100354189994522,3.06985795914055e-08,0.140342805080417,0.283255610729068,0.0641925843516954,0.142645826732361,0.0939191311544449,0.0494520208304898,0.476047378111392,0.100354193075254,0,0.140342809388742,0.283255619424613,0.0641925843516954,0.142645826732361,0.0939191311544449,0.0494520208304898
155,0,-1018.85940752354,-1018.85940748331,0.460897893304048,0.161266622984207,4.96866683795539e-10,0.202454563387206,0.175380919827672,0.215625664839458,0.107519288628433,0.110721437464429,0.029257242903621,0.460898116709302,0.161266525763057,0,0.202454457047356,0.175380900480284,0.215624832189962,0.107519301282893,0.110721416258119,0.0292572613960841
156,0,-1098.93195822502,-1098.93195814665,0.486688839865866,0.136258707215859,2.36589914159142e-11,0.156431188407319,0.220621264487297,0.0843527052545673,0.17892240633282,0.135015281254276,0.0334942348137475,0.486688859518077,0.136258690665513,0,0.15643118859687,0.22062126121954,0.0843527060913318,0.178922432398093,0.135015287253644,0.0334942304896416
157,7.20988282409962e-08,-1125.58650435851,-1125.58650439456,0.456964220636683,0.0743969322290914,2.12315392117655e-10,0.185345497183291,0.283293349738619,0.0356437719697579,0.180989977169896,0.0892574727244888,0.0299116372049083,0.456964034890405,0.074396912399457,0,0.185345651845539,0.283293400864599,0.0356438233801741,0.180989946080895,0.0892575433561283,0.0299116327445261
158,0,-1104.56862113424,-1104.56862110554,0.442385983517374,0.152589051456345,7.85193988926998e-10,0.178515503766409,0.226509460474679,0.0910611477886425,0.137338899316667,0.163280462836947,0.0244570701774489,0.442385996908619,0.152589033094923,0,0.178515507757963,0.226509462238495,0.0910611447858243,0.137338912291617,0.163280460005299,0.0244570707955438
159,1.36563915825445,-1145.97672738813,-1146.65954696726,0.397214972420497,0.159386619535528,0.0372640886842528,0.15865415696611,0.247480162393612,0.270019295511455,0.18900599466197,0.0999934432603746,0.0465282545607751,0.400536830651443,0.162795489012368,0,0.190720930750462,0.245946749585727,0.324697632327844,0.188387072864737,0.108643551063803,0.0464113184098375
160,0,-1099.40630327689,-1099.40630327252,0.420553248581361,0.157113939245759,5.25884653259191e-16,0.199511012038281,0.222821800134599,0.122308509886782,0.12357444967378,0.112468465343782,0.0498317946155716,0.420553199487766,0.157114197173411,0,0.199510953305156,0.222821650033668,0.122308670892773,0.123574739672506,0.11246866710616,0.0498316876385772
161,2.40385657707111,-1106.88169770809,-1108.08362599663,0.390884174841271,0.127545881466818,0.0192440053480088,0.208306703875622,0.25401923446828,0.404142449108735,0.14207109824792,0.0619362334563487,0.0380349103851311,0.397298671213003,0.126505608372621,0,0.220222141720149,0.255973578694227,0.414332592078609,0.138785421098439,0.0711718584284205,0.0380306085291035
162,0.498741400734616,-1115.87392225677,-1116.12329295713,0.450251722775627,0.128064680696508,0.00817138297301611,0.170740385936336,0.242771827618513,0.0760267253436359,0.195474076757634,0.104125405303221,0.0395908953488736,0.454658571190169,0.128080353666817,0,0.175916572979419,0.241344502163595,0.0783267700810507,0.20278772607452,0.104418567440284,0.0396548879344778
163,1.49110545264148,-1165.51819025589,-1166.26374298221,0.386433736747634,0.143579553799548,0.0188662279998966,0.164673041643057,0.286447439809864,0.0627313452658051,0.17749476395305,0.146096861610658,0.0307421522279708,0.391411428536475,0.142643308162167,0,0.174933693464989,0.291011569836369,0.0663439455225164,0.174125597520427,0.149678612695301,0.0304058324539443
164,7.07596333268611,-1099.26104668764,-1102.79902835398,0.442249711791352,0.127777254160867,0.0397052156589821,0.144061748074105,0.246206070314693,0.0353325113607144,0.178067135277174,0.097467123453081,0.033574782307799,0.448055440870828,0.129452704683916,0,0.174689254769957,0.247802599675299,0.0615984117180655,0.181437459424318,0.103845397095298,0.0335160195033357
165,2.15738034708465,-1073.94324428822,-1075.02193446176,0.440586681173167,0.149144287808923,0.0310850744682999,0.158164867985426,0.221019088564184,0.0811777096650447,0.136155266856975,0.106503845042074,0.031709429194138,0.443238907194161,0.150832344628582,0,0.185981401734101,0.219947346443156,0.106639530692011,0.138832668067278,0.111495775229512,0.0317141601861871
166,0.179928645385644,-1086.10476034015,-1086.19472466284,0.433639759311744,0.134118253039856,0.00588102218980091,0.183369439921278,0.242991525537321,0.19674705061722,0.103277721467651,0.133660888337887,0.0169645017303239,0.436168564503465,0.134533506110497,0,0.187288827698064,0.242009101687973,0.203880108284749,0.103370446560961,0.137297072282045,0.0169857299706444
167,1.4131364878267e-07,-1133.37118586409,-1133.37118593474,0.463589904423197,0.129373081084181,1.84004519586001e-10,0.155517971617986,0.251519042690632,0.156478627348572,0.155486348868242,0.116015763813312,0.0419259429068374,0.463588483841149,0.129373992779983,0,0.155518746999948,0.25151877637892,0.156477453927427,0.155488095706624,0.116016346263183,0.0419259211838156
168,2.79604137176648e-07,-1078.9909508642,-1078.99095100401,0.41407624108165,0.193726263649317,1.2044424036743e-08,0.172613190153089,0.219584293071521,0,0.183606106297939,0.12638174668955,0.0333664183447116,0.414076256351893,0.193725986881865,0,0.172613403737796,0.219584353028446,0,0.183606055022993,0.126382132387362,0.0333666670392384
169,0.130158844808648,-1091.58078335253,-1091.64586277493,0.404766434728456,0.160900412261569,0.00438937322878005,0.212461500292272,0.217482279488923,0.116110468758737,0.131954460554831,0.126062390454414,0.0452252226203455,0.407768929180945,0.160620095120859,0,0.214669649133089,0.216941326565106,0.114147905476708,0.131961596121404,0.129891656404819,0.045240602638301
170,0.184321587968043,-1104.94197408763,-1105.03413488162,0.402090978337439,0.195399238301637,0.00840074799679764,0.166373234455494,0.227735800908632,0.0816087500948205,0.16421370398286,0.126190642598918,0.0430251152058573,0.402321606687142,0.195538654416362,0,0.17360114407871,0.228538594817786,0.0866042183524137,0.163626529537982,0.128726781981544,0.0430154239896146
171,3.59977987324328,-1096.04657658543,-1097.84646652206,0.406209466470845,0.131148519851338,0.0130957853517156,0.163867275549725,0.285678952776377,0.000587500236870724,0.0845015310266408,0.114083546845165,0.0193937473814912,0.414877950073065,0.131500769003964,0,0.171592124383125,0.282029156539846,0.00127761886224217,0.0962183337753056,0.119393532209447,0.0195030094980044
172,3.64046263592081,-1158.01149306785,-1159.83172438581,0.40831281304944,0.162173426533684,0.0212329552533892,0.137725807168964,0.270554997994523,0.105777638693851,0.184532318929813,0.113132676873504,0.0375667708136014,0.423671370759485,0.160523082393971,0,0.147565986067277,0.268239560779268,0.101852638198094,0.191274610493667,0.124900288085533,0.0375556308609932
173,0.734652066503259,-1150.67080459407,-1151.03813062733,0.373512794882999,0.149151695345854,0.0102824220797293,0.17700000367956,0.290053084011858,0.13817044038583,0.200376369446462,0.0935702961280252,0.0237733276079469,0.379343851289105,0.148829667284195,0,0.183918171168577,0.287908310258122,0.136947533805365,0.199996558474751,0.103895560241291,0.0237829765161817
174,0,-1131.22553681798,-1131.22553677667,0.471128732688247,0.104608682185645,9.69594033623762e-11,0.143289049416291,0.280973535612858,0.220919721895948,0.139932310871341,0.0974436770309771,0.0375573715160833,0.471128802225503,0.104608627305479,0,0.143288985086197,0.280973585382821,0.220920090494081,0.139932428339707,0.0974436361613911,0.0375574213946315
175,2.35583035648096,-1073.3649092542,-1074.54282443244,0.504891535084324,0.100467247549899,0.0275321719164857,0.170782650833168,0.196326394616124,0.130370155038182,0.178074999376567,0.087838040091381,0.0223672879127966,0.515879970027804,0.0993549494502079,0,0.189759856319148,0.19500522420284,0.137874571799562,0.179914846866098,0.100994673983254,0.0222026262965754
176,0,-1079.42740240961,-1079.42740236478,0.418170966435815,0.166144298367578,2.17889726771055e-10,0.194153052329558,0.221531682649159,0.11279617119588,0.148018494704935,0.131635515697242,0.0247993515547665,0.418170965376101,0.166144296605555,0,0.194153049927898,0.221531688090446,0.11279617533222,0.148018491010759,0.131635514612675,0.0247993505434142
177,0.589181293941692,-1175.55186625262,-1175.84645689959,0.327692796910072,0.163100342610697,0.0142550016180786,0.167643754441877,0.327308104419277,0.122957322862274,0.123953835284303,0.152168639989332,0.0123799609171088,0.331260606949989,0.162179941575472,0,0.176759058148349,0.32980039332619,0.12083214321168,0.119510953941316,0.159747542018562,0.0123796317022476
178,2.56020757660735e-06,-1099.72438188451,-1099.72438316462,0.415632621424567,0.11147463114654,3.41003483448116e-08,0.207066398819313,0.265826314509232,0.101298679257515,0.146197602872001,0.0942845020161654,0.0100081234963292,0.415632635597785,0.111474634947864,0,0.207066405880349,0.265826323574002,0.101298679257515,0.146197602872001,0.0942845020161654,0.0100081234963292
179,3.1911350542523,-1139.58114505831,-1141.17671258543,0.442491521538799,0.124242055103588,0.024248082407887,0.157554622141605,0.251463718808121,0.284709062824703,0.14787973470164,0.1057729764093,0.0420473877558462,0.450793343957791,0.123028611954146,0,0.176988163811135,0.249189880276928,0.28536511763953,0.146859397048953,0.120300484309178,0.0420662479136889
180,7.06149876350537e-08,-1060.58670350508,-1060.58670354038,0.486952953438993,0.100166955666521,1.42164653719514e-10,0.192326837999173,0.220553252753149,0.0960613154752121,0.139959400889972,0.111774511907967,0.0277645944731853,0.486953164634494,0.100167010479063,0,0.192326790534401,0.220553034352043,0.096061216345478,0.139959513525626,0.111774493692436,0.0277645583593526
181,8.91194274118016,-1135.86840325114,-1140.32437462173,0.387934717180222,0.0616011419090924,0.0493919170376544,0.229257174894369,0.271815048978662,0.0752117628423261,0.163267201562109,0.101452099254287,0.0304504444002136,0.396657009684333,0.0604910222891002,0,0.265609364918082,0.277242603108484,0.112299745666453,0.168306046315644,0.108415251284691,0.0304433747319997
182,6.56100382911973e-07,-1078.64528462319,-1078.64528495124,0.48152264320829,0.120445058491503,3.68444228855288e-08,0.190409965258784,0.207622296197,0.0819536137249766,0.187049741184203,0.121941570260616,0.0166571094440151,0.481522660949715,0.120445062929232,0,0.190409972274329,0.207622303846724,0.0819536137249766,0.187049741184203,0.121941570260616,0.0166571094440151
183,1.88321287849567,-1090.56030710178,-1091.50191354103,0.46894265184334,0.14254292807163,0.0263701895119774,0.130134681166339,0.232009549406714,0.131926077923871,0.169624816929033,0.0833586343998556,0.0184556556501406,0.479285561009265,0.141191850386107,0,0.150682862821401,0.228839725783228,0.137993413582862,0.16966252313317,0.097205908735556,0.0185434533323033
184,1.07639928243452,-1149.37724736978,-1149.915447011,0.392432649646481,0.126818488487271,0.0138359573594974,0.171558103652835,0.295354800853916,0.147733637190558,0.162860152144146,0.124225896062785,0.025464999775914,0.398307838638263,0.125196264135362,0,0.179381708610632,0.297114188615743,0.143314899922548,0.159947065506844,0.134711460745711,0.0253823273792021
185,0,-1130.25514435691,-1130.25514426631,0.465774282569198,0.135219856499306,1.81883478625126e-09,0.162797877123578,0.236207981989083,0.161628134246902,0.184881565327419,0.0897534336569576,0.0437408226529382,0.465774224155006,0.135219831621762,0,0.162797915422924,0.236208028800308,0.161628256953369,0.184881540986483,0.0897534206056741,0.0437407737779973
186,0,-1032.4577470438,-1032.45774700476,0.516886006948895,0.14573763555173,2.40322733783876e-09,0.187572559884335,0.149803795211812,0.0753859765993368,0.138730749244378,0.103377613910975,0.0420131982843422,0.516886017541986,0.14573762401727,0,0.187572568369982,0.149803790070762,0.0753859548387853,0.138730753737978,0.103377614372152,0.0420131986753139
187,9.84241523838136e-08,-1125.09330633492,-1125.09330638414,0.408708999331941,0.139448964558005,5.05349443496604e-10,0.180126671483779,0.271715364120925,0.225685356467503,0.136365998849513,0.0948221923880296,0.0201135232332312,0.408708978507911,0.139448882830451,0,0.180126629446467,0.271715509215171,0.225685406769793,0.136365740769689,0.0948224962717818,0.0201135205025539
188,0,-1104.42669386926,-1104.42669354402,0.50418979130273,0.0455249869532247,1.01847892791569e-09,0.227025571261496,0.22325964946407,0.124946061838592,0.17545784841971,0.128400884047292,0.0320182400611287,0.504191665834295,0.0455224526583847,0,0.227026931242787,0.223258950264533,0.124948395629137,0.175458208599119,0.1284006906219,0.0320163577932932
189,2.97309654565379,-1126.88288289461,-1128.36943116743,0.453899548960478,0.113803043909115,0.0210214958258943,0.131944999895282,0.27933091140923,0,0.16890272986966,0.0797647489609722,0.0401908338558207,0.462471285175485,0.113047933615556,0,0.141808056640375,0.282672724568584,0,0.16889510223883,0.0856012054187776,0.0400998020222298
190,2.19493941771543,-1078.57792333187,-1079.67539304073,0.419063992072701,0.130816529095348,0.0315195018734472,0.186681468707488,0.231918508251015,0.0827613298883653,0.191216208317408,0.104820489145201,0.0138230789338266,0.421895209617356,0.132444204612572,0,0.215028576014433,0.230632009755639,0.0982116799887006,0.189958579175375,0.116263490468649,0.0138229909557176
191,0,-1138.48184136079,-1138.48184132306,0.478956709729813,0.113393918931824,2.74880693531637e-10,0.116677961346918,0.290971409716565,0.0925527554179986,0.129972152756214,0.125355692287946,0.0244478549086395,0.478956701060198,0.113393929642183,0,0.116677972472986,0.290971396824633,0.0925527505436896,0.129972148627118,0.125355692717024,0.0244478535383448
192,0.383708825330814,-1069.38505924883,-1069.5769136615,0.474280610912111,0.130913015121443,0.010593499289604,0.15666160308691,0.227551271589932,0.135857083866346,0.122612441423465,0.0947113223645704,0.0350433833755844,0.479068922620312,0.13070792225204,0,0.163755458354047,0.226467696773601,0.137747835174391,0.123214868541522,0.101195127426241,0.0350561844516297
193,1.7287195150252,-1060.08831125993,-1060.95267101744,0.437385661464651,0.12261724381629,0.0103716049747575,0.21392358703499,0.215701902709311,0.110845297637054,0.138674046960589,0.110640607417957,0.0187547673233827,0.44445072274192,0.122336384301254,0,0.218126570428558,0.215086322528268,0.111661161025153,0.147188852182825,0.112940012393221,0.0187588757904018
194,0.373798944001464,-1127.08984401236,-1127.27674348436,0.456206627555433,0.139941431055925,0.00808200449156039,0.122150036836855,0.273619900060226,0.104977064668249,0.158350890304882,0.117979402080729,0.0304031509175791,0.459265509418806,0.139578115389785,0,0.125543159591554,0.275613215599855,0.107175375091529,0.157719249804033,0.119019457966857,0.0303669163582023
195,1.11849658424035e-08,-1096.39460868301,-1096.3946086886,0.522440756891198,0.118118866886659,1.14190389986793e-16,0.166317270116015,0.193123106106127,0.187885492542257,0.170952000823209,0.0871893303621887,0.0772966873426411,0.52244040361438,0.118119006951499,0,0.166317653165942,0.193122936268179,0.187887496848578,0.170951969573744,0.0871893210955009,0.0772966428825926
196,3.92059343834626,-1115.75578522154,-1117.71608194071,0.472826418923038,0.14009293528794,0.0230880689462092,0.142075512397746,0.221917064445067,0.141580223914282,0.146027544375713,0.161863752740674,0.0309271686526721,0.475321318167639,0.139937349331892,0,0.15616245962274,0.228578872877729,0.152474893287241,0.147300898106271,0.163068608608706,0.030891263020841
197,2.41409010416965,-1077.92281562526,-1079.12986067734,0.43005434964909,0.139260845887161,0.0226217983326998,0.158339868333866,0.249723137797184,0.0331932313198373,0.130920588308668,0.117490205654459,0.0186404815842203,0.437164236889264,0.139992217831635,0,0.172598560088734,0.250244985190367,0.0490123981392662,0.130974288473679,0.125000062727373,0.0186438454677541
198,0,-1187.20075124022,-1187.20075122836,0.443626857041492,0.0795569386980434,8.10885059808408e-11,0.186763083090664,0.290053121088712,0.145094287974344,0.241673685956764,0.145241042397704,0.0337998622443841,0.443626880165953,0.0795569239058323,0,0.186763064683674,0.290053131244541,0.145094253205883,0.241673683955601,0.145241031022099,0.0337998629599435
199,1.82546611369116,-1122.77493170338,-1123.68766476022,0.476020542010565,0.124386689129126,0.0142058501752167,0.136561925684384,0.248824993000709,0.0421800935087488,0.194909008556331,0.100385508100195,0.0471240229569188,0.486157518880195,0.123987108347435,0,0.143548490040395,0.246306882731975,0.0445009811829394,0.203685407819103,0.105564279774173,0.0470888702283349
200,0.386147165020702,-1157.13943704996,-1157.33251063247,0.431345725694114,0.123406963710621,0.00651048596799104,0.140671405364551,0.298065419262722,0.13146498658211,0.188261185829148,0.0901279196175919,0.0232324618608034,0.435566407895365,0.122775088401153,0,0.143859694158308,0.297798809545174,0.126937129739312,0.187784974075952,0.094498473392401,0.023217833553063
201,1.40488994530369,-1112.04650209331,-1112.74894706596,0.41800291143181,0.125372215726674,0.0191333158799758,0.169030719735667,0.268460837225874,0.0626609418677518,0.107959167000299,0.102703111677049,0.0376556822496233,0.420023864644076,0.128589840384607,0,0.184765408520313,0.266620886451003,0.099451527986723,0.108428740058618,0.109590174730362,0.0376517493259359
202,1.18210272336592,-1123.48049467688,-1124.07154603856,0.411756085046873,0.124846698687594,0.0149734859794813,0.188829376201883,0.259594354084168,0.136531535080061,0.128113692853566,0.124505205796739,0.0262670754857161,0.414364822503843,0.124862245359952,0,0.200563066425662,0.260209865710543,0.145320899413293,0.133279687715568,0.12623475870342,0.0262643614371084
203,0,-1042.60617813008,-1042.60617809457,0.438163032791976,0.172707093578914,1.41550507668864e-10,0.17508936868797,0.21404050479959,0.129734488090341,0.150778199553863,0.0665641972097143,0.00909499367721501,0.438163046829708,0.172707090321073,0,0.175089360612889,0.21404050223633,0.129734488298365,0.150778198794154,0.0665641969563514,0.00909499442949606
204,4.0300864618971,-1099.72378959193,-1101.73883282288,0.387327251934302,0.195801578048488,0.0366684536513895,0.113641029234232,0.266561687131588,0.121662796768453,0.194630803006138,0.0918772776234219,0.00895915773235609,0.395300571552716,0.196235545183077,0,0.134300115702688,0.274163767561519,0.146812310887069,0.192305731121719,0.0967803193845944,0.0089548626453004
205,0,-1090.01053384247,-1090.01053382946,0.469885663309194,0.138531983386697,2.26278314584401e-09,0.179197727693052,0.212384623348274,0.298047602353212,0.158506115678227,0.109438558379319,0.0187746872413555,0.469885703566208,0.138531988933916,0,0.179197714849949,0.212384592649928,0.298047551623942,0.158506129040269,0.109438586718612,0.0187746822915801
206,0,-1121.50584639639,-1121.50584638397,0.450113101744763,0.14428190683944,3.25799055447545e-10,0.140858407627092,0.264746583462905,0.15591754396435,0.17736946097467,0.127630567460866,0.0137450622081546,0.45011303204108,0.14428202229869,0,0.140858427817075,0.264746517843155,0.15591776933042,0.177369524037843,0.127630603681797,0.0137450492269726
207,4.99971541667082,-1103.94540752974,-1106.44526523808,0.525403237392332,0.0683026521002781,0.0246075183335881,0.139647538299193,0.242039053874609,0.000423879723843611,0.147927097140444,0.119403174280787,0.0233576998275451,0.524623606393267,0.0705509954855874,0,0.155536578758008,0.249288819363137,0.0222928038957583,0.149174558356003,0.121012551745631,0.0233329230690196
208,0,-1077.71004252503,-1077.71004248568,0.503956797834664,0.107834933508005,4.49634124922158e-10,0.159953515170098,0.228254753037599,0.0863375211780943,0.147969117145873,0.108783954239798,0.0320478189006767,0.503956811430811,0.107834945698804,0,0.159953494969325,0.22825474790106,0.086337511845761,0.147969119115562,0.108783953525293,0.0320478377664414
209,0,-1180.46592217246,-1180.46592213315,0.397950649381113,0.0817520548420009,7.1629150376728e-10,0.196494831141321,0.323802463919274,0.174046651278374,0.185795384460972,0.0780649969409818,0.0223512235559164,0.397950645444943,0.081752056270517,0,0.196494829722339,0.323802468562202,0.174046632228813,0.18579538218973,0.0780649956953521,0.0223512248465555
210,0,-1090.87825473984,-1090.8782546928,0.512687757535917,0.104371618729091,2.1507284027769e-11,0.14411773999123,0.238822883722255,0.055182044194262,0.163596290350278,0.106461616592201,0.0358504482842209,0.512687762351578,0.104371628011544,0,0.14411773345869,0.238822876178188,0.0551821240308528,0.163596295565652,0.106461612183707,0.0358504477486886
211,0,-1093.821932061,-1093.82193201464,0.463122891187089,0.153619980061331,3.01742547000753e-10,0.168061785521459,0.215195342928379,0.101527841615533,0.171995531870445,0.137418030210249,0.0140365966734729,0.463122863790782,0.15361992311893,0,0.168061864722032,0.215195348368256,0.101527711941049,0.171995512844478,0.137418052030861,0.0140365932493427
212,1.10710448615146,-1067.97611346213,-1068.52966570521,0.430242101110697,0.134941953701229,0.0225236448717542,0.205274581583623,0.207017718732697,0.0512186394105266,0.15969797209208,0.104013605794182,0.0183084272334234,0.432981375197463,0.135133164917127,0,0.223841508403861,0.208043951481549,0.057475937682758,0.161265494690704,0.107623321368872,0.0183082600819227
213,3.7194314711046,-1095.10225445489,-1096.96197019044,0.481466361048882,0.0990292227067309,0.0185470035627879,0.173699551653073,0.227257861028527,0.102129127244292,0.15544086006907,0.137709330770176,0.0201243895157294,0.483766018030094,0.0984642386765112,0,0.183581427767558,0.234188315525837,0.0961383224530151,0.157589149496304,0.139788124377059,0.019997254410376
214,0,-1134.37147018586,-1134.37147014918,0.398598106557888,0.0890905651707385,6.91039597215567e-10,0.233624572574276,0.278686755006057,0.17271210334909,0.139389309386502,0.104018279008816,0.0337013230853329,0.398598102389273,0.089090563841464,0,0.233624575226983,0.278686758542281,0.172712126688357,0.139389306819742,0.104018278810478,0.0337013229126017
215,2.83475856122095e-08,-1114.15075876407,-1114.15075877824,0.574778850753298,0.121277511386218,5.46601415836711e-18,0.100960473660935,0.202983164199548,0.167438834758869,0.157693699209422,0.178850283894801,0.0684896071711877,0.574779250201202,0.121278168781895,0,0.10096013677444,0.202982444242463,0.167437509897939,0.157694005694694,0.17885013218219,0.06848927194602
216,0.0263248984492748,-1139.28368893919,-1139.29685138842,0.408358932902033,0.166337303824036,0.00238317114619716,0.148445220200289,0.274475371927445,0.116756269558252,0.176881047568799,0.111777629563085,0.0283510323817906,0.408408156125993,0.166495438791711,0,0.149703250276847,0.275393154805449,0.118936982023354,0.176143195000258,0.111923288769492,0.0283479172494823
217,2.53885445999913e-08,-1134.58382847335,-1134.58382848605,0.402953812625774,0.107114695711124,2.32024175062213e-11,0.207668868802897,0.282262622837002,0.0209360573193019,0.115316214916823,0.13773535772907,0.0402011308956802,0.402953987902863,0.107114187842055,0,0.207669709872398,0.282262114382684,0.0209359653402859,0.115316325107148,0.137735295926779,0.0402012025949849
218,1.85900717042387e-09,-1191.90504105852,-1191.90504105945,0.447103639265421,0.0377130678169264,1.15365149584405e-08,0.201498583212754,0.313684698168384,0.230256241020764,0.137689307755693,0.146945819818908,0.0302738724934374,0.447103644423439,0.0377130682520038,0,0.201498585537345,0.313684701787212,0.230256241020764,0.137689307755693,0.146945819818908,0.0302738724934374
219,4.80181370221544e-08,-1115.53380842375,-1115.53380844776,0.404056200140227,0.1813000080956,2.16564154207261e-10,0.170955909885942,0.243687881661666,0.21276043099197,0.141978872329963,0.137606764889768,0.029780333890677,0.404056204803543,0.18130000622155,0,0.170955909869965,0.243687879104941,0.212760430318767,0.141978881235198,0.137606765166599,0.0297803301900715
220,2.97586616751914,-1155.25816908206,-1156.74610216582,0.35388605976772,0.128049290599927,0.0231437975161614,0.168640091290427,0.326280760825764,0.147154594680201,0.114385692457614,0.0995267089012194,0.0240928996755976,0.354297019093066,0.128027745370326,0,0.188552637612722,0.329122597923886,0.149438982994859,0.117044486574322,0.103732420744872,0.0239805499712401
221,6.45616637484636e-07,-1132.92393947248,-1132.92393979528,0.467151646756524,0.135354681976895,3.58351832241581e-08,0.117145836290024,0.280347799141373,0.109990607676976,0.176947877822742,0.115708053280897,0.0108883973488324,0.467151665667426,0.135354685754984,0,0.117145840735103,0.280347807842488,0.109991139955849,0.176947880869656,0.115708092855913,0.0108883966437195
222,0.196037383087969,-1123.78612830483,-1123.88414699638,0.449639219380062,0.116842200405821,0.00564929785242312,0.151345383290546,0.276523899071147,0.0782039747603498,0.139777734134074,0.146579486805305,0.0258097028510115,0.452030828072588,0.116377554848491,0,0.154590120181759,0.277001496897162,0.0769977305211904,0.138662346756484,0.150885201863044,0.0257757447730891
223,0.00922373590901771,-1115.39592943629,-1115.40054130425,0.355506120529508,0.118840710904465,0.0011964395227829,0.26802931260267,0.256427416440574,0.0604897755258862,0.149843249716029,0.124804735362871,0.0270454843249394,0.355910369936789,0.118802269715505,0,0.268707493130905,0.256579867216802,0.0608288315696745,0.149778998410201,0.125279926391548,0.0270291895985165
224,0.0623588156122423,-1123.04922594361,-1123.08040535142,0.3952713675882,0.18520621894404,0.00332165543028689,0.126175509178911,0.290025248858562,0.151403548069118,0.127813210340901,0.115505438794713,0.0325387630354639,0.398349617920356,0.184810306130932,0,0.127515854054341,0.289324221894371,0.150213963883115,0.127927215593774,0.11887430723898,0.0325304625792051
225,1.11798948515661,-1078.7534416165,-1079.31243635908,0.50752717362927,0.0964543411907094,0.0104336614865398,0.145088225323819,0.240496598369662,0.0967577065998919,0.16997814454432,0.0828698834007299,0.029496363937118,0.513617894534871,0.0968144764265708,0,0.15190475754268,0.237662871495878,0.0995841379448934,0.177684021259239,0.0871121954554301,0.0295612533125546
226,0,-1159.85351873716,-1159.85351872248,0.394767842717453,0.168637895821683,3.55904003182333e-10,0.168794298591171,0.267799962513789,0.124580940502646,0.149980017633287,0.15305865446256,0.0419101882463599,0.394767865445151,0.168637870728647,0,0.168794284669928,0.267799979156274,0.124580813997042,0.149980030169182,0.15305862927357,0.041910169603978
227,6.06422214422537,-1082.71086412354,-1085.74297519565,0.366135491321124,0.172742892859409,0.0318855774128412,0.226050791305752,0.203185247100873,0.179717318676924,0.119944634547449,0.166212773366362,0.0299782877101447,0.377819457789778,0.171934919211006,0,0.245820565678643,0.204425057320573,0.181613890614108,0.135188204319039,0.168968699151513,0.0300071187348276
228,0.323291259981943,-1081.9652743479,-1082.12691997789,0.422693906305092,0.176124581841159,0.00698400214886269,0.198576714844779,0.195620794860106,0.155119909131877,0.175577611129377,0.126828147287384,0.0187067841963969,0.423153061194476,0.176295901449646,0,0.204780948943664,0.195770088412214,0.156493245514152,0.178324171999187,0.127638240765276,0.0187069082134732
229,0,-1172.45011013645,-1172.45010880335,0.426818574895376,0.118778118067987,3.63345019418371e-08,0.171812766045776,0.282590504656359,0.231984882564024,0.156000395536223,0.135061562556754,0.0445240259277341,0.426818590403617,0.118778122383731,0,0.171812772288507,0.282590514924145,0.231984882564024,0.156000395536223,0.135061562556754,0.0445240259277341
230,0,-1142.52855977021,-1142.52855971127,0.428379371138669,0.16425760615919,2.79550406529838e-10,0.162434956711528,0.244928065711062,0.155482360829504,0.228406167687021,0.112957460216265,0.0488074924156219,0.428379464304145,0.164257601430271,0,0.162434997767065,0.24492793649852,0.155482425590825,0.228406138013642,0.112957495799594,0.0488075034291799
231,2.13412237397461,-1079.47465821917,-1080.54171940615,0.448535501621894,0.180667010930526,0.0252316433850165,0.171104941307701,0.174460902754862,0.123410589857431,0.197987032236354,0.136736479512159,0.0245175406359272,0.454970511159621,0.179519026485532,0,0.189068855857621,0.176441606497226,0.125852336407183,0.203457790355826,0.140091361255745,0.0245103284908123
232,0.0920730514535535,-1084.48382527058,-1084.52986179631,0.472069727219774,0.0995698085574049,0.0041614707527911,0.168988173058957,0.255210820411073,0.0319190125041511,0.105388383481578,0.155862448911158,0.0255168956067314,0.473577604109757,0.099448420014334,0,0.171444309823339,0.25552966605257,0.0336152717847386,0.105386894117073,0.156689700509935,0.025518646129647
233,0,-1086.59721805312,-1086.59721804678,0.419639431206905,0.136982152364799,6.75740136726184e-12,0.159696859059095,0.283681557362444,0.0577160992237154,0.106176205804431,0.0766827132626108,0.0240894839587431,0.41963929784539,0.136982407318428,0,0.159696633747147,0.283681661089034,0.0577163378182332,0.106176255849018,0.0766824923718502,0.0240894751437332
234,1.27905531760462,-1049.71494679571,-1050.35447445451,0.44511818051837,0.183013437350192,0.0132240135518939,0.18855489995479,0.170089468624754,0.0973937707077722,0.210885914776688,0.0952996470078879,0.0298136827943385,0.450524463831094,0.182479949626092,0,0.197948492697339,0.169047093845475,0.0987564146839173,0.215879060192311,0.100140675177955,0.0298336609767773
235,0.951757907406773,-1102.66528369962,-1103.14116265333,0.506096411295526,0.084750004514319,0.0151577724674397,0.189751051499349,0.204244760223367,0.09353654561565,0.177942826762244,0.149885471325446,0.0431300087594169,0.511920511111326,0.0842719551786656,0,0.197231265380334,0.206576268329674,0.0934303545841976,0.176959520730942,0.156883737925884,0.0429751712652731
236,0.364290853670809,-1141.91586443441,-1142.09800986125,0.404937964471139,0.164437407137295,0.00672643713298798,0.127654240103071,0.296243951155507,0.108746567900778,0.117772916787147,0.121638660913003,0.0254728383811505,0.409345849365994,0.164027309268742,0,0.130716000082181,0.295910841283082,0.111005451657647,0.117905171490432,0.125722978661486,0.0254127287751265
237,0.136927461633604,-1143.83653013146,-1143.90499386227,0.378213140078511,0.0866986259778061,0.00495585588937089,0.245366266589379,0.284766111464932,0.108538428749163,0.156731297011914,0.120426507420668,0.0292242706427086,0.379734913973248,0.0867527065197603,0,0.248123762896606,0.285388616610386,0.111606833985632,0.156515220217174,0.122095162598251,0.0292259231694778
238,0,-1159.61559870137,-1159.61559860402,0.423624176699533,0.126811885200527,1.34212901409055e-09,0.148626226739546,0.300937710018265,0.108609328578414,0.142551538171978,0.0669583550409025,0.0806812870501251,0.423624857153235,0.126812211729432,0,0.148625581784827,0.300937349332505,0.108608646416819,0.142552657396649,0.0669587259894888,0.0806817985291357
239,0,-1101.49403215343,-1101.49402945586,0.407672320760967,0.168743359709092,5.16189853042856e-08,0.191584203359945,0.23200006455101,0.220586287437622,0.153800038538104,0.0997909463445212,0.0201049063192276,0.4076723418046,0.168743368419454,0,0.191584213249328,0.232000076526618,0.220586287437622,0.153800038538104,0.0997909463445212,0.0201049063192276
240,0.634718901967062,-1104.72979099148,-1105.04715044246,0.496406269641737,0.135639023709114,0.01047300659746,0.136423397271504,0.221058302780185,0,0.17691300208708,0.142681890856693,0.0347713539299924,0.498795560702242,0.135711425946401,0,0.145547191801993,0.219945821549364,0.0159991718317892,0.176552164372399,0.147838937141863,0.0347864403022352
241,6.15991666563787e-08,-1061.94303575227,-1061.94303578307,0.465886835141866,0.151738939319627,5.9732042598792e-11,0.149087017596548,0.233287207882226,0.0196582781027739,0.109145501902694,0.104649015451615,0.0553586648208965,0.465886846950845,0.151738934312929,0,0.149087000640822,0.233287218095404,0.0196582680162481,0.109145470682886,0.10464900876732,0.0553586632518886
242,0,-1089.68062164193,-1089.68062161851,0.459598347906666,0.167363427856811,5.25403933674949e-10,0.135915822316991,0.237122401394127,0.0463650551576754,0.160779659554228,0.15933319376589,0.0240196332440436,0.459598346212761,0.16736342907131,0,0.135915819987378,0.23712240472855,0.0463650483163402,0.160779653387074,0.159333197596177,0.0240196334432007
243,0,-1163.46388763402,-1163.46388759794,0.415316511438393,0.0848633245900318,4.58450149560946e-10,0.165748055287215,0.33407210822591,0.0832626507051532,0.0983842454020706,0.144051779388046,0.0189417286435574,0.415316497835871,0.084863317334811,0,0.165748058010963,0.334072126818355,0.0832626231097304,0.0983842546219999,0.144051788572741,0.0189417278037526
244,2.55904069490498e-07,-1120.64669653569,-1120.64669666364,0.404833313465815,0.141816154054261,1.71986112571258e-09,0.186727694964675,0.266622835795388,0.183572401034147,0.144127120974705,0.103163352440253,0.0270771930712513,0.404834152788867,0.14181589726243,0,0.186727776474919,0.266622173473784,0.183571534479147,0.144127205586002,0.103163450813411,0.0270765895140034
245,0,-1143.82925372204,-1143.8292536807,0.402217846076342,0.149784014133579,7.57737284297986e-10,0.157439514706165,0.290558624326176,0.196476294332654,0.140869270353659,0.122375863698475,0.0141580374403326,0.402217819707265,0.149784033655081,0,0.157439547039004,0.29055859959865,0.196476381510378,0.140869313234982,0.122375875193468,0.014158057737177
246,1.81497019628478,-1046.22121838333,-1047.12870348147,0.431729186018429,0.130313650715498,0.0214866883023271,0.176429820684087,0.240040654279659,0.140351347317084,0.110386936995872,0.0840783270756345,0.0224481284019122,0.438427665360437,0.129516022774276,0,0.18895653767883,0.243099774186456,0.138242190978407,0.109153024942223,0.0923384304657904,0.0224475508738478
247,7.46517798688728e-08,-1048.43250969523,-1048.43250973255,0.475677820608799,0.106548873753769,1.62559484874249e-09,0.176004157970872,0.241769146040966,0.121730696050731,0.121953523907596,0.0432854396787634,0.0217256090239839,0.475677750890608,0.106548953822705,0,0.176004085148346,0.24176921013834,0.121731295107947,0.121953554578859,0.0432854332912894,0.0217255825428834
248,0.350127810745107,-1163.49061994625,-1163.66568385162,0.34693418561591,0.184326159949612,0.0111292016260138,0.154235219666769,0.303375233141696,0.268433597863593,0.169009860480104,0.108737525532584,0.0253595501941463,0.349120627145976,0.184181444018945,0,0.164106579443471,0.302591349391608,0.277134006833108,0.168975588225707,0.112665569859861,0.0253529648757335
249,1.99934206210855,-1083.47797174114,-1084.47764277219,0.431322065370445,0.129981825541812,0.0165986248494221,0.190656411082213,0.231441073156108,0.117720786095595,0.157484059413835,0.0792585826859383,0.0375759181103365,0.438428525946022,0.129660192518074,0,0.204702156254654,0.22720912528125,0.114863983134317,0.169449547622319,0.0862672078956951,0.0376467367586093
250,0.0678043440307192,-1056.42941597061,-1056.46331814263,0.520837147212881,0.128545246842737,0.00238032798868501,0.123710808976205,0.224526468979492,0.0740650770477753,0.147822433249866,0.0855989563385362,0.0272662386640431,0.522821444096023,0.12851790230831,0,0.124845803181388,0.223814850414279,0.0734196850004179,0.147936057933557,0.0887243307674276,0.0272651483193309
251,2.12365193874575e-07,-1047.12657217803,-1047.12657228421,0.454323520171197,0.138320070338659,2.45878268908702e-10,0.188410810088353,0.218945599155913,0.0740633941483546,0.149099134609192,0.121009572344416,0.00844406181523289,0.454322717825904,0.138319638084748,0,0.188410877156579,0.218946766932769,0.0740639760568067,0.149099031754054,0.121008848198056,0.00844409818918885
252,1.74725429390537,-1059.5943467542,-1060.46797390115,0.446199109909991,0.138235714224809,0.0204434453366925,0.155344600971179,0.239777129557329,0.0752301213506715,0.134425022767893,0.0745344010631409,0.0200990620393803,0.457904393131333,0.136183882767985,0,0.168682299881042,0.23722942421964,0.070548753884134,0.13437623265098,0.0938833628774068,0.0200429370327242
253,4.10294751514084,-1083.35487256896,-1085.40634632653,0.569996713737125,0.0882305035286054,0.0246239207340299,0.113565717565069,0.203583144435171,0.0696558676877009,0.19687400165662,0.141896702951804,0.00830896391688961,0.582332262338538,0.0842584222185124,0,0.122150111179317,0.211259204263633,0.0392599212759616,0.203341805203459,0.145629919187788,0.00830539395465968
254,0,-1107.37711482986,-1107.37711478707,0.448914380304496,0.151695720199745,1.38750005696542e-09,0.167566181713119,0.23182371639514,0.139230932817763,0.156460003207704,0.114461902056204,0.0251959570144119,0.448914361584489,0.15169570894019,0,0.167566193434547,0.231823736040774,0.13923091769681,0.156460010409395,0.114461907312591,0.0251959755571466
255,0,-1148.22134449875,-1148.22134444573,0.467127120168144,0.110455677960351,3.43824602473451e-11,0.156890416614717,0.265526785222405,0.093892718838557,0.145828229258521,0.205414209295543,0.0217713600583022,0.46712709618812,0.110455691830131,0,0.156890420230802,0.265526791750947,0.0938927543185728,0.145828194567985,0.205414183877495,0.0217713682278993
256,3.42974443167122,-1106.63649953891,-1108.35137175475,0.417205889471989,0.138652925083687,0.0176164821800057,0.1434489683587,0.283075734905618,0.056196614525019,0.119409253709747,0.0947027881498937,0.0348434121552098,0.424811594554131,0.138341937100526,0,0.154331197173585,0.282515271171758,0.0595495718401222,0.133475689661688,0.09648654762136,0.0347453453774815
257,0.356587598566421,-1166.87284319372,-1167.051136993,0.400938379004001,0.0820361026624579,0.00908572928187894,0.226731418181611,0.281208370870051,0,0.169756951646862,0.130227417841243,0.0369859977435938,0.401839778751959,0.0820348501526103,0,0.234303347471673,0.281822023623758,0.0150804154220425,0.169811533144804,0.130062780296029,0.0369746339467198
258,1.52303729578716,-1156.63735050274,-1157.39886915063,0.455623658260092,0.062566134574189,0.0193182401450327,0.166252545091485,0.296239421929201,0.0916181910904734,0.248074570393192,0.0512763254890759,0.0192462420385414,0.458618708026711,0.0623589416106304,0,0.184385235887731,0.294637114474928,0.124640135309899,0.248486179688919,0.0600616327291464,0.0192493533212525
259,2.56270955586115,-1031.66542879473,-1032.94678357266,0.448788129748161,0.159022183163202,0.0204651339321992,0.154646909349054,0.217077643807384,0.114146173349551,0.118276830485466,0.08266485157402,0.0278737950237306,0.451734911397612,0.160738495802855,0,0.170558925280347,0.216967667519186,0.136133575640058,0.123933636049869,0.0868019343660856,0.0278672016057513
260,6.92067865146464,-1084.62155261861,-1088.08189194434,0.432706901829819,0.178982009382871,0.032507630334601,0.114290517936264,0.241512940516445,0.0336773912186281,0.193297796095119,0.107721661448552,0.0235974842238461,0.438496761465173,0.179261609825038,0,0.134795862976124,0.247445765733666,0.0501504205987065,0.191436991999777,0.117912730756496,0.0235209261737266
261,0.852822900987576,-1156.15041990579,-1156.57683135629,0.420743385637942,0.0908984756480613,0.0143621341875127,0.203264257410074,0.270731747116411,0.106228026954394,0.183740447363223,0.111592634688563,0.0455279448860708,0.426722527855528,0.0905254388497634,0,0.211568268020837,0.271183765273872,0.115257965092846,0.183688281311277,0.117490736937058,0.0455391169193909
262,4.41805100308557e-05,-1155.2141923011,-1155.21421439136,0.432544402622182,0.171889117168692,1.20091923468548e-06,0.140457532117857,0.255107747172033,0.279870872619334,0.149807264545116,0.171383879180414,0.04168848151137,0.432544067151518,0.171896814973267,0,0.14045185551288,0.255107262362335,0.279873748002153,0.149815736967446,0.171383783843025,0.0416883472770364
263,4.81451024825219e-07,-1053.70348687833,-1053.70348711906,0.476081783351026,0.0972112381104274,2.97371433168353e-08,0.227917576589334,0.198789372212068,0.110624187359425,0.106272757498341,0.152213562065576,0.00866460979783472,0.476081797508339,0.097211241001212,0,0.227917583366952,0.198789378123497,0.110624187359425,0.106272757498341,0.152213562065576,0.00866460979783472
264,0,-1119.7308609903,-1119.73086094898,0.401465641813602,0.187567977700626,4.27106542216042e-10,0.181715364229043,0.229251015829623,0.114585942770417,0.189579910865437,0.107374185563495,0.0542537001864225,0.401465628838572,0.187567989614384,0,0.1817153617145,0.229251019832544,0.114585953340309,0.189579905971977,0.10737418127449,0.0542536998477252
265,0,-1120.73232265345,-1120.7323226127,0.424089729915193,0.119814167484181,4.31642292515692e-10,0.195653572899414,0.260442529269569,0.10560441215374,0.158672985193614,0.104292984605924,0.0195414823476289,0.424089753560234,0.119814143176404,0,0.19565357376949,0.260442529493871,0.105604289164763,0.158672988778544,0.104292985370653,0.019541482452075
266,1.12122584769213,-1093.09306305062,-1093.65367597447,0.427099497612958,0.156396689770296,0.0130069481612713,0.163907326651417,0.239589537804058,0.0741821877389221,0.152859108956703,0.161867203006817,0.0085742513562296,0.431982034364522,0.155579726165688,0,0.171970550511033,0.240467688958758,0.0750390212393829,0.159636043449977,0.161283264189974,0.00857517800913945
267,8.11525394025648,-1087.47093918362,-1091.52856615375,0.401626820747177,0.163486624458146,0.0572049617541242,0.194544636313222,0.183136956727331,0.0630367458698757,0.190153941313739,0.169502938491742,0.0295931277438928,0.411236551513818,0.166347082069976,0,0.239322842323381,0.183093524092826,0.110711925412418,0.189468972590829,0.188027839194256,0.0295577160405068
268,2.28662111112499e-05,-1146.27053034706,-1146.27054178016,0.502019331752591,0.0998616035936631,1.3570831631082e-05,0.140419759587659,0.257685734234456,0.0782740908921872,0.19384782588799,0.113304264076659,0.0377450075854938,0.502021358562799,0.0998613756749535,0,0.140427990073939,0.257689275688309,0.0782870891863177,0.193846951513428,0.113303949561359,0.0377448477267256
269,2.97036422125529e-08,-1099.64559670754,-1099.6455967224,0.418590605698169,0.140602235830905,4.25280718004056e-09,0.209015194781398,0.231791959436721,0.0536546161844952,0.197497755235268,0.133511020227711,0.0183096242219392,0.418589284572245,0.140602482265603,0,0.209014430638189,0.231793802523964,0.0536549905365155,0.197488669099737,0.133510980087298,0.0183096258294466
270,0,-1114.8084928826,-1114.80849283291,0.446322464248783,0.177617810234586,4.29666166181505e-10,0.143137093272123,0.232922631814843,0.0984338700680135,0.174575235641941,0.125454754899514,0.0284829595213703,0.446322478549336,0.17761779209476,0,0.143137100517593,0.232922628838311,0.0984338600318672,0.174575229304318,0.125454758233187,0.028482950614781
271,0.404609822484417,-1131.92921014572,-1132.13151505696,0.39186916122395,0.145518049406124,0.0109461629961915,0.221337970412948,0.230328655960787,0.218961903238678,0.156538375859394,0.154815202344572,0.023575933718817,0.393564622154775,0.146838385777566,0,0.230958136270139,0.228638855797519,0.235619326582626,0.156861984334015,0.160867237652414,0.0235802463550938
272,2.05981448507146,-1114.70750133039,-1115.73740857292,0.43196072990654,0.127506194789857,0.0203283264558258,0.162725593472978,0.257479155374798,0.159121873811689,0.188208018451946,0.114594194535625,0.0132261269786766,0.438038148730177,0.127599552528665,0,0.173136150387284,0.261226148353875,0.175403729206261,0.186872438728719,0.121877274988541,0.0132256758242308
273,6.20275386609137e-08,-1093.24331404525,-1093.24331407627,0.366123849546794,0.146747926351939,5.12829228673154e-11,0.233488311818339,0.253639912231645,0.180590556075488,0.125026106423737,0.097234765661153,0.035628778766703,0.366122994218345,0.146749141037992,0,0.233487043096161,0.253640821647503,0.180590831872849,0.125026078289879,0.0972345210206936,0.0356288005026348
274,2.40354893321637e-07,-1150.05133590787,-1150.05133602805,0.346710019178621,0.187486927005385,2.743369122019e-11,0.179570497614743,0.286232556173818,0.105600652656598,0.172469943554022,0.117195532796812,0.051454446367964,0.346709770032944,0.187486551525282,0,0.179571994038318,0.286231684403457,0.105600840441913,0.172470500114606,0.117195523167006,0.0514544805999154
275,0.597901222538439,-1145.03794446883,-1145.3368950801,0.39815991502625,0.115179406459871,0.0102461827143507,0.189052995529887,0.287361500269641,0.0589560680102193,0.164181802418091,0.150873480962653,0.028624656614116,0.401721129891636,0.114917319876438,0,0.193519439224329,0.289842111007597,0.0641048470966732,0.165625390258696,0.148861069803801,0.0286190417328606
276,6.87956846254156,-1188.11144168173,-1191.551225913,0.425358583525381,0.0711388410149897,0.0437964857804829,0.136067669777038,0.323638419902109,0.0977377291641563,0.176364481828467,0.15054749355727,0,0.443580599040306,0.0689967922866349,0,0.156315331869372,0.331107276803688,0.112761498551146,0.187921166542369,0.152424833202945,0
277,1.54508096154404,-1090.00116637515,-1090.77370685593,0.429501937899083,0.0980806966409136,0.0108102067321057,0.219958695638249,0.241648463089649,0.0473583673714825,0.143101277433787,0.121157333613429,0.0262067931149138,0.436202239599832,0.0976938978430473,0,0.225717460331502,0.240386402225618,0.0495405597621143,0.15354787842447,0.121543311409679,0.0262551754689241
278,2.52289611823153,-1115.5044096457,-1116.76585770482,0.446700208900054,0.121329422131105,0.0182092809732809,0.184210361281721,0.22955072671384,0.0636070714323106,0.158256231815611,0.162750361616706,0.0263655819084681,0.458254759461956,0.120723031819041,0,0.191880110582841,0.229142098136162,0.0644020592890161,0.166257734013378,0.167810243733275,0.0263423394297767
279,0.976583709986244,-1154.27016967615,-1154.75846153114,0.437467982032725,0.115512675578779,0.0111595196833938,0.148972849979762,0.28688697272534,0.0658498086010195,0.1935154250134,0.126078391023087,0.0125729741008093,0.445513994947358,0.114461376705978,0,0.154786543893897,0.285238084452766,0.0609439173269878,0.201827454413217,0.130499997197865,0.0125037052141977
280,0,-1087.68524056726,-1087.68524055315,0.466109748642919,0.120349451935359,1.79852779807507e-10,0.190738701311317,0.222802097930552,0.416483774164106,0.126040362401701,0.144190575001098,0.016318792247591,0.4661097537527,0.120349446994437,0,0.190738699711188,0.222802099541675,0.416483760851166,0.126040355827263,0.144190568635602,0.0163187929022401
281,0.0496236934650369,-1122.14214018461,-1122.16695203134,0.477219332314848,0.0977394276421354,0.00393637587987379,0.16097808312195,0.260126781041193,0.0809113006509309,0.132429931477297,0.158169300459644,0.00978328677388968,0.477828866829632,0.0979758609921661,0,0.163438860350077,0.260756411828125,0.0860641612072854,0.13223830212867,0.157939443486426,0.00977796869373788
282,1.4492998161586e-06,-1151.89987327666,-1151.89987400131,0.371287207875206,0.137582629650416,4.20868456708055e-08,0.188084022662348,0.303046097725184,0.15489063399717,0.110881933936019,0.146465317745411,0.0392660225006283,0.371287223501514,0.137582635440835,0,0.188084030578212,0.303046110479439,0.15489063399717,0.110881933936019,0.146465317745411,0.0392660225006283
283,0.0812581475529441,-1148.81136468183,-1148.85199375561,0.457509889638863,0.0877866874652718,0.00628928222550698,0.145957338901606,0.302456801768752,0.019000760892399,0.168067068547213,0.112938780525629,0.0202404101937469,0.458539558013098,0.0875059399518778,0,0.151174875784708,0.302779626250316,0.0175189804793215,0.168216089132223,0.115215780012552,0.0202386291227679
284,2.11097399973369,-1070.88109793106,-1071.93658493092,0.447402691980868,0.129817508114203,0.0260275264664957,0.199868817501536,0.196883455936898,0.141052400000436,0.0768076153860314,0.118476532467588,0.0571038674997774,0.453878908363046,0.130906654998603,0,0.21571859205747,0.199495844580881,0.179354144524958,0.0768231214951593,0.121665281272764,0.0569280967536752
285,0.393110192306267,-1074.16697004275,-1074.3635251389,0.469714958120418,0.155241720840034,0.00586653062030501,0.157901055274933,0.21127573514431,0.00758393239629576,0.200741072394572,0.0833114596403959,0.0244164903509183,0.473559321567852,0.154590466229536,0,0.161067327372453,0.210782884830159,0.00614815252601482,0.200934228312295,0.0883803865341889,0.0243970890596035
286,0,-1061.48396010598,-1061.48396009463,0.474483053120388,0.248311992103397,9.70786765902314e-11,0.139241849521116,0.13796310515802,0.275318915436538,0.189651927666995,0.128519851547871,0.05130618574812,0.474483041490215,0.248311955243528,0,0.139241929652897,0.137963073613359,0.275318908949945,0.189651995132903,0.128519876231761,0.0513061877123044
287,1.93824098460027e-05,-1070.6768580855,-1070.67686777671,0.440706772794151,0.147817071161801,5.04828292361527e-06,0.185462855606338,0.226008252154786,0.0732218970774046,0.163322796958684,0.103252877368952,0.0283200686663115,0.440707969967609,0.147817050908864,0,0.185465432999029,0.226009546124498,0.0732221430077875,0.163321895892329,0.103256739528533,0.0283201966594471
288,0,-1046.79343602879,-1046.79343592751,0.431825667879745,0.157228285945256,4.42800922519474e-10,0.191274458477747,0.219671587254451,0.0938431949024977,0.128944446807317,0.094767068005824,0.0297135523793882,0.431824659240231,0.157228959416014,0,0.19127462614402,0.219671755199735,0.0938430093640996,0.128943841396452,0.0947668668114847,0.0297138514156521
289,0.0759195782375173,-1032.3465363545,-1032.38449614362,0.502763362196575,0.14815720750216,0.00390207661815591,0.162924700343468,0.182252653339641,0.054244168423465,0.148156969319885,0.116049631325303,0.0271215009495973,0.504786404848705,0.147859773078131,0,0.165180462972516,0.182173359100648,0.0535469056825923,0.148245703606478,0.118552330528475,0.0271151555935137
290,0,-1166.10401374581,-1166.10401342629,0.418242168895367,0.105800185376123,8.64812260855578e-20,0.162350684997906,0.313606960730605,0.13697958417163,0.135006409142519,0.124374093274382,0.0257621898349906,0.418240773979504,0.10579744485976,0,0.162352423396074,0.313609357764662,0.136977346797126,0.135007692422283,0.124373632976929,0.0257617542031803
291,0.625772923047407,-1118.66103130082,-1118.97391776234,0.49120874960577,0.0715550735958625,0.00943753537336081,0.141425150740294,0.286373490684712,0.0546731178548465,0.176517670123383,0.0602425610886107,0.0251091323036086,0.49411624762751,0.0717684959879761,0,0.145370874458658,0.288744381925855,0.0603257088651725,0.177141026182916,0.0603691444589946,0.0250826188192535
292,9.59876751949196e-06,-1205.91825067718,-1205.91825547657,0.423838970039508,0.123837305270023,1.19961991940134e-06,0.177801720859778,0.274520804210772,0.153818313252458,0.232601292046747,0.154406083567702,0.0410804907348769,0.423840102090929,0.123835678313889,0,0.177803485660557,0.274520733934626,0.15381790381232,0.23260229670917,0.154406687798901,0.0410806407636508
293,1.16752289613942e-07,-1093.31695707398,-1093.31695713236,0.456571033438755,0.0922838077982915,5.16300233354978e-10,0.195530171847021,0.255614986399632,0.0997812310527311,0.138933352108082,0.0748567769401939,0.0292481956067107,0.456573698017133,0.0922835348464381,0,0.195531561458554,0.255611205677875,0.0997808320746204,0.138933240915966,0.0748563652754099,0.029248012389224
294,0,-1100.61645774874,-1100.61645770511,0.423732405197347,0.156967452640463,8.69625198585754e-11,0.127227148664544,0.292072993410684,0.0521703621156639,0.119946195351521,0.101001908839402,0.00899680017180963,0.423732397337951,0.156967453878049,0,0.127227152630771,0.292072996153229,0.0521703479117418,0.11994620043546,0.101001910557037,0.00899679873231036
295,7.81475023359235e-05,-1051.78912414249,-1051.78916321624,0.535426326790194,0.162101443192095,2.27831573378184e-05,0.129805314864867,0.172644131995506,0.079732073438346,0.178360962246773,0.161295037148232,0.0292466697782471,0.535432561585317,0.162103143402704,0,0.129822535543198,0.172641759468781,0.0797393075969345,0.178360784792475,0.161310454020886,0.0292466420981283
296,0,-1147.87714624809,-1147.87714620836,0.38321102992674,0.138159848952426,5.23489021123902e-10,0.160742347735982,0.317886772861363,0.0178849634570697,0.141616859945877,0.0872075207739962,0.0312914477031233,0.383211024545971,0.13815986731978,0,0.16074232006244,0.317886788071809,0.0178849606342324,0.141616884372576,0.0872075247034738,0.0312914440118428
297,2.04679749358002,-1075.64591333131,-1076.6693120781,0.43528139952552,0.140603498066822,0.0154818602661349,0.127854083502186,0.280779158639336,0,0.128582522005347,0.0887892622618965,0.0138796149088772,0.443830516452877,0.139632651829044,0,0.133403923935044,0.283132907783036,0,0.12841021452592,0.0959382345662613,0.0138808351372268
298,4.20428574731341,-1091.36216314284,-1093.46430601649,0.419001612353219,0.146289556623331,0.0521777946117636,0.165774707667039,0.216756328744647,0.0934863229147829,0.185996890010186,0.0877523704494424,0.0435278070252553,0.423978027227131,0.148105666119028,0,0.217612601830051,0.210303704823791,0.126326702981912,0.191591172717881,0.100589227602679,0.0436706238330912
299,4.94082996738143e-09,-1041.76263788262,-1041.76263788509,0.450741938811227,0.18917516022652,7.20356885078788e-27,0.193895344696405,0.166187556265847,0.123751921701002,0.160699385900529,0.121979385069139,0.0227246307856107,0.450742133071707,0.189175190786242,0,0.193895442636186,0.166187233505865,0.123752300353683,0.160699109907463,0.121979463861483,0.0227246681436769
300,4.50301786258933e-06,-1141.96604202214,-1141.96604427365,0.404049312256582,0.166116703678441,4.90326365619396e-08,0.160288540739092,0.269545394293248,0.129285022829532,0.156693721439862,0.0986180287745405,0.0428114640303802,0.404049332068186,0.166116711823581,0,0.160288548598462,0.26954540750977,0.129285022829532,0.156693721439862,0.0986180287745405,0.0428114640303802
301,9.55287032411434e-06,-1120.41765742382,-1120.41766220026,0.467449677020755,0.147373866924581,1.20399917747701e-08,0.131912349991557,0.253264094023114,0.0580581454915361,0.156194783076093,0.132131765885442,0.0316643311231267,0.467449574592906,0.147373975832194,0,0.131911535747218,0.253264913827682,0.0580578355516916,0.156194248414341,0.132131598203866,0.0316643382570041
302,0,-1169.38834936469,-1169.38834930804,0.369558583081304,0.117732591520193,3.88457816241694e-10,0.18941565514853,0.323293169861515,0.0739027269461528,0.15939797334087,0.13952378801462,0.0200798847534689,0.369559207795351,0.117732413516191,0,0.189415587140979,0.323292791547479,0.0739025607901666,0.159398206410265,0.139523594604014,0.0200797747234113
303,7.2372131398879e-08,-1116.21389302188,-1116.21389305806,0.427118642624919,0.143108335937607,3.54710895260176e-10,0.175818533993645,0.253954487089118,0.128755831907597,0.156170007434468,0.128931214672187,0.0158698901219698,0.427118634264992,0.143108332874189,0,0.175818543340988,0.253954489519831,0.128755829624891,0.156170015377598,0.12893121585754,0.0158698909847281
304,0.204547842356078,-1172.75083944513,-1172.85311336631,0.372886466753662,0.13289006273691,0.0101788242063056,0.175225512103178,0.308819134199945,0.173855635138635,0.1814834847624,0.0755048809248951,0.053505729541974,0.374923800676446,0.132602642375528,0,0.183499900951569,0.308973655996457,0.175780157851519,0.182820802593687,0.0792737938165153,0.0535016017713522
305,5.79872230210913,-1181.77429110216,-1184.67365225322,0.335317301095879,0.188145449545495,0.0170042595346869,0.149834992257212,0.309697997566727,0.10174990246285,0.13456839463782,0.137764037762864,0.0499695957128807,0.342804693385746,0.187611606812265,0,0.158498473038323,0.311085226763666,0.0994351671147351,0.148106964437422,0.143085719417364,0.0500321626645574
306,0,-1143.75356816443,-1143.7535681288,0.352175974139359,0.115198861685488,3.53866870729446e-10,0.237517273929851,0.295107889891436,0.0699153502234777,0.161372172704843,0.146696443626734,0.0325158470278592,0.352175976014168,0.115198861038138,0,0.237517274521046,0.295107888426649,0.0699153523826558,0.16137217149593,0.146696443750076,0.0325158469082098
307,6.53288907415117e-05,-1153.17278440813,-1153.17281707258,0.399323157886871,0.147103951598951,1.43931158872534e-05,0.156910111076959,0.296648386321333,0.147020846075388,0.169388777010088,0.0981978456041859,0.025561702714695,0.399332235116309,0.147103404286348,0,0.156920002404862,0.296644358192481,0.147016626651633,0.169392557440308,0.0982071660797003,0.0255618231103054
308,0.497837014014294,-1109.6033206646,-1109.85223917161,0.378028146061616,0.137344615402765,0.00702417641736637,0.186711363725826,0.290891698392426,0.0011793519730508,0.133194021990126,0.0887148977795014,0.0370797319889688,0.382916804364773,0.136778550277263,0,0.190761080228771,0.289543565129192,0.000845853176122599,0.133660237897353,0.0948176637332322,0.0370778826055176
309,0.346352122669032,-1122.71441196101,-1122.88758802234,0.416711668216321,0.127667172121452,0.0119452823213318,0.195934863339221,0.247741014001675,0.183265876751053,0.171759222331873,0.115871496807134,0.0233294574260382,0.415251560175875,0.127945062474501,0,0.206110923403035,0.25069245394659,0.194837950417597,0.167545661691661,0.118975037378006,0.0232830129522433
310,0,-1130.13441008047,-1130.13441002781,0.422281262790046,0.119200387673073,3.40772883196648e-09,0.179652933322863,0.278865412806289,0.0984523959023108,0.136111777206903,0.109711877407464,0.0400231870568342,0.42228127445508,0.11920036511099,0,0.179653040128263,0.278865320305667,0.0984523628414354,0.136111733712414,0.109711939713875,0.0400231949003221
311,4.41173142462503e-08,-1078.93860506931,-1078.93860509137,0.454910728817937,0.1125042574396,5.44457915197279e-10,0.197779189510431,0.234805823687575,0.11709352028057,0.126602526652691,0.125649525018585,0.0217138143478336,0.454910510427919,0.112504263805884,0,0.19777928675546,0.234805939010737,0.11709387461839,0.12660282607685,0.125649436699253,0.021713850576727
312,0,-1165.88729048426,-1165.88729045403,0.315106061324928,0.19908709375325,1.00124590611207e-09,0.138993935430053,0.346812908490523,0.138770384561578,0.0968928748327867,0.0983212230377987,0.0242071808240591,0.315106061089423,0.199087073774188,0,0.138993929487553,0.346812935648836,0.138770365447069,0.0968928812991694,0.0983212098783456,0.0242071792578057
313,7.18330738891382e-07,-1137.4460685045,-1137.44606886367,0.401887332808028,0.158398038066984,4.84543274076268e-08,0.160965095570573,0.278749485100088,0.153542480153533,0.115599684796649,0.108602851937795,0.0428551257119652,0.401887352281209,0.158398045742054,0,0.160965103370029,0.278749498606707,0.153542480153533,0.115599684796649,0.108602851937795,0.0428551257119652
314,1.29448380903341e-08,-1067.74725381657,-1067.74725382304,0.449034316125517,0.156661491811001,1.04843410067416e-09,0.189252252933219,0.205051938081829,0.0528189296468961,0.163566670467176,0.105931926833671,0.0254776103156827,0.449034426363138,0.156661393688599,0,0.189252248017099,0.205051931931164,0.0528190261191475,0.163566655602495,0.105931878329404,0.0254777894953379
315,3.51608290758031,-1131.62573613669,-1133.38377759048,0.433053136866879,0.136275447046901,0.0424292446889917,0.126918521528204,0.261323649869025,0.148986652559026,0.176148674385099,0.0806693370585764,0.0337406574869735,0.44303644061498,0.135144602013574,0,0.158595865199836,0.26322309217161,0.159302404897162,0.179229795262783,0.0925554171807156,0.0337644975699108
316,2.89739963632746,-1117.31328202723,-1118.76198184539,0.409029975042193,0.102455095823036,0.0236962828581501,0.178373423823577,0.286445222453044,0.0726652370637252,0.123742778173896,0.122136273339308,0.0259816541890231,0.422676067760249,0.102912272466006,0,0.190649381891036,0.283762277882709,0.0910631227269208,0.127743119517856,0.134849691971893,0.0260877580548086
317,0,-1177.69883231902,-1177.69883229443,0.449645745418993,0.0580450943123346,7.34539726255194e-09,0.200997327140147,0.291311825783128,0.242601555189943,0.186931233568563,0.128909486739533,0.0128472909328301,0.449645744245201,0.0580451150400604,0,0.200997309351689,0.29131183136305,0.2426016552044,0.186931235319195,0.128909486819972,0.0128472920921547
318,0,-1076.60538257017,-1076.6053825249,0.535601997121847,0.0826388257110932,1.54253411775834e-10,0.204941336562659,0.176817840450147,0.169149031525901,0.202606574334153,0.113372056961678,0.0447270467900888,0.535601992031399,0.0826388266590553,0,0.204941338422258,0.176817842887287,0.169149036484908,0.202606570956621,0.11337205530923,0.0447270495002876
319,3.43027815842743,-1157.34087086869,-1159.0560099479,0.410400937711674,0.123863914609204,0.0328669114197048,0.114901512759929,0.317966723499488,0.14519540523816,0.171539848032686,0.072296493480341,0.028986347927661,0.411775740792284,0.123246887671153,0,0.13740505017127,0.327572321365293,0.184781679804098,0.159803822071409,0.0788204474291728,0.028878758882798
320,3.83309605657723,-1134.73956573182,-1136.65611376011,0.315767233143042,0.145784133205694,0.0436029554449844,0.201227396194897,0.293618282011383,0.199324932141227,0.116660518829819,0.10054479540632,0.0118207659488374,0.319424585278868,0.147060242759085,0,0.233151609330664,0.300363562631383,0.23836275996638,0.105786647086592,0.116305418778461,0.0117652474577961
321,0.383627442568923,-1052.17910923543,-1052.37092295671,0.41615046579167,0.16364050889669,0.00739705227978672,0.180050755947285,0.232761217084568,0.122690724100443,0.110519824166941,0.114987176200292,0.0218016531228643,0.418409095418462,0.164580321284812,0,0.185032360680397,0.231978222616329,0.134577375015793,0.110441813009322,0.119117110445636,0.0218249677283576
322,0,-1214.47294129439,-1214.47294128405,0.362179524876954,0.104746295196761,3.53117853733373e-11,0.167652218913507,0.365421960977467,0.290916556291383,0.131796913906925,0.100033160334589,0.0428123220981161,0.362179277628526,0.104746746682553,0,0.16765217944131,0.365421796247611,0.290916919883804,0.13179690625033,0.100032428363651,0.0428124470057795
323,0,-1129.92001192183,-1129.92001192084,0.442688245401668,0.122913141292459,5.58375334317793e-17,0.132517504871395,0.301881108434478,0.213767465023462,0.121437094300814,0.094009566955838,0.0309982660147314,0.442688562960254,0.122913092167794,0,0.132517356635091,0.301880988236861,0.213766567065832,0.121437120378919,0.094009897137087,0.0309982753606614
324,0,-1065.3459614338,-1065.3459613899,0.490446201782941,0.121713673095774,2.18325326435922e-10,0.173607631635973,0.214232493266986,0.0650076457140029,0.169670870078089,0.102788880434449,0.012874843967719,0.490446211224666,0.121713666040981,0,0.173607619323074,0.214232503411279,0.0650076361866633,0.16967087450521,0.10278888823091,0.0128748451760829
325,0,-1104.9675411007,-1104.96754108353,0.515245078113829,0.0974728772500617,2.98171793367835e-08,0.161290523558046,0.225991491260884,0.0749175023460858,0.166454649171884,0.124183993406059,0.0556829636007279,0.515245093476985,0.0974728801564281,0,0.161290528367274,0.225991497999313,0.0749175023460858,0.166454649171884,0.124183993406059,0.0556829636007279
326,0,-1017.07054264178,-1017.07054262393,0.447421474271135,0.178930513637986,2.59043387101874e-09,0.188862159702528,0.184785849797917,0.0822709848579365,0.111015302118625,0.136151233759133,0.00881269833391423,0.447421469396555,0.178930517998579,0,0.188862154228182,0.184785858376684,0.0822709782293004,0.111015293049097,0.136151237436067,0.00881269773530392
327,2.19332388157454,-1135.01823519478,-1136.11489713556,0.430624467394914,0.163327664585111,0.0188956718817964,0.176922359048367,0.210229837089811,0.155349519131759,0.155984225897229,0.159694266567836,0.0558069693784975,0.439389158969927,0.162283147907794,0,0.190250889346699,0.20807680377558,0.155859477143396,0.165930890580351,0.163894822432755,0.0559416409208053
328,2.71328229686969,-1046.27551589967,-1047.63215704811,0.457363865413034,0.130900049227476,0.0228067046559988,0.162078012369502,0.226851368333989,0.0997731752799244,0.152403784478747,0.0742027843521681,0.0141185745310909,0.465132575798659,0.131141570261199,0,0.17765039542514,0.226075458515002,0.104102644656311,0.152806278877241,0.0864659521717993,0.0141211944884482
329,0,-1074.31945985759,-1074.31945982764,0.488651037050622,0.099917609283464,1.7438579315459e-09,0.192697932723575,0.218733419198482,0.0262729610092578,0.176658171923047,0.103821261095239,0.0334572360453144,0.488651035515589,0.0999176157943416,0,0.192697925747088,0.218733422942981,0.0262729593409203,0.176658173041824,0.103821260231424,0.0334572361402703
330,2.91260326597649,-1048.17295962952,-1049.62926126251,0.483810349169851,0.190881478930207,0.0166793382858314,0.140501933427217,0.168126900186893,0.234625712663195,0.138062055549623,0.111716496333357,0.0397600318367326,0.496785278360537,0.188704339232181,0,0.147265168408072,0.16724521399921,0.228640518751147,0.146672075566483,0.116815754372547,0.0397417196304977
331,4.24721166991822,-1075.3104035258,-1077.43400936076,0.471458276496489,0.180897780931929,0.0299672774977849,0.154902682502295,0.162773982571502,0.220313699646837,0.227267548156456,0.159277576073718,0.0139166534807582,0.480789907763846,0.180271876480886,0,0.173873583528253,0.165064632227016,0.23022972014688,0.234867690318808,0.163671923478975,0.0138310696579368
332,0,-1086.30640362642,-1086.30640358916,0.477456928292367,0.0887978272903505,1.15065270950104e-09,0.17789922136858,0.25584602189805,0.128146257434667,0.128184785318528,0.108599883307694,0.018577200768174,0.477456899800224,0.0887978523201159,0,0.17789922558363,0.25584602229603,0.128146292627463,0.128184799144314,0.108599878984807,0.0185771999782658
333,0,-1123.73447204028,-1123.73447198721,0.520756052865635,0.0968248341199567,1.63417588045489e-11,0.122724800564388,0.259694312433679,0.195917481703533,0.181403812691591,0.114028851932467,0.0296493428003935,0.520756067380921,0.0968248166603065,0,0.122724803894381,0.259694312064391,0.195917308578039,0.18140381911583,0.114028858429876,0.029649342778405
334,0.450311550790047,-1120.89795165532,-1121.12310743071,0.397335928947533,0.166658041632627,0.0083982206406081,0.161482664126947,0.266125144652286,0.059335522421822,0.214327147948548,0.110923541930235,0.0296069554433892,0.401311092961681,0.166201899627216,0,0.166419291045772,0.266067716365332,0.0574091867265848,0.219563174737652,0.112894526054036,0.029602971689666
335,0.141615905246908,-1042.22419166524,-1042.29499961787,0.427838791301617,0.222016563528633,0.0032809484033612,0.152653667369921,0.194210029396469,0.199740937468111,0.1666570374486,0.0888648958260811,0.0122838044800244,0.430491468038319,0.22147686478957,0,0.154457174557273,0.193574492614838,0.198855479946545,0.166677716358069,0.0918592544147665,0.0122821573874034
336,0,-1147.04051775904,-1147.04051773742,0.395765489367902,0.159539094713442,1.00448050681142e-09,0.138868300315893,0.305827114598283,0.0170011056829168,0.125310068601048,0.135730647976131,0.042454481997293,0.395765517745807,0.159539081167023,0,0.138868288590499,0.305827112496671,0.0170011161867435,0.125310067187832,0.135730638443705,0.0424544897481021
337,2.52413530384138,-1073.96320119116,-1075.22526884308,0.372571318716796,0.189614552156983,0.0143286758351107,0.183414673757409,0.240070779533702,0.211598547696215,0.139922102402402,0.0805891015899604,0.0189491416291195,0.381617157419814,0.188352655139645,0,0.19016209880119,0.239868088639351,0.205500143639324,0.151128990284389,0.0820385689737581,0.0188677541359949
338,9.04233274923172e-08,-1133.48189028234,-1133.48189032755,0.462118534071,0.132055642112641,3.01961091431714e-09,0.120137609488432,0.285688211308316,0,0.117258416009324,0.132525156862872,0.0549397412602834,0.462118470873106,0.13205565456697,0,0.120137581457583,0.285688293102341,0,0.117258477748973,0.13252520297376,0.0549397546975888
339,8.82914719113614e-08,-1131.73818341596,-1131.73818346011,0.398552542433618,0.153834452838145,3.09231096845906e-10,0.142255827788298,0.305357176630707,0.192976967029115,0.111281576953074,0.106844026116257,0.0279678710031344,0.398552521887602,0.153834438137164,0,0.142255770122258,0.305357269852977,0.192977016716959,0.111281684502108,0.106843935186614,0.0279680407805726
340,3.47451657183228,-1138.14404020909,-1139.88129849501,0.364101793577404,0.192818265925584,0.0410794517009495,0.17447477340366,0.227525715392403,0.164519911442076,0.169443667938535,0.12711401120016,0.044093480226559,0.371333550378469,0.195685593850689,0,0.205649872676443,0.227330983094399,0.215754911439921,0.167798307701862,0.137461506379172,0.0441424249043358
341,0.462359118985205,-1104.96640260672,-1105.19758216621,0.396363681034079,0.131464998633091,0.00538113126361755,0.192852310535558,0.273937878533655,0.0734716250425553,0.147606082976186,0.148377721288032,0.00448075367142586,0.397433738939272,0.131153297407842,0,0.194717336284759,0.276695627368128,0.0723670184236396,0.148045879033224,0.149377313245903,0.00447852273836719
342,0.263519633752821,-1098.97711651066,-1099.10887632754,0.522873558270914,0.129956576814242,0.00741989680068565,0.142203043547087,0.197546924567071,0.163260577318081,0.170516782793481,0.133031669457525,0.0369158051088634,0.525247817169546,0.129482579896434,0,0.145835078405209,0.19943452452881,0.16061295580494,0.169066468998504,0.136314706620263,0.0369034557816563
343,0,-1107.0776335614,-1107.07763351134,0.403209488763192,0.13508804296524,1.8239856749083e-09,0.235731266145527,0.225971200302056,0.2106850159473,0.202861192293286,0.0909192699426506,0.0280764165237093,0.403209626591449,0.135087925593297,0,0.235731398338966,0.225971049476288,0.210684462049096,0.202861125595138,0.0909193145590605,0.0280763747399304
344,1.00540008899497,-1140.55811602685,-1141.06081607135,0.409889191384289,0.149511632368022,0.0115000120201102,0.160901107118397,0.268198057109181,0.110652065012015,0.206251468970015,0.113352267200499,0.0136938493795974,0.417188754560309,0.149330021727551,0,0.167552258737009,0.265928964975131,0.114587645290113,0.216268425188356,0.113438757800799,0.0137637517551502
345,1.83294559974456e-07,-1124.41815340398,-1124.41815349563,0.392389765622033,0.213725012226859,2.35573454623197e-11,0.167848928750805,0.226036293376746,0.205333977285485,0.181801096447184,0.172878917690837,0.029092431970479,0.392389541208125,0.213725282311304,0,0.167848765664659,0.226036410815911,0.205334335594794,0.181801338654506,0.172878604558985,0.0290923420394385
346,2.81592052775977,-1056.00919348686,-1057.41715375074,0.463564170583963,0.128801488407032,0.0101820279148925,0.140999678002967,0.256452635091145,0,0.155692876461741,0.0536713118858445,0.01446949533819,0.467408750051566,0.128489241115978,0,0.148385934796728,0.255716074035727,0,0.1568694503551,0.0596964023378239,0.0144715400603586
347,0.581292579878209,-1129.47639722702,-1129.76704351696,0.402473450198181,0.120301786361504,0.0131039610986964,0.237486548907041,0.226634253434578,0.159729657328578,0.216461955570659,0.136190193196262,0.0160186344926471,0.408110911922226,0.11970061198717,0,0.245821147512141,0.226367328578463,0.160351414298153,0.216648480250507,0.141721260236753,0.0159839899284874
348,1.30651187646436e-06,-1177.15702130883,-1177.15702196208,0.365560263124368,0.13461894950358,1.04639200527016e-10,0.178310845002697,0.321509942264716,0.0660093202123624,0.16106418757748,0.157333300357887,0.0273386496668208,0.365560334296001,0.134618989148184,0,0.178310036283122,0.321510640272693,0.0660111460414336,0.161064065846471,0.157332633582374,0.0273385857133682
349,0,-1097.44457962023,-1097.44457957913,0.398651943550498,0.158368040458835,1.22669947746145e-09,0.205815612637909,0.237164402126059,0.140663299710476,0.124756195367035,0.160501765099988,0.0290359836772688,0.398651949540678,0.158368040715998,0,0.205815610602831,0.237164399140493,0.140663296656479,0.124756198241633,0.160501765225168,0.0290359835997196
350,6.88524323777528e-07,-1129.64830913479,-1129.64830947906,0.432389999685059,0.112734584517613,3.44857710047471e-08,0.21779984019875,0.237075541112807,0.173009965536408,0.154462487496571,0.144571210877471,0.0342535388139793,0.432390014596362,0.112734588405353,0,0.217799847709746,0.23707554928854,0.173009965536408,0.154462487496571,0.144571210877471,0.0342535388139793
351,0.007000780126873,-1123.1030361034,-1123.10653649346,0.429731523457213,0.168695273833149,0.00129138368484664,0.145598640104892,0.2546831789199,0.115146745805331,0.189350458372713,0.104619173975487,0.0275942023525568,0.43044275248246,0.168480208390808,0,0.146323508523563,0.254753530603169,0.114341336613756,0.189649262788773,0.105103165006108,0.027594382561855
352,1.23805875773542e-07,-1125.44393960623,-1125.44393966814,0.443160080277705,0.144228217405048,7.71338838859409e-17,0.15443494776236,0.258176754554888,0.113877136243527,0.181381266212677,0.0835909064792773,0.0478539330338116,0.443159778981932,0.144228201481712,0,0.15443551698825,0.258176502548106,0.113877354157085,0.181385188039896,0.0835908397183719,0.0478540865229598
353,0.39223545632467,-1067.01007982254,-1067.2061975507,0.494115309116206,0.0949363398834701,0.00886457177092692,0.185222502647755,0.216861276581641,0.139205086486306,0.120098026338269,0.0763535370975668,0.0308894434532598,0.499514834137255,0.0943807196370479,0,0.190142055815553,0.215962390410144,0.135810148699738,0.120167152212084,0.082313657582171,0.0309323870441665
354,1.4316037777462e-07,-1110.94601841636,-1110.94601848795,0.534646441651155,0.096706821082136,1.57954227956021e-12,0.141520420624966,0.227126316640163,0.0465512072351153,0.228435605782982,0.123176014529978,0.0292514438113333,0.534646052008121,0.0967071566297149,0,0.141520191286943,0.227126600075222,0.0465514478044587,0.228435847730745,0.123176006454793,0.029251381154408
355,0.358068337055101,-1181.13185712465,-1181.31089129318,0.443349825185005,0.123025442006989,0.00717552504570444,0.17071114713312,0.255738060629181,0.212784153465118,0.249459422271223,0.0914634655120785,0.0595052909683549,0.446494454897784,0.122731728208386,0,0.174152980039578,0.256620836854252,0.212025383666877,0.251106698049216,0.0929046076712778,0.0594640382033259
356,7.57685356880984,-1139.68167927587,-1143.47010606027,0.388296868235718,0.169781127759447,0.0362991343632003,0.132161769915441,0.273461099726194,0.0650808411008814,0.189469168170687,0.0823931576540939,0.0253822844425845,0.403357410704753,0.168508609454519,0,0.154936197103043,0.273197782737685,0.0596279141833764,0.188792250079056,0.106532157229615,0.0253900461518633
357,3.00274830292437,-1107.50861689313,-1109.00999104459,0.475634077926509,0.0651760022276217,0.0190242501722205,0.190693457203239,0.249472212470409,0.214263161563529,0.140456179330787,0.106514857729563,0.0237855949470802,0.487132685676861,0.0649679883719186,0,0.199907594080633,0.247991731870587,0.215620502697252,0.150223221498907,0.113362735863064,0.0237466492010753
358,1.48015841272627,-1146.43769920653,-1147.17777841289,0.39235801136532,0.11549156957166,0.0240866193757194,0.218891745355628,0.249172054331673,0.0572792473201718,0.184856790654104,0.133651357045092,0.0353671792819194,0.400118837076484,0.114561360981764,0,0.232420564277869,0.252899237663884,0.0618023004906056,0.181926458525955,0.140460688843187,0.0353355859296744
359,0,-1110.06319005917,-1110.06318948608,0.437503756357212,0.142385662397742,1.29499006435378e-09,0.218088394559335,0.202022185390721,0.22688532186089,0.183116076538142,0.129357288674123,0.0276991643391555,0.437505162353838,0.142384605665554,0,0.218087775066514,0.202022456914095,0.226885672305737,0.183116214584933,0.129356986760017,0.0276993457963058
360,0.35022362317568,-1173.80448243878,-1173.97959425037,0.370318883981306,0.112659237786631,0.0102156124437218,0.176789538815581,0.330016726972761,0.149955405897049,0.11178080783343,0.133582261641367,0.030037173388171,0.373389369251568,0.112474341034761,0,0.184537475565457,0.329598814148214,0.147905610617995,0.112259794251289,0.140920758551966,0.0300457649196792
361,3.20826075039804e-07,-1150.51076074653,-1150.51076090694,0.355536733771931,0.146359322016171,3.79815828504463e-11,0.222228340980154,0.275875603193763,0.365913884824928,0.183205552080333,0.0869860516807444,0.0256310040336926,0.355536839356226,0.146359275891164,0,0.22222836943547,0.27587551531714,0.36591357631501,0.183205122029833,0.0869851378269879,0.025630872322183
362,1.76073854163405e-05,-1076.80979507529,-1076.80980387898,0.40074981483824,0.140359190878512,1.16186202797494e-05,0.244871493556431,0.214007882106537,0.100181240179056,0.146975675894475,0.120735011352493,0.0349419301402749,0.400751135081653,0.14036140822377,0,0.244872108748453,0.214015347946123,0.10017954580184,0.146971892527287,0.120739316708753,0.0349418681380305
363,0,-1130.4490816978,-1130.44908168819,0.428470187299337,0.115656491585384,1.66677868207916e-11,0.185987861453905,0.269885459644707,0.242349507334324,0.116712258185663,0.127425561627399,0.0119453844555602,0.428470484470114,0.115656617983292,0,0.185987469234741,0.269885428311853,0.242349532637369,0.116712227832145,0.127425622523963,0.0119453453179777
364,0,-1023.18826724159,-1023.18826711479,0.49826301573173,0.114576947796696,1.32279701791431e-09,0.231831979602961,0.155328055545815,0.0446601183250901,0.149481839541736,0.080547723159188,0.0436859256138229,0.4982632613651,0.114576930137129,0,0.231831925495262,0.155327883002508,0.0446594257635594,0.149482093723291,0.0805477921409418,0.0436858348409663
365,0.12443782289256,-1182.67815412626,-1182.7403730377,0.330494729416257,0.119670900449869,0.00400556601260283,0.196956076165925,0.348872727955347,0.149837325618285,0.117589932852703,0.130674790628028,0.0217305868584471,0.332658706383361,0.119435400810602,0,0.199063600612129,0.348842292193908,0.150258818671673,0.117468646344862,0.13375772979098,0.0217323271365135
366,1.46753791341325e-07,-1127.72848891672,-1127.7284889901,0.443115344366714,0.105683932134813,2.09400185358609e-09,0.150141406417969,0.301059314986502,0.0378855115524248,0.161085301844357,0.0903995360804862,0.0222721970989153,0.443114316534294,0.105684423148323,0,0.150141691031432,0.301059569285951,0.0378858400648793,0.161084644778899,0.0903998867572408,0.0222722124400096
367,2.65881754666998,-1084.81341489708,-1086.14282367042,0.40851562026215,0.159356025388928,0.019145113858215,0.190210322137722,0.222772918352984,0.12404194778414,0.137160983498151,0.158003263353637,0.014901065322339,0.415551011975539,0.158064573379939,0,0.198334150503758,0.228050264140764,0.121481777893859,0.139949614308692,0.160836347344296,0.0148069152096498
368,5.33525358851239,-1114.72793090891,-1117.39555770317,0.4532521815637,0.151377443189656,0.0256063108265264,0.145024738285399,0.224739326134719,0.166196923116393,0.165611894534382,0.140196966761706,0.0299469709169068,0.466332663650812,0.14889521936926,0,0.156909453788952,0.227862663190976,0.15284308225312,0.18582213696092,0.137601742404735,0.029806512976208
369,0,-1112.78564939102,-1112.78564934384,0.355994067069045,0.159126581122965,1.13751455320446e-08,0.229555385826505,0.25532395460634,0.276143003866443,0.193610138833897,0.100159440725581,0.00469408706610074,0.355994069120208,0.1591265898164,0,0.229555404012606,0.255323937050786,0.276143025283224,0.193610146616295,0.100159439034075,0.00469407199775871
370,3.5643051887746e-07,-1135.58126340785,-1135.58126358607,0.448651215838355,0.119499146461357,3.65550662005168e-08,0.15567202401489,0.276177577130332,0.0718049461136275,0.121518549994255,0.149018429167248,0.0291304246834616,0.44865123223883,0.119499150829657,0,0.155672029705491,0.276177587226022,0.0718049461136275,0.121518549994255,0.149018429167248,0.0291304246834616
371,0.161013358962919,-1097.63733179125,-1097.71783847073,0.358005579658144,0.14182380801994,0.0046830277347181,0.258051917814023,0.237435666773175,0.110157690104729,0.115833774183049,0.144649488000419,0.0310095407432825,0.360490926773359,0.141657972280046,0,0.260822066655915,0.23702903429068,0.110645241989915,0.115928867178687,0.148822823182819,0.0309990225396582
372,7.60242073738482e-08,-1155.01860006458,-1155.01860010259,0.429988956392478,0.108581834817783,9.94473154702583e-12,0.213965275443623,0.247463933336171,0.197013989563997,0.264479103133683,0.123712420114852,0.0185400408918853,0.429988198025897,0.108582051837739,0,0.213965948667257,0.247463801469107,0.197014278953115,0.264478175353953,0.123711988617234,0.018540087147883
373,0.667170096055997,-1030.65055619854,-1030.98414124657,0.585477869951551,0.100094422118948,0.00879793145508638,0.111632241005571,0.193997535468843,0.0229971192035177,0.161156339373469,0.0964272260973029,0.0129791022548688,0.589932273377632,0.0998875666590343,0,0.116571035970714,0.19360912399262,0.0205797284163593,0.166002152640154,0.0981878550361291,0.0129812216173985
374,0,-1014.4776010549,-1014.47760100717,0.544203502979553,0.134862311598669,3.21987966028888e-11,0.136561048188451,0.184373137201129,0.0793113712848148,0.169437104282406,0.0567557072635343,0.0120784270376925,0.544203497834945,0.13486231070588,0,0.136561043085395,0.18437314837378,0.0793113033670845,0.169437098431385,0.0567557094014911,0.0120784271103095
375,1.82565728677355,-1151.25277430935,-1152.16560295273,0.426216520050487,0.129869992034056,0.0190829832405196,0.154506629300778,0.27032387537416,0.102222066559785,0.217375888768515,0.0933379359307378,0.040177720385386,0.428307228322416,0.129543939375952,0,0.166574484046631,0.275574348255001,0.103393212344549,0.21815115528437,0.0937701899935733,0.0399918354961757
376,2.28869408092896,-1016.68968015256,-1017.83402719303,0.456570764798777,0.190036944622991,0.0207919210279359,0.147387439760971,0.185212929789325,0.146293284028043,0.158928070896542,0.0637236796669747,0.0157753776604075,0.460544157218054,0.190730651039051,0,0.162352097235753,0.186373094507143,0.162396627689138,0.158759020660114,0.07008101991786,0.015759449189244
377,2.08188640467415,-1170.02003791981,-1171.06098112214,0.369909454853263,0.116243029091653,0.0115045137382354,0.165153632964668,0.337189369352181,0.0188781616666788,0.129625861301205,0.122378976121158,0.0415119543718517,0.379001395898069,0.114168507120331,0,0.172553391891912,0.334276705089688,0.0150631764973248,0.144504373439788,0.123927259713444,0.0415114403884418
378,0.146217567382337,-1102.81115350606,-1102.88426228975,0.382816127718707,0.206583787984475,0.00525824571593669,0.163113771169614,0.242228067411268,0.10929699771168,0.217783024341059,0.124614447168899,0.0213688904247656,0.383921267104101,0.206222175887252,0,0.165889786270568,0.24396677073808,0.108479034080586,0.216941063920407,0.125963343731856,0.0213609349032482
379,0,-1078.84433303761,-1078.84433302246,0.491865945496072,0.143157906065594,8.2352764589682e-10,0.114605958270512,0.250370189344294,0.0801901192980496,0.156528457068754,0.105384307981435,0.0168987084918042,0.491865911111325,0.143157944613485,0,0.114605899578244,0.250370244696946,0.0801901920443364,0.156528402846718,0.105384292621307,0.0168987007209316
380,0.482419012788796,-1203.4722266292,-1203.71343613559,0.440055560756608,0.0664353838175341,0.0101876184915763,0.171821132486199,0.311500304448083,0.0486740441673977,0.183515209783851,0.134418420172779,0.0387033798013093,0.444550096254493,0.0668971421897009,0,0.178849242166411,0.309703519389394,0.058203048462555,0.184142822405533,0.141400424867952,0.0387340241064224
381,0,-1183.29207967744,-1183.29207963004,0.353034913380781,0.159170999322849,9.12843840791812e-10,0.158682838423648,0.329111247959878,0.112976173145662,0.155606730584297,0.144241987687927,0.0223704139966047,0.353034903737544,0.159170959071065,0,0.158682882055346,0.329111255136044,0.112976344802066,0.155606785302556,0.144241998335329,0.0223704115008785
382,3.91580356335908e-05,-1095.39018564374,-1095.39020522276,0.471146889453815,0.160298603112704,8.07714189164719e-06,0.140343899319089,0.2282025309725,0.0725534204988579,0.217988414586232,0.107090221579931,0.0293992507345268,0.471149938050429,0.160297479469574,0,0.140349968733128,0.228202613746868,0.0725565000955319,0.217988299395944,0.107092972838619,0.0293991984652103
383,0.119901000595291,-1118.18339529404,-1118.24334579434,0.488145971328279,0.172456995755043,0.00691429286249749,0.133453636647726,0.199029103406455,0.201367460270975,0.190897767227665,0.175975882503343,0.0247570168607837,0.491251533437793,0.172013000547263,0,0.137855270281917,0.198880195733026,0.204561320516144,0.191636885711486,0.178173585124972,0.0247246955883827
384,8.17635736893862e-08,-1202.43251036815,-1202.43251040904,0.433090498837948,0.0697235541756331,1.42957711872377e-09,0.156794902925169,0.340391042631673,0,0.147579894980341,0.0986367480073695,0.0575601418419811,0.433088955493913,0.069723035397696,0,0.156796059563985,0.340391949544406,0,0.147580041172167,0.0986355044048292,0.0575606383600893
385,0,-1032.84636797628,-1032.84636794343,0.512715957524008,0.140473557233469,2.87448274563794e-10,0.152903683675226,0.193906801279849,0.0683855727724939,0.171863325094914,0.103040145530335,0.0228771569327642,0.512715940249856,0.140473594973634,0,0.152903725465545,0.193906739310964,0.068385576622087,0.171863358748653,0.103040108227788,0.0228771460147788
386,0,-1057.6326341936,-1057.63263415183,0.510119106195491,0.177734244938468,9.35944923199917e-11,0.147754492241729,0.164392156530717,0.14149667379316,0.180695860466065,0.11282805722661,0.0334916925542412,0.510119139215709,0.177734241541471,0,0.147754433357525,0.164392185885294,0.141496616272679,0.180695807880545,0.112828057851976,0.0334916933602054
387,7.14490397513146e-07,-1106.5390242625,-1106.53902461974,0.430283929071494,0.128224737536346,4.00709770032338e-07,0.176759430342411,0.264731502339979,0.0684175381486883,0.142426761667044,0.0905208864291348,0.0364609685102489,0.430283696204295,0.128225065140774,0,0.176759524495807,0.264731714159125,0.068419080443014,0.142426277611292,0.0905211326067265,0.0364609904664552
388,0.643935773030989,-1078.88595231418,-1079.20792020069,0.463942055470263,0.0884755229750589,0.0169055620156901,0.225746252069727,0.204930607469261,0.179602995072843,0.158548001669048,0.102707212468499,0.0301859389025813,0.467919790867114,0.0879588281408638,0,0.237902474272591,0.206218906719431,0.190551781803626,0.158368486702814,0.105613056769595,0.0301781304555255
389,0.0456768714866485,-1137.33738678836,-1137.36022522411,0.453746707875564,0.134481552752877,0.00239730003923371,0.139404838257523,0.269969601074802,0.00263810376009734,0.163077838327771,0.126622113121827,0.0390264948215814,0.455383895782272,0.134294307558876,0,0.140871682266209,0.269450114392643,0.00246788492579358,0.163025797928713,0.12929870089981,0.0390296414897765
390,4.26922542828834e-06,-1119.01678384484,-1119.01678597945,0.436661527823482,0.135238204897895,4.13696806987674e-08,0.194475406135135,0.233624819773807,0.181337785496749,0.168757540306808,0.123276558726402,0.0461688999396123,0.436661545888031,0.135238210492656,0,0.194475414180521,0.233624829438792,0.181337785496749,0.168757540306808,0.123276558726402,0.0461688999396123
391,1.49510879055015e-06,-1075.20895507495,-1075.20895582251,0.376506467724489,0.217862644042389,5.43132302017799e-07,0.160078007851576,0.245552337249244,0.163251096069426,0.178289395647937,0.0686625871342898,0.0225494127845336,0.376505685360741,0.217862285964203,0,0.160079649570255,0.245552379104802,0.163251953963604,0.178289681810279,0.0686625138179534,0.0225494599399109
392,2.6368168479039,-1128.50602624507,-1129.82443466902,0.478376784180409,0.10880508691402,0.0287289994898238,0.160539972498335,0.223549156917412,0.0905380285043819,0.213836539672954,0.15320603571302,0.0202165378870513,0.492100863944478,0.107157363185029,0,0.175501810598225,0.225239962272268,0.0917803905188019,0.214470940262318,0.162168433408806,0.02008263901512
393,0.618302602695621,-1113.64679796581,-1113.95594926716,0.378491249181378,0.121160524798555,0.0124190558999635,0.194933382490206,0.292995787629897,0.0266026719942626,0.170496138562565,0.0594447734009723,0.0326814119055419,0.379713701355278,0.121573668155212,0,0.207136582507137,0.291576047982373,0.0367987866943187,0.169997072396585,0.0663374058720842,0.032710440845806
394,0.860855707734117,-1070.49267213191,-1070.92309998578,0.446900750628632,0.147927911134834,0.0110768130739569,0.195109603594494,0.198984921568083,0.115631316762166,0.154093679709676,0.0937778903292736,0.0339380430139177,0.451654828468592,0.147470449568568,0,0.203337038205664,0.197537683757175,0.122466656768354,0.154206237888844,0.101467091389992,0.0339397995034947
395,0.143714799442932,-1132.2821587524,-1132.35401615212,0.401595488093872,0.105824963914517,0.00656707456046989,0.192615164555894,0.293397308875247,0.0587836463821062,0.171773105487653,0.0751062402608081,0.0300992371328178,0.402694242615654,0.105644123869886,0,0.19845580751639,0.29320582599807,0.059797427426873,0.171739990242912,0.0786722116575696,0.030099132380331
396,0.161088176446356,-1132.74070782391,-1132.82125191214,0.392319764206715,0.188118595803872,0.00486357909308158,0.14475453407984,0.269943526816491,0.053445271510341,0.179554882278549,0.134623068478111,0.0388196582850836,0.392278825705485,0.188208587922431,0,0.147687946895416,0.271824639476668,0.0523048008899141,0.180265344714798,0.135282671924335,0.0387610980142759
397,5.70294105273206e-07,-1159.66191799885,-1159.66191828399,0.386706373462275,0.135946997867334,4.15865021128743e-08,0.175799757052585,0.301546830031303,0.1298533707823,0.147977717244133,0.0730591658118812,0.05841215454911,0.386706389544041,0.135947003520894,0,0.175799764363483,0.301546842571582,0.1298533707823,0.147977717244133,0.0730591658118812,0.05841215454911
398,0.161497539082575,-1153.06937611959,-1153.15012488913,0.376699276790248,0.186576204693383,0.00476959457977343,0.175456527806642,0.256498396129954,0.122771084261879,0.177321074190187,0.157090667712248,0.0370351118190487,0.376836860044277,0.186788352751723,0,0.179827170772965,0.256547616431034,0.123563334034785,0.180091648596516,0.157104806635482,0.0370299833220952
399,0,-1058.15039675405,-1058.15039669866,0.460320950954112,0.120369500407771,4.78060992620185e-09,0.186501478729535,0.232808065127972,0.0604822746238823,0.126837884349326,0.111326696128732,0.0330674669183888,0.460320917938019,0.120368970780107,0,0.186501509714474,0.2328086015674,0.0604824057889481,0.126837347372605,0.111326412804892,0.0330674935507632
400,1.57387305454449,-1121.94769689427,-1122.73463342154,0.429030881392903,0.160097638467905,0.0199893145577803,0.156753564803344,0.234128600778068,0.1092265738168,0.216439170039178,0.148611777771294,0.0223731362454658,0.438270146390844,0.158891866055848,0,0.166905194747473,0.235932792805835,0.103950332919145,0.225686255807942,0.150121846145783,0.0223585908354201
401,0,-1154.13418771368,-1154.13418769224,0.454750193564625,0.0783519994660299,3.6113053294225e-09,0.163583493798806,0.303314309559234,0.154501430035511,0.122273898821534,0.157643038465316,0.0104069904505471,0.454750093683031,0.0783520472058265,0,0.163583526439833,0.30331433267131,0.154501370106562,0.122273823427604,0.157643027904797,0.0104069909246915
402,2.78281413557124e-06,-1140.52262355109,-1140.5226249425,0.401819615913487,0.127294809970584,1.2574283605275e-06,0.199104198753059,0.271780117934508,0.127995412281607,0.178771223047075,0.118364507499475,0.0260535362327468,0.401819342110218,0.127294508840631,0,0.199105446843979,0.271780702205172,0.127995757194708,0.17877142376273,0.118364729648059,0.0260538517767979
403,0.701086770609436,-1119.77512903085,-1120.12567241616,0.404915813969076,0.169610663974209,0.0115655301378468,0.166631243367249,0.247276748551619,0.0940737472989628,0.145508312064296,0.116354595198297,0.0498886889681308,0.410287764903987,0.168330122038146,0,0.17321275005782,0.248169363000047,0.0862318101347751,0.143138549623461,0.126507737813065,0.0498935687484815
404,0.6317871344163,-1056.54165430297,-1056.85754787017,0.440921692163589,0.176735473972876,0.016418452042257,0.162628945971961,0.203295435849318,0.115485248986235,0.149564904901969,0.0999885208402857,0.0179099448778653,0.443009880303238,0.17693670051478,0,0.177441114404482,0.2026123047775,0.117536747789722,0.15032986145348,0.10510479928102,0.0179091784004444
405,13.6926581830194,-1115.21175106187,-1122.05808015338,0.406041551943426,0.139035648201747,0.0619777960139909,0.165206587528322,0.227738416312514,0.162615154954174,0.143347848224838,0.159660018035916,0.0315825943179875,0.432757124743626,0.136435127451552,0,0.201058276760309,0.229749471044513,0.167405171520112,0.165530226226022,0.175768448814686,0.0315489243674485
406,1.56604561912491,-1152.80970330118,-1153.59272611075,0.354091182653222,0.159265303749097,0.0298141972974927,0.169783641395205,0.287045674904984,0.0474643315916928,0.155629698181201,0.121547496627837,0.0373215180492801,0.351915702158369,0.164466681054064,0,0.196107560344138,0.287510056443429,0.104514535108459,0.154288061749902,0.125861062962545,0.0373592678070529
407,1.3742510418524e-07,-1166.70096229032,-1166.70096235904,0.390139706421801,0.132628296163793,4.27305017087358e-12,0.176499609916589,0.300732387493544,0.0854078328744432,0.183451056799382,0.0934454688142785,0.0483292985821498,0.390139790014103,0.132628181349111,0,0.17649980790645,0.300732220730335,0.0854084730218007,0.183451454653231,0.0934453685300185,0.0483295763862471
408,2.39288056036457e-09,-1151.47594456393,-1151.47594456513,0.377744142395651,0.112724776911061,9.00402068262164e-10,0.217724788582306,0.291806291210581,0.0375616103564867,0.136130916809113,0.146395163769395,0.0167626395805279,0.377744161847018,0.112724529999006,0,0.21772553631822,0.291805771835757,0.0375620416930895,0.136130870152117,0.146395625483997,0.0167627417145309
409,0,-1106.80363400463,-1106.80363395811,0.432621678360259,0.160494944306774,2.26204000397633e-10,0.132952501824621,0.273930875282141,0.0313529353369173,0.12750539452415,0.090677285552443,0.0339306816369001,0.432621687694863,0.160494980810773,0,0.13295249810303,0.273930833391334,0.0313529950350864,0.127505392561226,0.0906773244602142,0.0339307173876595
410,2.54444388260936,-1104.26381348309,-1105.53603542439,0.41413640290797,0.151706752520942,0.0321741267219792,0.13966102256327,0.262321695285839,0.135000093420387,0.123746708012059,0.125649651061235,0.0225485213572871,0.418805243828868,0.152734589232473,0,0.164180995508285,0.264279171430374,0.17975038779487,0.125797714478877,0.128370531323891,0.0225489096625419
411,0.0860738771280012,-1124.96556724158,-1125.00860418015,0.441593941518177,0.149249598541009,0.00597780531122974,0.152794194411343,0.250384460218242,0.133746270724596,0.195995863494593,0.135040546563446,0.0237862696430931,0.442168053883596,0.149510957732845,0,0.157941380418745,0.250379607964813,0.138073965396458,0.195994408098265,0.136221390342202,0.0237896899005563
412,1.04292666947003e-07,-1118.98056601063,-1118.98056606277,0.396036309691633,0.122747287016876,4.73462671102612e-10,0.207998871322385,0.273217531495644,0.150141669305449,0.136242818748073,0.116505357965937,0.0148305460720789,0.396036461173515,0.12274744180286,0,0.207998376428706,0.273217720594919,0.150141387183033,0.136242722367379,0.116505631299318,0.0148306046582087
413,0,-1151.3414529241,-1151.34145288587,0.438030545617551,0.141402463456886,4.62257765584734e-10,0.149242894761845,0.27132409570146,0.101823173925132,0.171502086100354,0.120737698930695,0.0283736559812498,0.438030545165841,0.141402462275654,0,0.149242896859167,0.271324095699338,0.1018231670125,0.171502088760517,0.120737697723123,0.0283736552789911
414,3.07345044887188,-1151.39034420653,-1152.92706943097,0.412324866049506,0.14700146035163,0.0188388526509068,0.146362852602869,0.275471968345088,0.220355401527503,0.126009190467371,0.140294283562711,0.0401977859332787,0.424231837794112,0.145841812257428,0,0.155167780463612,0.274758569484848,0.215244380828764,0.137647737709987,0.143670092782975,0.0402365016408868
415,0,-1144.01039564097,-1144.01039559787,0.40334881886719,0.146432888279791,2.34513033595623e-10,0.164313286226785,0.285905006391721,0.125741335008952,0.17667214794232,0.103898473204489,0.0140270235699434,0.403348814114886,0.146432883379498,0,0.164313292646654,0.285905009858962,0.125741320801775,0.176672150415728,0.103898473997697,0.0140270255137429
416,0.0173656300385119,-1189.80538421737,-1189.81406703239,0.342741096680094,0.0923923966683538,0.00181448156377468,0.179227453116406,0.383824571971372,0,0.091090105760051,0.15740146565089,0.0189548821253127,0.343354406417086,0.092289434337166,0,0.180740854629277,0.383615304616471,0,0.0911243414264278,0.158716197282489,0.0189547611472776
417,0.311945039294187,-1161.72990918055,-1161.88588170019,0.365809192172437,0.143267344170866,0.00477581341733364,0.143732487389668,0.342415162849696,0.0695777501419116,0.187657726973913,0.0866250971651968,0.0171302131755879,0.369794503246561,0.142833162382242,0,0.145984048186082,0.341388286185114,0.0699621457506813,0.187829410385635,0.091283123344379,0.0172203058842147
418,1.64607108672499e-05,-1124.41268411521,-1124.41269234557,0.391665843198316,0.186368107147135,1.9077002401995e-06,0.168384275884155,0.253579866070153,0.149042735444196,0.139396582915747,0.162016999788069,0.0287595537554059,0.391666575934804,0.186367781454315,0,0.168385891518994,0.253579751091887,0.14904242727473,0.139396619734518,0.162018331149967,0.0287595254242281
419,0.799733932115032,-1109.56574533936,-1109.96561230542,0.404746637854904,0.176633173676874,0.0115967802420742,0.144864666689987,0.262158741536161,0.162784002348398,0.094228721281751,0.100163214449234,0.0306161402370226,0.409555261938274,0.176767943506548,0,0.149458032356086,0.264218762199092,0.175486272765793,0.0937701385323982,0.10204696907841,0.0306036620232515
420,2.52126655561824,-1148.64698334229,-1149.9076166201,0.387363859291625,0.11984779683087,0.0148217542186588,0.163183888277977,0.31478270138087,0.160019878703296,0.156527413297948,0.0797417586393615,0.0151547106424776,0.388620245131054,0.119605665859671,0,0.173178829904359,0.318595259104916,0.172253810006027,0.159147071681418,0.0831611747254197,0.0149767616397012
421,11.8245116715138,-1079.55815390667,-1085.47040974243,0.331792981629157,0.222454404366327,0.0550060825481811,0.173960952553356,0.21678557890298,0.141029533233798,0.111149250348638,0.141573596412802,0.0328052568313393,0.348245558492279,0.220335018039854,0,0.207528151963349,0.223891271504517,0.138950457849643,0.123170724960467,0.144621070720735,0.0327262144813695
422,0,-1137.13537385057,-1137.13537380612,0.342467196368451,0.189039776505629,5.84919384024239e-10,0.19691693961559,0.27157608692541,0.1352477484588,0.167777622556212,0.119214992067262,0.0247045859213475,0.342467556560573,0.189039616214586,0,0.196916647515663,0.271576179709179,0.135248042444289,0.167777479144828,0.119215453052732,0.0247045585060175
423,2.06973678809982,-1140.90300206913,-1141.93787046318,0.346443966574616,0.138131984489074,0.0178119841278439,0.168409877529203,0.329202187279263,0.0558398321963551,0.157043973319848,0.0794800423112339,0.0151704169325097,0.356210864830243,0.136809690390599,0,0.182300674875115,0.324678769904043,0.0526111968584881,0.160732195583052,0.093563741192157,0.0151796856564801
424,0.424851201456022,-1099.97976444317,-1100.1921900439,0.555849214423528,0.09598628461443,0.0100404736251876,0.12831294088073,0.209811086456124,0.0890384906051664,0.176347947733941,0.123854254273428,0.0408835310622261,0.558673709790141,0.0958464697016646,0,0.133765997075691,0.211713823432504,0.0929728159055905,0.175993832920362,0.125584881142201,0.0408633723042547
425,3.90923560189549e-08,-1096.72517124445,-1096.725171264,0.42588232397554,0.174144052191971,9.03457202037528e-13,0.151983138742171,0.247990485089414,0.121869799366132,0.170174065240343,0.0736305145660846,0.0331018817355189,0.425882048513986,0.174144219422146,0,0.151983116509682,0.247990615554186,0.121869878504389,0.170173712058002,0.0736307687283209,0.0331020171752715
426,4.96393058710964e-05,-1071.41546550586,-1071.41549032551,0.470000918580719,0.115488292977531,2.38048992871566e-07,0.19323660407758,0.221273946315177,0.0829294260648374,0.168686045178143,0.078044403713698,0.0339197656608463,0.470010045794123,0.115479272492603,0,0.193236924762129,0.221273756951145,0.0829274701331875,0.168691341163333,0.0780444581017855,0.0339196980799968
427,2.4010733244545,-1090.40018078554,-1091.60071744777,0.457543089907474,0.106569515488662,0.0110349773862578,0.200915777527502,0.223936639690104,0.204168438547061,0.148104306513884,0.0889493512697031,0.0310110171878664,0.460270809653989,0.105766185009346,0,0.203800099654704,0.230162905681961,0.195311905046257,0.149428374145912,0.0906010436689666,0.0310010545974131
428,4.46293597633485e-08,-1122.675111108,-1122.67511113031,0.385071050475118,0.156367093943481,1.19169358360386e-10,0.171104890893834,0.287456964568397,0.0685598628899166,0.147834756999488,0.121559399294306,0.0210613448176921,0.385070804591083,0.156366983175585,0,0.17110455670609,0.287457655527242,0.0685598695886383,0.147833825858716,0.121558778396949,0.0210610586855601
429,0.815319816475949,-1085.38464458513,-1085.79230449337,0.489454350298156,0.127176712489332,0.0116284533422681,0.144166724798221,0.227573759072023,0.0934449348460063,0.172157894543961,0.0834734559988815,0.0266853783393109,0.49372989174297,0.127082113573982,0,0.150411194185329,0.228776800497719,0.0959183301984872,0.170507671892569,0.0881457163049987,0.0266843322935594
430,1.39052989552556,-1059.67804328834,-1060.3733082361,0.504066977796104,0.0706117220518318,0.0218454003976763,0.204184856743776,0.199291043010612,0.126109870355997,0.183821500450112,0.0780182555128608,0.0141085881985946,0.505838341507726,0.0713899373033197,0,0.221172257329197,0.201599463859758,0.160022193798419,0.183261951014014,0.0814215770431872,0.0141076671550767
431,0,-1116.73410499097,-1116.73410493457,0.469178692543635,0.122599056933651,3.37934143613157e-10,0.19896520103473,0.20925704915005,0.136146544548932,0.191014360088147,0.134573658388916,0.0287837225011413,0.469178733076043,0.122599210082681,0,0.198965478895982,0.209256577945295,0.136149291244653,0.191014395532538,0.134573823164472,0.0287838939750968
432,0,-1112.73698853058,-1112.73698848679,0.442398861590296,0.135506835352945,2.2082696734632e-09,0.187833527562387,0.234260773286102,0.151922640111217,0.202816968628735,0.166305781400817,0.0121713467178817,0.4423988358039,0.135506842512514,0,0.187833533835813,0.234260787847772,0.151922654311374,0.202816974466748,0.166305782501223,0.0121713463351585
433,0,-1037.92759953236,-1037.92759950055,0.498839306926695,0.133588169188901,5.72794796431605e-11,0.18409266449382,0.183479859333304,0.0511792983867149,0.146456309946121,0.0952182768759758,0.0465281965899153,0.498839302141416,0.133588174992942,0,0.184092664148259,0.183479858717384,0.05117929432867,0.146456309747685,0.0952182794196689,0.0465281953108517
434,6.19190834219717,-1110.9441387125,-1114.04009288359,0.353940603648538,0.174055916536259,0.0406627454725912,0.143852916780422,0.28748781756219,0.0411390917642013,0.100669995879103,0.0849454816094535,0.0411803884993177,0.368015185403284,0.174128497807377,0,0.172674640955223,0.285181675834116,0.0768687969960867,0.105282926868503,0.0957046923425102,0.0411476392142417
435,4.07425757561168,-1073.78180797989,-1075.8189367677,0.430592449686364,0.133319325825609,0.0482191299982869,0.155757059296376,0.232112035193364,0.209382105196126,0.12051232271087,0.0913128350180679,0.0275828066562266,0.427007371617895,0.139650871120157,0,0.197824893558257,0.235516863703691,0.338195614654293,0.116533690387787,0.0949497652297763,0.0275593145836098
436,0.346505324348072,-1096.16089788856,-1096.33415055073,0.509033080759914,0.0725721472721141,0.0111902315219772,0.220099772392751,0.187104768053244,0.0352361071873957,0.179360253112685,0.118380422871338,0.0636713654752685,0.511848324130996,0.0722865828136761,0,0.228591427127312,0.187273665928015,0.0330132827219363,0.179229745467874,0.124997299484817,0.0636456449643756
437,0,-1155.24332943338,-1155.24332909599,0.381335959847374,0.162574400954909,4.23743838155429e-10,0.177972570019225,0.278117068754748,0.240420583265959,0.161066732925813,0.126357788115467,0.0205724571577779,0.381336119957634,0.162574362416032,0,0.17797207359995,0.278117444026384,0.240420681014,0.161066633680854,0.126357623647674,0.0205724882876326
438,3.34161705435145,-1133.10561551573,-1134.77642404291,0.464575858443798,0.159494388580319,0.0248421386233167,0.114197556619222,0.236890057733344,0.0747445068766846,0.175507218619164,0.13407158579067,0.0700549972135625,0.477297877835137,0.159467928693673,0,0.127125000573191,0.236109192897999,0.084307588980802,0.187641539234241,0.137097333736555,0.0700836630733195
439,0.349488733005273,-1175.26954356151,-1175.44428792802,0.381876670036968,0.201128696654731,0.0133400613347933,0.109791169685756,0.293863402287751,0.202052492479665,0.220271210205526,0.133543651581644,0.03709901338296,0.384109272298098,0.201916142401576,0,0.119789001820591,0.294185583479734,0.215944956265108,0.219616689239733,0.137565321491513,0.0371004132374929
440,0.142324623916465,-1140.02145560958,-1140.09261792154,0.418356400966299,0.122849551799021,0.00363800567543364,0.177359461029239,0.277796580530007,0.0946321245296804,0.164895990817302,0.0958632904090793,0.0320901593346875,0.420582658248821,0.122890727580171,0,0.179415633027128,0.277110981143879,0.0935477754567433,0.164896150949737,0.0994640724677631,0.0321094718578734
441,0,-1076.95371058214,-1076.95371052978,0.440872438117831,0.124781009009988,2.10302483102715e-10,0.228748636838238,0.20559791582364,0.128965499095091,0.151535369774992,0.173937479424318,0.017477974113072,0.440872420925757,0.124781002477841,0,0.22874866167329,0.205597914923111,0.128965650432314,0.15153536631736,0.173937478115969,0.0174779755341691
442,0.324558475882895,-1201.12335854523,-1201.28563778317,0.388006289982912,0.120573073344355,0.0101869233800126,0.184550215406636,0.296683497886084,0.115578333903889,0.214299895776234,0.0978469154184625,0.035154235825704,0.39031227987204,0.120266202619036,0,0.193022776845184,0.29639874066374,0.113247863449431,0.214441045625025,0.104325840124428,0.0351768489788964
443,0,-1098.27998603795,-1098.27998599076,0.451236199130563,0.107633835746831,1.73592242025054e-10,0.196949884593308,0.244180080355706,0.0415793340875966,0.191362341541267,0.120476800175786,0.0263631438215305,0.451236209893815,0.107633796450463,0,0.196949912605509,0.244180081050213,0.0415793315203382,0.191362326736851,0.120476804876359,0.0263631458657248
444,2.56445621826424,-1110.84757840281,-1112.12980651194,0.430171962517264,0.136655397621265,0.0165554847053806,0.159987842060871,0.256629313095219,0.0286235330960126,0.131412114511284,0.144142307924665,0.0242843360356791,0.431550500543288,0.136606629815882,0,0.169769046587537,0.262073823053293,0.0266791594155349,0.132245852389546,0.14666868590403,0.0242577886773654
445,2.76685113219446,-1067.0454978673,-1068.4289234334,0.44577591783459,0.0911680719803816,0.0228511253110648,0.168620041583221,0.271584843290742,0,0.134623869898175,0.0643439668701211,0.0103117702230658,0.448545502944838,0.0915289130939949,0,0.185457238947858,0.274468345013309,0.00935800322358831,0.13383383965127,0.0696816786095624,0.0102968892536896
446,2.44385773099566,-1095.22964544509,-1096.45157431058,0.452365687864262,0.120024565586257,0.0172914698385811,0.229453597332758,0.180864679378141,0.193511112555207,0.160828525347471,0.115382813105368,0.0553013480568202,0.464145469486297,0.118656947974203,0,0.239584548572369,0.177613033967131,0.192055346299118,0.171316518713832,0.119991601855102,0.0553402757909079
447,0,-1104.58826903049,-1104.58826899288,0.382869551393035,0.195439807097318,1.71903644335004e-10,0.162951718763852,0.258738922573891,0.0648903115473946,0.213541182388531,0.0540487857245765,0.0351405319987268,0.382869544175494,0.195439808837704,0,0.162951721370448,0.258738925616353,0.0648903159339121,0.213541176308232,0.0540487841307735,0.0351405343597062
448,0,-1089.46753882303,-1089.46753878341,0.448122444322948,0.142835502055318,1.1569059911974e-09,0.128739087993659,0.280302964471169,0.0737272513079055,0.124757462639085,0.0801050043634987,0.0273219483230974,0.448122457313385,0.142835485480765,0,0.128739098749808,0.280302958456042,0.0737272535207462,0.124757479835838,0.0801050027491685,0.0273219506676818
449,0,-1135.0690310404,-1135.06903099362,0.375089753058267,0.167832437495266,5.89078108634268e-11,0.138567215351616,0.318510594035943,0.111181026395735,0.104770496205431,0.116794490556558,0.0100897786406155,0.37508972916809,0.16783245158512,0,0.138567211136109,0.31851060811068,0.111181097025254,0.104770485754857,0.116794484126185,0.0100897751257194
450,0,-1163.61561031212,-1163.61561030436,0.418947876906895,0.0457593988313967,1.37520976068669e-11,0.190172928942073,0.345119795305883,0.0719394710914075,0.162196211383686,0.0744121125122971,0.0168872655183808,0.418947786186446,0.045759166153027,0,0.190173192260039,0.345119855400488,0.0719397986574653,0.162196530249158,0.0744121534432032,0.016887231529324
451,0.641300450704875,-1096.80326981357,-1097.12392003892,0.378351527203857,0.137200788561498,0.0121008384864479,0.199495496679079,0.272851349069118,0.0779737598625788,0.126521718763018,0.100502680377673,0.0114839682681736,0.380072857629531,0.136884947923095,0,0.207601917811586,0.275440276635787,0.0816903274834771,0.124256662574257,0.104904081476887,0.0114398561101765
452,0.113768887331389,-1096.31720614301,-1096.37409058668,0.480796628613031,0.132011402497815,0.0048072397168965,0.172125749388458,0.2102589797838,0.0844297629882858,0.208426944864427,0.0993960088789383,0.0437379900647105,0.482293010096921,0.132060884064127,0,0.174823124580878,0.210822981258073,0.0880050773256178,0.208228935089505,0.100418418431838,0.0437367050533247
453,0.000149667318055435,-1087.38187479838,-1087.38194963204,0.518603245874763,0.0899307103144645,4.0077390318088e-05,0.184193074059018,0.207232892361435,0.106866386743566,0.209826692059681,0.123943102284149,0.0165234174570052,0.518609288359536,0.0899321429591132,0,0.184218818023554,0.207239750657796,0.106909834907621,0.209827758192689,0.123940826351207,0.0165234407739874
454,11.1597486569876,-1131.62563949824,-1137.20551382673,0.396292399992191,0.122889300965249,0.044465996287262,0.14602733194219,0.290324970813107,0.0482731873790773,0.143056202100018,0.104171486943255,0.0351954874266718,0.402786116573728,0.124235493505825,0,0.179353376786103,0.293625013134344,0.0857491458335631,0.154853243280084,0.117032197061804,0.0351740541330081
455,3.24031841134774,-1122.47361711462,-1124.0937763203,0.398447858412773,0.165730751010865,0.0287551701591003,0.147811707822114,0.259254512595148,0.0649561305337226,0.230297587376627,0.0662227385560463,0.0457921441902692,0.402339296641316,0.166629347990676,0,0.166631974324133,0.264399381043875,0.0897653390124906,0.227909019532689,0.0672029221039161,0.0457469428894896
456,0.0045683694706895,-1120.93589482739,-1120.93817901213,0.482597607087216,0.131740196448938,0.00100335421597187,0.140455969049847,0.244202873198026,0.0970857160422948,0.127460703312432,0.141010740407145,0.0458449661209384,0.482842912919147,0.131702731341555,0,0.141130228698659,0.244324127040639,0.0970065514327186,0.127478055844392,0.141314800427866,0.045843910595979
457,0,-1111.71987780149,-1111.71987779051,0.383580764944538,0.156491618774174,2.19108872928074e-11,0.211275328882037,0.24865228737734,0.0505946939944356,0.18427582832681,0.122809964206449,0.0278344840970224,0.38358072852421,0.156491598136726,0,0.211275349359534,0.24865232397953,0.0505947719386793,0.184275808933461,0.12280996038255,0.0278344825677468
458,1.48533308674814e-06,-1094.01615137534,-1094.01615211801,0.539857673683733,0.0815214105565108,2.49375886598187e-08,0.148979042233762,0.229641848588405,0,0.106361629563487,0.169977816078759,0.0372281467082511,0.539857687146482,0.0815214125894582,0,0.148979045948941,0.229641854315119,0,0.106361629563487,0.169977816078759,0.0372281467082511
459,8.35511855257209e-08,-1060.47080995843,-1060.4708100002,0.42744165167295,0.157094706866153,2.16242610415718e-10,0.194806830972349,0.220656810272305,0.0523530147314368,0.157123858274867,0.123581482432566,0.0127557399771417,0.427441410933677,0.157094553315493,0,0.194806975250907,0.220657060499924,0.0523533769090948,0.157123543664019,0.123581682492265,0.0127556437865022
460,0.254760777903357,-1136.00549300417,-1136.13287339312,0.432047710363773,0.109716720989957,0.010705232006636,0.19489915815617,0.252631178483464,0.137131219692199,0.191735286028169,0.11658150869667,0.0344195793885347,0.433517912026846,0.11001536148078,0,0.202094265547797,0.254372460944577,0.145628008698043,0.190693721143238,0.117122392595281,0.0344132347876587
461,0.652673173349285,-1075.12752018846,-1075.45385677513,0.480314391667405,0.0817634469013379,0.00968261938793779,0.191236777198377,0.237002764844943,0.0270156828980932,0.166483503340007,0.0814847017116884,0.0170548837608635,0.484203081924704,0.0816752962237384,0,0.198388685430024,0.235732936421535,0.0324056587298177,0.16680648920797,0.0865382266827859,0.017051416317588
462,7.03106252331054e-07,-1122.38815738598,-1122.38815773754,0.570966680324121,0.0535468839752754,1.63801160636787e-08,0.118689921286837,0.25679649803365,0.0300546570193601,0.155644542269576,0.149033642574194,0.023234060099346,0.570966689676622,0.0535468848523795,0,0.118689923230992,0.256796502240007,0.0300546570193601,0.155644542269576,0.149033642574194,0.023234060099346
463,4.84401880385121e-07,-1059.32231250196,-1059.32231274416,0.451166697330371,0.153676316558358,4.70099418413751e-08,0.169619302452522,0.225537636648807,0.0265394118047001,0.153606651518597,0.120019262570145,0.0279941393412943,0.451166718539692,0.153676323782673,0,0.169619310426316,0.225537647251319,0.0265394118047001,0.153606651518597,0.120019262570145,0.0279941393412943
464,1.21961174216403,-1064.4266870467,-1065.03649291778,0.40292564080661,0.137923780131777,0.0161335183701114,0.184989610551503,0.258027450139999,0.155539461297407,0.0838009147427344,0.074386750891183,0.0223030923470893,0.408475651572526,0.137684998295152,0,0.196619038210241,0.257220311922082,0.157482437706013,0.0829239382440161,0.0850664203112703,0.0223345261934334
465,0.874592284651953,-1101.42841913766,-1101.86571527999,0.500076478443724,0.101864654873078,0.0134320257858406,0.196667980853345,0.187958860044012,0.169849791480348,0.186653979513916,0.112280756415109,0.0414295209250044,0.50278347889875,0.102462761140135,0,0.206605906231766,0.18814785372935,0.186406713259324,0.18709480004496,0.116956765373574,0.0414508451028186
466,1.37306415126659e-07,-1107.67735683534,-1107.67735690399,0.509124382511955,0.142916827315801,1.18576278332592e-09,0.11080678310856,0.237152005877922,0.102376488670927,0.174144710295491,0.132363347210129,0.0228842477466578,0.509124963797711,0.142916607317873,0,0.11080618549205,0.237152243392366,0.102374015456297,0.174144714077081,0.132363426963088,0.0228841843744638
467,6.13290467299521e-08,-1102.74214949074,-1102.7421495214,0.43943874943726,0.145396305249965,8.164694921125e-10,0.164485801167892,0.250679143328414,0.0468149810307086,0.110177412931314,0.100627790820958,0.0452450137656912,0.439438782539021,0.145396312624225,0,0.164485708163595,0.250679196673159,0.0468149694407348,0.110177391681238,0.100627709306336,0.0452449989533692
468,0,-1159.15876969193,-1159.15876964989,0.423984138347203,0.136889847789399,3.60387458402883e-10,0.177875303078255,0.261250710424755,0.115258015347742,0.182661718466951,0.136847075387269,0.0413401688412242,0.423984145714245,0.136889834371275,0,0.177875299307434,0.261250720607046,0.115258022352167,0.182661715847617,0.136847079434666,0.041340166722362
469,0.732070829776603,-1148.04058588514,-1148.40662130003,0.465565862624368,0.120750252890742,0.00861273914285875,0.136269117857432,0.2688020274846,0.115268992118342,0.184417358194586,0.0874929683566381,0.0557233243466984,0.471053975533337,0.12070339982535,0,0.139726543487964,0.268516081153349,0.114209940310813,0.192328128416928,0.0865932374196805,0.055708373174011
470,0.154234921756142,-1077.80265532654,-1077.87977278742,0.470471218775338,0.11564300102157,0.00970854004789256,0.216773840646281,0.187403399508917,0.112150310746459,0.165757224672331,0.117476347345726,0.042521304188653,0.470789164508535,0.116158222468247,0,0.225456489271722,0.187596123751496,0.128851957976469,0.166217074844035,0.117226231828327,0.0425050340280696
471,1.26813654093121,-1139.00687521941,-1139.64094348988,0.399124024651157,0.134449283691439,0.0200796734890337,0.231119647549621,0.21522737061875,0.15628145318941,0.249791083916886,0.140138902641682,0.0486972940844174,0.404748308401409,0.134681064792298,0,0.246634939749479,0.213935687056814,0.175868265978127,0.249710115327615,0.149056189780067,0.0487175356724122
472,1.23673089547083e-08,-1102.63885296606,-1102.63885297224,0.477808008863274,0.144034761124383,1.97342021489741e-07,0.130579542847763,0.247577489822558,0.0815260698257917,0.127919083530024,0.166447720569502,0.0189976307091676,0.477808062078988,0.144034750347657,0,0.13057962035713,0.247577567216225,0.0815261280519837,0.127919025678988,0.166447723038939,0.0189976306285689
473,0.378153882264542,-1056.55022734575,-1056.73930428688,0.414799487635803,0.12462195971825,0.00903000648803878,0.205004924338934,0.246543621818974,0.0461428534020544,0.0632195888891109,0.101177837014406,0.0365127529998676,0.417585680922891,0.124610823622074,0,0.211131152938536,0.2466723425165,0.0482446425605085,0.0631734166160478,0.104521958990974,0.0365133497083801
474,0,-1143.94468257579,-1143.94468248282,0.393791380903284,0.113947450181706,1.76785880339361e-13,0.161645950113785,0.330615218801048,0.120002053436686,0.158419243415039,0.107619618326653,0.0047866903458272,0.393791371747504,0.11394750695076,0,0.161645852994324,0.330615268307412,0.120001995490832,0.158419247824332,0.107619568544407,0.00478670085495115
475,0.212810715129308,-1128.17109559786,-1128.27750095543,0.406523602749067,0.064180985257802,0.00812818738829069,0.252771100487835,0.268396124117005,0.0965917219016689,0.130227614173304,0.128241900442136,0.03524101937856,0.407828694176584,0.0643335741158089,0,0.258694243856174,0.269143487851434,0.109319796004814,0.130178585074564,0.128075501261625,0.0352352942325299
476,0.161373840991928,-1086.70078452884,-1086.78147144934,0.439201377232619,0.114456487675738,0.00418136449927484,0.148117742000476,0.294043028591892,0.00735540315316333,0.0943283523449064,0.118541590246967,0.00735603105208311,0.440824405686585,0.114993359256582,0,0.150033307578307,0.294148927478527,0.0109145577011457,0.0937537116761277,0.121315696220033,0.00737011634944723
477,0.75932124271003,-1085.31345762588,-1085.69311824724,0.52060132330134,0.0821829555584369,0.0108361072759973,0.143884965456594,0.242494648407632,0.00786171493268937,0.170699732739341,0.0530597005269314,0.0347072200787977,0.524070086118964,0.0828785007767743,0,0.151335129961704,0.241716283142558,0.0178310614253277,0.176654554431623,0.0532504313994946,0.0347198796023444
478,1.77631500264397e-06,-1149.61464052836,-1149.61464141652,0.46503455074078,0.0959085437940473,2.93386461025501e-08,0.163399151595759,0.275657724530768,0.0909816587337089,0.166881460770241,0.115630954908178,0.0230136285999189,0.465034564384264,0.0959085466078742,0,0.163399156389669,0.275657732618193,0.0909816587337089,0.166881460770241,0.115630954908178,0.0230136285999189
479,3.35117820591586,-1172.6819079954,-1174.35749709836,0.478889343489761,0.109306612560329,0.0290303202726321,0.0979443761609881,0.28482934751629,0.0233465361465127,0.177009275203097,0.170569365690544,0.0214352475403379,0.487305450780815,0.109939240331911,0,0.117211607637022,0.285543701250252,0.0448849699782826,0.184154470620505,0.175996777182405,0.0214474437244397
480,0.0699647051410466,-1075.21408613433,-1075.2490684869,0.40980228364893,0.10103930573049,0.00328005280460984,0.258289978626989,0.22758837918898,0.0297712823773545,0.203828145596334,0.105430627425595,0.0159240932945826,0.41123557671414,0.100865646248101,0,0.26003593162006,0.2278628454177,0.0303469905119652,0.203776908260263,0.106029584486501,0.0159262657851479
481,0.191569572462413,-1070.32356238824,-1070.41934717447,0.443707560247243,0.151411634478863,0.00713666512338704,0.208817433011218,0.188926707139289,0.09743301376293,0.176155164222938,0.160771015670631,0.0139428886979856,0.448269360098209,0.150816336116347,0,0.212232783924794,0.188681519860649,0.0948514508577593,0.17667212066252,0.164305034355325,0.0139406399298015
482,2.22712367269924,-1125.01726534575,-1126.1308271821,0.433360115918573,0.120317837728015,0.0201390493224448,0.174205429945344,0.251977567085623,0.118632750694309,0.186719912190309,0.118723282004757,0.0177246083022899,0.441995077500937,0.122082466242691,0,0.188065462724005,0.247856993532367,0.141994583241985,0.20335501346128,0.121332486406861,0.0177251268362188
483,0,-1130.03122343474,-1130.03122339307,0.415155941647096,0.168015026567874,3.17020070411737e-10,0.135342716989172,0.281486314478838,0.142289540849122,0.126696852019342,0.117874081600087,0.0308404510305724,0.415155949454807,0.168015051938092,0,0.135342684073266,0.281486314533835,0.142289542829641,0.126696862438188,0.117874082419786,0.0308404493740005
484,0,-1088.86732369182,-1088.86732364709,0.494577082331373,0.129701817293195,9.89145575601781e-11,0.15191350099833,0.223807599278188,0.0821333080096107,0.143060317602886,0.153007952456233,0.0389362532902562,0.494577070936667,0.129701822568395,0,0.151913506252258,0.22380760024268,0.0821333149641835,0.143060308035476,0.153007962008476,0.0389362496094686
485,0,-1099.27031360114,-1099.27031356657,0.507874126430766,0.0795349619010656,4.2098554444407e-10,0.157317828409399,0.255273082837784,0.032233007817836,0.143808235409642,0.136646593764268,0.00411784450133738,0.507874012836995,0.0795349883597845,0,0.157317929806953,0.255273068996267,0.0322336469330695,0.143808246995865,0.136646582060567,0.00411784964897694
486,0,-1101.89130583496,-1101.89130579122,0.469786787046477,0.102835300750907,5.24021474422884e-10,0.177517162354578,0.249860749324016,0,0.131740416958864,0.103483550667546,0.0147665499354652,0.469786742468253,0.102834720665322,0,0.177517699504183,0.249860837362242,0,0.131739988020273,0.103483469368362,0.0147664560110638
487,0,-1111.83919137753,-1111.83919132407,0.449524493754734,0.0890833901177755,5.47381005927387e-10,0.218451251990031,0.242940863590079,0.109953385809732,0.163372338423939,0.145099043848413,0.0144812396017275,0.449523955018255,0.0890833776972728,0,0.218451369024042,0.242941298260431,0.109952941864821,0.163372397487897,0.145098873789845,0.014481215147217
488,0,-1120.51891141391,-1120.51891139363,0.440990420241282,0.116706009094853,1.25895683504295e-11,0.196721719282214,0.24558185136906,0.0866678686929839,0.16403395540654,0.117627888842655,0.0413288560021699,0.440990455007136,0.116705799637441,0,0.196721678305616,0.245582067049808,0.0866678859529037,0.164033587309189,0.117627695774623,0.0413288660489056
489,0,-1090.0456007838,-1090.04560067177,0.488260728365828,0.150142098991778,4.22912731559931e-12,0.167559468548034,0.194037704090131,0.274300695824735,0.148547637925937,0.157020430341677,0.023948851240041,0.488260834926216,0.150142072407982,0,0.167559417312214,0.194037675353588,0.274300972136905,0.148547690286289,0.157020472172267,0.0239489052719304
490,0,-1117.80616010013,-1117.80616006715,0.410970175680896,0.125924819725373,6.30570021065701e-09,0.174700730156803,0.288404268131228,0.236239779105693,0.155825762452304,0.0969618194092817,0.00461240716236572,0.410970173164527,0.125924786809789,0,0.174700762280267,0.288404277745418,0.236239808584866,0.155825748164735,0.0969618271058622,0.00461241571430556
491,0,-1163.15945470569,-1163.15945449417,0.450479940515322,0.12794608145829,1.05272829807297e-10,0.125581728910097,0.295992249011018,0.155698962154519,0.171527688488912,0.109156106863802,0.0361151777609254,0.450480669498022,0.127945666716835,0,0.125581506336336,0.295992157448806,0.155698106017726,0.171528097471483,0.109155965872976,0.0361151063129478
492,0,-1139.01220117795,-1139.01220114034,0.350651129355941,0.16434843134001,8.53030912239633e-10,0.145325022115616,0.339675416335402,0.192758595020211,0.12232686506999,0.101023691646587,0.00452515196182035,0.350651124920773,0.164348429349109,0,0.145325015178153,0.339675430551965,0.192758691112472,0.122326875841686,0.101023697794309,0.00452514532004901
493,0.0579730409308468,-1145.14105805377,-1145.17004457423,0.416693716021392,0.14193132830473,0.00575071514137477,0.15039420214422,0.285230038388283,0.131073721666904,0.165475608898025,0.0974488985094989,0.0240891350131633,0.417637158446627,0.14178134064042,0,0.155108612137846,0.285472888775107,0.13211031414982,0.165639725056172,0.0986193535629556,0.0240863974007134
494,1.18234311230481e-09,-1109.9228135284,-1109.922813529,0.494572325692245,0.0955811885115187,9.57873762537041e-18,0.134714415831442,0.275132069964794,0.115906459433294,0.151509806100365,0.0681382403117211,0.032888578594255,0.494572363925842,0.0955811909254391,0,0.13471442552724,0.275132019621478,0.115906497570169,0.151509754935663,0.0681382245140065,0.0328885762907256
495,0.918444209961763,-1078.14798753297,-1078.60720963795,0.408598439317057,0.104435948444001,0.01398188326887,0.217337167122349,0.255646561847723,0.08707161411521,0.107294193229022,0.0583790000298299,0.0426586157246056,0.410607526070866,0.104532817906441,0,0.229817849263959,0.255041806758735,0.0905955267561002,0.107059804224798,0.0652222852218771,0.0426575758968277
496,0,-1150.58190386051,-1150.58190381827,0.42988284953555,0.132681113786502,1.18529383302929e-09,0.178459120033835,0.25897691545882,0.108549378231583,0.203604493186322,0.128108276085805,0.0353632763993706,0.429882851559005,0.132681119603358,0,0.17845912455152,0.258976904286118,0.108549413367684,0.203604513736487,0.128108269642809,0.035363280065792
497,1.87398246143812,-1198.55054766327,-1199.48753889399,0.27216088370486,0.15281281346081,0.0318727096255688,0.213225462287769,0.329928130920992,0.292074945148155,0.154104410187268,0.11266117169322,0.0279297872406184,0.274677123243342,0.155095928526167,0,0.241041362141772,0.329185586088719,0.337767317162153,0.155023061943762,0.122643397557292,0.0279280151593772
498,1.71340616361704e-07,-1153.95481513259,-1153.95481521826,0.415246117139142,0.134237750261132,1.08336012938896e-11,0.165905799027086,0.284610333561806,0.216624848850063,0.12952991676956,0.126160978002062,0.0268298736835081,0.415246188603859,0.134237403531225,0,0.165906017985368,0.284610389879547,0.216623863384413,0.12952978466913,0.126161292261597,0.0268297576354871
499,0,-1115.51007019019,-1115.51007010805,0.380460272160062,0.181939377913527,4.85355237514834e-12,0.187011480276613,0.250588869644944,0.213076351365822,0.138140492523531,0.0994859109996916,0.0436576496158402,0.380460261694276,0.181939393527942,0,0.187011474843643,0.250588869934139,0.213076398025759,0.138140492468006,0.0994859090559092,0.0436576510683431
500,0,-1107.16980667767,-1107.16980665463,0.455855397565678,0.111049238819506,1.71592132974376e-11,0.19570100579619,0.237394357801467,0.155961739379382,0.152359716691399,0.12482061816589,0.0401936029969275,0.455855326049005,0.111049261559181,0,0.19570101430604,0.237394398085774,0.155961729268716,0.152359735456933,0.124820643264232,0.0401935664175516
501,1.52899647754657,-1148.62321943841,-1149.38771767718,0.440471870967693,0.142765979905253,0.0115568537044744,0.131733821820412,0.273471473602168,0.121563626726309,0.153731259759561,0.152293780214009,0.0369722228490741,0.449332838981051,0.142322146139299,0,0.138417111432276,0.269927903447374,0.120557401393315,0.162786144275938,0.158835895902532,0.0369611031611783
502,3.61010279448237e-08,-1065.83358791676,-1065.83358793481,0.387392723876207,0.192784169214984,1.80043645948362e-11,0.193489959464082,0.226333147426723,0.0797653992449275,0.184986474681384,0.138402631765723,0.0161698885469066,0.387392875024897,0.192784460665151,0,0.193490381643115,0.226332282666837,0.079765200737728,0.1849855793846,0.138403399539273,0.0161699565940573
503,1.11901585337091,-1075.97525206024,-1076.53475998693,0.415231496947936,0.196195296757598,0.00921476752048659,0.149811750198378,0.229546688575601,0.188564383342867,0.118827675990797,0.123997499784181,0.0267219231367915,0.41890504710696,0.19575182731041,0,0.154867915612928,0.230475209969702,0.188939194992562,0.124071592956363,0.123848908420589,0.0267234500225479
504,3.3323387192163,-1075.1841878935,-1076.85035725311,0.37196520608468,0.137214631767844,0.0227474227828384,0.174338105552446,0.293734633812191,0.0165563161557707,0.0885087637091006,0.0729168256374663,0.0186066189691865,0.37465274023273,0.138535668323351,0,0.190841886816271,0.295969704627648,0.0324000904662135,0.0869695147405984,0.0785399787162733,0.0185915750099847
505,0,-1093.70250206514,-1093.70250194578,0.385359543925521,0.185531016360443,1.61244277982177e-13,0.138366131681218,0.290743308032657,0.0244130813173402,0.114952998959948,0.100872527621095,0.0168761016511373,0.38535953983445,0.18553101592128,0,0.138366129866829,0.290743314377441,0.0244130816737428,0.114952997944365,0.100872521487667,0.0168761023560282
506,5.25380443541326,-1116.92429321651,-1119.55119543422,0.455899554424778,0.0801920266134562,0.038172734000042,0.22542139228641,0.200314292675313,0.195167738003103,0.115965902745665,0.221147018746032,0.0443786611329862,0.466547214574625,0.0806392380010941,0,0.256454353256381,0.1963591941679,0.23395310089443,0.126629606572553,0.227135100287444,0.0444793544563496
507,0,-1160.52855653886,-1160.5285565133,0.394582986644646,0.0911640511568314,1.95038023250247e-09,0.226979033434419,0.287273926813723,0.0723519675511335,0.155812267306386,0.122496759037932,0.0415534900243373,0.394583516668722,0.0911639246682992,0,0.226978917895119,0.28727364076786,0.0723514464844219,0.155811965913399,0.122496989934974,0.0415534387484666
508,0,-1118.06408067551,-1118.06408067044,0.417777970567249,0.120757608673122,2.35528478931944e-11,0.165314797766794,0.296149622969283,0.0390142638261523,0.1277710852675,0.101121807747684,0.0281083472249601,0.417778279939835,0.120756835424797,0,0.165315879034873,0.296149005600495,0.039015039215008,0.127771135394338,0.10112055676612,0.0281084897378297
509,2.21974914893508e-07,-1072.50053427854,-1072.50053438953,0.464648001422347,0.0938872185014984,6.95247905214035e-13,0.199948152438924,0.241516627636536,0.0878863440838378,0.123214559715898,0.0941139855714499,0.0302038534766866,0.464647997134979,0.0938872193380936,0,0.199948087373728,0.2415166961532,0.0878864134071902,0.123214418563654,0.0941139901582502,0.0302038584571063
510,0,-1062.90853097191,-1062.90853093006,0.310493557644693,0.186629818168373,3.55476852985405e-10,0.230453443152535,0.272423180678922,0.0798019095295995,0.118669601078306,0.0696745904901455,0.0216195743627739,0.310493544582092,0.186629824596355,0,0.230453445407119,0.272423185414434,0.0798019218145351,0.118669597967123,0.0696746029825122,0.0216195710707551
511,0.109796530370659,-1153.00194611374,-1153.05684437893,0.466013351085513,0.0885267499517956,0.00525509615540858,0.166193637909176,0.274011164898107,0.272757935975001,0.174217601278761,0.12370502183518,0.0279565859704622,0.467115828315509,0.0884502021514609,0,0.170125485701527,0.274308483831502,0.273443082249406,0.174421785273641,0.125401207223052,0.0279506086161757
512,4.53017638958363,-1164.97359895973,-1167.23868715452,0.417411487178555,0.153814663631406,0.0330904251460766,0.113810803337287,0.281872620706675,0.279847322747382,0.17196705430089,0.0786968400561612,0.0544420358156624,0.427444789915877,0.153580048791902,0,0.136812405055762,0.282162756236458,0.298487895089682,0.17091597527201,0.0942526645589674,0.0542728753026045
513,2.12013061569405,-1105.39324720673,-1106.45331251458,0.449345038902738,0.126875933216504,0.0313590900728479,0.190194914798596,0.202225023009314,0.0287846123545781,0.163809672322849,0.135871793285991,0.0428654139782808,0.444527230694356,0.134281784259779,0,0.223590606147731,0.197600378898134,0.128931062784095,0.164976444716235,0.142576770301054,0.0429997223351145
514,0.300927525396219,-1119.61718787159,-1119.76765163429,0.374827380890004,0.125079054672997,0.00708914988047485,0.219796485881069,0.273207928675454,0.00169470296936672,0.182883055425879,0.100593162795431,0.0213282821498058,0.377363672036425,0.124711889884041,0,0.223669316138969,0.274255121940565,0.00180004250574468,0.182517933747655,0.102605028759552,0.021328447864192
515,1.86396332537697e-05,-1174.53854488952,-1174.53855420933,0.362838703513892,0.16483769846649,9.58124488987431e-09,0.171865201099331,0.300458387339042,0.199244791112937,0.172227795028659,0.151472001885157,0.0318780697600286,0.362837290408502,0.16483909144337,0,0.171866924116266,0.300456694031861,0.199270891523098,0.172228038390633,0.151471571850118,0.0318781300297551
516,0,-1093.34378658631,-1093.34378653123,0.459386814966913,0.166494317292843,1.56023348755139e-09,0.105501446602463,0.268617419577548,0.116316067709173,0.154906094796544,0.0660654186069726,0.0246882916492148,0.459386760327352,0.166494361240195,0,0.105501626169828,0.268617252262624,0.116316191244991,0.154906048474775,0.066065439964079,0.0246882859173247
517,0,-1168.60386291671,-1168.60386287401,0.434687217773526,0.131151842976287,3.07849387722723e-10,0.155019128023962,0.279141810918375,0.169896189177464,0.176223864917467,0.09876026305677,0.0525391368274419,0.434687277820002,0.13115183680963,0,0.155019043085954,0.279141842284413,0.16989607897174,0.176223825046045,0.0987602267723793,0.0525391239213425
518,1.34828462830501,-1140.21533161797,-1140.88947393212,0.4315583091813,0.133252462383018,0.0207346699447784,0.147695498372154,0.266759060118749,0.0686068030957267,0.153602086432738,0.188167063672606,0.024020276149983,0.434092405376829,0.133656744223025,0,0.160126896869497,0.27212395353065,0.092687208883061,0.150173025967961,0.186418815313124,0.0238869691371269
519,0,-1154.74184149114,-1154.74184145967,0.437227873995041,0.0936852235417953,2.47733050443911e-10,0.191416813067621,0.27767008914781,0.202821810569881,0.160663967698985,0.127586639812836,0.0249809311525246,0.437227881009363,0.0936852181105605,0,0.191416807418047,0.277670093462029,0.202821802856917,0.160663969685368,0.127586639734641,0.0249809278942537
520,1.43008471656822,-1124.97976895245,-1125.69481131074,0.453713129601681,0.15184774407765,0.0214456039226527,0.0924769238282882,0.280516598569728,0,0.136749927195274,0.106502773957096,0.0319228926585212,0.454017018065215,0.152011338405223,0,0.113531593892714,0.280440049636848,0.0475295386625651,0.135387930712679,0.109065299156321,0.0319237660692999
521,0,-1065.82440191723,-1065.82440188565,0.496320170524867,0.11694782102893,3.57746098303819e-08,0.184450516960564,0.20228145571103,0.0883744269161991,0.14557356849778,0.115531570293995,0.028443684213602,0.496320188280528,0.116947825212693,0,0.184450523559209,0.20228146294757,0.0883744269161991,0.14557356849778,0.115531570293995,0.028443684213602
522,0.000111604176709079,-1123.76051648326,-1123.76057228535,0.424125108920091,0.119409070878638,7.16750316431291e-05,0.203734521540395,0.252659623629232,0.145875357876442,0.166729069469221,0.113009132348918,0.0254504886279838,0.424134294811845,0.119416453913736,0,0.203790518800068,0.252658732474351,0.146009091049251,0.166736957324569,0.113008642873857,0.0254504907104053
523,0.288901192139292,-1170.93598099982,-1171.08043159589,0.423008903061736,0.113058736150552,0.00947451273793522,0.151124967624738,0.303332880425039,0.136081177531458,0.163128415739541,0.128298842759441,0.0415697548718436,0.425371431984936,0.113209700706785,0,0.156896668939779,0.304522198368499,0.14448357566839,0.162954833919029,0.129701366053052,0.0415109671353613
524,0.797524573082228,-1109.16853078467,-1109.56729307122,0.464047763345255,0.118601428690808,0.00886312232017112,0.125780730385441,0.282706955258325,0.105320376606081,0.105726099477789,0.0739422851620206,0.030527371820859,0.466580067583436,0.118696053529362,0,0.133795195571209,0.280928683315993,0.105479282999883,0.107030137804531,0.0811215866170964,0.0305387984210095
525,1.74492860991586,-1113.97143008478,-1114.84389438974,0.424423026860445,0.126084519298896,0.015766182893414,0.184884240267387,0.248842030679858,0.13935491193194,0.159299407756496,0.0809879290210036,0.0421723618513115,0.432018913319211,0.125249616507805,0,0.192968466605655,0.24976300356733,0.143884513895826,0.164360745476727,0.0856442124989306,0.0421728594311421
526,0,-1092.33906473335,-1092.33906468586,0.430068567082507,0.136708857299543,1.95121211338861e-10,0.173691061728197,0.259531513694632,0.113334407580506,0.109280258655069,0.0986003764442213,0.0338351371322263,0.430068567029142,0.136708857182147,0,0.173691062140293,0.259531513648418,0.113334408684033,0.109280258840763,0.0986003761350641,0.0338351370241124
527,0.485272136884305,-1122.24261397551,-1122.48525004395,0.414737303653143,0.123997806443377,0.00583657066622849,0.182568530176437,0.272859789060815,0.200179482659217,0.138823489821753,0.0955446174174462,0.0178392843939162,0.417219614164065,0.123639704211126,0,0.18532966759174,0.273811014033069,0.197702530696891,0.142492635372144,0.0953797573858015,0.0178327635389682
528,0,-1184.17219599689,-1184.17219599003,0.330688623816869,0.162061823725939,2.17254437546705e-10,0.155956293446647,0.351293258793291,0.085721414474788,0.184583282363757,0.127599702505506,0.0229657642934088,0.330689099844093,0.162061562484529,0,0.155956075886887,0.351293261784491,0.0857201773569845,0.184583227862599,0.127599718773813,0.0229657674958163
529,0,-1134.71708348228,-1134.71708345824,0.479987344054131,0.119574800370596,4.02394138345355e-10,0.140851137175653,0.259586717997226,0.124139740673355,0.156943726069978,0.166592443325925,0.0265816669794837,0.479987353666794,0.119574793162889,0,0.140851128193013,0.259586724977304,0.12413969262925,0.15694372241073,0.166592492166449,0.0265816616684311
530,0,-1146.8446717808,-1146.84467173429,0.367506793265469,0.178467142313916,1.5810518189402e-11,0.173516909900229,0.280509154504575,0.0975530096579953,0.14857480244066,0.118501685252871,0.036597193274799,0.367506771338458,0.178467113965961,0,0.173516938442585,0.280509176252996,0.0975528950219792,0.148574780630893,0.11850170531525,0.0365971936294613
531,2.09814683502373,-1037.94239732376,-1038.99147074127,0.426709184942919,0.200351867870903,0.0202940958854667,0.16094796398485,0.191696887315861,0.148152009976793,0.142281932962014,0.132146781545283,0.0089125141881354,0.438077291565418,0.200326712696365,0,0.1711703455367,0.190425650201517,0.157285067238782,0.142578815915162,0.14236562767571,0.0089070212144546
532,0.000208796272545442,-1130.77002152262,-1130.77012592076,0.410087187147372,0.171218133012909,7.15741026592475e-05,0.162236669261744,0.256386436475316,0.172921926677655,0.159776567313105,0.117845090521802,0.0409220154993108,0.410110783641507,0.171213630957352,0,0.162294453148224,0.256381132252917,0.17290576153609,0.159785049823963,0.117876806762648,0.0409225290746148
533,6.69656401441898e-08,-1138.891630904,-1138.89163093748,0.426670867678398,0.113354686957006,3.4892870661855e-10,0.159949115466291,0.300025329549375,0.0874724136675185,0.186770874579633,0.0748034636218682,0.0163996363700711,0.426670845674302,0.113354675762079,0,0.159949101375904,0.300025377187715,0.0874723916009785,0.186770846037259,0.0748034390188596,0.0163996399636136
534,0,-1110.86960176936,-1110.86960168482,0.516752800381222,0.0794237793215812,6.80234478577622e-09,0.186521026958949,0.217302386535903,0.0922292003531572,0.182557501246421,0.184042694748327,0.0140388089230342,0.516752602530146,0.0794237816281778,0,0.186521225778824,0.217302390062852,0.0922293343411662,0.182557590505499,0.184042828526017,0.0140388057219875
535,0,-1140.64262365277,-1140.64262358474,0.349105741083636,0.171835690082578,2.52016691702694e-10,0.18187473091379,0.29718383766798,0.148787970075235,0.187665965945223,0.0823486524358391,0.0226691082440242,0.349105747287426,0.1718357764962,0,0.181874623577487,0.297183852638887,0.148787958793484,0.187665897657036,0.0823486732382633,0.0226691130129749
536,3.75534404348355,-1095.94551219741,-1097.82318421915,0.503299759035877,0.11733535802875,0.0252683827718088,0.128832778757237,0.225263721406327,0.0113219957040158,0.186145051397997,0.124495864252955,0.0350311486072135,0.516572564992992,0.118074552550292,0,0.14111534576274,0.224237536693976,0.0254409083593355,0.194556606220087,0.12979632668332,0.0350629667597718
537,1.31865197492652,-1070.21100663038,-1070.87033261784,0.494655726214633,0.0961973558367978,0.0202213654056387,0.176715332017298,0.212210220525632,0.158146790333239,0.146085382973538,0.0976735993585436,0.0181117735024672,0.503706198763019,0.0954999276395832,0,0.190026196287073,0.210767677310326,0.158154701899552,0.145895096544507,0.11127653016681,0.0179735855942841
538,0.0681959782559716,-1157.83445122218,-1157.8685492113,0.471965060342799,0.0890024708421128,0.00328560067307675,0.133869471299319,0.301877396842693,0.0550351945729237,0.130332912003128,0.123666848314315,0.0433052820335298,0.473102881616824,0.0888670305561053,0,0.135681574052438,0.302348513774633,0.0559858948569152,0.130176915027127,0.124676824329584,0.0433060362986494
539,0.383392989462209,-1086.49642958238,-1086.68812607711,0.522922052753939,0.120988411516946,0.0120676365173619,0.107967453481278,0.236054445730475,0.0329412076436365,0.173273323964553,0.116852063069611,0.0197013612331102,0.52413244282731,0.121885675414607,0,0.116544982656751,0.237436899101332,0.0445307061661458,0.172562961930163,0.119332557618443,0.0196913352665293
540,7.56690042180708e-07,-1100.92831508036,-1100.92831545871,0.447704586175923,0.168006292997714,5.0407241562337e-08,0.164782148365678,0.219506922053443,0.165840446872434,0.170065325816272,0.138675565275757,0.0318072018552198,0.447704608743478,0.168006301466449,0,0.164782156671892,0.219506933118182,0.165840446872434,0.170065325816272,0.138675565275757,0.0318072018552198
541,4.23812377773902,-1060.97656079905,-1063.09562268792,0.458067495678825,0.154609795176608,0.0211940136410746,0.126133626470729,0.239995069032763,0.187972204237756,0.114492209780543,0.0770505142331818,0.00587443256306916,0.466096514902611,0.155911843384555,0,0.13586784538105,0.242123796331783,0.218270902444846,0.125660592114452,0.0755373611873173,0.0058819199658803
542,0,-1038.25893367051,-1038.25893364427,0.495184939937272,0.13778138728562,4.16931061936466e-10,0.173405296879181,0.193628375480995,0.129861413413673,0.14621407592463,0.129192146728953,0.0180125807128488,0.495184941001044,0.137781386961446,0,0.173405296883639,0.193628375153871,0.129861412744586,0.146214075901653,0.129192147812858,0.018012580583921
543,0,-1164.11166266939,-1164.11166262591,0.37668927514507,0.133475258990588,6.26899631877392e-10,0.19369755630481,0.296137908932633,0.0979209038971953,0.162322774198164,0.107582796399273,0.0411131332441818,0.376689251097208,0.133475277802825,0,0.193697559554702,0.296137911545264,0.0979208990397681,0.162322779996349,0.107582796676167,0.0411131352707744
544,1.07448158814805e-07,-1190.29200151302,-1190.29200156674,0.328861683164874,0.149859572335774,2.45320181440881e-10,0.208607085993401,0.312671658260632,0.172865154100232,0.207553983470705,0.126709163334293,0.03173449913094,0.328862095529356,0.149859298552627,0,0.208607261803608,0.312671344114409,0.172865105143974,0.207554504246068,0.126709118014283,0.0317344279811638
545,0.580860588916948,-1079.94890966045,-1080.23933995491,0.478510475517414,0.114264842167257,0.0137570105590521,0.149076238688895,0.244391433067382,0.0593618858316983,0.17349611437816,0.0682387186643384,0.0244248577084301,0.477381961610277,0.116432025069522,0,0.161750455143963,0.244435558176238,0.0931686804939927,0.17347882393003,0.0701918251486763,0.0244356056096875
546,0.40127921861631,-1054.83631760409,-1055.0369572134,0.433189908218531,0.161772718893009,0.0102243857626472,0.194358910635947,0.200454076489865,0.116510112645778,0.13974957047359,0.112392817312753,0.0250512369827907,0.436286991744231,0.161726607810501,0,0.201497615126093,0.200488785319175,0.121345957053574,0.139753490999197,0.115871478313281,0.0250647318409199
547,0.0279281242324032,-1073.93153330674,-1073.94549736885,0.432368144135345,0.185028443220799,0.00211091054842324,0.145741042712994,0.234751459382439,0.0935146008073262,0.149755302291987,0.0931699895239517,0.0261870264998737,0.432538385285184,0.184817555703709,0,0.147574587686808,0.235069471324299,0.0933395409986305,0.149240291447518,0.094482092310268,0.0261865899182802
548,4.19657009282673,-1111.2930777674,-1113.39136281382,0.427492496015038,0.133055554088178,0.0402349481080063,0.165832127259142,0.233384874529635,0.0785112749049434,0.179196742225032,0.146944166101587,0.0166897948067544,0.434317324022933,0.134332991778316,0,0.198198457711594,0.233151226487157,0.152516534172941,0.179195098970665,0.154279033101575,0.0167353119879345
549,0.606654898472698,-1099.57000976754,-1099.87333721678,0.454212204171962,0.165436139898121,0.00984457165169102,0.116773905116628,0.253733179161599,0.041659110556503,0.169046056524012,0.118271834456902,0.0275702099072146,0.457605925884152,0.167560143061407,0,0.122648802738781,0.252185128315661,0.0500629846751102,0.172030346145557,0.122834769151072,0.0276322942186738
550,0.570617055667753,-1178.11849622013,-1178.40380474796,0.34266298323654,0.142006158346391,0.009901268342127,0.202440942343319,0.302988647731622,0.172938865597309,0.14377513734586,0.0884565061529479,0.0649862734196077,0.345588241442259,0.141556026747307,0,0.209310769386119,0.303544962424316,0.172832414258726,0.143775873656096,0.0934324461294065,0.0649358272603135
551,0,-1085.80128797042,-1085.80128786275,0.45891532706079,0.170688928809329,1.34510736756715e-13,0.113280936664451,0.257114807465296,0.0838451939238381,0.150071014976897,0.107702928860049,0.0169482100163041,0.458915218955935,0.170688912202435,0,0.113281073022025,0.257114795819606,0.0838448924591638,0.150071099710469,0.10770296645085,0.0169482614487251
552,0.888825560741225,-1104.00762155057,-1104.45203433094,0.359095692145345,0.151045064528619,0.00797008390200649,0.176884845223375,0.305004314200654,0.122145084401729,0.109950460446626,0.0712395115299893,0.0328825693082158,0.36149617009395,0.150558565509784,0,0.18027011468167,0.307675149714596,0.119627551645177,0.112179509543722,0.0710872991010857,0.0328158936210162
553,0,-1068.35553014749,-1068.3555301083,0.477409114738121,0.144746540137782,6.83114275620122e-10,0.197213826452918,0.180630517988064,0.0339580301694357,0.146254602271263,0.155469652158879,0.0379988263632044,0.477409114248337,0.144746539732251,0,0.197213826954859,0.180630519064554,0.0339580327300942,0.146254603161904,0.155469654045089,0.0379988262147431
554,0.648983155607766,-1122.05614565184,-1122.38063722964,0.391606541733607,0.123440376146378,0.0156030178292251,0.191890715762198,0.277459348528592,0.0808400657838325,0.201940292381908,0.078355426190459,0.0140412158135627,0.390276296385054,0.126108045006583,0,0.205993091790806,0.277622566817557,0.122566983806534,0.201925893753895,0.0795887124043054,0.0140416786372038
555,0,-1092.06435149145,-1092.06435147997,0.394645487710014,0.122586879989774,4.2313069743286e-12,0.210688754738455,0.272078877557526,0.0419397724936593,0.133471065216251,0.0865863406694739,0.0279995079602776,0.394646616700937,0.122586003063721,0,0.210688879625045,0.272078500610297,0.041939477838582,0.133472941930516,0.0865852259599238,0.0279996713732248
556,0,-1106.31697583449,-1106.31697393026,0.458374351483938,0.139442498936545,1.10037498635884e-08,0.191860057548284,0.210323081027484,0.148362470688595,0.158423101544714,0.1479307804216,0.0333876288775254,0.458374281062232,0.139442803026552,0,0.191860060697347,0.210322855213868,0.148363031652967,0.158422937632656,0.147930903463425,0.0333878303067826
557,1.79571554073118,-1058.98440684257,-1059.88226461293,0.440264504297338,0.146449710490126,0.0194102472442473,0.185286879866014,0.208588658102275,0.123874759715344,0.215089081919211,0.0752098346503277,0.0124123175668124,0.448278373859418,0.144348297002029,0,0.199240815473475,0.208132513665078,0.12284840144315,0.215158978733991,0.0843013357097691,0.0124174200269291
558,1.61391794629526,-1091.69431134644,-1092.50127031959,0.50187126127654,0.115252566208109,0.0206832213550094,0.115189788136303,0.247003163024038,0.0664931244404316,0.148920229269752,0.0983026103786407,0.0386459329397953,0.505815132944626,0.117321479485993,0,0.131752069418438,0.245111318150942,0.0935713905801534,0.149686350429868,0.104507350077232,0.0386465619880013
559,0.0812395410671343,-1097.83293559527,-1097.87355536581,0.462647360539953,0.0946278404744589,0.00399794743490412,0.179089529588594,0.25963732196209,0.0309131152280879,0.206427558863196,0.0734302602412426,0.00888158241089406,0.463570083138849,0.0948351244745477,0,0.181258146138709,0.260336646247894,0.0354006777498733,0.206367271211244,0.0729534982081707,0.00887660433444196
560,0,-1149.12433614586,-1149.12433614009,0.455815653941454,0.121469768803186,5.77822224610731e-15,0.121849585471145,0.30086499178421,0.165957456402841,0.172126654593027,0.0911977953017027,0.0241954395750285,0.455815436840562,0.121469692546493,0,0.121849929055066,0.30086494155788,0.165957390045494,0.172126807193307,0.091197630286241,0.02419544919786
561,2.27885266212979e-07,-1144.11979710656,-1144.11979722051,0.444674524274381,0.105482109508366,2.31330564943411e-10,0.199025857360301,0.250817508625622,0.135363582943559,0.175062273460059,0.135521465299139,0.0483976498472945,0.44467432975664,0.105482179616279,0,0.199025898370949,0.250817592256132,0.135363694888266,0.175062229987607,0.135521547003846,0.0483976463647052
562,0,-1137.86147422279,-1137.8614742153,0.508290253442679,0.11373622389247,2.58083396257008e-09,0.120789660828319,0.257183859255698,0.0848748892535291,0.15112063797295,0.119371256595798,0.0537827739736647,0.508290261987819,0.113736242323831,0,0.120789657107883,0.257183838580467,0.0848749044923047,0.151120653450053,0.119371263425908,0.053782771116974
563,1.63694918188185,-1095.92544941682,-1096.74392400776,0.444539684264746,0.162306523638805,0.0218450820473548,0.160973411608243,0.210335298440851,0.166267912836781,0.173278168883826,0.120405642634234,0.0419571291658404,0.450881578825738,0.163529867421939,0,0.175716156367282,0.209872397385041,0.191924284414277,0.172440133293766,0.127893246131749,0.0419065625471811
564,0,-1178.23397448667,-1178.23397444513,0.344102286501566,0.11649090969036,2.76074071272123e-10,0.19531125820192,0.34409554533008,0.176374927220596,0.0947473629303325,0.088548055644359,0.0353643461585448,0.344102280706534,0.116490916255794,0,0.195311271130039,0.344095531907633,0.176375072474679,0.0947473642764541,0.0885480532733477,0.0353643476706696
565,0.0717396238765104,-1128.93936779876,-1128.9752376107,0.422394507155839,0.148809423241622,0.00356169899706243,0.172483428229928,0.252750942375548,0.0703510118936778,0.186279293541839,0.133132735660461,0.0143971331698871,0.42378082350331,0.148553673926483,0,0.175263766399112,0.252401736171095,0.0701430757788899,0.186724174626299,0.134759595914048,0.014396571330022
566,1.92322441878514,-1104.9271515475,-1105.88876375689,0.441839584880514,0.123282590217125,0.0244016088924856,0.136638266851691,0.273837949158184,0.0375905258361749,0.173058463047783,0.0820374085011512,0.0222478191077006,0.44697745007538,0.122426239386797,0,0.151935478996992,0.278660831540832,0.0372816461947225,0.16774789998947,0.0889053527829474,0.0222341184169553
567,2.99569501294172e-06,-1034.36124045208,-1034.36124194993,0.51423384088506,0.123388459135825,3.82984659452779e-10,0.162009802302072,0.200367897294058,0.0309138682675006,0.179021975719351,0.124082984057157,0.0123785627020291,0.514233324733534,0.123388648805352,0,0.162009708995583,0.200368317465532,0.030912829103243,0.179022949613049,0.124083009512896,0.0123784975607328
568,0,-1097.80070997079,-1097.80070993383,0.512071050332759,0.0985525749289449,1.9502191982547e-10,0.167424039555208,0.221952334988066,0.07667861865814,0.163830457183279,0.112748541895233,0.0469582477870392,0.512071096593411,0.0985525495099026,0,0.167424019677317,0.22195233421937,0.0766786689117861,0.163830497786348,0.112748554762228,0.0469582537895807
569,1.68669080228119,-1151.49085854059,-1152.33420394173,0.400921667948758,0.134157890244402,0.0170981106463151,0.194733538666072,0.253088792494452,0.153867342846302,0.218378827849181,0.0883689404770839,0.0452600702001871,0.408913371833603,0.133049188072994,0,0.202750152820748,0.255287287272654,0.155475288412433,0.217117769877529,0.0948169024304876,0.0451617269209189
570,0.0211168575410738,-1065.83048320588,-1065.84104163465,0.412885276643518,0.119664407223546,0.00165555048593284,0.182273086482193,0.28352167916481,0.17678703758207,0.11138165200679,0.0449656622638527,0.0129691290583429,0.412938087003487,0.119628364489013,0,0.182986931431452,0.284446617076048,0.176754205751825,0.111252924764158,0.0444494323452157,0.0129649390293561
571,9.92167770164087e-08,-1052.0191542482,-1052.01915429781,0.424682529267316,0.158850558618441,6.34738274858276e-10,0.208510543504854,0.207956367974651,0.16905566885127,0.113379957496248,0.108949406855718,0.0231385670487041,0.424682313815453,0.158850747811195,0,0.208510540703948,0.207956397669403,0.169056211148123,0.113380019515271,0.108949427209463,0.0231385688097654
572,0.016140359441124,-1085.76957843386,-1085.77764861358,0.47497666484647,0.156389852663851,0.00229800993252498,0.143229207353379,0.223106265203775,0.168727693726198,0.147775320520581,0.132069659755448,0.0226132325743658,0.475432284015378,0.156456085138368,0,0.145238498807135,0.22287313203912,0.169296183442749,0.14782045965123,0.133579961322785,0.0226145363825205
573,0,-1144.71209421891,-1144.71209418213,0.396259402435278,0.108331622118638,6.45997504920690e-10,0.20348392235953,0.291925052440556,0.0792865534143036,0.179117523364067,0.129893582247104,0.0243526632481328,0.39625941328424,0.108331623184241,0,0.203483914938507,0.291925048593012,0.0792865425720551,0.179117523313649,0.129893592418606,0.024352660502638
574,0,-1073.41511969413,-1073.41511965199,0.39127534458738,0.156531108705219,1.7377542268324e-10,0.221040664387148,0.231152882146477,0.144133934517263,0.137877364876516,0.102628752939755,0.0358761421674574,0.391275347083657,0.156531154821029,0,0.22104061459458,0.231152883500735,0.144133966490278,0.137877451755965,0.102628630406547,0.0358761370505039
575,0.907076785099434,-1132.1173398269,-1132.57087821945,0.453754612976743,0.113868764011896,0.0129323593511578,0.20187627499648,0.217567988663724,0.166178774530173,0.185459315362571,0.151875073302423,0.0325246243964172,0.459783949580614,0.112541823999643,0,0.206630767038097,0.221043459381646,0.160391010495368,0.190917780702658,0.149025014450486,0.0324793060989572
576,1.52477408276536,-1053.34486904652,-1054.1072560879,0.485215630379507,0.129985188614066,0.0185122279697119,0.116580220802572,0.249706732234143,0.0447736807778529,0.135248213862273,0.0640181001511167,0.0290154824200428,0.49148175178546,0.130031799455488,0,0.12831372332331,0.250172725435742,0.0509360499683027,0.13704783572395,0.0683757820782169,0.0290157484737267
577,0.572750507759793,-1055.45308362791,-1055.73945888179,0.408012490116774,0.190533803920195,0.00912337682404476,0.178325812441012,0.214004516697974,0.0513909233580766,0.186089926114058,0.083160067547182,0.0137867912653518,0.411103517417418,0.190138717127439,0,0.184766018234708,0.213991747220435,0.0531233650540959,0.186260057333255,0.0860014365612872,0.013788114296998
578,0,-1106.38082716872,-1106.3808271423,0.426210481930348,0.143366114926575,2.56547019956968e-09,0.169275162248977,0.261148238328629,0.0690875756610525,0.154458995221279,0.155753235527281,0.00876483434446942,0.426210466783994,0.143366106241291,0,0.169275151471627,0.261148275503088,0.0690875569874752,0.154458957061216,0.155753216043052,0.0087648293380085
579,0.372047610269874,-1233.75851437827,-1233.9445381834,0.358543171311488,0.155442821519241,0.00917900932086229,0.158565186979986,0.318269810868422,0.119837648258755,0.245242664813319,0.134217523116013,0.0388268145810682,0.360897500538019,0.155914653719818,0,0.164547636121218,0.318640209620945,0.127844706451137,0.244994779835992,0.137669288543596,0.0388379973889932
580,4.90794193252668,-1164.30933089427,-1166.76330186053,0.395580386500068,0.0595750426990552,0.042477591398599,0.203460050495291,0.298906928906987,0.0883813692997493,0.205400671302004,0.103164058515065,0.0233902647221349,0.403345416554275,0.0606364058573463,0,0.237357194157055,0.298660983431324,0.109176197320023,0.205594197023504,0.124215899983115,0.0234169308288433
581,0,-1100.07025188072,-1100.07025174139,0.480176734661341,0.134727812963644,6.60838083585698e-21,0.145311273400428,0.239784178974587,0.081177046962514,0.155978694845181,0.132587885448611,0.0234376977354399,0.480176747721305,0.134727817572565,0,0.145311260045971,0.239784174660159,0.0811770333193821,0.155978692095505,0.132587891244475,0.0234376959629816
582,1.03182335637121,-1107.74085534572,-1108.2567670239,0.485748458921054,0.117661639035245,0.0157940500720244,0.125470122336022,0.255325729635655,0.146491955964281,0.144980770529164,0.0652367539019502,0.0458834403054804,0.491994380319678,0.117655421236797,0,0.137623895787505,0.252726302656021,0.158155378709063,0.144975883027338,0.0769053622500405,0.0459094114577119
583,8.56884980748873e-08,-1085.86396550961,-1085.86396555245,0.417331042367455,0.178222408438178,6.99779539777314e-13,0.183661831911203,0.220784717282464,0.191107940891506,0.121564430792839,0.0962270021999692,0.0449077577267383,0.417331146523546,0.178222282604375,0,0.183661764847875,0.220784806024204,0.191107884320131,0.121564435557747,0.0962268721514371,0.0449077687994085
584,3.27750556476713,-1046.23255382283,-1047.87130660522,0.493932554709606,0.13993867181732,0.0156224534586571,0.185198746717527,0.16530757329689,0.0981293707029181,0.125051804972294,0.147439961717562,0.0352661103702682,0.494757908570717,0.139923857794972,0,0.194561025765135,0.170757207869176,0.0990432132378334,0.125322100347507,0.150213490619807,0.0351219867202181
585,0.213999578741095,-1154.8799538043,-1154.98695359367,0.465248000298,0.114802549414184,0.00674236967195619,0.135112832619695,0.278094247996164,0.231838662470459,0.153299753836148,0.130507451143582,0.0263998105000584,0.466320946559718,0.114649508362454,0,0.141237606711452,0.277791938366376,0.23527582745185,0.153440082135253,0.134418518795129,0.0264182460994764
586,3.5605698017298,-1099.8746112309,-1101.65489613176,0.432959666624873,0.110891191382646,0.0232452871136256,0.180293296343989,0.252610558534865,0.104326220891735,0.174629503942335,0.0859721847516723,0.013659586856613,0.441821039605107,0.110424982530042,0,0.196942335384432,0.250811642480418,0.102795711887253,0.17549959881343,0.102537047043423,0.013664718831618
587,3.63920641292088,-1100.73645930992,-1102.55606251638,0.530702751171171,0.0825699927696363,0.0280524176331483,0.134636444355448,0.224038394070596,0,0.171845129367814,0.163832844220616,0.0260754939626643,0.541878273053365,0.0816610424616305,0,0.150091394469561,0.226369290015444,0,0.171420643959437,0.169302630259075,0.0260666539060252
588,1.84854119973943,-1084.84962530504,-1085.77389590491,0.40311025286393,0.183572922111139,0.00985631768368721,0.205540064275012,0.197920443066231,0.19204262756101,0.178842623479578,0.0812131963321057,0.0385867142286852,0.405255960354347,0.182790684889909,0,0.209714287129263,0.202239067626481,0.189750970113095,0.183081762613265,0.0805464006111263,0.0384999048758038
589,0,-1153.04658221425,-1153.04658211669,0.380321550892253,0.140201200169571,4.07060082655827e-22,0.207962435083209,0.271514813854967,0.143196872419762,0.169456058648154,0.132054163295671,0.0206425841343979,0.380321547774087,0.140201194920715,0,0.207962427038506,0.271514830266692,0.143196782481496,0.169456047019039,0.132054186737506,0.0206425826341334
590,1.73355601873482e-07,-1132.64481548455,-1132.64481557123,0.448889120124616,0.114899028216443,1.85266090793062e-12,0.175171259880944,0.261040591776145,0.124182479322927,0.183980488221942,0.111656719069158,0.0324657546406545,0.448889317438032,0.114899079651786,0,0.175171068083592,0.26104053482659,0.124181651919332,0.183981799075146,0.111656648511746,0.0324661850328274
591,0.0357457193676964,-1102.89282915748,-1102.91070201716,0.440408795249127,0.140216103535003,0.00308492307974505,0.167026429389157,0.249263748746969,0.173366045827305,0.164081418338021,0.121187825423982,0.0213944400041275,0.441582421709386,0.139927188323314,0,0.169004840619171,0.249485549348129,0.171352520175613,0.164153828249683,0.122515353502489,0.0213943916622803
592,0,-1051.6520285066,-1051.6520284553,0.380196630791149,0.215560843377791,2.15061883642327e-10,0.183471135813376,0.220771389802622,0.116223241559398,0.194339891000998,0.0549187442942318,0.0390258133850479,0.380196452398695,0.21556092366164,0,0.18347112429218,0.220771499647485,0.116223201630065,0.194339915011858,0.0549187496265389,0.0390258252181942
593,0,-1092.11641567446,-1092.11641558618,0.46371907962536,0.105952074093008,9.07809364070639e-10,0.166030548802105,0.264298296571717,0.0424882814537763,0.141227806326943,0.0692576946112215,0.0327983881493094,0.463720686548464,0.105950832616591,0,0.166030540190243,0.264297940644701,0.0424887549907409,0.141228120136014,0.06925592675003,0.0327986788202463
594,4.32360322991508,-1158.49409966833,-1160.65590128328,0.406058896840109,0.164803075032258,0.0256402853017671,0.142635341019838,0.260862401806028,0.177396338513198,0.156776359973381,0.156049481426207,0.0402443259468766,0.420088660327083,0.1647709202692,0,0.155085614817235,0.260054804586483,0.192388402554082,0.167678397890913,0.161954435799655,0.0402719977565029
595,0,-1051.26207294268,-1051.26207285548,0.535221727088675,0.10504569768572,1.14512486260143e-09,0.180186567463441,0.17954600661704,0.282790336843645,0.140375468012464,0.0830860434894393,0.0350794007918316,0.535221577000204,0.105046146855142,0,0.180186290312885,0.179545985831769,0.282789567369025,0.140375347588912,0.0830867479872527,0.0350795380235345
596,0,-1078.57998664994,-1078.5799866073,0.419493671511312,0.127097596721668,7.95594096769349e-10,0.238061642743884,0.215347088227542,0.130600254615826,0.125492618325267,0.122258761307782,0.0485262802271726,0.419493671275767,0.127097598501594,0,0.238061644461506,0.215347085761133,0.130600249342064,0.125492624816041,0.122258758561403,0.0485262810748427
597,0.00956734697956563,-1153.83823928484,-1153.84302295833,0.317734008199161,0.18338035118276,1.89099671577131e-10,0.203222452973715,0.295663187455265,0.172298101967273,0.155922930782619,0.135698572621678,0.0206639255602116,0.317683524770259,0.183974166520817,0,0.202743876169464,0.29559843253946,0.172299951733781,0.15657738072614,0.135701031858507,0.0206627151729564
598,1.83389822527715,-1101.61779146823,-1102.53474058087,0.498630836754238,0.095230282939653,0.0192547126165816,0.138271896221305,0.248612271468222,0.0837718801386036,0.148906149083491,0.123484123241452,0.00523461641065459,0.503148356020827,0.0960160485788416,0,0.149601506121217,0.251234089279115,0.105366745397074,0.14641141505711,0.130255414080265,0.00523423304814553
599,3.17543724012376,-1089.13852699388,-1090.72624561394,0.477205137046656,0.103097120925917,0.0234295940668399,0.154524487057734,0.241743660902853,0,0.144538224468686,0.0818757915668333,0.0350879188060046,0.482971983022325,0.102134891951096,0,0.171167411677511,0.243725713349068,0.0140015667183289,0.144297955855239,0.0869348640727115,0.034989617554126
600,0,-1150.01222127053,-1150.0122212364,0.362554265501678,0.137558319055224,2.43901119586607e-10,0.194292954320329,0.305594460878868,0.116036765776575,0.140518887603643,0.124476719065237,0.029236897230549,0.362554264827533,0.137558316387037,0,0.194292956484472,0.305594462300957,0.116036766296905,0.14051888059999,0.124476720380113,0.029236896567584
601,0,-1139.15168361232,-1139.15168350227,0.398024528920808,0.147725811926121,3.49629524679214e-18,0.17220215021984,0.282047508933231,0.056265464582828,0.190233172905483,0.12255973835656,0.0200491780761307,0.39802453226032,0.147725784054359,0,0.172202175190879,0.282047508494442,0.0562654725907981,0.190233156607287,0.122559749652736,0.0200491737759943
602,0,-1115.34692883888,-1115.3469288067,0.428210637620382,0.104787559851556,7.43605657815079e-10,0.204926839559844,0.262074962224612,0.0508790119587734,0.1300465084429,0.125840400954893,0.0197395772398634,0.428210647091416,0.104787566251539,0,0.204926839671255,0.26207494698579,0.0508790700608082,0.13004655768858,0.125840408408316,0.0197395800476622
603,0,-1135.96725621797,-1135.96725617624,0.321477742495985,0.155694800195795,1.04982687327568e-09,0.208423118013552,0.314404338244841,0.152158063930963,0.132936993311209,0.0760007213131542,0.0360607189112964,0.321477744634981,0.155694797583602,0,0.208423123111715,0.314404334669701,0.152158072386661,0.13293699480583,0.0760007218642194,0.036060721091866
604,0.37537066969162,-1089.40670851975,-1089.59439385459,0.433925411324097,0.106568771822922,0.00764666631667894,0.21495210958909,0.236907040947213,0.0456916412554414,0.161512863342182,0.135606460105839,0.0210915878808299,0.437506908322869,0.106440236118276,0,0.21918911770777,0.236863737851086,0.04714656444876,0.161719557945004,0.139690508735788,0.0210644617788641
605,0,-1052.88995709465,-1052.88995708099,0.561233072182342,0.0974101558707391,7.09786556857046e-11,0.121510246064302,0.219846525811638,0.103330496608429,0.124617310111756,0.106037803780761,0.031650843538083,0.561231427966327,0.0974102641440728,0,0.121511736475849,0.219846571413751,0.103330250116648,0.124616916017737,0.10603807929059,0.0316508037896752
606,0.28287165330994,-1075.0462576899,-1075.18769351656,0.444723976628463,0.187274163948791,0.0113572332199199,0.151650276389689,0.204994349813137,0.132292496792364,0.137641163325685,0.129648314743939,0.034982989004073,0.449076013690345,0.186300384405694,0,0.159883219440374,0.204740382463587,0.13031530280395,0.138551392740102,0.134506066440445,0.0349294876858916
607,7.44771568861324e-08,-1092.37941739872,-1092.37941743596,0.353656605735846,0.202781011675447,2.8258856665174e-10,0.210079150690178,0.233483231615941,0.0599806712997008,0.180963914430904,0.116451965810146,0.0140369875319528,0.353656593199358,0.202780693977661,0,0.210079543277956,0.233483169545025,0.0599802876680624,0.180963966424773,0.116451750150553,0.0140369709160257
608,0,-1024.17434103138,-1024.17434099577,0.437549291315741,0.0966058194399627,2.90489382149474e-10,0.231428118771014,0.234416770182793,0.169262251989162,0.0751696507819983,0.0612621585863206,0.0190712402605059,0.437549293548597,0.0966058091400316,0,0.231428126604777,0.234416770706594,0.169262253458217,0.0751696412247419,0.0612621695131178,0.0190712415374077
609,1.32663444674108e-08,-1121.11218749372,-1121.11218750035,0.42310754858878,0.138502438151565,5.5279894420943e-14,0.147690606867549,0.290699406392051,0.148373350528867,0.165173842748503,0.0922737713846616,0.0193511994000048,0.423107745196032,0.13850243331778,0,0.147690768747278,0.29069905273891,0.148373099338124,0.165173746836717,0.0922737299163217,0.0193511112838351
610,0,-1148.38402946988,-1148.38402942864,0.336899831455789,0.196430826840677,1.78270571882689e-09,0.192446578534439,0.27422276138639,0.128988329507814,0.155619508569943,0.15515395462629,0.0358791766496487,0.336899831826174,0.196430815101041,0,0.192446589099844,0.274222763972942,0.128988294167523,0.155619500810134,0.155153958494805,0.0358791782036067
611,2.24939973820483,-1147.62954573127,-1148.75424560038,0.399687676858386,0.152280162709342,0.0260153233947476,0.165957237498742,0.256059599538782,0.0268649676283906,0.199727436960347,0.154395471305638,0.0188108395260977,0.407250040163802,0.152301419912037,0,0.185538541153406,0.254909998770754,0.0664304194659222,0.201775389861665,0.158849116526998,0.0187950845532847
612,0,-1147.15999308472,-1147.1599930475,0.426243622246036,0.121691855973171,8.75185065791785e-11,0.182675455559573,0.269389066133701,0.136350792063711,0.149341975424984,0.128342036467498,0.0482649018637867,0.426243583923946,0.121691929425514,0,0.182675444302468,0.269389042348072,0.1363506845288,0.149342079706533,0.128342060021876,0.0482649026951417
613,0.507071296307458,-1126.39497027811,-1126.64850592627,0.428435614950726,0.119343719126837,0.0119563950570309,0.149433769732712,0.290830501132694,0.167810111059615,0.153187281472951,0.0857180234175495,0.00980487720553324,0.432875513303596,0.118848192324438,0,0.157328291551864,0.290948002820102,0.16771434716227,0.154790927688122,0.0917401724093896,0.00979225285246791
614,0,-1211.59456254694,-1211.59456250381,0.353691140838933,0.103829361061781,1.0214964579568e-09,0.178684220197245,0.363795276880545,0.144548764102982,0.17310447474808,0.126732455211989,0.00554333232697306,0.353691118799231,0.103829378077895,0,0.178684225586794,0.36379527753608,0.144548773256285,0.173104510690654,0.126732453271811,0.00554334219721035
615,7.70842234487645e-08,-1065.37570592742,-1065.37570596596,0.571552160627672,0.0960224371074241,2.8190822758445e-10,0.109327147508408,0.223098254474587,0.11598898304282,0.176935822432375,0.0867006441569442,0.0351105323625787,0.571552602809273,0.0960222387229631,0,0.10932704059942,0.223098117868344,0.115988715905107,0.176935880538528,0.0867004850563084,0.0351105344246268
616,0.0738880558196797,-1112.47229151119,-1112.5092355391,0.472445582853523,0.093043350527991,0.00523938286170779,0.189815505891303,0.239456177865476,0.106875361036754,0.16860809297891,0.103949177676289,0.0400567074468553,0.47347402817315,0.0930795416825246,0,0.194333369883305,0.23911306026102,0.108162970760423,0.168980346688313,0.106600681778883,0.0400724980223348
617,0.38100592428691,-1149.15617093746,-1149.3466738996,0.364675133830259,0.139602413136728,0.00889652530182185,0.195701610683241,0.291124317047949,0.129148757426549,0.161000002606334,0.106786088095367,0.0329070001932183,0.367856951673672,0.139079275939338,0,0.200972955464603,0.292090816922388,0.129451048348108,0.16122013436868,0.110437252818594,0.0329103635616677
618,0.760858657154586,-1117.25954543023,-1117.63997475881,0.375699921963077,0.202675654545566,0.0206437028114452,0.161632397638329,0.239348323041582,0.295278371534527,0.191865388246183,0.122752608166671,0.00923053717160987,0.379953348592104,0.201022187788257,0,0.1807891893976,0.238235274222039,0.299699736972289,0.191982157469182,0.131100136603012,0.00923229900345087
619,0,-1131.5640763274,-1131.56407629816,0.414452386958565,0.128488128440998,4.53360578762084e-10,0.22021390949877,0.236845574648306,0.136796054736053,0.156190438437845,0.172486905332561,0.026311054276141,0.414452374577672,0.128488127057713,0,0.220213922090252,0.236845576274362,0.136796044465626,0.15619043411501,0.172486917166531,0.0263110569725411
620,3.29327048041068,-1085.77747126971,-1087.42410650992,0.510492534518352,0.0904546674983015,0.0284153490821619,0.132262047688473,0.238375401212711,0.0793906006275421,0.179490320022079,0.0800446012596678,0.0257494046123233,0.525803006587901,0.0882308453887197,0,0.151042840648547,0.234923307374832,0.0664304561673209,0.179630487462886,0.0987857734804827,0.0257509202708549
621,1.99241003429051e-06,-1072.35548295066,-1072.35548394686,0.445323766856956,0.165696757730176,1.17304196425246e-11,0.176318020897321,0.212661454503817,0.112995558201063,0.173353659226256,0.109862810734181,0.024891520423822,0.445322584203325,0.165696979160978,0,0.176319228621222,0.212661208014476,0.112997683685797,0.173353838935591,0.109863105555536,0.024890784574971
622,2.60795672735776,-1118.2590379335,-1119.56301629718,0.400316326603242,0.146365237705228,0.0265368583418267,0.200772888237196,0.226008689112508,0.262643815474716,0.165119670931565,0.0992536921925961,0.0505588735075877,0.41089040797777,0.145332697482814,0,0.216159257910282,0.227617636629135,0.237770286893325,0.17206689332551,0.106157299347105,0.0504507198256111
623,0,-1047.80572977604,-1047.80572971039,0.409618944400958,0.15612552750122,3.31117262073169e-12,0.245088922728977,0.189166605365533,0.173075235634051,0.11977103669089,0.140650355116483,0.0282594454633251,0.409618949114474,0.156125545715442,0,0.245088881990811,0.189166623179272,0.17307521985395,0.119771031334547,0.140650344153446,0.0282594456223316
624,0.822964199816397,-1142.36550859502,-1142.77699069493,0.415203971114118,0.160188184776161,0.0115611627938317,0.123141272161644,0.289905409154245,0.0864581352131861,0.234918450594219,0.119218478971376,0.0174675677429985,0.42348346055655,0.158607539164315,0,0.128743755288276,0.289165244990859,0.0833075549991555,0.235389148925562,0.128667463901738,0.0175048185465085
625,3.60208583753592,-1138.37325851827,-1140.17430143703,0.412222010958062,0.0991900188558077,0.0226271068764463,0.179443062338347,0.286517800971337,0.09973697527808,0.13134683137082,0.142767304633627,0.0238558190004532,0.42975855023631,0.0971552508818167,0,0.1846453320171,0.288440866864773,0.0726831705960953,0.140099376219816,0.151114954691023,0.0238798142846162
626,0.876206284472573,-1184.61974418168,-1185.05784732392,0.399535309921715,0.149563722940114,0.0134130431628054,0.128234075852665,0.3092538481227,0.146858297264862,0.151686850880551,0.126285035478467,0.0461814532592286,0.405072215152044,0.151013020498623,0,0.137125904643785,0.306788859705549,0.162049915989256,0.155363232242298,0.132538793594137,0.0462219734786686
627,1.62940189737174,-1095.75849926898,-1096.57320021766,0.418170895628099,0.139618747065839,0.0179074740580199,0.171411173464034,0.252891709784008,0.0342644516367038,0.150738822817333,0.0844051468862961,0.0303088590367163,0.416756547876817,0.143710113490242,0,0.193318989410602,0.246214349222339,0.0855224318594183,0.152189865719547,0.0947873057962122,0.0304102973561601
628,0,-1166.46741490548,-1166.46741489202,0.406189092248482,0.159323607882349,3.88457760761492e-09,0.114255095285896,0.320232200698695,0.0705758083620807,0.112869966870827,0.13165982428564,0.0432923712863256,0.406189302377054,0.1593235993372,0,0.114254995702163,0.320232102583583,0.0705753630218492,0.112870487138764,0.131659314912819,0.0432923651757706
629,6.15330844136952,-1075.68416775957,-1078.76082198026,0.423605846481904,0.12443320125603,0.0334293565677364,0.186701735637467,0.231829860056863,0.0376081209065334,0.192690128512182,0.0995798650549154,0.0249141140508919,0.435579985259783,0.123607710370299,0,0.206710068002867,0.234102236367051,0.0427984295534111,0.202386997113528,0.109193748206041,0.0248883450910674
630,1.05509179079627,-1093.75734234493,-1094.28488824032,0.458869131360991,0.124047430906231,0.0087115496037199,0.206279534330657,0.202092353798401,0.209664861633486,0.154779424094028,0.116130453828467,0.0396642079706853,0.459991942297331,0.123464749870734,0,0.21046343353346,0.206079874298475,0.20744872908092,0.155399422178423,0.116368546877433,0.0395719190188997
631,3.80892994886335,-1110.90840773549,-1112.81287270992,0.4288352359225,0.113964565858765,0.0312395235209484,0.169360546595132,0.256600128102655,0.217246222713173,0.19536172561144,0.0738646413689108,0.0210705009937488,0.43199158795697,0.11572644064385,0,0.186545494560183,0.265736476838997,0.265698667869715,0.192914362251205,0.0699576587832567,0.0210524757160787
632,0.714280358231917,-1090.75969557736,-1091.11683575647,0.389437501273469,0.100913369761162,0.00914343244586972,0.262671047672574,0.237834648846925,0.0687378363913664,0.178065948774223,0.0947289684389887,0.0252682312021018,0.394045561478011,0.101206605703319,0,0.267570526730772,0.237177306087898,0.0729047629431661,0.177297846748449,0.101402655024152,0.0252724445590184
633,13.1345293445847,-1062.25633759491,-1068.8236022672,0.430535981963795,0.158784728664736,0.0473508922827224,0.149677052164605,0.213651344924141,0.0683417440887767,0.118187099358386,0.13614009261117,0.025604218417399,0.44528142701127,0.15839268621881,0,0.177126668652053,0.219199218117867,0.069860795688541,0.130008561947597,0.141843679219297,0.0255467546773009
634,0,-1097.52530073719,-1097.52529917543,0.489086408371181,0.119366919528699,3.65146178949354e-08,0.157184891049228,0.234361744536274,0.0110527209029912,0.162550232325516,0.12330029480472,0.0339519930553497,0.489086427799509,0.119366924053237,0,0.157184895484448,0.234361752662806,0.0110527402787442,0.162550219408347,0.123300310951181,0.0339516184574587
635,0,-1015.94866812583,-1015.94866806954,0.483710872530706,0.143523555744516,2.5955828569059e-10,0.181084109446097,0.191681462019123,0.179381847019032,0.106211966785638,0.11249194646124,0.00977081859533161,0.483710867555769,0.143523588255392,0,0.181084093933511,0.191681450255329,0.1793820852348,0.106211959124347,0.112491942036092,0.00977081948138666
636,5.16257023264188e-06,-1146.93232264516,-1146.93232522645,0.473816574535701,0.0750423571623742,4.87023441329979e-06,0.177115524540663,0.274020673526848,0.00358367487257143,0.168541537703231,0.131639156240115,0.0329416230209597,0.473819309988849,0.0750416488110458,0,0.177118179108129,0.274020862091976,0.00358259473935551,0.168541282042081,0.131639162328053,0.0329416664683333
637,3.53415312222796,-1046.29587630195,-1048.06295286306,0.428224545660806,0.150943016428924,0.0342247538807391,0.153529469764971,0.23307821426456,0.0354752054897052,0.10163250679294,0.119052576311274,0.0249388332923715,0.435079886117144,0.15321961831946,0,0.177601778477567,0.234098717085829,0.0476845764786931,0.102136655561476,0.131130398972593,0.0249677936476529
638,0,-1116.11246310551,-1116.11246307211,0.454328633365529,0.0856632507125306,1.33773932188446e-09,0.169886102386231,0.29012201219797,0.0813978406784776,0.164980378374128,0.0707247104865564,0.0176016631202489,0.454328167144178,0.0856635376057606,0,0.169886199549382,0.290122095700679,0.0813975277256122,0.164980924319633,0.0707246774959641,0.0176016536968343
639,1.06511724391885,-1087.1398802684,-1087.67243889036,0.437928764965617,0.132664213115332,0.00742549906502205,0.165685059755618,0.256296463098411,0.0891446735025088,0.141365263039666,0.114090879352683,0,0.443992888052817,0.132478328316177,0,0.16863530156757,0.254893482063435,0.0874857548117745,0.150295623239033,0.114142001915099,0
640,1.49997264482863,-1035.86502335515,-1036.61500967757,0.452588914025115,0.145775797234678,0.0199918038071986,0.177666636875049,0.20397684805796,0.136505902537651,0.117472621412108,0.115542395794129,0.0300372511383187,0.456781998197923,0.14607654794842,0,0.191413648457062,0.205727805396595,0.1464138962852,0.116351017729639,0.12471510507447,0.0300360244921448
641,0.582306289721146,-1050.7460019945,-1051.03715513936,0.522216177841292,0.118871226418618,0.00809683906548807,0.189119124670203,0.161696632004399,0.111035092676078,0.179257902368896,0.167668397522373,0.0214412192880322,0.527179592498487,0.118995697002645,0,0.194318681289866,0.159506029209002,0.114299040398455,0.186209463882361,0.167707715487853,0.0214529213039089
642,6.1329501477303e-08,-1086.71026856044,-1086.71026859111,0.530230181490565,0.117586125855639,1.20246926127088e-11,0.159029609263569,0.193154083378202,0.0272167072232612,0.188009626898707,0.0836829864194579,0.0443772165578193,0.53023020746326,0.117586015111586,0,0.159029676051446,0.193154101373709,0.0272165859570075,0.188009645400544,0.0836829847409081,0.0443772355884231
643,2.64539379940061,-1092.66391517162,-1093.98661207132,0.43312092761328,0.139872898280864,0.0168371715578548,0.15227314083071,0.257895861717291,0.126492285904495,0.15830355341221,0.137871808701539,0.00927718428693735,0.435471111610927,0.139537822611325,0,0.159646495830268,0.26534456994748,0.13194105257066,0.161938852921012,0.136670876936949,0.00923007634253458
644,7.38718918059112,-1133.9253577231,-1137.6189523134,0.405950310934355,0.132276255996689,0.0522833020833335,0.147231109966157,0.262259021019465,0.0384772538795515,0.148592459448517,0.14557941894789,0.0232756236241969,0.417826410181215,0.132798827183321,0,0.187852349799265,0.261522412836199,0.10765147008337,0.148648227027971,0.157660334024452,0.0233352851118594
645,0.46729971279774,-1050.73505008139,-1050.96869993778,0.398200024064068,0.14465665000264,0.00842075693846049,0.238417411194151,0.21030515780068,0.0836244376665602,0.195833793500738,0.0771457312587701,0.0218352391104395,0.4006808981504,0.144246665842339,0,0.243560808888608,0.211511627118654,0.0849897563853844,0.195356451135026,0.0800789476377709,0.0218209133075233
646,0.795174970958215,-1089.18792204689,-1089.58550953237,0.467978702111812,0.121798860479083,0.0199513446847415,0.176870014489568,0.213401078234794,0.166506198308292,0.169531074621375,0.121964331714569,0.0254308213068197,0.465093095212252,0.125060259428476,0,0.1970553088917,0.212791336467572,0.221828925844185,0.169253095977543,0.125538288966169,0.0254330183758947
647,6.3479977225752,-1141.6562639435,-1144.83026280479,0.355114563710275,0.1357099232476,0.0486591419563739,0.135605540766772,0.324910830318979,0.0484188248713785,0.135853210141759,0.109080320521148,0.00939832588081452,0.360628712543527,0.137310910210736,0,0.171778698722797,0.330281678522939,0.0899875522119433,0.136069321302105,0.110759519446399,0.00935373266718023
648,6.67341926714607,-1055.98635701076,-1059.32306664433,0.439167220307212,0.141782270845345,0.046590746407797,0.192647993614902,0.179811768824744,0.205002972427706,0.139595660937768,0.0903406705892172,0.0253071699732686,0.437328354978288,0.146688112053825,0,0.237580738659157,0.17840279430873,0.289767813166909,0.149872338640207,0.0962225366980374,0.0253477876831118
649,0.309291747829775,-1161.0674441964,-1161.22209007032,0.465208813956398,0.0939803731920393,0.00609752394953962,0.130458703146944,0.30425458575508,0.0554310505625594,0.168614528614793,0.1211759997947,0.0484287211781761,0.469877770041022,0.0940618815548931,0,0.132959584108239,0.303100764295845,0.056539520625596,0.168611163559585,0.128243419469427,0.0484351321279431
650,2.94378842123569,-1087.73711433828,-1089.20900854889,0.429673253730475,0.119688175923482,0.035231521745296,0.15300573080381,0.262401317796937,0,0.12781327313428,0.0986709222538272,0.0277504842961792,0.42614516818461,0.120534920065751,0,0.192406472505228,0.260913439244412,0.0526570669632953,0.128091698115918,0.10334107131255,0.0277581124202826
651,0,-1205.74190820767,-1205.74190818472,0.386005903138706,0.139753984465502,5.35712330865947e-09,0.148654619539695,0.325585487498974,0.143599060404288,0.170466144818898,0.148162182335312,0.0175398336996897,0.386005137683343,0.139754101616712,0,0.148654666149731,0.325586094550214,0.143598105874987,0.170465782404958,0.148161595658708,0.0175401179213943
652,1.45197443227971,-1087.15300826527,-1087.87899548141,0.454964152912416,0.127993351583958,0.0209835111435686,0.159653858801548,0.236405125558509,0.0853089600038176,0.146255136645876,0.137881244147777,0.0143209818892186,0.462043839408881,0.129229996228692,0,0.17384030862354,0.234885855738887,0.108774456952405,0.145784321358767,0.147661433916319,0.0143250308232633
653,5.49368251517853,-1081.81236854944,-1084.55920980703,0.443650134045207,0.147024677850949,0.02772690243243,0.15723783086837,0.224360454803043,0.274539286779608,0.123271668053898,0.109539099425696,0.0115810316373678,0.456100798169419,0.146120479203226,0,0.173731907200698,0.224046815426657,0.289210692153336,0.131202132892725,0.115074266767523,0.011452787708884
654,6.30934664513916e-08,-1128.20458299916,-1128.2045830307,0.333665743825334,0.184025664562981,4.68585742557056e-09,0.213983194326705,0.268325392599123,0.0904621051083988,0.210438929305569,0.0819230362661015,0.0348137235004918,0.333665622082361,0.184025720797839,0,0.213983287112753,0.268325370007047,0.0904620685996622,0.210438748139507,0.0819230410827338,0.0348137370672453
655,0.612250657355617,-1079.35593144151,-1079.66205677019,0.510560891265607,0.146698312879997,0.00923121416642701,0.106050178295473,0.227459403392496,0.0475069288178759,0.166050410812409,0.100130246572362,0.0300985022703773,0.516156008514483,0.145580398566375,0,0.111006070475231,0.227257522443911,0.0439972451177962,0.165715053236143,0.106266629145163,0.0301164411427251
656,8.20788098711955,-1015.68756713198,-1019.79150762554,0.480563281252742,0.147188314518642,0.039882735215629,0.142491007348361,0.189874661664626,0.076584841507528,0.141698633485187,0.0526563416855617,0.0152365827959613,0.492168367410131,0.148366922131378,0,0.169742028122295,0.189722682336195,0.122551682552548,0.149887241812695,0.0572534416300523,0.0151350100118863
657,0,-1061.18660687956,-1061.18660686911,0.422202852942359,0.140500446265618,3.44602087324215e-10,0.193161711605085,0.244134988842336,0.0855980425237059,0.137444561541928,0.085614993807215,0.0251689280963995,0.422202855141137,0.140500440355265,0,0.193161704884653,0.244134999618946,0.0855980455280497,0.137444554543878,0.0856149958431007,0.0251689267773676
658,0.604608813253435,-1137.20544563373,-1137.50775004036,0.4012718531205,0.155762661396541,0.00888323935423986,0.17166552249254,0.262416723636179,0.11218364976779,0.132532040966987,0.150037848810935,0.0465172628249903,0.403287352382726,0.156053761302088,0,0.17875035539068,0.261908530924506,0.114959045701612,0.13247294580732,0.155859394170777,0.0465262843057015
659,8.12140228845237e-05,-1167.41257018159,-1167.4126107886,0.359498842147138,0.140077918459268,1.34422876732772e-05,0.166801590803006,0.333608206302914,0.0411480475854787,0.153627193831243,0.0935461576950119,0.0214619770767601,0.359504312467841,0.140077906573194,0,0.16680951911634,0.333608261842624,0.0411576454664056,0.153627001051097,0.0935520729186491,0.0214619929380613
660,0,-1161.49750084379,-1161.49750081503,0.405617879285866,0.166843419233278,8.79990724408104e-11,0.152671475602635,0.274867225790222,0.115478914313257,0.141661966218972,0.170575052678438,0.0517126845382189,0.405617818217387,0.166843586127951,0,0.152671370993427,0.274867224661235,0.115479093826194,0.141661956448105,0.17057500534728,0.0517126714508184
661,0,-1115.06252772419,-1115.06252768568,0.41134571983962,0.149613738153155,2.04587343589805e-10,0.204750563581692,0.234289978220946,0.309859455570792,0.14061084368791,0.142577941056303,0.0183712379410705,0.411345700366712,0.149613806853225,0,0.204750445590991,0.234290047189072,0.309859288984478,0.140610919823268,0.142577967376485,0.0183712801300173
662,0.612935219424344,-1122.51851498304,-1122.82498259275,0.401379200964607,0.113723631606512,0.0126010569806509,0.159102052871368,0.313194057576862,0.0230515889741917,0.120544054821815,0.0840933611514745,0.0400765556329198,0.401763986619638,0.114816236911376,0,0.170560650644318,0.312859125824668,0.0321813419140788,0.118966134932108,0.0916947631391458,0.0400704571283566
663,0.799588894136832,-1137.34409841509,-1137.74389286216,0.437831743642697,0.150503541500757,0.0118084613155681,0.120180211781791,0.279676041759187,0.226516109189663,0.106873344956044,0.124004444369107,0.0169808708131122,0.44089671959825,0.150265548592345,0,0.128005809924919,0.280831921884486,0.229382556908698,0.105412301925014,0.128082971445883,0.016977351036441
664,0.750233506910263,-1083.47051051787,-1083.84562727132,0.397694209952636,0.162578511118875,0.00898225529656798,0.180848173576936,0.249896850054985,0.103825759671354,0.177315723022981,0.0792044873964895,0.00923090566156626,0.402968607358828,0.161854339374962,0,0.185801070927114,0.249375982339097,0.10250369591114,0.183321391326903,0.0818526689335855,0.00923303919572103
665,0.999109789562681,-1029.07034000017,-1029.56989489495,0.467355330538174,0.131556831546157,0.0128013038414968,0.166955926930256,0.221330607143915,0.0362885059473726,0.124619128357475,0.0873423582070072,0.0334134154860088,0.473248684941204,0.131814657555479,0,0.175814458090501,0.219122199412816,0.039722602615612,0.124957375955794,0.0981791707615579,0.0334250698729658
666,6.33497331846547,-1021.72353818182,-1024.89102484105,0.444360267169499,0.145547208450155,0.0264745224793141,0.178036265540306,0.205581736360727,0.0456321906977175,0.1269965218233,0.0543091590107418,0.0260129831650358,0.460054996200267,0.14441550893422,0,0.189603155308528,0.205926339556986,0.0498712507755015,0.13485749071391,0.0647770970657444,0.0260111046414616
667,1.1999327398371e-07,-1059.76129203478,-1059.76129209478,0.472451691034792,0.13223013648818,4.04495055920073e-08,0.183758449132037,0.211559682895486,0.0842204528809951,0.173528523196725,0.118498059995247,0.0204955526239524,0.47245171014523,0.132230141836823,0,0.183758456564975,0.211559691452971,0.0842204528809951,0.173528523196725,0.118498059995247,0.0204955526239524
668,5.25217980603838,-1122.12430303442,-1124.75039293743,0.427210342998468,0.136139789917688,0.0265120836088017,0.17932838470332,0.230809398771723,0.145251489157629,0.176126938396747,0.159064243976211,0.0242718081996292,0.436559656368581,0.135155354056112,0,0.196899159147074,0.231385830428233,0.15455175744813,0.18332596145494,0.167060897536482,0.0242624122105115
669,0,-1130.16502023901,-1130.16502023786,0.381012724487183,0.133875684396252,6.2539898590077e-10,0.171635324045174,0.313476266445992,0.0836702969530157,0.162308017578767,0.0726229762195228,0.0186728404940453,0.381012537172535,0.133875542294123,0,0.171635456340888,0.313476464192454,0.0836698369241603,0.162307997997568,0.072622969317404,0.0186728550524354
670,0,-1047.60920574201,-1047.60920569486,0.451061984563549,0.156853040844868,2.76389572741792e-10,0.171375322160078,0.220709652155116,0.120771513112482,0.134323811698497,0.0948168383852212,0.0222210214800942,0.451061983628343,0.156853040954073,0,0.171375320884392,0.220709654533193,0.120771516069382,0.134323809856634,0.0948168378694282,0.0222210217702834
671,9.68075255514123e-08,-1141.84371068486,-1141.84371073327,0.445237412565429,0.0977070334308227,5.60583711676291e-10,0.15774157811698,0.299313975326185,0.176272539385679,0.0880473249790663,0.200067803881464,0.0149640959611894,0.445237295155312,0.0977071348412559,0,0.157741516195069,0.299314053808363,0.176272548735132,0.0880473493580793,0.200067744227844,0.0149640612452761
672,2.03029624089959,-1066.23013847377,-1067.24528659422,0.413269774640564,0.169325395522194,0.0180370307690435,0.135051974876504,0.264315824191695,0.03873125843781,0.13500922699871,0.0987736155239457,0.00894123472269444,0.419996278586694,0.168146498702567,0,0.141901671609434,0.269955551101306,0.0391101948183219,0.132546528898797,0.100826890914891,0.00893921824200938
673,0,-1119.53923466196,-1119.5392346253,0.40776035709802,0.149719409394007,1.59564344286792e-12,0.139002489058936,0.303517744447441,0.0825461727714051,0.134037081444119,0.137989235021265,0.00959271716765266,0.40776035686302,0.149719388917476,0,0.139002518696973,0.303517735522532,0.0825460875188633,0.134037086503847,0.137989242708744,0.00959271742473074
674,6.15213627347566,-1167.32208399508,-1170.39815213182,0.37987991517459,0.156242437862902,0.0368306846432947,0.132494802907401,0.294552159411812,0.121004144127483,0.174518986313606,0.120022060544727,0.0263416740457799,0.396120485024444,0.154296306641147,0,0.157196614395153,0.292386593939257,0.123230000472616,0.191656407605615,0.131161110726322,0.0261141802289242
675,5.28986696886841,-1071.61461261903,-1074.25954610347,0.488613001901073,0.0967018639402672,0.0231176597715999,0.158295226306036,0.233272248081024,0.0170753026510314,0.148196926861217,0.113923161015056,0.0302648419670038,0.496626398137431,0.0965250907416373,0,0.170808086220216,0.236040424900715,0.0268224295397241,0.150163747539526,0.125127920328262,0.0300810575971945
676,3.97688079769341,-1106.8575032763,-1108.84594367514,0.43277737959263,0.164436678337252,0.00960472052107059,0.144690743798327,0.24849047775072,0.16239471645434,0.150650615830242,0.107818925998522,0.0327542474412637,0.438535351304372,0.164443953205213,0,0.151454596344223,0.245566099146192,0.160814209141466,0.169159375679556,0.107974852782915,0.0328125770053767
677,3.09347976604795,-1098.3119845544,-1099.85872443743,0.417090713601176,0.136060939184147,0.0278626770634214,0.16898547370833,0.250000196442926,0.0533457213125088,0.161676822176018,0.104532015319898,0.0188727466067047,0.428921725476859,0.135971808572824,0,0.185620707363706,0.249485758586611,0.0627298707085075,0.16426683949251,0.113720029725489,0.0188797297243895
678,0,-1086.32804623003,-1086.32804619549,0.432900442081336,0.140654047227513,6.77579388884156e-10,0.201314006573745,0.225131503439826,0.0912741797735426,0.166334142313817,0.0960049946032851,0.0251538103002034,0.432900444621087,0.140654072714836,0,0.201313992221226,0.225131490442851,0.0912741588170137,0.166334162893319,0.0960050135293158,0.0251538093301745
679,0,-1098.29260288517,-1098.29260280879,0.437971505841231,0.1258926137286,2.91440066943473e-10,0.220694675851127,0.215441204287602,0.0832747531378139,0.163495944708319,0.139448331049508,0.0370414019537938,0.437971324298407,0.125892607564314,0,0.220694843114308,0.215441225022971,0.0832747258183857,0.163496052194363,0.139448227732862,0.0370414265253326
680,0,-1100.93969760818,-1100.93969753661,0.468865353132721,0.142568989844874,9.94703890348404e-09,0.156618604824854,0.231947042250512,0.0423938741717251,0.156963967986183,0.130651390739503,0.0338639079622123,0.468864718367111,0.142569517113594,0,0.156618134696635,0.231947629822659,0.0423938939382376,0.156963696448806,0.130650901664455,0.0338636442900172
681,0,-1119.80773908838,-1119.80773903932,0.449734851132528,0.107762127360145,3.82224323124065e-09,0.165368755790472,0.277134261894612,0.0259522138286658,0.184921225010072,0.0970683782478818,0.0251086101881643,0.449734843943606,0.107762159611825,0,0.165368803102269,0.2771341933423,0.0259524288652097,0.184921290308518,0.0970683990107522,0.025108606495013
682,1.08028871181887e-07,-1179.82473251977,-1179.82473257378,0.49033193887141,0.0822916020946183,7.21180387854852e-10,0.119855934167967,0.307520524144824,0.117307330704126,0.20845294014444,0.110522347222877,0.0248264415097189,0.490332114523583,0.0822916038155723,0,0.119855761295608,0.307520520365237,0.117307311833191,0.208453142091203,0.110522356207513,0.0248268992704289
683,1.29254951475059,-1122.80625858066,-1123.45253333803,0.361204732002108,0.133375285308647,0.0168388572972953,0.249710065301281,0.238871060090669,0.306521122658578,0.191850326487643,0.114937392841219,0.0322995166284129,0.365173394682371,0.133447314575738,0,0.260187475675315,0.241191815066576,0.316933000081712,0.188912660408464,0.12271283800201,0.0322957140218577
684,3.49287283825106e-05,-1075.92768357471,-1075.92770103907,0.410810590552813,0.14729389952066,8.06678355641533e-06,0.225673992523236,0.216213450619735,0.0905627753355258,0.145471991487861,0.124586753277407,0.0331800630906686,0.410813482337658,0.147293453807857,0,0.225679082291302,0.216213981563183,0.0905627458381125,0.145471380300233,0.12459213041729,0.0331801658831236
685,0.318922675531212,-1118.71162758135,-1118.87108891912,0.379458747314318,0.148670978962754,0.00707554887237796,0.178126359331457,0.286668365519094,0.158635997528342,0.131420390712382,0.114259016183703,0.0179233571925806,0.381261885698686,0.148429253543071,0,0.180772475022968,0.289536385735275,0.164069824385129,0.1288875297268,0.115918453362418,0.0179197875147744
686,0.744739691954692,-1076.12197047685,-1076.49434032282,0.384016363525177,0.17055428601272,0.0065710170770405,0.175430759166714,0.263427574218348,0.187091789184239,0.111845092130735,0.0578000336165967,0.0285550351694604,0.389701333624188,0.170092712434067,0,0.178083757808535,0.262122196133209,0.188539997772561,0.111906316421512,0.0633146803206866,0.0285930098091777
687,0.413283975831291,-1117.87657791934,-1118.08321990725,0.396881934632959,0.132529397728312,0.00722875667242232,0.197791768080359,0.265568142885947,0.194560726641726,0.120679295931627,0.100556351388938,0.0349655011737358,0.401193921094673,0.132445668712214,0,0.201645733253578,0.264714676939535,0.199561308459406,0.120418503834671,0.105357532315855,0.0349778057198499
688,6.89678927301429e-08,-1136.06406819911,-1136.06406823359,0.437125019422772,0.177265582333719,1.34142612998807e-09,0.140959843354565,0.244649553547518,0.169734072530267,0.148335654057214,0.178470042469422,0.0295563191299435,0.437124792041298,0.177265696329154,0,0.140960057937619,0.244649453691929,0.16973451965422,0.148335583114602,0.178470184591491,0.0295562457094711
689,0,-1069.60454570985,-1069.60454566673,0.463919316565503,0.125798461519096,1.37717571772751e-09,0.198097337103023,0.212184883435202,0.0195967639052858,0.211360244330216,0.0809166542132894,0.0193483269048134,0.463919331713485,0.12579846573768,0,0.198097335979726,0.212184866569109,0.0195967687582084,0.211360278104277,0.0809166527773479,0.0193483287585373
690,0.809272339299241,-1150.42725864592,-1150.83189481557,0.382756863304558,0.130097923332376,0.00989010135519615,0.215194389461393,0.262060722546477,0.201719099477343,0.157626203485217,0.145696355734314,0.0311610204797692,0.386205041061345,0.129461899269878,0,0.220886640499794,0.263446419168983,0.200224384972436,0.16399156295181,0.143926863074283,0.0311449000693346
691,0.727166159674198,-1125.02647962889,-1125.39006270873,0.43159676213052,0.144176438304944,0.0123586997980821,0.172520492315482,0.239347607450972,0.066791786859731,0.195018783407293,0.130435587447548,0.0440778864423419,0.437149566910589,0.143441915690051,0,0.179776538009805,0.239631979389556,0.065119314968182,0.194693347636238,0.139018277601653,0.0441120806571534
692,1.044540372965,-1040.31254744595,-1040.83481763243,0.464623030035803,0.199299150426295,0.0147897462075511,0.15233390626787,0.16895416706248,0.119790230216109,0.185986229591049,0.148588512978467,0.0151514866744717,0.468337537220861,0.196823304219425,0,0.159390371370509,0.175448787189205,0.116298522754576,0.18178711521531,0.152318996169054,0.0150431337121182
693,0,-1162.25098023694,-1162.2509801389,0.412229708913668,0.124991734004466,3.27004001663962e-10,0.199639368608398,0.263139188146464,0.0400192273128289,0.217746930626113,0.154734061953739,0.0249653733466758,0.412229697437415,0.124990910437541,0,0.199639300862286,0.263140091262758,0.0400190109842447,0.217746900787952,0.154733827148825,0.0249654294467126
694,0.360978074266768,-1119.11860668017,-1119.2990957173,0.418632257277657,0.119902742816442,0.0059317514189852,0.195364549433363,0.260168699053552,0,0.167810771106114,0.0887470480556126,0.0388855476302501,0.42207858588263,0.119690448992496,0,0.199118306891074,0.259112658233799,0,0.167994104695402,0.0943082310229346,0.0389079707474201
695,0.171506912768109,-1069.10926453312,-1069.19501798951,0.442212845257023,0.129549409597133,0.0045367388647388,0.173923297289256,0.24977770899185,0.0823439492986491,0.152525977773595,0.0943999562982972,0.00915890958305202,0.442489518558525,0.129452425503076,0,0.177562093063947,0.250495962874452,0.0817433540807635,0.154292376810715,0.0943266735461634,0.00915646261740436
696,0.352157916347096,-1069.1763605934,-1069.35243955157,0.473601017130229,0.167133786335071,0.0078535513108662,0.163520757237333,0.187890887986502,0.111272534443996,0.167267928678538,0.112910463844213,0.0356318945636792,0.477803146387749,0.16684698377647,0,0.168076873497226,0.187272996338556,0.110987153722705,0.166729084480571,0.118119448294187,0.0356340926157655
697,0.185210199501853,-1157.93217823125,-1158.024783331,0.352552715863727,0.131868589494245,0.00502089762134317,0.215252502078282,0.295305294942402,0.134507343533297,0.136129524208931,0.120932216863864,0.0267164842938126,0.3538729549137,0.13165640878694,0,0.219908778172312,0.294561858127048,0.136114932532098,0.136027299224815,0.124922882718822,0.0267184156417827
698,2.51843175647082e-07,-1078.89025724672,-1078.89025737264,0.431826087734969,0.151615966701826,4.63796001589938e-08,0.173314077532997,0.243243821650609,0.101372446761194,0.134562669153168,0.112436836970815,0.0252155391551051,0.431825978033326,0.151615730855604,0,0.173314698536102,0.243243592574968,0.101373732360042,0.134562968671569,0.112437295819332,0.025215743541285
699,1.52275739721154,-1113.23566984188,-1113.99704854048,0.4496017932979,0.0937532325417551,0.0118186446574431,0.158268343177539,0.286557986325363,0.036636689770581,0.13257721870788,0.0537480140275361,0.0293190882405666,0.457619012664824,0.0934185795842312,0,0.164935453801273,0.284026953949671,0.0353228415291799,0.13400066245618,0.0650490649362,0.029290923007454
700,0,-1141.72289293519,-1141.72289289311,0.392736017230857,0.0879490184487393,6.93638158612945e-10,0.256630818368427,0.262684145258339,0.0623606254864589,0.1206106852895,0.166063532005121,0.035007764761148,0.39273602361441,0.087949020315581,0,0.256630814138622,0.262684141931388,0.0623606105584965,0.120610686241978,0.166063527359952,0.0350077637654528
701,0,-1122.88550031045,-1122.88550027833,0.435840028758451,0.156456370282518,3.40082770413997e-09,0.153783348408429,0.253920249149775,0.167761243330315,0.17243012017253,0.128276086496966,0.0128266228798367,0.435839409871389,0.156456360252292,0,0.15378376191336,0.253920467962959,0.167763293286928,0.172429948378607,0.128275959340997,0.0128265507097344
702,0.0891069499225523,-1155.71277580788,-1155.75732928284,0.453849060698417,0.105440356990514,0.00288836634428676,0.15823964402107,0.279582571945712,0.197524054051423,0.17446711080151,0.0983035020047124,0.0458392969166144,0.45616739246334,0.105199647016123,0,0.159404013982152,0.279228946538385,0.197299417419899,0.174488101659918,0.100852166523131,0.0458009573193272
703,2.19686522120719,-1184.63591849951,-1185.73435111011,0.364022355630903,0.115662844537664,0.025927022979438,0.157029598443324,0.337358178408671,0.107278568987516,0.192612672071423,0.105215322142946,0.0066406132474372,0.372116505773169,0.116088297416109,0,0.174323746816631,0.337471449994091,0.109962018936121,0.194970911450341,0.118213627591519,0.00664468630835753
704,1.63771346706199e-07,-1157.33859142072,-1157.33859150261,0.405804881724278,0.102019776790038,4.41563502273154e-16,0.205871361198848,0.286303980286835,0.21845129294551,0.125862424560521,0.135949735139414,0.0422258696416249,0.405804799310561,0.102019385348746,0,0.205871352172336,0.286304463168357,0.218452096456293,0.125862667576331,0.135949670973358,0.0422256580807909
705,5.41583631274989e-07,-1141.42663937981,-1141.4266396506,0.411652364370159,0.163539166908154,4.5108612842248e-08,0.147460839029427,0.277347584583647,0.0596421323406781,0.162178477115827,0.155046591769695,0.0404283317552722,0.411652382939227,0.163539174285179,0,0.147460845681181,0.277347597094412,0.0596421323406781,0.162178477115827,0.155046591769695,0.0404283317552722
706,2.95580993739395,-1155.47926705258,-1156.95717202128,0.390686770058389,0.144295940608412,0.0278235719236885,0.103431900863374,0.333761816546137,0,0.108203285518787,0.0964865236521015,0.0397610258488241,0.392820889129864,0.144086677589456,0,0.124513972289448,0.338578460991232,0.0271273830186432,0.104010778353784,0.102258530381781,0.0396461496488069
707,0,-1131.99052451158,-1131.99052446269,0.407427268571061,0.22708143869643,1.79950942023258e-10,0.0816779795049729,0.283813313047586,0.211508786325665,0.171155055601845,0.0866552199655897,0.0330838945905405,0.407427259541662,0.227081290115751,0,0.0816780642948226,0.283813386047765,0.211508911665108,0.171154845128071,0.0866555081538972,0.0330838944944053
708,0.173020250282661,-1177.94029711961,-1178.02680724475,0.400360411659244,0.13022158762287,0.00519692028523974,0.141180350869703,0.323040729562943,0.0913968944393756,0.209390017839516,0.0986003349381698,0.0336533034790306,0.403048277019521,0.130171717676386,0,0.144689580797844,0.322090424506249,0.0924048869906182,0.215443960274996,0.0987584617916061,0.0336684632974138
709,0.800511696982994,-1168.44307895677,-1168.84333480526,0.338499278913869,0.143999916010714,0.00839308616251849,0.179831784771144,0.329275934141754,0.0330897574579407,0.172090039538075,0.0885963071654766,0.0162483906556947,0.344106362639739,0.143471030343112,0,0.184759442702299,0.32766316431485,0.0310045620735967,0.173376058459242,0.0950392132089295,0.016253100747104
710,6.10576392086887,-1156.31595841992,-1159.36884038035,0.437198404891406,0.122796444083139,0.0466626931873348,0.139364237071217,0.253978220766903,0.116252403675183,0.175146916148576,0.122818136451537,0.0436664789291019,0.440113348027206,0.128041463636962,0,0.17911029897001,0.252734889365822,0.227561705532773,0.173799515107635,0.137285913915625,0.0436844469442383
711,0,-1150.0446603084,-1150.04466026433,0.463262266618647,0.0811584703393273,5.89855497709446e-10,0.17633652586232,0.27924273658985,0.0417696610182609,0.194724454613602,0.175514367197528,0.0131452165884678,0.463262237548108,0.0811584694370628,0,0.176336529933763,0.279242763081067,0.0417696172870987,0.194724459891159,0.175514385920063,0.013145221958282
712,5.28554382382936,-1158.42008367375,-1161.06285558567,0.339294223232628,0.13978041131255,0.0224988740164629,0.191931622738298,0.306494868700061,0.0233512357009453,0.183721796096694,0.126299641276478,0.0317456248781732,0.342632005144384,0.140922266584657,0,0.213992401744537,0.302453326526421,0.0461735987522619,0.186330914109307,0.1416325759198,0.0318141981954657
713,0,-1072.46174147188,-1072.46173825911,0.465445803148581,0.133318807741761,4.07825326547415e-08,0.169904780560745,0.231330567766381,0.0821235644260584,0.144888326929413,0.0986156923129155,0.0228959649933428,0.46544582213064,0.13331881317884,0,0.169904787489893,0.231330577200628,0.0821235644260584,0.144888326929413,0.0986156923129155,0.0228959649933428
714,1.02230257334486,-1140.5455518025,-1141.05670308917,0.412012492210678,0.172219676222819,0.00864603326561167,0.132278274286498,0.274843524014393,0.141739712827486,0.162655185128645,0.152180951676255,0.0260720961052681,0.419788197430459,0.17214545655951,0,0.135537454164444,0.272528891845587,0.142074213302581,0.172058008560129,0.153213726773324,0.0261516351623675
715,0,-1063.73891877273,-1063.73891871764,0.393074816294992,0.226477073981876,4.905883697207e-09,0.189098433633745,0.191349671183503,0.108607246690165,0.145415217486319,0.174993936344224,0.0259344441822481,0.3930754845506,0.226476608101412,0,0.189098092297095,0.191349815050893,0.108608243038584,0.145414982949845,0.174993890922201,0.0259345122324181
716,0.823925684494043,-1103.2114028271,-1103.62336566935,0.391082533235902,0.150013641140636,0.0195684539039169,0.177418086162794,0.261917285556751,0.117001620776927,0.156037756580722,0.133844578911071,0.0103322330891155,0.392514201163294,0.151797339254162,0,0.192532345649142,0.263156113933402,0.144003283713604,0.155609557771761,0.135607782692537,0.0103342281957775
717,6.48920149615151e-06,-1066.91191005418,-1066.91191329878,0.443489013613603,0.165216899149691,1.10767632612838e-16,0.203158190737036,0.188135896499669,0.118539338421815,0.209419901786864,0.116749787700439,0.0300238018060016,0.443488696640387,0.165216729294845,0,0.203158482368328,0.18813609169644,0.118539647893136,0.209419718783671,0.116749848883548,0.0300237784795102
718,0.460952024812286,-1154.35425238741,-1154.58472839982,0.457800563817913,0.100054986441649,0.0101876319447546,0.120202602602263,0.311754215193419,0.000892695978012399,0.160168908856,0.0610368740891485,0.0385201340483917,0.46000040620407,0.0996645477382245,0,0.128501640183843,0.311833405873862,0.0137420899777047,0.160339895658041,0.06114978863861,0.0385000449017852
719,0.611201792851716,-1103.78040604529,-1104.08600694172,0.458260989680975,0.106500289656764,0.016903425788651,0.165756985897942,0.252578308975669,0.114188565554234,0.14913160465517,0.140451746427847,0.0175643417281665,0.46197245763291,0.105465102720016,0,0.176564125976262,0.255998313670812,0.107947983103599,0.145620241839369,0.148469638624078,0.0175388212868902
720,0.100645547322983,-1126.74182109581,-1126.79214386947,0.440232695702878,0.102376037248433,0.00640768926295135,0.203754172255882,0.247229405529857,0.0727596371730094,0.188040288052342,0.101385957915319,0.0223083357271031,0.441730758751361,0.102489897137754,0,0.209281380398471,0.246497963712414,0.0780018413539688,0.189200043997665,0.103866467355561,0.0223298905521315
721,1.45403646456543e-07,-1117.23301130007,-1117.23301137277,0.412395733589921,0.129414017864318,6.58458337964144e-12,0.137151925484286,0.321038323054891,0.0861712310234529,0.0716697650094983,0.0735270634511056,0.044123761225565,0.412395773236925,0.129414032554749,0,0.137152056739151,0.321038137469175,0.08617108748767,0.0716698463186353,0.0735271337080122,0.0441237277688876
722,0.65352365759054,-1168.03627096198,-1168.36303279077,0.440467414099764,0.125837647660036,0.0125970857028426,0.160259688340949,0.260838164196409,0.0268622542657374,0.207206026592434,0.202217802985934,0.0367754875527412,0.44459247756747,0.12720198118683,0,0.168770405203227,0.259435136042473,0.032612283357296,0.211714301225329,0.206744611618278,0.0367859411995868
723,0,-1075.81129381663,-1075.81129378413,0.500549266532154,0.0945858124538439,5.12134208408975e-10,0.187691218391895,0.217173702109973,0.0211045587681802,0.148927902776303,0.150448134698964,0.0256959102754419,0.500549257043881,0.0945858071330849,0,0.187691228509603,0.217173707313431,0.0211045616124134,0.148927903477247,0.150448127744889,0.0256959100837659
724,0.419084001239753,-1207.88051750809,-1208.09005950871,0.319991553641124,0.133657390270747,0.0129584184608935,0.210168953124556,0.323223684502679,0.0375119450760304,0.202153526384283,0.161542032066772,0.0535423072991193,0.322732366775464,0.133412661959904,0,0.222840655089681,0.321014316174951,0.0370537256414313,0.203744225909841,0.169010722567215,0.0536024253181411
725,0,-1141.25233585696,-1141.25233581274,0.487651061047493,0.0668197388674167,1.76488857840605e-10,0.181254143247612,0.264275056660989,0.108944971694641,0.204272150990057,0.118720449076535,0.0317582620751985,0.487651734051016,0.0668194460350822,0,0.181254227810393,0.264274592103509,0.108945548080853,0.204272193405606,0.118720526430866,0.0317582741761913
726,0.687747884789587,-1132.41786810284,-1132.76174204524,0.405549439002586,0.0839090456363652,0.00987397036290181,0.207889406582166,0.292778138415981,0.149176109804751,0.180628415828922,0.0745195806095699,0.0275475815193724,0.409654609846777,0.0838131711556846,0,0.21378593193479,0.292746287062749,0.148939452848206,0.185344773470318,0.0774357220473424,0.0275544799240561
727,0,-1111.57064388596,-1111.57064379545,0.415796741079844,0.147865178831059,4.52323013258384e-08,0.166033794886841,0.270304239969955,0.142878055953141,0.11240378896221,0.130303707394947,0.0151869327481821,0.415796759887288,0.147865185519342,0,0.166033802396932,0.270304252196438,0.142878055953141,0.11240378896221,0.130303707394947,0.0151869327481821
728,5.23271410202142e-07,-1098.97726393213,-1098.97726419376,0.429249790860397,0.136674151849062,1.3967127998968e-10,0.183156057363998,0.250919999786871,0.121256360240813,0.162016690799418,0.17867188414649,0.00428636871670595,0.429249936884337,0.136674217248766,0,0.183156263894523,0.250919581972374,0.121256457207714,0.162016554046198,0.178671923649616,0.00428637680927545
729,0.492362887217041,-1136.88461264203,-1137.13079408564,0.434858841806197,0.0868680737651739,0.00775999610697061,0.231039207477932,0.239473880843726,0.0789146491876558,0.197954459739914,0.0986046538944254,0.0432332866497657,0.441085095628677,0.0855644293088182,0,0.234155924976369,0.239194550086136,0.0721411235154499,0.204431829948472,0.0984622389987486,0.0431554607939176
730,0,-1103.46933469722,-1103.46933465231,0.438126387069602,0.130125745638654,5.12506692547243e-10,0.203650493940619,0.228097372838618,0.31189604558428,0.163581820820456,0.14737154128744,0.0206603875236172,0.438126422498674,0.130125739201952,0,0.20365055525742,0.228097283041954,0.311896245626482,0.163581760409561,0.14737147933136,0.0206604193907539
731,0.231328530690007,-1024.77961204542,-1024.89527631076,0.473351380349275,0.134296049746434,0.00974682457045968,0.183484674086856,0.199121071246975,0.15036736531776,0.115707783477953,0.113174132994723,0.0284345487771186,0.474802223050668,0.13484295341111,0,0.191657125030024,0.198697698508198,0.164981724387736,0.116802428646686,0.115048003048117,0.0284440825252288
732,4.81472534374916e-06,-1104.66923452335,-1104.66923693071,0.429963891248433,0.0933066308082896,2.85426747167971e-08,0.199814059685833,0.276915389714769,0.0611870620918524,0.111676182407944,0.104115654227876,0.0290002189215824,0.429963772806166,0.0933064818544535,0,0.199814514794455,0.276915230544926,0.0611877894504057,0.111675857400406,0.104115592701531,0.0289995274106442
733,0,-1122.63617387073,-1122.63617382522,0.383099234134576,0.18495006853577,1.29556533763913e-10,0.193324019258588,0.238626677941509,0.169921024181805,0.152483427791951,0.160378627154344,0.0072727831462322,0.383099244674991,0.184950025884974,0,0.193324025920724,0.238626703519311,0.169921053187569,0.152483408533333,0.160378637644808,0.00727278806538035
734,0.985381260264603,-1199.29865289877,-1199.7913435289,0.428133801592824,0.0452299700350817,0.00751474782798456,0.172244449341054,0.346877031203055,0.0098945815417463,0.149312465218059,0.123959454922059,0.0159929887126546,0.434395432150428,0.0445576331737578,0,0.175840949975801,0.345205984700014,0.00658681667881909,0.158707736067307,0.125483134891758,0.0158726447685004
735,1.64568767055835,-1069.87971894541,-1070.70256278069,0.320692556607062,0.224682664370312,0.0170879450075382,0.233150035123905,0.204386798891183,0.142268192492287,0.177707452819577,0.131155724003951,0.0286973430129488,0.33008491583537,0.223452523410545,0,0.244156918432304,0.202305642321781,0.144691164039581,0.188120128089908,0.135152819309849,0.0288030118816817
736,0,-1188.9130644006,-1188.91306432448,0.436956853542894,0.124643836571827,2.6595637223388e-13,0.155778446984358,0.282620862900656,0.262011235673249,0.19655995290019,0.120409155136345,0.0378841558115304,0.43695687413057,0.124643837998191,0,0.155778426176334,0.282620861694905,0.262011192460691,0.196559965556473,0.120409156500963,0.0378842157378487
737,0.2107418353512,-1082.31395317565,-1082.41932409333,0.453010124585174,0.193022683629996,0.00576090005856598,0.137971065808809,0.210235225917455,0.215646476807,0.171967899929216,0.120791186622199,0.0301057537845941,0.455295791581785,0.194008611533581,0,0.140238975073304,0.210456621811331,0.215383095139069,0.173400418694327,0.122746714151093,0.0301066114281643
738,9.11832886780303,-1134.6827943438,-1139.2419587777,0.413809398853807,0.146528321903652,0.0559386950980242,0.155307322622713,0.228416261521804,0.190884655831913,0.18496143628962,0.0980266246434768,0.0423446946699252,0.437353139675094,0.143030384828286,0,0.197027495267438,0.222588980229183,0.205101758644409,0.19968762603698,0.112511469541993,0.0422936677736849
739,0,-1109.43186369134,-1109.43186362369,0.438921184099234,0.133213494190417,4.70778018880812e-10,0.175469415621482,0.25239590561809,0.116917186844996,0.128108116798328,0.117131622239721,0.0425575939969934,0.438921298596776,0.133213425771989,0,0.175469383325188,0.252395892306047,0.116917182691075,0.12810815413493,0.117131509877451,0.0425575836955165
740,0,-1114.72634360366,-1114.72634357396,0.449153827813693,0.0901595024616443,1.05316892976536e-10,0.170276176299069,0.290410493320276,0.0256908815558273,0.137110653918467,0.148880980371993,0.0325571324952076,0.449153827456542,0.0901595029119059,0,0.170276175541329,0.290410494090223,0.0256908811732034,0.137110653028202,0.14888098034439,0.0325571325995068
741,3.54384610545821e-09,-1113.84008621019,-1113.84008621196,0.404456242594212,0.125134700641333,8.07332651630934e-11,0.192863764872683,0.277545291811039,0.0935048923223621,0.127926233218614,0.150269767701993,0.0180498800064614,0.404456256867983,0.12513474645103,0,0.192863666667363,0.277545330013624,0.0935050660235316,0.127926230732043,0.15026970563252,0.0180498689898342
742,0,-1149.498988207,-1149.49898816313,0.434607353945611,0.109115016488941,6.13598732465955e-10,0.161670754846399,0.29460687410545,0.0923257330463681,0.174312464197088,0.116725925081436,0.018098420470063,0.434607352902103,0.109115041843139,0,0.161670726665761,0.294606878588997,0.0923258119845572,0.174312497898521,0.116725910188503,0.0180984109155432
743,0,-1167.73344355343,-1167.73344346955,0.399358197673435,0.0785802555377316,1.21255150112129e-09,0.20911770739722,0.312943838179061,0.072358516348068,0.199093002173504,0.0984656501075609,0.0241586322194791,0.399358414186374,0.0785803026736328,0,0.209117875789202,0.312943407350791,0.072358356868846,0.199093311346576,0.0984657304608164,0.0241583268991469
744,6.25938810117077e-07,-1086.61196777175,-1086.61196808472,0.590050184502245,0.107324898297785,8.53614696137468e-08,0.129313665231112,0.173311166607388,0.142324796201843,0.177952164578968,0.14560819189226,0.0452667429538482,0.590051790093223,0.107325152744988,0,0.129311248068233,0.173311809093556,0.142318708991489,0.177953555786749,0.145609459927204,0.0452668671252722
745,0,-1109.23995544814,-1109.23995541728,0.436720469976398,0.101613366530199,4.48400883027702e-11,0.192110691155442,0.269555472293121,0.185424823504164,0.161855086398153,0.110074305793582,0.0141853622543987,0.436720539562817,0.101613248340904,0,0.192110667684815,0.269555544411463,0.185424638251736,0.161855072356528,0.11007431218885,0.0141853658262992
746,5.61019669476082e-06,-1109.62199179703,-1109.62199460213,0.496830323752027,0.123862724770577,5.13175870049183e-10,0.118281945365565,0.261025005598655,0.0567460675784066,0.146027792697074,0.179101054416165,0.022766137112775,0.496829040296156,0.123861547450102,0,0.118277953868992,0.26103145838475,0.0567435453024754,0.146022567505617,0.179099096681594,0.0227658189194567
747,0,-1029.88032491671,-1029.88032488484,0.520183804859463,0.116284518975741,4.50466091494941e-10,0.156831958563607,0.206699717150723,0.0701679794924506,0.155800713426596,0.0916203434061547,0.00863269314231956,0.520183807500749,0.116284524372901,0,0.156831953969423,0.206699714156928,0.0701679764201905,0.155800718036374,0.0916203372390389,0.00863269123045023
748,1.03276715890388e-06,-1101.2245515669,-1101.22455208328,0.432308840563209,0.134014300264278,4.09952854330289e-08,0.172820989522431,0.260855828654798,0.182343075065542,0.163787534881838,0.10183537754507,0.00471617601726084,0.432308858285833,0.134014305758233,0,0.172820996607277,0.260855839348657,0.182343075065542,0.16378753872448,0.101835378825951,0.0047161484783243
749,4.30718648911898,-1134.39423633577,-1136.54782958033,0.431315365531671,0.171089822194074,0.033268081523294,0.107119715515838,0.257207015235124,0.109070273337005,0.152325076056069,0.160655896298771,0.0312668265928407,0.441193675133741,0.173204305448564,0,0.129062948456665,0.25653907096103,0.119797207027505,0.162887893113802,0.166426339073542,0.0311729048907095
750,0,-1132.05055001448,-1132.05054997523,0.452300290885979,0.120074427076287,3.6885689267266e-10,0.165354330422562,0.262270951246315,0.133176473169853,0.19847245396041,0.0995566164603561,0.0315284444302501,0.452300291043088,0.120074429156403,0,0.165354330584697,0.262270949215812,0.13317649310078,0.1984724592029,0.0995566171700036,0.031528444508587
751,0,-1039.53188120014,-1039.53188111866,0.499986937477922,0.148310762187986,5.4528823133531e-16,0.187366616864369,0.164335683469723,0.143910497731273,0.116068506769599,0.182941360859857,0.0237813268680131,0.499986969926023,0.148310761898722,0,0.187366586462013,0.164335681713242,0.143910558018511,0.116068508585575,0.1829413439526,0.0237813272656864
752,7.89063807412367,-1161.09648314777,-1165.04180218483,0.410722674059147,0.129421765628546,0.0410322731360712,0.108377057992771,0.310446229183465,0.0330951673712841,0.143854388551524,0.10188216779049,0.0387219319756566,0.421567720191146,0.130572975454535,0,0.138886813808983,0.308972490545337,0.07308157534348,0.152979757275792,0.113354867167643,0.0387423189275957
753,0,-1119.10456883926,-1119.10456880492,0.421786370140014,0.145700990129079,2.45866943074258e-09,0.160838543704481,0.271674093567757,0.20836431014521,0.156176127889043,0.117603329301545,0.00941466062939549,0.421786377429014,0.145700978830311,0,0.160838547937256,0.271674095803419,0.208364209242389,0.156176135913837,0.117603336278828,0.0094146666367283
754,0.438739457265456,-1145.39347702906,-1145.61284675769,0.374394169842287,0.164218197042323,0.0078919042363974,0.113380075615389,0.340115653263605,0.124214059675491,0.0701688587191656,0.141540224344738,0.0262609606074095,0.380520526940456,0.163300818635818,0,0.117094810280091,0.339083844143634,0.121438472508122,0.0703071300110065,0.151160444555759,0.0262930801773862
755,0.592460229586777,-1161.79184049438,-1162.08807060917,0.389548787965974,0.140802684065773,0.0119118543808041,0.131386416728208,0.326350256859241,0.123663526482825,0.164126913920191,0.087847037739337,0.0305811027180992,0.390912376675006,0.142024667356354,0,0.141783198058687,0.325279757909954,0.13953556094344,0.164892539427681,0.0943625549294939,0.0306072160916529
756,3.23108963704271,-1067.48502236954,-1069.10056718806,0.40825301484554,0.140345929039986,0.0217073326721537,0.204492119586943,0.225201603855377,0.0738516271938078,0.158067338978546,0.0498989788936615,0.0248546568585272,0.413040531759172,0.140805312983799,0,0.219715468816431,0.226438686440598,0.0785986187406389,0.156659638871639,0.0590951487398946,0.0248417961787165
757,6.81734491081443e-08,-1107.55058083249,-1107.55058086658,0.416086072542666,0.123431231188188,4.05304446822374e-10,0.187321382501393,0.273161313362448,0.124123580768179,0.10543184493134,0.104892825414678,0.0338260697241421,0.41608563321942,0.123431483923685,0,0.187321365659202,0.273161517197692,0.12412367994108,0.105431746280713,0.104892907798186,0.0338260613516259
758,10.0602039290939,-1122.30372588966,-1127.33382785421,0.397990702299934,0.114561287613406,0.0216223182175683,0.150746676558494,0.315079015310598,0.109748692006084,0.118816994647106,0.0671363136516417,0.0195140018067551,0.407288386388985,0.11602775903655,0,0.172027733143317,0.304656121431148,0.113735100298868,0.146292520351153,0.0781524207456539,0.0197708136350125
759,2.94581461562439,-1071.70829956787,-1073.18120687568,0.408336022850738,0.159774698494754,0.021701596995282,0.190320466746071,0.219867214913155,0.0564293403550583,0.161679689880153,0.117605982041024,0.0131595457909119,0.416277233603487,0.159570751127133,0,0.203617473183349,0.220534542086031,0.0617618413855646,0.170533676592728,0.120544169411711,0.013151487771092
760,3.70987856486454,-1113.26702959908,-1115.12196888151,0.481148608066485,0.123542177645459,0.0301128301039966,0.124986188421864,0.240210195762196,0.0816289347289621,0.198020517006012,0.110326341787598,0.0183705134625733,0.490859204258221,0.123376638077982,0,0.143942678434485,0.241821479229312,0.0946987181155443,0.199063092219904,0.119145688284919,0.0183693489467107
761,0.385564821324806,-1131.09339425539,-1131.28617666605,0.422347087255315,0.132926931305296,0.0084611202027044,0.167165861502254,0.269098999734431,0.0682194679910992,0.105597791597107,0.157854781200373,0.0339553814245797,0.425163661292595,0.132738980843634,0,0.171390840683044,0.270706517180728,0.0737496496446053,0.105368144186242,0.159475225263448,0.033915639513519
762,0.497753509267568,-1134.28629205923,-1134.53516881387,0.383052717303379,0.0920975866098058,0.0181657308153694,0.241046549487884,0.265637415783561,0.330242088889324,0.166979178345882,0.133209571368622,0.0135084261831176,0.388908565142408,0.0903305650686037,0,0.249998496967971,0.270762372821018,0.317636514316683,0.167228414438085,0.131977128522873,0.0134786737807999
763,0,-1124.43172571198,-1124.43172567854,0.494091980182974,0.145313390344846,6.30133937145286e-10,0.11328047234513,0.247314156496916,0.0456341068694021,0.165914071797052,0.141487069603921,0.0467069742207218,0.494091970096271,0.145313389711606,0,0.113280480775696,0.247314159416428,0.0456341152572435,0.165914071983565,0.141487063494478,0.0467069740032294
764,1.13241538694774,-1104.04183779517,-1104.60804548864,0.429916786144197,0.124001633773301,0.0163555993166756,0.139382009368856,0.290343971396971,0.0425245052863718,0.11852518971302,0.109055541392823,0.0211220492068424,0.434296976968652,0.124286710202858,0,0.150330838827158,0.291085474001333,0.0522668508203408,0.117757389624048,0.115662364572355,0.0210706021377781
765,0,-1138.97091278339,-1138.97091266655,0.424145953344231,0.131884755214462,3.57105633185062e-09,0.144402361831882,0.299566926038369,0.180611847884146,0.117473525068762,0.0702457322256612,0.0467962348679493,0.424145366666414,0.131884955764914,0,0.14440214546228,0.299567532106392,0.180614178280327,0.117473625426416,0.0702457764399502,0.0467961518050597
766,1.01962166871817,-1131.49088861383,-1132.00069944819,0.39622102585711,0.150536919031937,0.0192009263586516,0.153110702397644,0.280930426354658,0.109105756486654,0.128773054915165,0.170842809809605,0.0334843130333363,0.397119307281973,0.151806530134048,0,0.164331892432845,0.286742270151134,0.123016404447374,0.124276063270914,0.173652509873119,0.0332108429529885
767,1.28573196800926,-1101.60121228295,-1102.24407826696,0.426044125496094,0.140415684055393,0.00924981221969296,0.169452095309911,0.254838282918908,0.112069274930744,0.201340768619593,0.0789176834822617,0.0234530674510127,0.436084231919456,0.139957601656733,0,0.172976843326808,0.250981323097003,0.109539137846216,0.210359116014382,0.0855204768087113,0.0236386843656823
768,0,-1160.00442263762,-1160.00442262021,0.419124424871243,0.102738322584606,3.25563307201979e-10,0.16271155258356,0.315425699635028,0,0.108362775891288,0.150246992583679,0.0267677800091289,0.419124380274748,0.102738455465786,0,0.162711521635544,0.315425642623923,0,0.108362742493363,0.15024683264428,0.0267677902362493
769,0.673022923138888,-1113.62570842499,-1113.96221988656,0.455316441074098,0.106250529389994,0.0119025167993502,0.205145172181813,0.221385340554744,0.0893233321195264,0.235471765557265,0.105192958243345,0.0231237504445174,0.460613435798554,0.10562927060098,0,0.213696579030692,0.220060714569775,0.0905372988667579,0.235554387119477,0.113093199445491,0.0231287981081903
770,0.282096567025292,-1174.62591457007,-1174.76696285358,0.408359091698426,0.122931903533132,0.0109319053629415,0.162417400360651,0.295359699044849,0.214901080730872,0.158790688909476,0.132404372683495,0.0268907469513979,0.410775830838292,0.122848909435736,0,0.170596302134912,0.295778957591059,0.226456115259514,0.158602889191644,0.134842048015206,0.0268889024159057
771,2.18646040242311,-1118.72851289663,-1119.82174309784,0.354900651805042,0.197249681682076,0.0135861902620116,0.141099794110888,0.293163682139982,0.140841740173556,0.129653051834763,0.135869404404219,0.0251762969313841,0.358908224472365,0.197520300976504,0,0.152274087768044,0.291297386783086,0.138568150618383,0.13010754854885,0.150230329476123,0.025181150186268
772,1.08723304960768,-1129.97648817429,-1130.5201046991,0.36386632812348,0.172663636408449,0.0229618068365372,0.135722957294405,0.304785271337129,0.183156103012613,0.170254940513154,0.0931317629680019,0.00899239532205291,0.369195458667017,0.171880424862312,0,0.154315353609787,0.304608762860884,0.196013320189089,0.17088179426417,0.102665352988793,0.00899466744712676
773,0.000130918991089857,-1156.19904502149,-1156.19911048098,0.379614647834938,0.148843248342559,4.59859571313877e-05,0.2152448959257,0.256251221939671,0.135604583390108,0.247304650168595,0.131468733009916,0.0278387261412033,0.379621122454941,0.148845629089369,0,0.215289360669216,0.256243887786475,0.135615883491379,0.24734219655338,0.131479340434228,0.0278389249369823
774,3.4159362397736,-1097.49342990203,-1099.20139802192,0.364072686704687,0.168470048712487,0.0149136020094056,0.179812705871971,0.272730956701449,0.13051537955653,0.116873638803568,0.11228209357787,0.0129727781728068,0.378200475025017,0.168171666296925,0,0.187666346511453,0.265961512166605,0.128988758741836,0.139185488856737,0.118235425822469,0.0129792270045532
775,0,-1178.99298156964,-1178.99298151587,0.437694183040426,0.114327111855428,9.53530291956848e-11,0.151135498655281,0.296843206353511,0.127441703064325,0.160230847298483,0.157653907483206,0.0315427218878058,0.437694187277791,0.114327103089181,0,0.151135504566398,0.29684320506663,0.127441679315244,0.160230856272498,0.157653904293023,0.0315427187246999
776,1.43585619584883,-1091.84121524509,-1092.55914334301,0.430349633608632,0.145125019184464,0.0214074457100092,0.152255024879267,0.250862876617628,0.114934406300379,0.121267680630397,0.145412554444394,0.0102214879221326,0.43906903606465,0.144735932272869,0,0.16898305263359,0.24721197902889,0.109381170404609,0.122337803813507,0.163151473371472,0.0102270924542116
777,7.63597636251006,-1118.77558157217,-1122.59356975343,0.47477245783189,0.117828026617653,0.0555973394501938,0.104892700638837,0.246909475461425,0.0482624526332199,0.180686869687979,0.127841873591215,0.0303457022907194,0.478403095874635,0.120238944934876,0,0.148071303461437,0.253286655729053,0.0943406897967083,0.1918304126209,0.12181180615434,0.0303290663662975
778,0,-1098.7061261263,-1098.70612610035,0.451497963776927,0.121188741396802,1.14896154308781e-09,0.142246868264692,0.285066425412618,0.0623163681171931,0.136188996269985,0.0840213630454379,0.00901164291478073,0.451496647823314,0.121189128685169,0,0.142247401236379,0.285066822255138,0.0623166808121494,0.13618860451826,0.0840211518533212,0.00901144290489693
779,1.41014251605975,-1128.24676018681,-1128.95183144484,0.411617467760545,0.155136165050391,0.0197245801307831,0.161096685402091,0.252425101656191,0.212602865143197,0.125390572000361,0.109475400267269,0.052986630003986,0.420502411789025,0.153782280431647,0,0.175379872950249,0.25033543482908,0.206136118824017,0.126547271737343,0.120824777661462,0.0530723847975907
780,0.314006294935098,-1124.48942450991,-1124.64642765738,0.44078383220434,0.135838264851977,0.00679520197511374,0.189559431317875,0.227023269650693,0.157463954250618,0.136238166635462,0.166334879057228,0.0592243205153778,0.440785702065344,0.135980270145185,0,0.19484224017133,0.228391787618142,0.159226587960005,0.138267728918994,0.165289048836496,0.0592073380808388
781,0.0412768114088067,-1087.74115071245,-1087.76178911816,0.427468972863,0.176131678624412,0.00397951314461494,0.155524194602201,0.236895640765772,0.265618302568256,0.13684868342492,0.118989262500543,0.0156587019470298,0.428356528169557,0.176197370658332,0,0.158506237079882,0.236939864092229,0.271243571198146,0.136747695360716,0.119850287312737,0.0156414818737029
782,0,-1129.75572147751,-1129.75572142518,0.336139478840695,0.140449707287041,8.10200255803368e-11,0.206393395420755,0.317017418370489,0.10813885033217,0.159202334145337,0.0640190347877653,0.00389872050438359,0.336139487910025,0.140449701596278,0,0.206393398399544,0.317017412094154,0.108138844523239,0.159202335438893,0.0640190481276879,0.0038987321425251
783,5.90242427149906,-1113.07038912027,-1116.02160125602,0.428131264730993,0.157740950510464,0.0419804515563536,0.172633742914097,0.199513590288092,0.0801786180999006,0.172865498623677,0.243388863180461,0.0235422030078726,0.441641152761509,0.158972658470193,0,0.198033122560299,0.201353066207999,0.107299897499567,0.184297342768959,0.250383015748757,0.0235379173896934
784,2.38410284227029,-1168.52214927675,-1169.71420069789,0.370490525699453,0.124032070427777,0.0188707346758033,0.155489643565692,0.331117025631275,0.0497299515655966,0.145075172603185,0.0936314697933077,0.034655856826561,0.373090214704628,0.12440611577595,0,0.173701600601333,0.32880206891809,0.0624699913503145,0.145620068889601,0.101163149540222,0.034668472363716
785,0,-1075.04218710409,-1075.04218706888,0.473806770968237,0.0867980281573694,1.21051785970122e-09,0.159341423928155,0.280053775735721,0.0739679560000093,0.0714672431657955,0.096054593674681,0.0198673405225782,0.473806770200339,0.0867980342313772,0,0.15934141893193,0.280053776636354,0.0739679044878532,0.0714672479676947,0.0960545931697689,0.0198673411749866
786,1.02145824454146,-1135.71694513848,-1136.22767426075,0.437234411684381,0.155120512906271,0.00557556733610083,0.140092176260119,0.261977331813128,0.0274265738239547,0.144899308738045,0.121392053620839,0.0320814369770992,0.43709611179065,0.15463956158744,0,0.141800981404873,0.266463345217036,0.0246083003303572,0.145534990476529,0.120863484756217,0.032068149906584
787,0,-1147.29342480291,-1147.29342476826,0.443094242058707,0.108111492025973,1.64125460644175e-09,0.173754630454009,0.275039633820055,0.176305892980614,0.167821468963664,0.130679284064499,0.00561491733613666,0.443094252780257,0.108111476719042,0,0.173754576978128,0.275039693522573,0.176305721152062,0.167821425483447,0.130679264733158,0.00561491124464362
788,0,-1080.60950763622,-1080.60950759209,0.479217878483436,0.0963739936040709,1.9020286297451e-10,0.211431158992712,0.212976968729578,0.0217121164023078,0.203299807187294,0.115451732833825,0.0354909465450866,0.4792178780771,0.0963739941380295,0,0.211431160068922,0.212976967715949,0.0217121154552039,0.203299807624891,0.115451733076738,0.0354909465194698
789,0,-1115.11167835218,-1115.11167830454,0.386992152750924,0.168688427727234,1.71458817847024e-09,0.179593249088668,0.264726168718586,0.22228888540154,0.150912885848134,0.0800723197193299,0.027107912977241,0.386992159221607,0.168688423877803,0,0.179593249722634,0.264726167177956,0.222288896371024,0.150912892409824,0.0800723275888291,0.0271079190432753
790,3.8648158806609e-07,-1060.40018428381,-1060.40018447705,0.461010555919646,0.165696538294576,3.70533431519566e-11,0.20184449685651,0.171448408892214,0.132939098951911,0.1995861706849,0.107466528412816,0.0347058101583983,0.461009665250298,0.165697195690361,0,0.201845100525623,0.171448038533718,0.132938011239212,0.199586980906726,0.107465729655451,0.0347068787312244
791,3.56957736814775,-1127.14405216027,-1128.92884084435,0.487465916370645,0.117358070787673,0.0212134211693366,0.108997959691585,0.26496463198076,0.147805162030731,0.124217198653046,0.160096627335507,0.0356282234291871,0.500551306080515,0.11581599482381,0,0.121569363579022,0.262063335516653,0.140234464129058,0.137406761806359,0.168742567297244,0.0354274638461939
792,0.254631697010154,-1180.17463837609,-1180.3019542246,0.363135526655218,0.182734781353493,0.0065251604534097,0.160299226956797,0.287305304581083,0.24261508759568,0.181808401958696,0.0999770019787473,0.0437162041892426,0.365118913062862,0.181285425254987,0,0.162950822860924,0.290644838821226,0.235254861957176,0.180517216129351,0.100809692870538,0.0435580615068347
793,2.33155632644366,-1046.12828905263,-1047.29406721585,0.442295519010622,0.0971439890716209,0.0211132465651151,0.193636846531086,0.245810398821557,0.223193284925757,0.0881459638239395,0.0824267212418826,0.00789276517425764,0.448336060991992,0.0970410373059964,0,0.209097012592475,0.245525889109536,0.234448641577244,0.0915740239649331,0.0879495158493035,0.00788667413938529
794,0,-1049.70769421024,-1049.70769415636,0.395699421063317,0.183793520607704,1.53491051875358e-10,0.250774888325941,0.169732169849547,0.305536987748311,0.138542450353371,0.163899295339017,0.0129440031803859,0.395699404540379,0.183793527844369,0,0.250774900737451,0.1697321668778,0.305537021905311,0.13854244126658,0.163899286919908,0.0129440042233796
795,0,-1154.65434348895,-1154.65434345832,0.417274766199371,0.10838415252248,3.80164621950214e-09,0.191045990815157,0.283295086661346,0.038569495835644,0.162244352777511,0.188555081259323,0.0105823584888731,0.417274774499035,0.108384152907517,0,0.191045987067917,0.283295085525531,0.0385694829293219,0.16224435135048,0.188555078706426,0.0105823591198748
796,0,-1100.7746071979,-1100.77460715521,0.42749003176441,0.138818272923956,6.80314219333713e-10,0.214370536106165,0.219321158525155,0.0891890650673338,0.150328206735171,0.116058248924086,0.0656743169449891,0.427490036898762,0.138818273159093,0,0.214370528514969,0.219321161427176,0.0891890628682283,0.150328208507086,0.116058249585666,0.0656743184219019
797,0,-1162.43446970515,-1162.43446966173,0.41052348722263,0.114379351724741,8.90153834154385e-10,0.152815505423024,0.322281654739452,0.0644818839387947,0.135248453763563,0.0939548420038443,0.0189092561561854,0.410523483564746,0.114379351791178,0,0.152815497817313,0.322281666826763,0.0644818783614253,0.13524846417696,0.0939548447415518,0.018909258158531
798,0.439767182593187,-1128.74955398658,-1128.96943757788,0.451367520494247,0.132983435436734,0.00902760967739938,0.110595187975173,0.296026246416446,0.0396592252689623,0.143607289683403,0.0973380958009359,0.0261356211964281,0.454647842289265,0.132945800236271,0,0.115720986818235,0.29668537065623,0.0410971794374206,0.144779719353951,0.0991906139532983,0.0261373919392142
799,1.95483789866557e-06,-1140.39373274744,-1140.39373372485,0.444635571446095,0.172246290535556,2.46129242295752e-09,0.129730758620184,0.253387376936873,0.206820614093856,0.173408898319152,0.134951168495375,0.032926534160324,0.444635462645197,0.172246084276086,0,0.129730952663781,0.253387500414937,0.206820125851014,0.173408857839736,0.134951196402309,0.0329264426445667
800,4.12818460240669,-1130.84381930781,-1132.90791160902,0.475536882395386,0.108400218648244,0.0285201341233053,0.115070184904201,0.272472579928864,0.00708313621338626,0.157914479050333,0.116635862590176,0.0526648293431279,0.493537369776372,0.107276617642637,0,0.126359271290837,0.272826741290153,0.00901819257756624,0.159565515527415,0.130365729181221,0.0527445227536395
801,0.892864157303848,-1187.76700085221,-1188.21343293086,0.353645499963591,0.151174970466735,0.0183747138132198,0.132087033685063,0.344717782071391,0.120903370824097,0.169028915328087,0.125369634121307,0.0192138821838468,0.359710634690396,0.149686088867622,0,0.145001422956442,0.34560185348554,0.124586496957828,0.170661808615674,0.131446549782266,0.0191675058303583
802,0.116740026393472,-1177.93543287431,-1177.99380288751,0.422180040346459,0.135989251766278,0.00472317264913085,0.168328081369236,0.268779453868895,0.21315049510452,0.178184001827148,0.141950838522446,0.0455503897138486,0.424071743472403,0.136096197454239,0,0.171449912510246,0.268382146563112,0.218618435470177,0.178191644767416,0.144442773732708,0.0455659653965615
803,2.09714676890508,-1066.81180385217,-1067.86037723662,0.413677164520325,0.174394954350123,0.0157042180572428,0.180331275592474,0.215892387479836,0.0724909113273205,0.141701329181991,0.156437501542037,0.0252802511895427,0.419169022034423,0.174261133194972,0,0.189551679834237,0.217018164936367,0.0754275921206838,0.146262556381993,0.160466499840028,0.0252805944585452
804,4.55938099795458,-1169.40006965475,-1171.67976015373,0.32559890556507,0.15356550788168,0.0279869733544338,0.162559024158517,0.330289589040298,0.00988120843982273,0.18371591969375,0.111018950935321,0.0415588260567829,0.343356623783228,0.152654765547369,0,0.177976851119833,0.326011759549569,0.00892756290025548,0.198578429432111,0.12572412285432,0.0415283688285509
805,0,-1084.27077606091,-1084.27077572646,0.362171803394524,0.185143167244971,2.80341213461933e-26,0.226151328073794,0.226533701286711,0.0564117241830152,0.143089748411,0.135553100242411,0.0383409792352839,0.362171805104681,0.185143171447004,0,0.226151325184369,0.226533698263947,0.0564117253180515,0.14308975076143,0.135553101936007,0.0383409795633721
806,1.22039637062699e-07,-1192.77988367429,-1192.77988373531,0.406056823495714,0.102311264951855,2.47968302570792e-09,0.192110452432787,0.29952145663996,0.154679461352429,0.197809687778064,0.129712714409581,0.0290428338497566,0.406056868746778,0.102310893613832,0,0.192110871666762,0.299521365972628,0.154679095443929,0.197810073680194,0.129712405506512,0.0290429565044136
807,1.43422055726523,-1094.76525504314,-1095.48236532177,0.406974762178483,0.141278037941492,0.0143778225114167,0.202765087857489,0.23460428951112,0.173700714012526,0.146020575390145,0.0894041118740144,0.0382196963071376,0.409367999027239,0.141104943101955,0,0.214844804504732,0.234682253366073,0.183748138940063,0.146048365806093,0.0934640428455741,0.038239772516301
808,0.638767076240583,-1058.01255350834,-1058.33193704646,0.517612675720131,0.143026760808204,0.0141113000368469,0.174955109075814,0.150294154359004,0.154301826745451,0.18698124328794,0.0948189396752432,0.0343367541122338,0.520149569473026,0.142521372630241,0,0.18590472702107,0.151424330875663,0.156671328859054,0.186871704702853,0.0993623759450388,0.0343324992599885
809,1.40575771183649e-05,-1062.23961117582,-1062.2396182046,0.430536055703666,0.149024106411517,4.55868199619941e-08,0.166858168336727,0.25358162396127,0.0758136799041653,0.107058733764446,0.141101339286257,0.0102235856435254,0.430536075330437,0.149024113205052,0,0.166858175943261,0.25358163552125,0.0758136799041653,0.107058733764446,0.141101339286257,0.0102235856435254
810,8.31338638818124e-07,-1153.70064506047,-1153.70064547614,0.405391731556696,0.150005397340107,2.63082533698757e-07,0.155756949937402,0.288845658083262,0.0605071322853036,0.163582872454276,0.113419917891554,0.0415335040375444,0.405391852663493,0.150005504837246,0,0.155757111160445,0.288845531338816,0.0605073939042578,0.163582985786904,0.113420105922269,0.0415335438398125
811,2.40163899434265e-07,-1095.71535064498,-1095.71535076506,0.475032393960417,0.0967770292177009,2.96043178089677e-08,0.216313387806119,0.211877159411445,0.108318253495125,0.167251532663367,0.188248541152705,0.0251209723622162,0.475032408023427,0.0967770320827189,0,0.21631339420993,0.211877165683924,0.108318253495125,0.167251532663367,0.188248541152705,0.0251209723622162
812,0.350786142963443,-1128.03347752689,-1128.20887059837,0.404225219580069,0.142076963737305,0.0109919616969941,0.198338910231528,0.244366944754104,0.170883792305398,0.167066931361548,0.123229318101724,0.0325736129350259,0.407500744067599,0.141824080015495,0,0.205063927879142,0.245611248037765,0.177386649861031,0.16729254086755,0.125499181018362,0.0325607602072649
813,0.643218787252863,-1116.78091070059,-1117.10252009422,0.410825620250129,0.186938392623574,0.0120321603630812,0.170373498417619,0.219830328345597,0.104925154985968,0.233524103530034,0.100847844634544,0.0423833636097428,0.415707110522278,0.186777292885845,0,0.178708140033471,0.218807456558406,0.111597562039183,0.239962517079735,0.102385392621425,0.042379857887646
814,5.33382789424832,-1136.11162978635,-1138.77854373347,0.43845457113241,0.12431330154704,0.0159516515644458,0.169868171124588,0.251412304631516,0.488592020283923,0.155197281628245,0.0866213990668065,0.0418002930370643,0.447531306971591,0.123003311813767,0,0.177921585619329,0.251543795595313,0.483375337026828,0.169081947266916,0.0890907317899191,0.0418246558311358
815,3.05552458233842,-1120.3398547421,-1121.86761703327,0.456807678103103,0.0969830415095099,0.018704954834348,0.14787876127964,0.279625564273399,0.124365803976178,0.159615688991945,0.112954084188931,0.00573908265934115,0.469251702295138,0.0964104571120697,0,0.15679243403939,0.277545406553402,0.130749058266617,0.170737488681263,0.119592186306336,0.00576784266156567
816,0.301145326114693,-1115.66657605925,-1115.81714872231,0.50254225035674,0.131461436681407,0.00695390161162255,0.0987767216363383,0.260265689713892,0.0673248848677129,0.17095189746904,0.115514887161585,0.0350552349029691,0.50679455738339,0.131187228607264,0,0.102894156966144,0.259124057043203,0.0693194909114818,0.171020354255561,0.122198594225644,0.0350788701172624
817,0,-1121.59636258827,-1121.59636253328,0.453197627498904,0.156728526472173,1.44605274103054e-57,0.135431464817228,0.254642381211695,0.199919676910693,0.161204388870246,0.0873701318762431,0.0313508988652635,0.4531977741895,0.156728256931978,0,0.135431558851339,0.254642410027183,0.199919732245169,0.161204378198057,0.0873701067121309,0.0313508831549578
818,2.4274726963813,-1118.27993894553,-1119.49367529372,0.47298686368328,0.113568920633172,0.0164571475195717,0.111621492459175,0.285365575704801,0.131439469068268,0.151637268211713,0.0954650387867124,0.0237963178577068,0.482419133838412,0.11389036601334,0,0.121190294414053,0.282500205734195,0.134565925166946,0.164610447947633,0.0987605491432086,0.0236810420905797
819,1.95458142504958,-1046.97571940394,-1047.95301011647,0.407004469802068,0.19693877148787,0.00964976304025969,0.170149944436675,0.216257051233128,0.0485264374946509,0.141383844620754,0.11163192760016,0.0214946439542873,0.406270911753938,0.196745590234343,0,0.17644954253662,0.220533955475099,0.0530322198340932,0.142619800155293,0.113120678761743,0.0214807431804688
820,0.948864574033905,-1095.02534597837,-1095.49977826539,0.36238373241322,0.144453903595326,0.0147829520689041,0.224328234548601,0.254051177373948,0.129630925292943,0.178687960081755,0.102140680166922,0.00476366273676661,0.367429770222097,0.14443413753181,0,0.235610195379261,0.252525896866832,0.130688931263029,0.180098628985606,0.109147812123208,0.00476568960955395
821,0.334721104988148,-1158.37251842641,-1158.53987897891,0.450892992619453,0.117572711983082,0.00877611254032252,0.120904961671376,0.301853221185767,0.0626089975855101,0.157045871761238,0.138113677339543,0.0265880905562816,0.454571886617836,0.117201229191225,0,0.126677676303455,0.301549207887485,0.0640798790704412,0.157197989543791,0.143886890867785,0.0266107726817456
822,9.77621539277607e-06,-1113.00748093097,-1113.00748581908,0.500418563310847,0.137211464903378,9.66744550305213e-10,0.125940718923166,0.236429251895865,0.0224813508674947,0.218837997521695,0.122224864128876,0.0132884785639881,0.500420157732588,0.137199486102441,0,0.125941308753509,0.236439047411463,0.0224784553316597,0.218840589789399,0.122224701636035,0.0132884642371204
823,0,-1140.34687711188,-1140.346877069,0.41738097551355,0.166684466293967,2.10996019157271e-10,0.171790493453355,0.244144064528132,0.173776622795822,0.184521952293205,0.119470565211667,0.0436055588522337,0.41738103932843,0.166684396486441,0,0.171790509086466,0.244144055098663,0.173776735333829,0.184521917801432,0.119470540681588,0.0436056288300161
824,10.188792246036,-1041.33029351427,-1046.42468963728,0.435369632218534,0.182583693898542,0.0447059713234031,0.149585140070239,0.187755562489283,0.0580433074945308,0.19356700857833,0.0762720819289952,0.0338282796649259,0.449093028324825,0.182892778538067,0,0.174874904040903,0.193139289096205,0.0791441652593805,0.203811672101114,0.0839219957002102,0.0335100359418352
825,7.68413883633912e-08,-1092.65525904528,-1092.6552590837,0.360254666870409,0.172447275251256,7.13378652005861e-10,0.180488744108469,0.286809313056487,0.0860869712927551,0.115745453255731,0.115497877677693,0.00981391381478004,0.36025467070372,0.172447241589413,0,0.180488810511718,0.286809277195149,0.0860868061759476,0.115745484537948,0.115497941436585,0.00981394332682919
826,0,-1125.41850142373,-1125.41850137105,0.400460472102266,0.114124104275977,1.84531721205174e-10,0.224991944031847,0.260423479405378,0.0969189660781509,0.206179006897239,0.11268721789903,0.016372159258418,0.400460451840801,0.114124109148754,0,0.224991952398285,0.260423486612159,0.0969189883767099,0.206179001107415,0.11268722103325,0.0163721580408429
827,1.23872827008881,-1060.42758945751,-1061.04695359256,0.358791941001299,0.198869440508,0.0147140212797665,0.196687033505798,0.230937563705137,0.11144716205312,0.11506033422815,0.0986504064973081,0.0175621671079183,0.365003022226881,0.197661558557159,0,0.207461145673157,0.229874273542803,0.10488633999555,0.11490326687056,0.109288794449115,0.0175617470318298
828,4.30027078230751,-1092.26782080582,-1094.41795619697,0.435023396440949,0.0934033242453468,0.0221733031007278,0.179265834504558,0.270134141708418,0.0777693882458237,0.139378716512998,0.097465056819269,0.00462791001205983,0.440083419186638,0.0932366256826768,0,0.193166923806985,0.2735130313237,0.0801964209522601,0.14373029525659,0.103627580840308,0.0046182748930433
829,0,-1169.3572474468,-1169.3572472502,0.353614106530226,0.172332060080649,1.47924428271904e-08,0.166087247994795,0.307966570601887,0.108006432702531,0.187009300908449,0.133085443303594,0.0204975899272528,0.353614014629112,0.172332236064183,0,0.166087685622179,0.307966063684526,0.108007322505006,0.187007075250297,0.133086146251729,0.0204974212617854
830,4.67972165334959,-1177.08280524098,-1179.42266606765,0.351207019683044,0.148002125764507,0.0321905772353975,0.188130397596236,0.280469879720816,0.297500863267761,0.137508666338142,0.119867060217026,0.0406228851467903,0.352826571947778,0.148623273809645,0,0.210239739178462,0.288310415064116,0.321620234778,0.135731459737829,0.128170472682486,0.0403213083015765
831,3.88322405342478e-08,-1028.86332248423,-1028.86332250364,0.464988070399322,0.103721653977351,3.50009707327237e-10,0.234279421655979,0.197010853617338,0.107660319784586,0.0984066997451156,0.0924873096293242,0.0349228432676585,0.464988069535639,0.103721652448621,0,0.234279425914797,0.197010852100943,0.107660318859066,0.098406699481183,0.0924873098042489,0.0349228435700348
832,3.11567137680049,-1135.89374716232,-1137.45158285072,0.42450707783306,0.144708965365472,0.0468134246480376,0.109087123570664,0.274883408582767,0.356159607961136,0.146185055365507,0.135347457866212,0,0.428016428411343,0.14791675601595,0,0.149253716786982,0.274813098785725,0.457563387468179,0.144631276289649,0.144538231672089,0
833,0,-1073.50470476233,-1073.50470472528,0.433904563274446,0.114927029496153,2.12464918011883e-09,0.239192159392541,0.211976245712211,0.000496605442804139,0.178656712962067,0.116214951145369,0.0302866103760911,0.433904566812591,0.11492706408409,0,0.239192130177168,0.211976238926151,0.000496611816360705,0.178656758999397,0.116214961154313,0.0302866118418272
834,0.177578424134936,-1140.38346787283,-1140.4722570849,0.447987892943941,0.133875925620932,0.00629574307255169,0.168480885409279,0.243359552953297,0.0608276813048887,0.198149494506617,0.148652308740891,0.0306184447111623,0.449704287665681,0.133941542614673,0,0.172453398919,0.243900770800645,0.0623638663059685,0.197731400228631,0.150696560773306,0.0305849626640992
835,5.55798555978981e-05,-1058.0719600049,-1058.07198779483,0.438268123425926,0.166026748288182,1.34672310313273e-05,0.157523117281262,0.238168543773599,0.10976855950794,0.14970258175463,0.0817017296568487,0.00929614049829158,0.438272241269605,0.166025771608827,0,0.157531865174532,0.238170121947037,0.109774938113128,0.149702033238161,0.0817018441645256,0.00929634224353269
836,3.78885608017845,-1084.25776478866,-1086.15219282875,0.359157673906388,0.158479673181626,0.0069748883273259,0.167427223711678,0.307960540872983,0.0665090083419747,0.141292811636823,0.039767350375072,0.0116448699366708,0.360483014797092,0.158077966074396,0,0.172522041203072,0.308916977925441,0.0657057738088117,0.140924248543968,0.0451089936760685,0.0116417209559767
837,0.252384609925684,-1090.49913542321,-1090.62532772817,0.392421826325811,0.167188832718488,0.00772661937399041,0.211184003580052,0.221478718001659,0.108205035023972,0.136309999777069,0.128753142742458,0.0388472516443782,0.394201776242778,0.167551166744045,0,0.216778938718354,0.221468118294824,0.111830240047677,0.136333930411356,0.131833596000072,0.0388449891889476
838,0,-1141.55378815901,-1141.55378808425,0.398980952718358,0.167215812275599,5.97694893775536e-10,0.139065140977135,0.294738093431213,0.156976628439163,0.134190393491805,0.133962289436774,0.0370326211286477,0.398980953005823,0.16721580603278,0,0.139065146499143,0.294738094462254,0.156976620501525,0.134190383606133,0.133962279238061,0.0370326215966664
839,1.0809208106366e-07,-1134.95591256858,-1134.95591262262,0.437417685384906,0.135559522426117,1.11449308307412e-13,0.175588152664482,0.251434639524383,0.18644101166291,0.206139342363573,0.121586445808871,0.0189573135792999,0.437416331956661,0.135559576195295,0,0.175587466610657,0.251436625237387,0.186440066767422,0.206136370823445,0.12158617223683,0.0189573265340556
840,0.463988438746128,-1125.51106917233,-1125.74306339171,0.397833418393676,0.198937756261354,0.00760306184448343,0.151063364844529,0.244562398655957,0.299101918056886,0.179315399592024,0.132095544859988,0.0230263614214413,0.400498166744897,0.199205492802608,0,0.155744933769123,0.244551406683372,0.305995205241238,0.183936696046393,0.132070161685812,0.0230261940012785
841,0,-1076.4321135536,-1076.43211352275,0.431189572209985,0.0831135209137816,8.9277275910304e-10,0.248094233425366,0.237602672558094,0.171775525539127,0.109043006628398,0.131006862422717,0.0267991115945539,0.431189570485871,0.0831135248584674,0,0.248094229044762,0.237602675610899,0.171775502668269,0.109043001171934,0.131006862238144,0.0267991107798736
842,1.21841293336593,-1138.06095285531,-1138.67015932199,0.436729831156569,0.090040446383711,0.0131333811809031,0.153964777936633,0.306131563342184,0.144821883260495,0.178794162489833,0.0477416818197803,0,0.440693527776336,0.0893221132316833,0,0.163778541326693,0.306205817665288,0.150088067115822,0.178660135603852,0.0557063818938463,0
843,0,-1138.30848231067,-1138.3084822631,0.327701380587988,0.198295575374767,4.15660875191014e-10,0.244082043911235,0.22992099971035,0.117986477756801,0.252999653273296,0.158786348219187,0.0259442789081087,0.32770139975353,0.198295584015541,0,0.24408203676852,0.229920979462409,0.117986479832232,0.252999642974125,0.158786360061745,0.0259442865017674
844,1.64218818099471e-07,-1164.79133318997,-1164.79133327208,0.412521015719597,0.119776484985284,3.94482964069261e-11,0.180825120098876,0.286877379156796,0.300729117570553,0.141754348859007,0.137738038298126,0.0343879940714681,0.412521035378726,0.119776507990018,0,0.180825134885229,0.286877321746026,0.300729400137248,0.141754381646689,0.137738023859948,0.0343879764394113
845,5.78602259726767,-1092.87963960966,-1095.77265090829,0.501023165806219,0.0975995664209427,0.0301387266711059,0.137441056035448,0.233797485066284,0.0765509975240481,0.151062953729536,0.148338925190153,0.0207624349560181,0.509955953396302,0.0971614012668902,0,0.160191451990554,0.232691193346254,0.0818381787274585,0.159499883646534,0.159010765490658,0.0207437296337929
846,3.24020172398741,-1136.27212194617,-1137.89222280816,0.423785577254308,0.168141397722656,0.0268244562579511,0.122465472332248,0.258783096432837,0.0563899056314178,0.179952528704736,0.131739989566331,0.0429132642378392,0.433833874408908,0.169106889010269,0,0.140511065924961,0.256548170655862,0.0563285806256632,0.201716836615786,0.133565483427196,0.0428696611565121
847,0,-1092.0823643037,-1092.08236414388,0.411886070295249,0.182137204568975,1.29957854023657e-11,0.166376510026279,0.239600215096501,0.194942828714547,0.156470627742251,0.0937713284133355,0.0236033249104597,0.411886218934712,0.18213699823947,0,0.166376762345344,0.239600020480474,0.194942901368909,0.156470409740608,0.0937716040514499,0.0236033993836964
848,0.573767184338976,-1112.06963977462,-1112.35652336679,0.456336490620516,0.140791009753134,0.0111264923069065,0.154651340703928,0.237094666615515,0.0300863174113705,0.202871672987196,0.0889856939250623,0.0470818686333408,0.459253793538377,0.141409229231621,0,0.162920349538165,0.236416627691837,0.0360702558147633,0.206957735660134,0.0920708039581961,0.0470952865166715
849,1.88169041165929,-1123.01150059377,-1123.9523457996,0.453210685447329,0.136847795113135,0.015666258778484,0.152240810946679,0.242034449714373,0.206430193095856,0.194950315588136,0.0940076842392803,0.0309087769863087,0.462751157905883,0.134685361833699,0,0.160608657486393,0.241954822774025,0.201171889616556,0.194799837536364,0.106954490752966,0.0309069767766632
850,1.67261517660745,-1073.48484434557,-1074.32115193387,0.511690956503929,0.0848219757649024,0.00950245996306843,0.155968317907289,0.238016289860811,0.137802700546874,0.123952073083368,0.0733659149804177,0.0338392796253995,0.5183248341836,0.0843181884083192,0,0.160287337905516,0.237069639502564,0.134880970661732,0.132223474307938,0.0755442836280299,0.0338327940448776
851,1.24540292745223e-07,-1069.31247689608,-1069.31247695835,0.495958088003223,0.0899505445684359,2.62366766072474e-10,0.194031028815093,0.220060338350882,0.0569239863208503,0.165603450966516,0.0977355370789215,0.0182644540630007,0.49595765932683,0.0899508661673141,0,0.194031051504859,0.220060423000997,0.0569239664705631,0.16560311976277,0.0977355009512723,0.0182644940758001
852,0,-1143.3410159035,-1143.34101584526,0.384556624203168,0.143976037430459,2.76173412013971e-10,0.195060758724868,0.276406579365332,0.133456383196647,0.192086935292677,0.139361378510921,0.0176384863835008,0.384556618521763,0.143976040528446,0,0.195060759193152,0.276406581756639,0.133456385679065,0.192086932053969,0.13936137302829,0.0176384894105302
853,4.04926504415926e-06,-1036.1906808504,-1036.19068287504,0.50331637569175,0.151378918830673,2.90863752076821e-07,0.192611101419423,0.152693313194402,0.0982649966779401,0.179976600271379,0.117651121345673,0.031628549284,0.503316549953124,0.151379139324411,0,0.19261110147719,0.152693209245274,0.0982646784470006,0.179976324070144,0.117651383333355,0.0316285036720235
854,0,-1084.49202499291,-1084.49202497025,0.392759235644098,0.18359101770575,1.97000991034939e-11,0.171941249058241,0.251708497572211,0.116270655169542,0.175846823854834,0.0666898729206977,0.0193535361735588,0.392756519042064,0.183591137331141,0,0.171942103755195,0.2517102398716,0.116270755604964,0.175846478157666,0.0666896622666592,0.0193534402923414
855,0.0337361622086974,-1083.91372014123,-1083.93058822234,0.47275340338678,0.0918772999921407,0.00349043693535973,0.233755965231954,0.198122894453765,0.108686450540324,0.175657081647601,0.096292882945603,0.0318551335233606,0.473584271804734,0.0918045867944416,0,0.236089371879263,0.198521769521562,0.111675120490512,0.175652988469296,0.0962341706071614,0.0318519336136449
856,0.125806424147413,-1033.4518695146,-1033.51477272667,0.451242591339943,0.161387629323798,0.00485199928550787,0.198016238028794,0.184501542021957,0.0648834644909739,0.125712245677476,0.120539867890922,0.0414330026842456,0.452354903351795,0.16107635752707,0,0.201655618759982,0.184913120361154,0.0642417671681179,0.125677914101935,0.121997205688523,0.0414067752744938
857,0,-1130.37644658126,-1130.3764465386,0.442499026911176,0.112853101146831,5.69319917649422e-09,0.184829220596324,0.25981864565247,0.0986198938773922,0.254114751486626,0.145415476415175,0.0161726805625099,0.442499032139048,0.112853094299158,0,0.184829222756087,0.259818650805707,0.0986198725433319,0.254114751238209,0.145415472172408,0.0161726801544461
858,0.160946124261045,-1143.88103721181,-1143.96151027394,0.420338407643799,0.116755468881417,0.00707400631350511,0.154334152504174,0.301497964657106,0.109391428482259,0.149676544035721,0.0740716148334303,0.0421592371468422,0.420120467739595,0.116841134345945,0,0.160118626462705,0.302919771451756,0.112845982182486,0.148523082569153,0.0760705669186542,0.0420897399695286
859,0.27871679245527,-1147.05413649593,-1147.19349489216,0.425542833385653,0.094841122589628,0.00445569880908706,0.141414089873881,0.333746255341751,0.0170218416430875,0.136787300411887,0.0826385376334377,0.0213360078164183,0.428145730666905,0.0947138477677909,0,0.144004164331157,0.333136257234148,0.0211955439866035,0.13694595729851,0.0858234930411136,0.0213384992325246
860,0,-1118.14181576174,-1118.14181232936,0.460437694272862,0.115284411904998,3.52657686378294e-08,0.172784178487469,0.251493680068902,0.0571520054470432,0.176902459857384,0.134649466739313,0.0175862084486272,0.460437707974056,0.115284414662772,0,0.172784184834296,0.251493692528876,0.0571522146965843,0.176902425694193,0.134649479550509,0.0175860760662645
861,2.47770145471122,-1087.06533298142,-1088.30418370877,0.478938915793943,0.107400439696381,0.012564051607429,0.145633640887335,0.255462952014913,0,0.1196411919879,0.105099688725787,0.0174749626158558,0.479716944600102,0.106942745556002,0,0.151127041387985,0.26221326845591,0.000311718902939089,0.119212317688875,0.104382673638516,0.0172956836023059
862,1.20276028384797,-1164.72510170058,-1165.3264818425,0.378911480562453,0.151704639645972,0.0199668685121773,0.195960791390289,0.253456219889109,0.123881969308884,0.147403195198349,0.140525364252558,0.0521177903317588,0.389423326865497,0.151039249580847,0,0.205810203563575,0.253727219990081,0.126774567373625,0.151386684730773,0.145614781565427,0.0520807981835941
863,1.17838301747452,-1082.47166223443,-1083.06085374317,0.47970868425676,0.107159731328714,0.0151108740487526,0.180273093658443,0.21774761670733,0.129606547755593,0.15765812790368,0.116287682444722,0.0142951750899198,0.484367435458172,0.107186668510233,0,0.192827091972394,0.215618804059201,0.135486571319174,0.157973383422755,0.123322964592168,0.0142964085640955
864,8.64074536366388e-08,-1129.60154525501,-1129.60154529821,0.317073921005348,0.187427596300733,2.98411345939811e-10,0.20140455664847,0.294093925747037,0.0905675192671527,0.122902974744985,0.104128008965098,0.0332700071894735,0.317073912711793,0.187427510765372,0,0.201404723943758,0.294093852579077,0.0905673432957918,0.122902842265103,0.1041279849226,0.0332699630367119
865,1.18038438345002,-1175.11222933309,-1175.70242152481,0.40903054000958,0.122615543427366,0.0124248565662696,0.147946761855459,0.307982298141326,0.0363028088373342,0.166101466114592,0.142973060733235,0.0229411305754943,0.414028564346622,0.121720307017707,0,0.155264715970502,0.308986412665169,0.0339101173502328,0.172044594395233,0.145192959298081,0.0228788088325296
866,3.12623802114331,-1105.84720870329,-1107.41032771386,0.469662243532635,0.117721229197229,0.0183311284403641,0.113853304197703,0.280432094632069,0.137403531299884,0.146400766121381,0.0709289322782945,0.0191722258270852,0.472622321255024,0.116283203514078,0,0.125137114028006,0.285957361202892,0.125326145753215,0.147592230991099,0.076061315220123,0.0191433847706739
867,0,-1141.05588226479,-1141.05588224508,0.392058047498136,0.135352072089174,5.40138535947249e-11,0.169921530430311,0.302668349928365,0.0790457759281342,0.176693921627357,0.118946066227732,0.0283115223894888,0.39205832172492,0.135352038942235,0,0.169921358681396,0.302668280651449,0.0790457457586858,0.176694160226422,0.118945972947687,0.0283115203517058
868,3.88480153057708,-1065.47739766743,-1067.41979843272,0.465563042399975,0.133626589713183,0.0222954647042127,0.133375768652554,0.245139134530075,0.155234806008577,0.150716198069953,0.0609687795393827,0.027589324643074,0.471499269808591,0.132206703496237,0,0.143998533357103,0.252295493338069,0.146088561724804,0.155769256110876,0.0608710142925561,0.0275560564619802
869,2.89155239595084,-1133.68172209272,-1135.12749829069,0.445066603675757,0.148776513461501,0.0282552101636471,0.127464678615634,0.250436994083461,0.190161193381341,0.193180734168962,0.0860808573812593,0.025981656486624,0.452102970536664,0.149832411306209,0,0.150762276500108,0.24730234165702,0.210821613726854,0.194942112756017,0.0990227376590506,0.0259994999949036
870,0,-1147.39228817371,-1147.39228815727,0.434263428344212,0.134919504083115,3.06380870403052e-10,0.142208031906371,0.288609035359921,0.101918507537494,0.158422152397815,0.0997911455635162,0.0372619731151244,0.434263428364272,0.134919503946975,0,0.142208032505346,0.288609035183407,0.101918507578024,0.158422154703387,0.0997911452312975,0.0372619729482578
871,1.79313970339081,-1129.53204305465,-1130.42861290634,0.397879360517126,0.15925019973966,0.0185384062167825,0.123440441114869,0.300891592411563,0.0962689742291194,0.137343773360261,0.0702576867500642,0.0210601182512105,0.407442354856216,0.158387074663296,0,0.135077718206402,0.299092852274086,0.102233693231352,0.137462909908874,0.0805993692062729,0.021058113249539
872,3.73376478819409e-05,-1028.23205340268,-1028.2320720715,0.4825344052559,0.146696498616898,2.30108984226741e-06,0.157373967699024,0.213392827338336,0.100912750236714,0.153766079439727,0.0792542590107414,0.0136281632462253,0.482535244380811,0.146696627872616,0,0.1573759595138,0.213392168232773,0.100914174405988,0.153765740649551,0.0792551689607614,0.0136282190931002
873,3.00707919598426,-1175.14689406195,-1176.65043365995,0.480629688295117,0.0839923254393102,0.024717197620572,0.0934297535150195,0.317231035129981,0,0.118569932936499,0.146572492564188,0.0409717212683171,0.478886612838665,0.0849339867994703,0,0.118918322801335,0.31726107756053,0.0983135633347374,0.114905030840393,0.152565041608365,0.0409706130217061
874,0,-1149.50971796568,-1149.5097179266,0.451262715417445,0.0899434313160679,3.66907508665439e-10,0.188763079746711,0.270030773152869,0.0880954878273871,0.175907034336472,0.111093981011381,0.0363132456821253,0.451262711814047,0.0899434307020122,0,0.188763080449856,0.270030777034085,0.0880954798157779,0.175907045106654,0.111093986707393,0.0363132480933144
875,0,-1185.5540444919,-1185.55404217005,0.37935274248531,0.180202063273182,3.44251818241043e-08,0.112539075483384,0.327906084332943,0.134130234650091,0.178355862016492,0.152392608886239,0.0360921320795075,0.379354359598645,0.180200497204682,0,0.112539139342088,0.327906003854585,0.13412663195157,0.178358859905731,0.152391433069558,0.0360923077605663
876,3.60640312446367,-1144.85754593092,-1146.66074749315,0.447996593292969,0.124445831804844,0.0231607454843238,0.121788943157196,0.282607886260667,0.0614829390936265,0.189716508281311,0.075500026834672,0.0474689486652608,0.458233784632092,0.124888607151671,0,0.13701894803126,0.279858660184977,0.070960351741097,0.189260532597861,0.0942511630960075,0.0474637493334887
877,0,-1048.5278135113,-1048.52781346924,0.523901561725064,0.125871177937649,1.60892819784242e-09,0.18660645654227,0.163620802186089,0.112356997428273,0.140381777274349,0.20486338367847,0.0231280582966869,0.52390157730174,0.125871203910449,0,0.186606429494996,0.163620789292815,0.112357013822688,0.140381780033783,0.204863391934506,0.0231280594455581
878,0.159053869712352,-1130.53329982707,-1130.61282676192,0.496218570628567,0.0981588822772868,0.00655488987785229,0.129048632475593,0.270019024740701,0.0461988686244924,0.164365937240742,0.0957602036174926,0.026862962181911,0.498051522982162,0.0980885103881624,0,0.1340435483972,0.269816418232475,0.0438427071889052,0.164891275974069,0.0997928138903171,0.026847671114893
879,0,-1166.85924425071,-1166.85924419968,0.46930313787212,0.068410342579977,3.08773834514021e-10,0.155290461763026,0.306996057476103,0.0396689531191146,0.178841388619647,0.0904303446634812,0.0232822462719373,0.469303134791965,0.0684103401952855,0,0.155290467565436,0.306996057447314,0.0396689673332661,0.178841379252979,0.0904303432579067,0.0232822421655757
880,0,-1110.74261901111,-1110.74261896786,0.471340100993623,0.0943219032453985,1.14450396237885e-09,0.194163111364746,0.240174883251728,0.0785976676875878,0.175414023838706,0.105664414246439,0.0313325654275086,0.471340272511717,0.0943218125326898,0,0.19416313387441,0.240174781081183,0.0785971358181744,0.175413870873572,0.105664399961807,0.0313325702495412
881,8.48911893806826,-1119.14805778737,-1123.3926172564,0.419356485406529,0.128353749156704,0.0346540892524661,0.158044083770754,0.259591592413547,0.0689527879754276,0.186361253781407,0.120868521642105,0.0256468630966057,0.430580291941098,0.128141207626047,0,0.180404142224187,0.260874358208668,0.0837648521130939,0.202998101882969,0.127954088960745,0.0256516230160052
882,0.103904897883695,-1124.15582714057,-1124.20777958951,0.438698214464609,0.126244078914117,0.00374561441591709,0.166997528494402,0.264314563710955,0.12145602679587,0.139903257567643,0.122007932535952,0.0297489042714938,0.440349813569968,0.126494217354295,0,0.169374558002445,0.263781411073292,0.12451272544156,0.139974039238817,0.124549877819867,0.0297477412037606
883,0.464343657082281,-1049.97949307012,-1050.21166489866,0.457331212464054,0.149609787421202,0.00918795359680029,0.200780126328362,0.183090920189582,0.0839594016605455,0.151010151949617,0.109662738265103,0.0232046259866256,0.461168159963855,0.149460557219223,0,0.206093594954018,0.183277687862904,0.0883670855366939,0.151409810775586,0.112568934468488,0.0231561645658189
884,0,-1067.06996598177,-1067.06996594234,0.416886565636941,0.148324455742622,7.71470907013684e-10,0.185722816749018,0.249066161099949,0.084005806695448,0.119877733016165,0.0910587456067153,0.00480125295711938,0.416886604910203,0.148324374141201,0,0.185722890390235,0.249066130558361,0.084005811074303,0.119877713230136,0.0910587301477459,0.00480126630291299
885,0,-1037.06146199969,-1037.06146197757,0.459616566974019,0.149839909540792,6.59790843042504e-10,0.172369730559166,0.218173792266232,0.0621960158352257,0.195026419151613,0.0897431054388869,0.00818597134748946,0.459616555196983,0.149839907420204,0,0.172369740316998,0.218173797065816,0.0621960263217809,0.195026424985612,0.0897431051450681,0.00818597142184427
886,7.65471668273676e-08,-1123.14097105538,-1123.14097109366,0.516095612004634,0.0496208064350162,2.58069905939933e-09,0.154394049352284,0.279889529627367,0.00207972446186318,0.155030241994349,0.11144369839655,0.0238110023574272,0.516095428782867,0.0496208889086018,0,0.154394140256108,0.279889542052424,0.00207971357529423,0.155030190219654,0.111443645091352,0.0238109999790593
887,0.0670942615975036,-1083.91621840916,-1083.94976553996,0.45213958459877,0.186989620231653,0.00385030299838081,0.118196770773653,0.238823721397542,0.123630776186559,0.115142483697631,0.155660745582479,0.019358636571556,0.453592525798523,0.186773001270416,0,0.121004268036759,0.238630204894302,0.123226242257564,0.115125024151443,0.158252984224738,0.0193598305565956
888,0,-1162.25875047879,-1162.25875043961,0.422641251346015,0.106752557106246,7.66823225421166e-10,0.186793745766017,0.2838124450149,0.0897714707667659,0.153407289937076,0.178234151140602,0.0414480512359769,0.422641250922095,0.106752556204978,0,0.186793746919085,0.283812445953841,0.0897714659458484,0.153407291021444,0.178234154800462,0.0414480513243801
889,0,-1119.52682146104,-1119.5268214077,0.465836958304303,0.136697396559448,1.31779545963286e-09,0.163592185490132,0.233873458328322,0.148483472242779,0.215553176786262,0.135762004581191,0.0228733692909474,0.465836958296616,0.136697396561975,0,0.163592187373453,0.233873457767956,0.148483473705748,0.215553177389968,0.135762005423126,0.0228733693180226
890,4.65337763977095,-1073.5888011064,-1075.91548992628,0.393358096856237,0.201256720353481,0.0226203384075506,0.128881931111854,0.253882913270877,0.0935873254802085,0.145651633404532,0.101512936311724,0.0185337142187178,0.40744197503504,0.200610483171095,0,0.140098402403783,0.251849139390082,0.0917578114380265,0.16507198093416,0.10480885530492,0.0184832706778067
891,0,-1103.78550834041,-1103.78550829503,0.434353425434472,0.161991923799161,1.04397309231975e-10,0.164171439167627,0.239483211494341,0.135416779189975,0.168555986531408,0.0857785217048382,0.0243847721248774,0.434353479008288,0.161991842471984,0,0.164171443810697,0.239483234709032,0.13541661375801,0.168555975762274,0.085778530551168,0.0243847606808022
892,9.69598659139592e-08,-1129.02722469862,-1129.0272247471,0.429374163351971,0.0742177661820455,1.43358765172665e-09,0.199633266593038,0.296774802439358,0.0623858631589045,0.125605106419216,0.0937364762583489,0.0190358527745161,0.429373964497313,0.0742176837800767,0,0.199633758626964,0.296774593095646,0.0623864071235184,0.125605074794264,0.0937365870408457,0.0190358394317741
893,2.12739153037955,-1157.23395152634,-1158.29764729153,0.471282665130052,0.084258899360284,0.0279297405384883,0.158635305833915,0.257893389137261,0.0793591624871062,0.16757430233459,0.168155614168016,0.0354753817722401,0.472018293409744,0.087928779180463,0,0.183523762249871,0.256529165159922,0.14418599982648,0.168014641288421,0.175087651831155,0.0354750636429275
894,6.08815753366798e-08,-1115.19861046036,-1115.1986104908,0.448221277855984,0.111857381465865,2.43806208295854e-10,0.180597805369945,0.259323535064399,0.101663146742302,0.12868741501286,0.172430725028123,0.0333958610375717,0.448221241400922,0.111857328174679,0,0.180597787425586,0.259323642998813,0.101662348263141,0.128687466352993,0.172431018423673,0.0333959132084417
895,2.16186890611425e-09,-1150.652081958,-1150.65208195908,0.360522550543653,0.199888337842221,4.50042758970534e-11,0.141174593883748,0.298414517685374,0.112322522204577,0.128873054092134,0.126171378488514,0.0439156859137727,0.360523170440101,0.199888736048626,0,0.141174213600098,0.298413879911176,0.112325361287694,0.128874064097576,0.126171666548651,0.0439148847235442
896,4.23768597102026e-07,-1151.0500928942,-1151.05009310608,0.465602565403058,0.106561483756216,1.44224034828282e-07,0.164476496675604,0.263359309941087,0.0449820947542285,0.19230095238134,0.130348433558048,0.043473469830062,0.465602787051548,0.106561406324534,0,0.164476646445873,0.263359160178045,0.0449820400389964,0.192301006758705,0.13034834189264,0.0434735412370974
897,0.300127340566178,-1128.78963489625,-1128.93969856653,0.41154227616046,0.105847703615801,0.00498723220523448,0.203842042407662,0.273780745610843,0.125284099238788,0.16883760880433,0.0821068217052692,0.0248735042989525,0.415187057800117,0.105789261853364,0,0.206087192879886,0.272936487466633,0.124885462945682,0.168837865204244,0.0859059800501147,0.0248765106229763
898,1.19679625905974,-1101.14301492758,-1101.74141305711,0.402071426500361,0.145209930182703,0.0194281466820069,0.200541199809027,0.232749296825902,0.0560307983313023,0.186101555947476,0.0958695760601106,0.0460102934099836,0.403377603719929,0.145387660685135,0,0.218242045319596,0.23299269027534,0.0627175298165472,0.186715042715335,0.100514046385297,0.0459915287779071
899,6.51081040193094,-1121.26970201136,-1124.52510721232,0.413061513259073,0.147102987400812,0.0208990208549926,0.123013728169287,0.295922750315836,0.0786476371435094,0.168703122610725,0.0810207646865249,0.00469552906885018,0.429494511491889,0.146141120827536,0,0.132675811046803,0.291688556633772,0.0718581652748088,0.183602544393897,0.0969898784572501,0.00470016151833277
900,0,-1079.59592912488,-1079.59592908777,0.471704853340621,0.141802406172065,6.63139781097552e-10,0.164205105859087,0.222287633965087,0.0731208656106016,0.141099667930371,0.100381739275978,0.0462452924061522,0.471704837940653,0.141802393097706,0,0.164205119318392,0.222287649643249,0.0731208693050988,0.141099667639168,0.100381739669726,0.0462452964355211
901,0.0622868381869921,-1064.83606677443,-1064.86721019352,0.43227922297356,0.108125342954232,0.00326733595665565,0.211912420882935,0.244415677232617,0.0276102816547637,0.141144029217289,0.109065886014334,0.0169557063083341,0.43355655577551,0.107991145653259,0,0.213845509988004,0.244606788583227,0.0274128769700202,0.141105998789823,0.110911744084332,0.0169558242553499
902,0,-1117.94058025698,-1117.9405801713,0.418242948584783,0.19331425153952,5.47616292284964e-11,0.146419860628983,0.242022939191952,0.0317762617017684,0.188562745854519,0.170634574344267,0.0122048861253621,0.418242972315536,0.193314267071784,0,0.146419825325361,0.242022935287319,0.0317762583293225,0.188562732306973,0.170634562309091,0.0122049027804838
903,0.194766349549809,-1137.46984847897,-1137.56723165374,0.441242198025946,0.0591167447815988,0.00609899298386453,0.177265579035062,0.316276485173529,0.031265255493978,0.142885717140716,0.117132305421803,0.0172658496935985,0.442062990811085,0.0596378141692984,0,0.181756168871062,0.316543026148555,0.0401504118446383,0.142508896048742,0.11992190200968,0.0172534676813752
904,3.28525818916023,-1157.88767897327,-1159.53030806785,0.425799630797451,0.110316814189528,0.00768992885792154,0.169544678667352,0.286648947487747,0.060390633904047,0.16035235297486,0.134782683905445,0.0313900051396431,0.431248599658414,0.110892973474118,0,0.174502700545019,0.283355726322449,0.0598499829588762,0.17834702437882,0.135258672517724,0.0314459682181961
905,1.62818840756245,-1097.40948579215,-1098.22357999593,0.429133419989284,0.148971625246578,0.0198264634946294,0.160254124375205,0.241814366894304,0,0.182372131513246,0.0993766367726682,0.0226624772465515,0.434191967276012,0.148772794734809,0,0.175898314494704,0.241136923494475,0,0.184629252639429,0.106704601095677,0.022646457778867
906,0.792690725209923,-1160.7014187094,-1161.09776407201,0.422503868779688,0.0956479740972599,0.00840332959511502,0.189666382975043,0.283778444552893,0.16477466322696,0.143858984330531,0.163227492288685,0.0160875140463123,0.426218748070535,0.0953518673660407,0,0.193979106561813,0.284450278001612,0.162215383027136,0.148994072501858,0.165136554386221,0.0160587686857582
907,0.000134565390453645,-1075.60091839002,-1075.60098567271,0.411591436136166,0.181301266239192,7.13693259764466e-05,0.174129114929518,0.232906813369148,0.0719908975447528,0.160854783511758,0.103848974233182,0.0214902478575276,0.411602504484342,0.181303112279217,0,0.174197756046097,0.232896627190344,0.0720354475068863,0.160853969988537,0.103890355418464,0.0214900919197087
908,0,-1091.62060990936,-1091.62060985992,0.472749671238961,0.11393467198292,1.00446900657296e-09,0.174103739337388,0.239211916436263,0.0295539886802779,0.117511421603749,0.108607649428889,0.051555266111565,0.472749611761964,0.113934641357892,0,0.174103739568473,0.239212007311671,0.0295539867524957,0.117511374230824,0.108607585254769,0.0515552055932012
909,0,-1057.02187947583,-1057.02187943039,0.44262304337227,0.165134559067081,1.76029694246184e-09,0.214570778041756,0.177671617758597,0.0980693650676501,0.150067900460488,0.135492581361235,0.0396496643301179,0.442623049364295,0.165134508896313,0,0.214570753692853,0.17767168804654,0.098069331466309,0.150067875942939,0.135492623786926,0.03964964933125
910,0.088800044162781,-1215.16601951453,-1215.21041953661,0.382236005972828,0.125062248728984,0.00391529473764271,0.13081905603216,0.357967394528385,0.0751881477017168,0.14650505141845,0.143327460893244,0.0218131848211129,0.384498788832129,0.124799907062596,0,0.133337593619008,0.357363710486267,0.0745267252595981,0.146506695385588,0.145990134179864,0.0218154343291425
911,1.02430871443903,-1117.97988651494,-1118.49204087216,0.398693083863165,0.107436146149743,0.0125509524146326,0.20420628254229,0.27711353503017,0.0552511508018284,0.129672496143702,0.114536247706895,0.0189584430858249,0.405425026739348,0.107201818994925,0,0.211519062398555,0.275854091867171,0.0613127114505661,0.130070545506879,0.121821538513619,0.0189277885201213
912,6.58965291222557e-08,-1125.06895717082,-1125.06895720376,0.413361308536291,0.188822753286289,6.16696851694728e-10,0.163594392813154,0.234221544747568,0.133123068539775,0.214912018071484,0.0856390255233864,0.0308748584810951,0.413361637689066,0.188822781874925,0,0.163594197564875,0.234221382871134,0.133122407949462,0.214911823252309,0.0856390893579634,0.030874833741427
913,3.48069777821365,-1159.48917830641,-1161.22952719552,0.390393850140836,0.123896050351641,0.024530510130677,0.180892193047082,0.280287396329764,0.129416159988139,0.121279844026903,0.1201820587401,0.0653435676342874,0.401902120193892,0.122829666754997,0,0.192355697048682,0.282912516002429,0.125304717417755,0.125746073530118,0.128427478881063,0.0651335208616079
914,0,-1089.54429742099,-1089.5442973622,0.41509828887182,0.179568742452583,1.64020719568217e-20,0.148704750071074,0.256628218604524,0.051978480196912,0.138873202789145,0.0934752793401052,0.0274447685532937,0.415098166640588,0.17956886180383,0,0.148704620905989,0.256628350649593,0.0519792303386062,0.138872816560393,0.093475181869818,0.0274448491288959
915,6.43667051530019,-1199.23688914713,-1202.45522440478,0.394394577440577,0.130393103026132,0.0542683487685607,0.119758545348107,0.301185425416624,0.016752330461558,0.18480676681804,0.135167297706596,0.0449701802958437,0.406910553478238,0.129368825412621,0,0.168665464565753,0.295055156543389,0.0615616161137076,0.187111643971991,0.164504261973382,0.0450528827235326
916,0,-1079.28880315643,-1079.28880310739,0.497146632082944,0.160175600570043,6.46302672607529e-11,0.156964440265883,0.1857133270165,0.0843471287167261,0.20141420492804,0.141268858771009,0.0341494845649925,0.497146637458097,0.160175607250915,0,0.156964431312528,0.18571332397846,0.0843471458037206,0.201414203292084,0.141268861777246,0.0341494838754267
917,0.108411783764041,-1138.02425623727,-1138.07846212915,0.41576443797547,0.147161868457513,0.00747774779399009,0.148193683738609,0.281402262034418,0.0930687644391807,0.144892620991298,0.127385737837747,0.0325130586786829,0.416966654008565,0.146915883560026,0,0.154425300613386,0.281692161818024,0.095223267126159,0.144507680130466,0.130370503002148,0.0325122356230571
918,1.29360193287584,-1100.00559793443,-1100.65239890087,0.520797024856623,0.0846318352647129,0.0185625823030773,0.122160422369075,0.253848135206511,0.0794771957745712,0.142058189879929,0.0804466684182327,0.040033802655022,0.525079083258014,0.0846521388085074,0,0.136783223335673,0.253485554597805,0.0833995957779741,0.141963568032048,0.0863282098364641,0.0399873119721815
919,0,-1068.05038924236,-1068.05038919902,0.463598896126472,0.115675568778364,7.39927517028836e-12,0.202238555258893,0.218486979828872,0.282374912660866,0.186146238733323,0.100787503278615,0,0.463598858111509,0.115675583365461,0,0.202238590104114,0.218486968418916,0.282375137263286,0.186146222770415,0.100787501167428,0
920,0,-1179.47704644833,-1179.47704632104,0.388068572738242,0.138611690353789,1.42951325217889e-09,0.197976136733851,0.275343598744604,0.139447840070663,0.170072888892723,0.13735153948812,0.0227099249699392,0.388068720800687,0.138611604431566,0,0.197976035576583,0.275343639191164,0.139447115932813,0.170073262779414,0.137351478014882,0.0227099069153965
921,5.55528709418923,-1087.19245932639,-1089.97010287349,0.447585346498221,0.105403865347863,0.0246034144298845,0.198382751232292,0.224024622491739,0.110233532498906,0.101741268554377,0.095625715658806,0.0409028200679344,0.456629339595714,0.102960086031553,0,0.210580219254941,0.229830355117792,0.0884900249206111,0.103974026176443,0.102548382498687,0.0408017025799654
922,0,-1078.51354815127,-1078.51354811547,0.466183294675357,0.085385721189878,6.97169275229543e-10,0.153371754433966,0.295059229003629,0.0171441057001533,0.109793797785368,0.0796162867019336,0.0129943966485176,0.466183297768684,0.0853857190343709,0,0.153371754106199,0.295059229090746,0.0171441241531553,0.109793799941955,0.0796162875147628,0.0129943966721512
923,0,-1146.68129667765,-1146.68129664086,0.396133445738031,0.132017325724358,3.69670762210139e-09,0.149352447845895,0.322496776995007,0.0397685438761822,0.137852706078969,0.103655389988668,0.00972099458383184,0.396133442977278,0.132017331254913,0,0.14935246713418,0.322496758633628,0.0397685711728533,0.137852727522398,0.10365538785902,0.00972099456487362
924,2.39595387195436,-1021.37506764834,-1022.57304458432,0.424346786509945,0.194666804153815,0.0132387494355938,0.186454755407194,0.181292904493452,0.0898215828360628,0.131916100678424,0.144319119481015,0.0039912003515512,0.437081605406513,0.192512769372596,0,0.190631027645351,0.17977459757554,0.0808303837561908,0.140996288841165,0.148836182533046,0.00399482475375706
925,0,-1152.26838466561,-1152.26838460164,0.432148768977892,0.131512515181004,2.7280212016312e-11,0.176789057762102,0.259549658051723,0.0274107092776853,0.207512944366146,0.132485014487419,0.0382899552991704,0.432148675464528,0.131512552415322,0,0.176789066588503,0.259549705531647,0.0274107077205698,0.207512899305917,0.132484976550077,0.0382899521686989
926,1.07616367473884,-1158.92364979138,-1159.46173162875,0.424374798372057,0.0980829988494904,0.0159125189810016,0.157652604401384,0.303977079396067,0.0364836621505364,0.171986396127876,0.123572364389819,0.0185356689902359,0.426741920329308,0.0986999346065671,0,0.168632533753073,0.305925611311052,0.059045786150722,0.171801073853613,0.122709148408528,0.0185067778662033
927,0,-1147.76067511993,-1147.76067507589,0.484891273936678,0.156801391011174,2.54923436648058e-09,0.11291388002794,0.245393452474973,0.128088435258811,0.240195181392778,0.131898705387578,0.0326473307005537,0.484891259574649,0.15680140654166,0,0.112913880656774,0.245393453226917,0.128088419356843,0.24019518345817,0.131898713682661,0.0326473326518112
928,0.548106724263107,-1094.59303918923,-1094.86709255136,0.455400053184958,0.141523358547973,0.00654852275951164,0.147624247033399,0.248903818474159,0.129357563318643,0.148509453374585,0.0808821186418554,0.0222191141581427,0.458542239038596,0.141314353096629,0,0.150369031023672,0.249774376841102,0.129226852937851,0.152476834514382,0.0808020625917475,0.0221677556973201
929,2.04079924515099e-06,-1131.47881612659,-1131.47881714699,0.430380699702778,0.124181440696786,6.08100681602357e-08,0.211900313193899,0.233537485596469,0.187580751436648,0.137331679250549,0.12547970324982,0.0398745971886207,0.430380424388886,0.124182011515835,0,0.211898436658968,0.233539127436312,0.187581874939836,0.137330449927411,0.125479748862978,0.0398744812726921
930,0,-1096.13916234932,-1096.13916231091,0.361311222785819,0.16188798198109,2.10323482135466e-11,0.193540218089889,0.28326057712217,0.0946343166561338,0.132021733307368,0.060704644895184,0.0334550558448156,0.361311221335115,0.161887981768604,0,0.193540219846754,0.283260577049527,0.0946343171774522,0.13202173164265,0.0607046445332692,0.0334550561389209
931,1.66259306493976,-1098.32387504117,-1099.15517157364,0.44183099849713,0.164792524977407,0.0150186792569414,0.129293924653415,0.249063872615106,0.288531424287147,0.166227453438412,0.0766032037362799,0.019260993634913,0.447281081225653,0.16325462094969,0,0.137889677432725,0.251574620391932,0.2798697383362,0.162657218868336,0.085050283661562,0.0192621156743136
932,3.76044398767453,-1170.63908710796,-1172.51930910179,0.359110267220116,0.115561056651758,0.0557330190550014,0.150434269251109,0.319161387822015,0.196432501580867,0.149275015949664,0.070313553365515,0.0389404903227254,0.363345089488301,0.117398139860209,0,0.201410995389562,0.317845775261928,0.251815911943832,0.151518193963493,0.0864023199040109,0.0389428915683437
933,2.5173875017399,-1123.43593843935,-1124.69463219022,0.381858924666443,0.163741588084056,0.0178049419618246,0.210963512368498,0.225631032919178,0.175748967340272,0.179433537519878,0.104192705328175,0.0427546837781447,0.39266823479675,0.163075200030711,0,0.219243727472992,0.225012837699547,0.18284048830508,0.190437917521573,0.106966367722199,0.0427490567653284
934,0,-1106.73494735936,-1106.73494731996,0.446322816358446,0.158442105159198,1.07010313798819e-09,0.155371462847429,0.239863614564824,0.280099738355844,0.155698913181267,0.126381017526396,0.0240731931925693,0.446322302127327,0.158441993544835,0,0.155371929814951,0.239863774512886,0.280101254885448,0.155698990165174,0.126381980149253,0.0240732250120095
935,0,-1036.12269843041,-1036.12269839647,0.497293560519038,0.0999258802454438,1.44900521682201e-09,0.16334462373989,0.239435934046623,0.0580345208311898,0.107811119354512,0.0917047808745637,0.00880046780979615,0.497293556327639,0.0999258772691217,0,0.1633446161984,0.23943595020484,0.0580346879104145,0.107811099422851,0.0917047893897611,0.00880037400629441
936,3.81899908461492e-05,-1170.35879464152,-1170.35881373651,0.481879333537482,0.116604506752914,3.48460723385865e-08,0.139867124010321,0.261649000853211,0.1148068086713,0.18204873405963,0.186541475258296,0.03739639983316,0.481885093088706,0.116604115220867,0,0.139863478414345,0.261647313276083,0.114807527726417,0.182048667646241,0.186542067923261,0.0373964586650599
937,0.320642784899519,-1110.45051558371,-1110.61083697616,0.385824317948917,0.173894617561971,0.0104930967149372,0.185462400305338,0.244325567468838,0.332651782379237,0.120348371285403,0.0882558696761114,0.0546379445012488,0.390010573101466,0.17288773910919,0,0.193396010423597,0.243705677365747,0.325334023881537,0.12184397059161,0.0930523924093997,0.0546619914587068
938,3.46761119451958,-1063.8600125316,-1065.59381812886,0.433179021571469,0.131935367124536,0.0210555408529816,0.167266442122868,0.246563628328145,0.13503139206007,0.153627949204883,0.0736145880506559,0.0203760388224915,0.436594857558232,0.131436736994993,0,0.180690339406728,0.251278066040047,0.139754214488841,0.15678411007951,0.0780999777730223,0.0203210983202159
939,0.811196540028504,-1101.67716941777,-1102.08276768778,0.438568487060334,0.153133656778947,0.0179202782725866,0.125188074656247,0.265189503231886,0.189938167298004,0.102738241938191,0.119730435329667,0.0283096824930183,0.446114142753316,0.152013706358257,0,0.136165136231191,0.265707014657236,0.188158844799415,0.107305712329223,0.121778640340287,0.028309120941159
940,0,-1113.48289442537,-1113.4828943739,0.471287495114046,0.14295176512196,3.94076730995548e-11,0.139810953434916,0.24594978628967,0.0579482015427831,0.180851454064265,0.116197155557746,0.0203539421521617,0.47128749660561,0.142951753675542,0,0.139810975157834,0.245949774561013,0.0579482017705722,0.180851445448735,0.116197131895218,0.0203539425321786
941,1.18412117444677e-07,-1064.83584912954,-1064.83584918875,0.47846377337206,0.1235541387628,2.97039523372113e-12,0.192089527876695,0.205892559985474,0,0.207345753740399,0.0997055071346646,0.00433281414156895,0.478464069720392,0.123554440434468,0,0.192089199831139,0.205892290014001,0,0.207345678367058,0.0997065508927222,0.00433275131451441
942,0,-1167.7873969978,-1167.78739685214,0.364316810241907,0.111328802187089,4.05651032460576e-10,0.240316946706079,0.284037440459275,0.106397975141969,0.206248873140858,0.0978313169703949,0.0459476925083199,0.364316494728833,0.111328898531167,0,0.240316869370976,0.284037737369025,0.10639725569128,0.206248353373022,0.0978314375535186,0.0459476758195478
943,3.19539879393233,-1185.15186916984,-1186.7495685668,0.415613362000191,0.134358710046951,0.0232561685825906,0.142537267246818,0.284234492123449,0.180059525576015,0.142132342943756,0.163853133306404,0.054492600021348,0.428053180243913,0.133415592020641,0,0.153972104001542,0.284559123733903,0.180886524398826,0.147065985594557,0.174620855996893,0.0544078802578964
944,5.18857632414438e-08,-1096.83684261609,-1096.83684264203,0.401517899620332,0.153545357937481,1.24301441100428e-09,0.224220077090462,0.220716664108711,0.113410104155042,0.166397662237826,0.0947921213238484,0.0617676878660151,0.401517940874783,0.15354533715175,0,0.224219954104874,0.220716767868593,0.113409563273462,0.166398392616761,0.0947920567560985,0.0617675600310747
945,0.464822308652401,-1150.57734931565,-1150.80976046997,0.342539207511011,0.165083137869557,0.0137370720792866,0.158415583963106,0.320224998577039,0.152514329845257,0.201068798768935,0.094589317012,0.0107113542907336,0.345427431005211,0.165379046152789,0,0.166422708974694,0.322770813867306,0.1648502588697,0.20165265598781,0.0935633283674629,0.0106797293565687
946,0,-1122.57311457284,-1122.57311456898,0.469262820815537,0.0848371773341118,5.44379580008695e-12,0.191134296430635,0.254765705414272,0.123666394384688,0.211006003857871,0.115364934860701,0.0213844464302607,0.469263730904159,0.0848364663351157,0,0.191134250009598,0.254765552751127,0.123667028383303,0.211005012774181,0.115365154718841,0.0213844397228523
947,1.83710943298092,-1131.08507508495,-1132.00362980144,0.439080165561593,0.127258782671407,0.016453014814499,0.140811902552184,0.276396134400318,0.132883155595718,0.18210269070109,0.134293479103634,0.00466542241539078,0.448488752982517,0.128269245591302,0,0.151412235596949,0.271829765829232,0.143899905799815,0.200765139008932,0.134350121216805,0.00467352824447116
948,1.70537944390117,-1107.966290817,-1108.81898053895,0.382053971319537,0.106802519841488,0.0187591789923943,0.248852011021102,0.243532318825479,0.0407973570136997,0.12226047540978,0.132222186162839,0.0259554955415042,0.387726719522738,0.107260960772977,0,0.260454839321829,0.244557480382455,0.0715615884829559,0.122138191966445,0.136996846413484,0.0259751500672975
949,0,-1121.13188220973,-1121.13188218103,0.391596547916273,0.123686462420741,3.76980358908859e-09,0.225550356080519,0.259166629812664,0.119231949818826,0.16869722314129,0.135897668314929,0.0262525311455197,0.391596591583867,0.123686471526291,0,0.225550346826268,0.259166590063575,0.119231947770695,0.168697241295521,0.135897652879697,0.0262525358474426
950,0.577708775725114,-1067.40702048148,-1067.69587486934,0.419687161173658,0.161500217121506,0.00797955165838091,0.16178819132469,0.249044878721764,0.0664215964592639,0.157649843885021,0.0738912211837948,0.0208398756183508,0.421797150545837,0.161391291066121,0,0.168386392159697,0.248425166228345,0.0700104339122425,0.15746255074995,0.0780026034789605,0.0208553620279971
951,0,-1124.41236455731,-1124.41236453029,0.461251778195964,0.133398659782306,8.17685998729372e-10,0.17188745319208,0.233462108011964,0.147403114469713,0.201066216563219,0.0934374514941314,0.048910385057645,0.461251776495091,0.133398729894166,0,0.171887330972103,0.233462162638641,0.147403093324484,0.201066180876634,0.0934374381203033,0.0489103680653125
952,1.08861293773953,-1076.91131455114,-1077.45562102001,0.440253210615133,0.17031322603867,0.0185940677242904,0.10263564326829,0.268203852353617,0.204893099085218,0.0978080980136943,0.0898938097510489,0.0136250695658712,0.446342281934394,0.17047939160059,0,0.116536928236596,0.26664139822842,0.215844948930193,0.0973072271256189,0.102988371880948,0.0136075600782221
953,0.205272223687189,-1164.13851100296,-1164.24114711481,0.367990301936546,0.156203801140707,0.00607862829864803,0.201526247234848,0.268201021389251,0.25203641796712,0.234455675173124,0.141841238684128,0.0327380895816192,0.372027227425286,0.155272847695147,0,0.205121303730083,0.267578621149484,0.24871794712822,0.235027905670641,0.146195444876523,0.032746963558737
954,1.75008153746603e-07,-1121.3498429879,-1121.34984307541,0.454641212944808,0.158515714603427,9.38939956391083e-11,0.128994075504291,0.25784899685358,0.113170236879428,0.121408603698261,0.137560835270922,0.0229976603628184,0.454641421232854,0.15851570027765,0,0.128994010388115,0.25784886810138,0.113170576901425,0.121408646741803,0.13756080569972,0.0229976758787092
955,5.9739249991253e-08,-1068.40158503201,-1068.40158506188,0.405665162342023,0.176876951506254,9.65658217080897e-11,0.175242931403691,0.242214954651467,0.124850330375131,0.0676343745088947,0.117675379036909,0.0369474382480549,0.40566540299856,0.176876799642284,0,0.175242647338615,0.242215150020541,0.124849004825117,0.0676343843668704,0.117675413701986,0.0369474313192302
956,0.88176942629616,-1167.15787964638,-1167.59876435952,0.393296549943082,0.149384651491764,0.0193790197117996,0.159998057067278,0.277941721786075,0.164128257436385,0.177206833416096,0.149608111219609,0.0316045622349774,0.395751371376778,0.149062479782564,0,0.176620854439385,0.278565294401272,0.166476119357468,0.176552946815312,0.160173324621821,0.0315709482643691
957,9.67820596997626e-08,-1045.51762526623,-1045.51762531462,0.607784469425915,0.095088569387106,7.10507877341951e-17,0.119570543950183,0.177556417236796,0.0823423800732324,0.178870104742518,0.0864667952925118,0.0327932283982541,0.607784279469438,0.0950889307091686,0,0.119570599551097,0.177556190270297,0.0823426519535856,0.178870105017762,0.086466534429419,0.0327932689981244
958,0.308868143519021,-1023.33036675202,-1023.48480082378,0.462446011441788,0.161421499716616,0.00718633705182137,0.188103873877403,0.180842277912372,0.0620317964049531,0.150999706005848,0.16622743835961,0.00467027902980038,0.466354832406967,0.161137086841679,0,0.191853558549877,0.180654522201477,0.0658441704492954,0.150925540527285,0.169616181957229,0.00467634599757839
959,0.455349075540653,-1129.70516830419,-1129.93284284196,0.479407324261328,0.150805349520972,0.0157487771708007,0.116309956577572,0.237728592469327,0.120562841128098,0.217455407177369,0.103292161741019,0.0413115832532652,0.483992669364291,0.150787101897182,0,0.128005610760012,0.237214617978514,0.130372937024602,0.217232382320364,0.109494389041831,0.0413309737843242
960,7.60251771866115,-1146.44206321634,-1150.24332207567,0.445307472955063,0.0950109925222368,0.0281773276248985,0.129800792591974,0.301703414305827,0.0368145333809655,0.133259749612821,0.152818476725653,0.0219988864921079,0.465184665007654,0.0942849688860961,0,0.141940711040546,0.298589655065703,0.0366049426182372,0.156555260261894,0.162407557788366,0.0219593528922224
961,0.109637612550159,-1115.12658595869,-1115.18140476496,0.455673861790462,0.100009455599545,0.0096028869956366,0.189310506882871,0.245403288731484,0.0580164726863798,0.215398840949152,0.123474880730171,0.0228121394728204,0.455787126119013,0.100310198105122,0,0.198889801777258,0.245012873998606,0.0683892066126401,0.215745703063297,0.125251609284335,0.0228186964550049
962,3.2801757813977,-1064.27779901857,-1065.91788690926,0.431174477598626,0.157854387562746,0.0359678620862617,0.162258119897503,0.212745152854863,0.0743163160607,0.153119236062805,0.125309500018931,0.0164923107273596,0.438199781394929,0.160091937642617,0,0.18816054546669,0.213547735495763,0.113387004139164,0.15054889920451,0.135707776892687,0.0164949381895907
963,0.724568887266287,-1136.76245190843,-1137.12473635207,0.392226079570996,0.139321401516095,0.00845569100168201,0.151999281938997,0.307997545972229,0.182396277183061,0.142781680427071,0.101980239841838,0.0129472364558547,0.392033374652441,0.138570533027031,0,0.155165472770442,0.314230619550086,0.181927097502636,0.140554344468276,0.0997431560739979,0.0129145891545723
964,5.82240318180993e-08,-1127.43016829211,-1127.43016832122,0.458688674500747,0.13733687029728,3.21334959667887e-11,0.135938580713707,0.268035874456133,0.134826335543129,0.174614390748153,0.095569677038141,0.0433076040700795,0.458688765291723,0.137336833376731,0,0.135938734819725,0.26803566651182,0.134826367083136,0.174614657214141,0.0955695631002532,0.0433075047816344
965,1.37720599013846e-06,-1124.55384582277,-1124.55384651137,0.437710324318842,0.0951061081274344,3.00646864846888e-10,0.213522513837984,0.253661053415092,0.150164743327466,0.16971647618209,0.0975450043606391,0.0132346909592215,0.437711666567572,0.0951052926820471,0,0.213521449448261,0.25366159130212,0.150162679138195,0.169716471930939,0.0975445521022849,0.0132347279982498
966,0,-1065.79309260824,-1065.7930925736,0.446631389123208,0.155037537894934,1.15164654899027e-09,0.209279900937904,0.189051170892307,0.0845663617793449,0.181089886315446,0.143468560567663,0.0337496428687833,0.446631390038389,0.155037536820228,0,0.209279904380045,0.189051168761338,0.0845663694904283,0.181089888210252,0.14346855958147,0.0337496422025977
967,0,-1166.25813600153,-1166.25813596903,0.421747802861242,0.080834244737206,2.16273409077827e-09,0.139318924210349,0.358099026028469,0.0931277401490201,0.111126808278358,0.106010210168194,0.00552407987020452,0.421747975396295,0.0808342233027746,0,0.139319038627456,0.358098762673475,0.0931275654463284,0.111126908542848,0.106009969107937,0.00552415070843394
968,0,-1066.09012937251,-1066.09012932608,0.459755906955177,0.171162517908996,2.90598659189286e-11,0.160822626899644,0.208258948207123,0.107716609931355,0.131815838697807,0.141056162012916,0.0228454865010974,0.459755900217346,0.171162510673582,0,0.16082263066962,0.208258958439452,0.107716594815948,0.131815844867017,0.141056164057127,0.0228454868491384
969,0,-1186.3682386931,-1186.36823853513,0.390854284769728,0.171136189602511,3.41394088407465e-20,0.139156165378003,0.298853360249757,0.192458123999508,0.143906083307831,0.212366159245545,0.0257912181663588,0.390854307062188,0.171136206931436,0,0.139156135064252,0.298853350942124,0.192458045471839,0.14390611677608,0.21236612366744,0.0257912052024074
970,0.0449310418880486,-1153.44272527953,-1153.46519080048,0.361785031134304,0.149044388254329,0.0035495867334972,0.204901571491633,0.280719422386236,0.107162330421082,0.173686987102929,0.139627084091555,0.0208687218454301,0.362600904703905,0.148957561838474,0,0.207092587853173,0.281348945604447,0.109521602416795,0.17376478202209,0.139328188139304,0.020853922944268
971,0,-1149.2013128306,-1149.20131277913,0.366940276321755,0.109219797302809,5.71711319037949e-10,0.223684204245399,0.300155721558326,0.0641949259487082,0.133539815508639,0.103823501697309,0.0496958438746902,0.366940274919155,0.109219797672853,0,0.223684203866577,0.300155723541415,0.064194925908877,0.133539815030423,0.103823502230422,0.0496958440548532
972,4.97478029427111,-1140.04282679196,-1142.5302169391,0.409186007017385,0.153758792855789,0.0296512844906812,0.146241673710373,0.261162241925772,0.13208060038021,0.142002357693617,0.0966134149253273,0.0543215206652901,0.42271434612444,0.152427871087383,0,0.163674142958796,0.26118363982938,0.138723947788228,0.151715850781769,0.105204913344199,0.0538366484741091
973,0.823455395327983,-1061.02670945498,-1061.43843715265,0.444197900428924,0.130883567529509,0.0105465816718813,0.209869612035279,0.204502338334407,0.126927960807435,0.128704074366532,0.107812885661314,0.0312861617681759,0.447388208276429,0.130081043175265,0,0.218093362213002,0.204437386335305,0.123492670802662,0.128525506901843,0.112100488560371,0.0312855927320573
974,0,-1139.52091398887,-1139.52091394328,0.373589350528829,0.145300725379639,1.64562198153946e-09,0.181604039610754,0.299505882835156,0.153355770016838,0.201841184731672,0.0759349696379152,0.0264706303776611,0.373589329537445,0.145300666943049,0,0.181604102321579,0.299505901197927,0.153355866793411,0.20184105975703,0.0759349932057022,0.0264706078810439
975,0,-1106.27059615229,-1106.27059612682,0.453612842635094,0.145931600212934,1.04114148545332e-10,0.135049509265227,0.265406047782631,0.06488485219469,0.129341286133193,0.0945032719190163,0.0412348681393711,0.453612845777587,0.145931597157043,0,0.135049507269361,0.265406049796008,0.0648848407982445,0.129341286591372,0.0945032619586513,0.0412348676971893
976,0.806181954011663,-1079.37799565733,-1079.78108663434,0.369353961993135,0.165701958001922,0.0076929093008801,0.185031895911307,0.272219274792755,0.0774340381942247,0.117416065576129,0.0703217934141824,0.0240703246136058,0.371523672673154,0.165541975965177,0,0.189113930936798,0.273820420424871,0.0788946128194091,0.121110838169787,0.0702328839939273,0.0240692213477651
977,2.67133283486191,-1136.7908387524,-1138.12650516983,0.393411379070536,0.180998324633298,0.0155690065923904,0.15925944248652,0.250761847217256,0.126792358139237,0.138662705424004,0.130914184456425,0.0557087588174046,0.393130205782335,0.180969735373875,0,0.169971116122386,0.255928942721404,0.131536567729632,0.139063167478822,0.132992907245523,0.0553587218339873
978,0,-1093.55866884827,-1093.55866880805,0.461208439618186,0.138689990782134,7.73011364004447e-10,0.150368637178205,0.249732931648464,0.109395553831099,0.13987103886017,0.0704749861691015,0.0553949057430809,0.461208441670331,0.138689993261973,0,0.150368633722014,0.249732931345682,0.109395573686391,0.139871041002566,0.0704749844088737,0.0553949060792483
979,0.188473928812527,-1106.08603364013,-1106.18027060453,0.41870802520458,0.130040743295706,0.0055780528656685,0.14475666322031,0.300916515413735,0.0211363896690385,0.102733194426494,0.0869306026544977,0.0288060725939677,0.420550966031986,0.129939693172542,0,0.148475626745885,0.301033714049586,0.0215243697138264,0.102789630328248,0.0892401647603179,0.0287829667349551
980,2.95706555154538,-1138.85671568385,-1140.33524845962,0.424510829853325,0.110250275402804,0.0222470684554633,0.171926347692837,0.27106547859557,0.110601335870195,0.16841283427604,0.117252793207328,0.0249205711147149,0.430901956802296,0.11040571185044,0,0.188415471552985,0.270276859794279,0.11656909186772,0.175300520639238,0.123483151556912,0.024895865990187
981,1.85018507181667e-08,-1037.90309125342,-1037.90309126267,0.52201629152359,0.0840590207792654,2.46801488606628e-16,0.173956303275738,0.219968384421407,0.0359951052618366,0.145526918843252,0.130876253261094,0.00812464510866173,0.522016039698163,0.0840591628168951,0,0.173956054809044,0.219968742675898,0.0359948768190744,0.145526962010918,0.130875716470951,0.0081246120134114
982,0.729630592431931,-1130.71295368175,-1131.07776897797,0.346661582593119,0.142007975373262,0.00658152747935836,0.196384106761782,0.308364807792479,0.189021713056101,0.116067354095519,0.117926002004197,0.0132226169584328,0.348786399870785,0.141577718210021,0,0.198756142847338,0.310879739071857,0.187957564637508,0.118534785754186,0.117575226798748,0.0131931349743666
983,0,-1074.89462019275,-1074.8946201583,0.448403559319942,0.120626672149062,9.6350189430688e-11,0.229879344683293,0.201090423751353,0.190142093888284,0.139210957197594,0.10127064658675,0.0252804102815236,0.448403547054214,0.120626671935156,0,0.22987936063055,0.20109042038008,0.190142090161591,0.139210968620359,0.101270650285377,0.0252804105821336
984,2.09974139331371,-1119.43822100225,-1120.48809169891,0.434049413681865,0.139139003368346,0.0169328542597957,0.191695034395975,0.218183694294018,0.244535235710296,0.150811348728794,0.138848129133132,0.052315510304894,0.443149953746489,0.137908089698237,0,0.201129784941204,0.21781217161407,0.238391894260252,0.156818252566857,0.146835925948929,0.0521572373385733
985,0,-1095.68929510521,-1095.68929508492,0.415182017019452,0.0922847751657428,2.72842005836432e-10,0.252017457022639,0.240515750519324,0.0733747935060863,0.143417980749947,0.110364932131278,0.0390291670641986,0.415181751085912,0.0922848465169585,0,0.252017510696193,0.240515891700936,0.0733753392273254,0.143417931930202,0.110365194622102,0.0390292015676859
986,0.378410566733237,-1155.16388998029,-1155.35309526366,0.426750549902344,0.0861701267299822,0.00956846694226781,0.178439042079674,0.299071814345732,0.080923142719308,0.158014916659208,0.111951791565596,0.0372923850354141,0.428210203661573,0.0858472990580722,0,0.183801978396317,0.302140518884038,0.0826282712248271,0.155702325445319,0.113444530905229,0.0372482317611029
987,0.86239546491197,-1179.42225864453,-1179.85345637699,0.328392413752172,0.159733171841532,0.0177240676372735,0.176582768298098,0.317567578470925,0.111911453354765,0.162788418526627,0.0852017848198618,0.0400273758610712,0.3294754749027,0.159820126652459,0,0.190253768714064,0.320450629730777,0.122862800093,0.161404666879159,0.0858403151483974,0.0399948095342884
988,4.41914835391799e-07,-1139.81345244469,-1139.81345266565,0.438975409105805,0.126508518593069,3.86992494008681e-08,0.154581376356753,0.279934657245124,0.147992680121426,0.115655092479365,0.148986504095357,0.0341765950083033,0.438975426093824,0.126508523488853,0,0.154581382338936,0.279934668078386,0.147992680121426,0.115655092479365,0.148986504095357,0.0341765950083033
989,1.48676917888224e-07,-1070.04724190775,-1070.04724198209,0.47469133337524,0.158874357597085,4.86000993588911e-08,0.179339267657961,0.187094992769614,0.0948929728073442,0.183771615109613,0.103072606495646,0.0406463444760417,0.474691662594367,0.158874336719113,0,0.179339073346094,0.187094927340427,0.094893632898569,0.183771417200761,0.103072329597457,0.0406463501559428
990,1.51369849640878,-1179.49648863454,-1180.25333788275,0.407760473261073,0.081560204318001,0.0143557096959578,0.146885189778482,0.349438422946486,0.09457568450311,0.145855107466896,0.0939814473532726,0.0209863672049636,0.411582031928518,0.0811743697191118,0,0.155372641865016,0.351870956487355,0.0974747196088705,0.150286363494573,0.0971840300528734,0.0209846961479101
991,0.66376399210003,-1148.75704426759,-1149.08892626364,0.324033950672784,0.151759323794336,0.0208746949269073,0.173450294582124,0.329881736023849,0.072753639090211,0.121498124031339,0.0936052907550007,0.0153120144021276,0.325755985736733,0.153204677981877,0,0.192988442253935,0.328050894027455,0.109994094189083,0.123212847606367,0.0977582456974142,0.0153127900976003
992,0.0350990584192914,-1150.27260076267,-1150.29015029188,0.398500119253428,0.146771317407641,0.00251195036073477,0.178416529681833,0.273800083296363,0.0273193058903176,0.164372539585054,0.143886302472466,0.0365645277662809,0.399357507746999,0.146633227818633,0,0.179641653766724,0.274367610667644,0.0269686858362137,0.163877789609095,0.145291370047296,0.0365598930180682
993,0.988278259353137,-1110.44661655986,-1110.94075568953,0.442995947378978,0.104758523127946,0.0119475537269007,0.193585622836808,0.246712352929367,0.0979171626205474,0.202439054881361,0.110975918789254,0.00957158112990584,0.450993110654003,0.10399419842696,0,0.200426552948309,0.244586137970728,0.0939078526754806,0.210559087475542,0.115086936738882,0.00957656352630631
994,0.770864999539299,-1160.91743929604,-1161.3028717958,0.4547663305081,0.140861871621462,0.0112464974964468,0.0778525635758702,0.315272736798121,0,0.19539889697072,0.104321337785581,0.0294415245113869,0.45814398092464,0.140438478335292,0,0.0843318340811628,0.317085706658905,0.00618361091117016,0.195784952924228,0.103946089083919,0.0294210394010078
995,2.51841796266945,-1067.4126994608,-1068.67190844214,0.459014325587637,0.139066017830182,0.0198548137599189,0.150561556743693,0.231503286078568,0.0483671952301144,0.140516820297409,0.0767830000860581,0.0303263355459567,0.466268781260462,0.140317991444335,0,0.163312059533223,0.230101167761981,0.0646790528414688,0.141242028722077,0.0875961457938501,0.0303290136815898
996,1.76594039658085e-06,-1106.7950498218,-1106.79505070477,0.394409458049958,0.158844923680112,8.4512953572331e-07,0.197340184670981,0.249404588469414,0.103516534127536,0.122152490477196,0.14073049528531,0.0154409012428021,0.394409691855076,0.158844958742396,0,0.197340531602775,0.249404817799753,0.10351624877137,0.122152482932531,0.140730865874234,0.0154407315550187
997,1.42508768755397,-1184.97560742745,-1185.68815127123,0.37349742001002,0.11009316783075,0.0158905952446421,0.165410918530179,0.335107898384409,0.0331526927691823,0.202988165521704,0.110326314906295,0.00571118753245472,0.380260589556419,0.110832431361654,0,0.175699340590849,0.333207638491077,0.0585841722700712,0.203873767698394,0.116732616476172,0.00573160523273725
998,0,-1135.18580980382,-1135.18580977972,0.402589573796832,0.122674875863387,1.86693577487282e-10,0.18154002326279,0.293195526890298,0.108158847228446,0.130212736129116,0.12842818794592,0.020469441402981,0.402589572199671,0.122674866070766,0,0.181540043755485,0.293195517974078,0.108158859602493,0.130212744335182,0.128428192058618,0.020469442657299
999,3.95575625589117e-08,-1079.45135236422,-1079.45135238399,0.394529188156047,0.164774854061069,6.26183615270035e-10,0.223026264441386,0.217669692715314,0.026063060469233,0.187576312868466,0.102527055787022,0.0345512716554149,0.394529221767449,0.164774779525656,0,0.223026299333246,0.217669699373649,0.0260630101746741,0.187576372785658,0.10252706801107,0.0345512766648147
1000,8.34746515465667e-07,-1203.91453924072,-1203.91453965809,0.406131928089469,0.0887348291430337,2.7144190144187e-08,0.165844702317622,0.339288513305686,0.115678759717509,0.158441358412002,0.0961439321029043,0.0515894743431181,0.406131939113591,0.0887348315516688,0,0.165844706819342,0.339288522515398,0.115678759717509,0.158441358412002,0.0961439321029043,0.0515894743431181
