"V1","V2","V3","V4","V5","V6","V7","V8","V9"
0.464634411337857,0,0.02247572429088,0.297978965201325,0.214910899169938,0.229734079815993,0.231565426733582,0.0583330387916829,0.0308661448689041
0.473573598163744,0,0.0904744191417599,0.246971274584928,0.188980708109568,0.202970055649,0.189703298838656,0.29734647765663,0.0376268262046573
0.44789733150727,0,0.0330684855932378,0.254707445127527,0.264326737771966,0.165205854740203,0.185566743535323,0.0813849630347723,0.0124517198206198
0.442345775284814,0,0.0484252094196943,0.258327905992515,0.250901109302976,0.212600903148546,0.107591232456497,0.113484803685222,0.0360396626664598
0.520245748871551,0,0.0521321385489288,0.180339379271935,0.247282733307585,0.123979459407804,0.0937335826504233,0.0518572907279208,0.040164172042491
0.521623542326116,0,0.045984743839031,0.174472111477105,0.257919602357748,0.187935186036309,0.175671550025452,0.0531352053506383,0.0124049107944217
0.419567057459827,0,0.0434964949038865,0.281480250842092,0.255456196794195,0.178654766097317,0.145331466328876,0.042559578048213,0.017736354128005
0.478652722269408,0,0.0268545438474398,0.198856873435725,0.295635860447427,0.127884273482891,0.185674270153451,0.0372579756998783,0.0164962503862205
0.46758892114797,0,0.060059547027818,0.251723856316089,0.220627675508122,0.0692978919236475,0.134242131100034,0.0602117317420396,0.02505349309447
0.461101863252293,0,0.0318672788320131,0.241863049103653,0.265167808812041,0.171664316249654,0.0819013096552927,0.0456756743447745,0.0375429617209932
0.527314043816984,0,0.0294913920081566,0.127138837299153,0.316055726875706,0.130625409377793,0.12802106176841,0.0535165777319723,0.0452298686672261
0.352683238774811,0,0.0371996546385185,0.238927381659112,0.371189724927559,0.223749031623308,0.155021687215139,0.114975315931664,0.0183905240637465
0.513822853582374,0,0.0491345405290808,0.175664611414043,0.261377994474502,0.177109515586364,0.0729888704470197,0.0492640672786416,0.0120570042365844
0.477953988859205,0,0.0231274996442752,0.202471061115927,0.296447450380592,0.124297438626912,0.0948129327883752,0.0450612946621257,0.0247422272092837
0.453421158512354,0,0.0481733284258837,0.215025604090224,0.283379908971538,0.203198532713705,0.13729093584137,0.0315882870620255,0.00579205898558911
0.466798748674234,0,0.0638988247486875,0.202477902740935,0.266824523836144,0.100534894670497,0.0956692218494893,0.0604442176464732,0.0121052957080787
0.541210202855148,0,0.0541993411076797,0.218819124039692,0.18577133199748,0.149884462414767,0.177057394472712,0.0469473104838737,0.025754183586133
0.482525825242533,0,0.0526150696124348,0.228201882896973,0.236657222248059,0.170393209382328,0.12599500521279,0.0663225136420549,0.0435821822251369
0.449037536055243,0,0.0401686465182507,0.239609841125508,0.271183976300998,0.185937443901246,0.0863772348713197,0.0739720532615124,0.0215024375981041
0.446933500898983,0,0.0506116924787915,0.232909861975366,0.26954494464686,0.13781157869737,0.152074279172847,0.111972846210541,0.0141778690755137
0.377321239777549,0,0.0667861034329932,0.234937716076716,0.320954940712742,0.147118164980891,0.172338449232182,0.0704147413602004,0.0260260726811817
0.425895836393983,0,0.0232498378836116,0.242748308160276,0.30810601756213,0.160477938212972,0.138438082721877,0.061498990348816,0.0200757694752128
0.472138375028182,0,0.03512118830741,0.26028140887501,0.232459027789398,0.176938781009016,0.164306923326136,0.0263673558439268,0.00887944304700258
0.478333174328726,0,0.0203621911706529,0.232020106969817,0.269284527530805,0.188035916482268,0.0931866310929647,0.0924169772416555,0.0329958619965109
0.394495090381676,0,0.0841473111074412,0.248097075475725,0.273260523035157,0.184115562726935,0.208011814544238,0.0374806939556773,0.0646682459763901
0.474786618700749,0,0.0482515024065826,0.221544488145418,0.255417390747251,0.22482329805884,0.139676016383152,0.0480139830332496,0.016716563529123
0.451455913822955,0,0.0858387037682103,0.196231129326593,0.266474253082242,0.177796101006653,0.163444135443568,0.0716004576279052,0.0444554224151175
0.44803886018926,0,0.0460020151607987,0.167893478548911,0.33806564610103,0.163307815117822,0.179531718589266,0.048635143152021,0.0227088568235228
0.434627796286427,0,0.0820906405167298,0.22477235286136,0.258509210335484,0.153653668009836,0.16874982323291,0.0480154081970586,0.0210855759039938
0.428111275443162,0,0.0397739187346311,0.258799355457997,0.27331545036421,0.175014795816563,0.112675711149928,0.0514605063028034,0.0165832837816713
0.390447538172921,0,0.0491534567239021,0.219685405153051,0.340713599950126,0.206853788644275,0.126656132818256,0.121878521722572,0.0320660940571125
0.490732391184827,0,0.0411511953009788,0.218010570655738,0.250105842858456,0.174258829425907,0.199713864797402,0.0798128953623942,0.0191317329669873
0.472961655525876,0,0.0609615555868155,0.220078874770172,0.245997914117136,0.230305141227679,0.131107103914089,0.0882877779363833,0.0465858420778897
0.457913304213335,0,0.0630853279863968,0.197373573056677,0.281627794743592,0.0836601398435656,0.175209469513116,0.0358584699250953,0.00918631153685127
0.446968722037572,0,0.0616597995430835,0.253622566462335,0.23774891195701,0.109924273546449,0.150702405810557,0.0532017805437582,0.00468043514706399
0.402974697508991,0,0.0724317475991576,0.253492473598194,0.271101081293658,0.183049241347941,0.129014878354293,0.0891061464722786,0.0364392915050706
0.563366161794838,0,1.7745218611047e-17,0.252918986178585,0.183714852026577,0.166896065943781,0.122410335735624,0.215313196841894,0.0366481688005397
0.492521592984689,0,0.0408113935821849,0.237257401315883,0.229409612117244,0.178831663767479,0.116164084073324,0.064423642353146,0.0351795860885435
0.476510294800404,0,0.0670718084639052,0.124858386200078,0.331559510535614,0.0476104266536859,0.217155129481314,0.0733111855244264,0.0312636420049634
0.476359113331872,0,0.0501546266261251,0.192154648107124,0.28133161193488,0.1262082811452,0.177958460734896,0.0476485399785548,0.0322582612069234
0.481177012892589,0,0.0399866352598135,0.322668885569231,0.156167466278367,0.217953409879077,0.148454401748283,0.310123025947592,0.0309928122466588
0.389854887305618,0,0.0568263632867038,0.279581982038626,0.273736767369052,0.23956112383938,0.125198069244753,0.120284797883197,0.0291063357240405
0.456091125974094,0,0.0863735382372885,0.231009056299303,0.226526279489315,0.202831731847444,0.214088191224543,0.131363810477092,0.0469403114994345
0.448837739103415,0,0.0725981649435847,0.204355014731075,0.274209081221925,0.0839358711557472,0.11300691049667,0.0780154713895609,0.032437856582856
0.47017513922816,0,0.0294227785193968,0.224045671963664,0.276356410288779,0.117631112498953,0.0928034590254055,0.0462398361033005,0.0321095350470155
0.469677820133522,0,0.0299723003227937,0.208766814933077,0.291583064610607,0.0940763401733768,0.131533209377089,0.0786577538801727,0.0627447176177702
0.511971826630233,0,0.0522165846344376,0.153756329164494,0.282055259570836,0.133004841501749,0.0920711698989692,0.0318812630427973,0.0257070251743003
0.435953588318889,0,0.0477039576171687,0.218121190736464,0.298221263327478,0.150731837608842,0.0906470312696889,0.0541371511943945,0.0374279880114424
0.534132870867491,0,0.0808541315414074,0.199168788774792,0.18584420881631,0.205771051557088,0.169687371139596,0.228509309901896,0.0325558077262514
0.485954822749163,0,0.0376774574234168,0.215865835032077,0.260501884795343,0.0946458753348187,0.176634209005153,0.0815107912571956,0.0616079460319223
0.44990849715261,0,0.0622100921864254,0.228671027415343,0.259210383245622,0.13176980310745,0.155513612418429,0.0707538580028419,0.0219410931944624
0.384551214209804,0,0.0598709079560437,0.234749131374731,0.320828746459421,0.207378981514643,0.144512575466053,0.0590807395673224,0.0299070128516397
0.464764390456864,0,0.0781172219985518,0.22934521647804,0.227773171066544,0.0860351112089948,0.170023189758765,0.0738014540445244,0.0200269806562856
0.475152869255879,0,0.0378480890082084,0.208989655714077,0.278009386021836,0.112867984983044,0.146983426088711,0.0873189282009052,0.0386777136824685
0.480123604755394,0,0.0219172768888041,0.173426503992442,0.32453261436336,0.157258456941803,0.158678838518978,0.0458869904984238,0.00409766346781928
0.505059033479364,0,0.022302436290533,0.224194965406787,0.248443564823316,0.194047353893168,0.090747372205911,0.130962555293847,0.0226089029483652
0.420805137069803,0,0.0526540158555791,0.239687347204599,0.286853499870019,0.17132493223124,0.201477473582082,0.0383458825269494,0.0296760372165217
0.491571579284908,0,0.00496410936467358,0.206981405613802,0.296482905736617,0.138311776012864,0.163889430280126,0.0623380785531399,0.0374045252873067
0.408177417684972,0,0.0269562657421089,0.313413657266023,0.251452659306896,0.203711924390485,0.164066505431844,0.059907219427777,0.0208601300520089
0.555890132973789,0,0.0266533065233019,0.164393488239905,0.253063072263004,0.126193084924615,0.150224517051944,0.206663861383968,0.0282254834555497
0.490144922574353,0,0.0505231369721725,0.202762012285324,0.256569928168151,0.18320887462792,0.233927546861406,0.0693174004448535,0.0318374018588201
0.480087478061498,0,0.03968089022393,0.218133657840466,0.262097973874106,0.199203699482675,0.166405856545247,0.109600478476873,0.0215570296226144
0.487706371963874,0,0.0356828331446806,0.212865440944172,0.263745353947273,0.137699095750845,0.148412264354172,0.12039487397226,0.0123612052815522
0.520044032854266,0,0.109770272127917,0.146157686463726,0.224028008554091,0.122654733519066,0.135496494815283,0.0921652356622551,0.0864133444061019
0.476362917110356,0,0.0357152013568462,0.240874743412925,0.247047138119872,0.15837998310548,0.148546193913622,0.0744715951308529,0.0283351174869405
0.454580378065745,0,0.0278228980729601,0.222137094389868,0.295459629471427,0.191350077835011,0.207082694506789,0.112220207564355,0.0115622833764597
0.475082896097579,0,0.033232052531366,0.240383784820353,0.251301266550703,0.173633782503867,0.105487432480104,0.124261431226876,0.020400543089794
0.460029289393148,0,0.0864774969369707,0.202356089727055,0.251137123942826,0.218337630053345,0.151660242840053,0.0815182358902514,0.0186034393680036
0.493540288150738,0,0.0415372096874098,0.200603854347149,0.264318647814702,0.159523548988234,0.2226972697114,0.0632247973688992,0.00907799945584163
0.457107887929865,0,0.0281026062063171,0.241676219818608,0.27311328604521,0.108847088010209,0.195641651755819,0.0324259623020656,0.0438098908464961
0.483246428163771,0,0.0704743233709425,0.189961179778019,0.256318068687267,0.0719873460842213,0.156343497999893,0.0870461098471985,0.0348441246662573
0.431391533059955,0,0.0397960427105651,0.30911061571683,0.21970180851265,0.189566202754388,0.152512175369739,0.109538952073682,0.0345485679193529
0.454497977083955,0,0.0429801603663701,0.302512308430766,0.200009554118909,0.160675333087465,0.189751180439274,0.0876757764482322,0.0358294702488704
0.519797434685801,0,0.0392839804154833,0.212554661534128,0.228363923364587,0.190396947099293,0.191477221179758,0.0509588785089342,0.0365705873523232
0.507585862128705,0,0.0494150673148281,0.164233003575817,0.278766066980649,0.228459244682494,0.194558200272084,0.0558505425384565,0.0153560974889846
0.479973746538104,0,0.0545597870227044,0.151505555609887,0.313960910829304,0.26896982708949,0.132740802704556,0.0373928670718504,0.0387343432782055
0.438673736681303,0,0.0779390782337132,0.141485619477962,0.341901565607022,0.144123564992007,0.0993753255799538,0.0638316558400384,0.00917337458908221
0.436527203616754,0,0.0815569976358386,0.17074326152649,0.311172537220917,0.144862994642306,0.183957885528227,0.0722070049361688,0.0203796163483749
0.491681491575508,0,0.0345871592963638,0.260826962732924,0.212904386395204,0.199622005651448,0.155758149535173,0.0728756164573811,0.035464892168269
0.469170779539553,0,0.0875906664576272,0.231151983281201,0.212086570721619,0.211664620982609,0.150419356931256,0.130358251085574,0.0137706695153917
0.510845830921035,0,0.0178418162935488,0.177503645611007,0.29380870717441,0.166625984544793,0.106134084579572,0.111983154684955,0.0101773167343414
0.519029296267836,0,0.0525380591070006,0.222424396441059,0.206008248184104,0.17981115108896,0.161337440044471,0.0598835439559168,0.0414097619756193
0.533117926032977,0,0.0768415284976279,0.212269548495326,0.177770996974069,0.15082891576414,0.186428876951924,0.22957738478856,0.0161476802526265
0.474200900279944,0,0.0647990457330816,0.253714926316195,0.20728512767078,0.214647172307107,0.172975818746466,0.0581341320429019,0.0124131630512607
0.433566033243422,0,0.0281511256490303,0.238128269762142,0.300154571345406,0.197240602181345,0.156661736813346,0.060929064174306,0.0422352443085856
0.427808161751068,0,0.051464573303933,0.200250185362107,0.320477079582891,0.17294356243114,0.129898580261698,0.0543984886714303,0.0211385216572647
0.488874248472953,0,0.031902064663653,0.273901279095774,0.20532240776762,0.147594987107191,0.20516495306437,0.0356715806174507,0.0202290989415784
0.433489136293415,0,0.0379850242707328,0.215038420571988,0.313487418863864,0.170630537943939,0.0981126292848556,0.0337663696536188,0.0299859759377898
0.460939276987976,0,0.0711920255877755,0.207593120532784,0.260275576891465,0.158498405007934,0.143327999277475,0.0802086052473138,0.0307029863780744
0.483441794371816,0,0.0738198757201681,0.235580622849229,0.207157707058787,0.124500320467993,0.130038976702546,0.0784006874003557,0.00690443219255787
0.418654502087403,0,0.0458861890423477,0.265072335982443,0.270386972887806,0.176402049520896,0.134580692214973,0.0509960814291423,0.032768271515024
0.43046126648999,0,0.0487242249084901,0.209840230220999,0.310974278380521,0.248972403404938,0.11330066649526,0.0622627495061487,0.0335117293908903
0.50207379827902,0,0.038176396576152,0.201156770790455,0.258593034354373,0.175100003233583,0.137273963800324,0.0691766971414246,0.0475269074873037
0.470462602906713,0,0.0377209784933183,0.206983076238739,0.28483334236123,0.199755219440414,0.142455587561645,0.0577024181770806,0.0193117666008875
0.504596952512437,0,0.0382826226212406,0.192565667720352,0.264554757145971,0.152411699492209,0.132699733554081,0.104128295920429,0.0323687129468889
0.398391153738636,0,0.0818522809072779,0.260243449182377,0.25951311617171,0.206513524259145,0.159654784911315,0.0333723448158046,0.0270573345313864
0.43038360610597,0,0.0143336503085341,0.263783410794339,0.291499332791157,0.240117890573029,0.123252522926323,0.104314822112888,0.022392537158225
0.468296651653134,0,0.0565566385459795,0.157835801465905,0.317310908334981,0.151171973777862,0.132198685370407,0.0954286556784662,0.0134481331294189
0.582353535347848,0,0.0691339055259351,0.170769465068281,0.177743094057936,0.185788270448576,0.215855715939808,0.145196154517611,0.0245828664322596
0.445633598781449,0,0.0563179511360255,0.221886034182951,0.276162415899574,0.144416216734738,0.172951625977631,0.138051446606722,0.0261887408675028
0.449585601636357,0,0.0806479583788197,0.189391214649359,0.280375225335464,0.162390978360369,0.12354330407989,0.0264035902294893,0.0303677333242476
0.453209661633758,0,0.0628754025424666,0.219838113298731,0.264076822525044,0.202006064396687,0.186288062193607,0.0739766806011685,0.0310816491372609
0.398668059400033,0,0.0605929764548232,0.286869415688817,0.253869548456327,0.151589724713432,0.183429518044507,0.114866115864633,0.0244471503816442
0.498530693992175,0,0.0578399316194738,0.214180475296936,0.229448899091415,0.164934666566626,0.145468532570969,0.109347233279512,0.0457869487262179
0.511489582619259,0,0.0742418636245727,0.170154179641982,0.244114374114186,0.130510759950554,0.175742075404415,0.126117087919665,0.0250971332969198
0.483569181052137,0,0.0498077230047326,0.188997157030773,0.277625938912357,0.190511901329834,0.153765040842668,0.0816911464745624,0.0121579902065216
0.52826884435853,0,0.0435478287628364,0.146257019370246,0.281926307508388,0.163672655287804,0.16881744663207,0.0748958629586708,0.0147949234983869
0.432399987949965,0,0.0512920436560312,0.236471945930302,0.279836022463701,0.146025849414365,0.137082175843963,0.0673985830645372,0.0307105781815957
0.365563040061901,0,0.0734688336411175,0.238882034718786,0.322086091578196,0.184494381842231,0.141846962290203,0.0608480106865707,0.0241995887670778
0.523331598263868,0,0.0759997202977611,0.19891201482138,0.201756666616991,0.235543889455412,0.141738636921615,0.132847147162002,0.0255769173633355
0.498976874978173,0,0.0529079038264297,0.214514149812724,0.233601071382673,0.136509880847351,0.137753150543242,0.0971585873648016,0.0746639588002131
0.439537456159631,0,0.0307650722098637,0.219894048157724,0.309803423472781,0.229742755712279,0.181149756539435,0.0548072590138007,0.0528870718023921
0.476365994639158,0,0.0631875634669509,0.256461845606137,0.203984596287753,0.205528477860437,0.126384832218069,0.0625499505089172,0.0328037618523608
0.5207888876615,0,0.0525202452873467,0.226460584810325,0.200230282240829,0.0947082969088834,0.136270055350266,0.0869866209534691,0.0206579671816035
0.493152525947019,0,0.0815834816741454,0.212839026383796,0.21242496599504,0.18232925497064,0.144860020699406,0.0821758859770857,0.0377640624947934
0.50477659668939,0,0.0375704725006624,0.232936414846833,0.224716515963115,0.265788241941348,0.23639782056612,0.093855538320797,0.0291905382076389
0.430813150634243,0,0.0632839823737419,0.183677147096654,0.322225719895361,0.211746450255223,0.131103704068319,0.0657030962658378,0.00793043285720044
0.466806780452053,0,0.0607660294328838,0.214322100246425,0.258105089868639,0.163558404990296,0.154901312266443,0.0752297482845608,0
0.491567635336902,0,0.0431561802636573,0.152425264274159,0.312850920125281,0.187395676609137,0.168707844670028,0.0572233327544681,0.00404650911804637
0.50668064215098,0,0.00350933750285804,0.226477818262303,0.263332202083859,0.164315005774822,0.13878680050042,0.0801166981690485,0.00821900845688658
0.458352778000683,0,0.043974860268753,0.232041750549913,0.265630611180652,0.154411443716033,0.133600615189167,0.0441450711097066,0.0154767202076836
0.393340563343851,0,0.0878070690820823,0.225610957550244,0.293241410023823,0.118373333564819,0.211867343004352,0.140445793751406,0.0335174467651145
0.46535895908549,0,0.0493200676024571,0.165650687848314,0.319670285463739,0.273861762115518,0.157684337854584,0.0368878617708798,0.00913955121500172
0.416846678078934,0,0.0457337176370984,0.266825151526599,0.270594452757368,0.227574991671927,0.167223450684775,0.106158174933233,0.0335391879967062
0.48724739470511,0,0.0498014566483808,0.181207574135627,0.281743574510882,0.134799716114824,0.141737148746199,0.0684099444065931,0.0356429835214336
0.470815477797636,0,0.0495372238149871,0.168749212075238,0.310898086312139,0.0803925008112944,0.0797286236572332,0.0582286684942305,0.0163745151954447
0.461117594730269,0,0.0589468777250152,0.256074735006996,0.22386079253772,0.142898851510426,0.202256169625759,0.0315732375642827,0.0257318376616723
0.496954377941461,0,0.0331367294061462,0.1997262408416,0.270182651810793,0.172756369930946,0.155068557424308,0.0912363015013787,0.0256175975678733
0.395553884782197,0,0.0432225534591558,0.238610768538036,0.322612793220611,0.115731958457041,0.151610780930533,0.102131816580618,0.0178265938352222
0.401818727520142,0,0.0653038306889237,0.258393477506368,0.274483964284566,0.135521846296626,0.233409262065846,0.333553883715074,0.0249433402259373
0.521490237371533,0,0.110061024373886,0.143449706087212,0.224999032167368,0.0957381883423,0.122160349023045,0.0574437499540379,0.0135896631461941
0.464030141614426,0,0.0523855332575711,0.240602395085093,0.242981930042911,0.147395972333366,0.153918785461809,0.0427462436656138,0.0253640797739561
0.481018958450205,0,0.0457857152168294,0.216395598070216,0.256799728262749,0.136057666657508,0.124182202889844,0.0693488521199295,0.0304567054735533
0.416256248264747,0,0.0862188455239173,0.256393288802627,0.241131617408708,0.158171469017428,0.286841195648466,0.105772552369132,0.025344515489374
0.544783794949554,0,0.0761825480106985,0.161863872914414,0.217169784125333,0.223112769131321,0.201993587549623,0.15244908592901,0.0454082364045095
0.479808365805003,0,0.0537019239240422,0.241408115127334,0.225081595143621,0.174487244999418,0.241255574651665,0.0991594317638912,0.0404837185904412
0.477157945172075,0,0.0363488412030494,0.22097274724823,0.265520466376646,0.139426486017611,0.16543700884219,0.0962127248001655,0.0091797909448541
0.373127207723959,0,0.0504217185502769,0.226151157160351,0.350299916565413,0.219147088721674,0.163199155566781,0.0684378352169751,0.0211398325438745
0.470988837553121,0,0.0557901767395526,0.205970565236019,0.267250420471307,0.11936173764891,0.13260599108569,0.0914924769044025,0.031720735744093
0.521957046193481,0,0.0228214049646305,0.203646364341612,0.251575184500277,0.181145645075706,0.147283419320716,0.080931918882296,0.0177841950758805
0.522650703296968,0,0.0676330913388319,0.197595461291185,0.212120744073015,0.147473324164759,0.153834633083432,0.0530921809109685,0.0367980997578259
0.490845462380993,0,0.0654118746387603,0.17015877398107,0.273583888999177,0.169300498612235,0.219052376586311,0.0520045198282192,0.0306273526166694
0.484582233632711,0,0.0484266029741044,0.202801033774604,0.264190129618581,0.17916278591075,0.130119597364296,0.178445115652581,0.0277351597671339
0.540993523492461,0,0.067366198325567,0.202342908253639,0.189297369928333,0.189967305196148,0.150722668904383,0.0490758659291543,0.064093210101308
0.438719013292852,0,0.0468007668530578,0.286320611411213,0.228159608442876,0.191998180940374,0.150913869988685,0.0793631094695625,0.0426923717558277
0.475756073457613,0,0.094544708870312,0.189899446669717,0.239799771002358,0.19268813698314,0.154329968971962,0.24702229261572,0.0178312987161239
0.481628148824564,0,0.0360160495164996,0.248928141769588,0.233427659889349,0.229489594188403,0.201779279714102,0.0993529708458152,0.0177030488750898
0.445305995064034,0,0.0505489017990111,0.23074806169203,0.273397041444925,0.141888357680686,0.178881280696177,0.0917687620191922,0.0384977769097546
0.56087246303197,0,0.0254486742358969,0.196435011043128,0.217243851689004,0.1502952882892,0.126479492594616,0.0967430259802914,0.00879697901223454
0.514155579371532,0,0.0581650615033515,0.204807625606459,0.222871733518658,0.102952243189514,0.155377477543888,0.101141397239809,0.0437685531467839
0.440171668025158,0,0.0718813662117714,0.289538600224623,0.198408365538447,0.111734420061337,0.15116030270173,0.0870986290682938,0.0750058110479337
0.380343849446802,0,0.0547810922703791,0.277537465473749,0.28733759280907,0.200705048149426,0.178964417957183,0.0730958692086946,0.0440792196157035
0.47636297373364,0,0.0640211661269063,0.202555348080254,0.2570605120592,0.179004115725109,0.128558915524531,0.142704279558962,0.0214785670284227
0.437683411311301,0,0.059686265113859,0.164886903395972,0.337743420178868,0.171403889609395,0.116585273785956,0.053190057522482,0.0289157264562667
0.497501330550713,0,0.065498226051321,0.188048983389125,0.248951460008842,0.0455700269497645,0.138129604426448,0.0650068232421225,0.0281534118048778
0.435212463286164,0,0.0764978399704142,0.217512015130927,0.270777681612494,0.151539786250447,0.188484231884615,0.0387164302280167,0.0329257130439536
0.485916155344016,0,0.0695325551296744,0.127309721985951,0.317241567540359,0.129332007737754,0.141153555325834,0.0664209450791878,0.0165575970205875
0.473785985788546,0,0.0858993742613825,0.192917013534887,0.247397626415184,0.187130027284704,0.110806439988942,0.0552861989743619,0.0254488720199363
0.445062272544691,0,0.0467070384204483,0.202803314986113,0.305427374048749,0.234214346922926,0.133866224644209,0.0396574939580204,0.0168161931147685
0.440155530286116,0,0.0231198266198478,0.158477524690339,0.378247118403697,0.122397126594957,0.153252971142239,0.0436422879869088,0.00573994678707682
0.532427210955969,0,0.0893879754873624,0.209456725967316,0.168728087589353,0.18754104832763,0.164311774386876,0.15021585522975,0.037538714891649
0.518528146501575,0,0.0269727633590804,0.190721155755912,0.263777934383432,0.180669561632065,0.118739414293112,0.0463240998904822,0.0189246006968644
0.522054705114689,0,0.0522045072762633,0.184331252699829,0.241409534909219,0.19445947252757,0.13654479139364,0.052798605949707,0.0388259708453831
0.423486017723289,0,0.0596003747304318,0.263418741933056,0.253494865613223,0.200274562085787,0.128905139110389,0.19528217680586,0.0422335528764109
0.431984020114752,0,0.0609306819635667,0.176043517420064,0.331041780501617,0.141048783791937,0.132624190988955,0.0266757270781564,0.0247241888654904
0.462729397837661,0,0.0662290935372776,0.249124688298811,0.22191682032625,0.291815288547407,0.202179513292559,0.111495928776642,0.0221483645801666
0.481438704943632,0,0.042602204728826,0.244414574597349,0.231544515730193,0.175939324906558,0.208231294691289,0.0438371724289618,0.0172652157741578
0.495325295131029,0,0.0763632057532676,0.19706577562337,0.231245723492333,0.235861307409079,0.130520739499266,0.0686785625698535,0.0157162473164428
0.430150403328846,0,0.0397692242772365,0.229990432561143,0.300089939832774,0.168065358603012,0.17950987750039,0.0940714136868526,0.0393003991625187
0.446896502890118,0,0.0220462569409531,0.182336123322323,0.348721116846606,0.231422348672405,0.179126327706755,0.0674586041571762,0.0225844848582467
0.545183302563398,0,0.0194619600203035,0.137589184956049,0.297765552460249,0.224328073471729,0.212804734856757,0.168046714041228,0.0168187859489274
0.457434882252308,0,0.0868564025024542,0.21028924199681,0.245419473248428,0.199590162015631,0.149037877210427,0.168288778916167,0.0259970906049638
0.418836488746832,0,0.0537029957605182,0.276600420633309,0.250860094859341,0.198955442976044,0.16252704949704,0.0811563705982984,0.0307013642805485
0.49863940226147,0,0.0708561349291147,0.215554540911542,0.214949921897873,0.150813921619407,0.170258211242184,0.0986330586514302,0.0309070516459434
0.538654918974398,0,0.0447308150055915,0.199728559951362,0.216885706068648,0.139726071397432,0.169924200820041,0.0710690753573584,0.0562491894373568
0.414106937260878,0,0.0500287557506587,0.249075318920322,0.286788988068142,0.135960615202295,0.100361972978983,0.057419400970503,0.0300593203167102
0.468469760365694,0,0.0730946029243375,0.164220507414876,0.294215129295093,0.240783500239804,0.169340510809707,0.0592118058661067,0.0318933114207686
0.491565014464458,0,0.0708838273188829,0.18471623481075,0.252834923405909,0.158980042086192,0.162476566226515,0.062476813393529,0.0148748742580411
0.455771465674227,0,0.0504197145844815,0.23613551505957,0.257673304681721,0.200271385638037,0.142091334189232,0.111182539420928,0.0396673242913968
0.418090609882761,0,0.0759426602884426,0.194203399879374,0.311763329949422,0.202132939006756,0.152206522763935,0.0402625551034356,0.041096496887302
0.479510206806777,0,0.0494154361070439,0.201499653766488,0.269574703319691,0.167684350925247,0.153163964779871,0.125164769413544,0
0.475512451228053,0,0.0348359290242578,0.224920938635865,0.264730681111824,0.21154017920701,0.157002936595522,0.11319813599013,0.0122321110325491
0.458089437219071,0,0.0303588035113648,0.246327753122322,0.265224006147242,0.190409384378381,0.120495714026859,0.0626339779217706,0.0270116270371935
0.450306878790821,0,0.0177507054162359,0.291289178114915,0.240653237678028,0.178696655943175,0.175702840058849,0.112957067567877,0.0159922010285189
0.46238302972597,0,0.0421588155032534,0.201911996112249,0.293546158658528,0.138077234136835,0.130576702949509,0.0627273830286695,0.00982111285823501
0.481162879217655,0,0.0658047547237029,0.148848828162416,0.304183537896226,0.157600825253002,0.174238482858425,0.167165331579168,0.04066568829931
0.408058783665394,0,0.101982120598905,0.231760429686086,0.258198666049616,0.140978238971748,0.130378560920734,0.0772066910053686,0.0505033158054952
0.475747002404232,0,0.0295257297043242,0.170810356298873,0.323916911592571,0.189416874820352,0.141998526502363,0.105005309446067,0.00411114599973955
0.440715623073612,0,0.0566080297063482,0.210246088942248,0.292430258277792,0.191377869367669,0.107953009311975,0.0537553121521722,0.0350021592808591
0.425661324340603,0,0.0119124145669962,0.235181205447279,0.327245055645122,0.230800897997158,0.111215866709703,0.0581385870590387,0.0267835512534711
0.511176988408504,0,0.0409842863186029,0.268758225022552,0.179080500250341,0.192647548714244,0.22589509798919,0.153758438634483,0.0421686336745063
0.401887793383519,0,0.0316051360043857,0.265078123267268,0.301428947344827,0.146673811261187,0.158205425061119,0.0633468267388376,0.0419022192067907
0.477739428882146,0,0.0294458618009707,0.216368779708514,0.276445929608369,0.222480750758332,0.119640282856097,0.0569298520067627,0.0258314100538486
0.413755017819811,0,0.0354673234442718,0.274843939005593,0.275933719730325,0.174695079177706,0.16047066689902,0.116901311591482,0.0121493347839467
0.457881924266803,0,0.0684068809535334,0.230795003048615,0.242916191731049,0.119088002949162,0.135539726290939,0.222634197462031,0.0284410413228375
0.510872371188587,0,0.0457002077874879,0.17687182953102,0.266555591492905,0.203542167633589,0.148243954585798,0.108770741386901,0.0215403981128175
0.462425086999392,0,0.0641622693120292,0.194619739924013,0.278792903764565,0.131270672509281,0.1563900917102,0.0783562015429374,0.0161211058694888
0.439557691245176,0,0.0416418185176182,0.302441330578532,0.216359159658673,0.185809034509916,0.210677051478325,0.0555881625550709,0.0200023211969402
0.457649475915884,0,0.00884564012619458,0.216373685849077,0.317131198108844,0.1974400220709,0.107709502558888,0.0328131750737181,0.0302015977937053
0.522539377410305,0,0.0266403301178493,0.219453488261706,0.231366804210139,0.168413261120011,0.136559211271516,0.100515190706792,0.0119978108980033
0.443866631447239,0,0.0992535887472837,0.18946699812876,0.267412781676717,0.177242222720954,0.204727363215993,0.199432510647717,0.0255244945084814
0.475048564717448,0,0.0242712917571587,0.193308757098623,0.30737138642677,0.126838709634911,0.13301803708413,0.131371370991786,0.0407966617392625
0.439544505659662,0,0.0473209703676676,0.196774964343602,0.316359559629069,0.176876558509991,0.0934780232205182,0.117179133289326,0.0240583605316932
0.441694588880294,0,0.0454985564898742,0.229771200265289,0.283035654364542,0.173893470371177,0.209778377831347,0.0913588893831375,0.039573582671185
0.450070203200816,0,0.072574303092817,0.242371218816677,0.23498427488969,0.16150679533304,0.134330744796043,0.113091825312759,0.0365152342898316
0.504857219731171,0,0.0478304441574771,0.180315130455009,0.266997205656343,0.214031976849562,0.136787905097369,0.073794349420481,0.0309390234288286
0.573383428136449,0,0.0502156972748646,0.167472899735988,0.208927974852698,0.232999342515753,0.157722497124871,0.060654838311464,0.0448627164856374
0.508072095561767,0,0.0648965593565966,0.237150258165794,0.189881086915842,0.187389846671125,0.157885134995134,0.10005437789913,0.0385325491242606
0.471194217511763,0,0.0291278255895195,0.213650910372109,0.286027046526608,0.165967741717371,0.158110216901239,0.104217485540846,0.00333749728914387
0.451422709193565,0,0.0156747098070626,0.270700121892443,0.262202459106929,0.167086153333401,0.135254310706221,0.0663026166485177,0.0206187351263647
0.532515440824227,0,0.0194833843792117,0.194747717778387,0.253253457018175,0.165808765377519,0.146238038016891,0.0531779876632221,0.0257072380250601
0.474917061081025,0,0.0427657583989154,0.214862691382729,0.26745448913733,0.210592793819808,0.162612254022055,0.0576865780482297,0.0104370550436163
0.393424776009581,0,0.0870549920323445,0.234208752906195,0.285311479051879,0.144723241411,0.141962383540898,0.0852038413409281,0.0337754649679806
0.429361052203795,0,0.0504461965914468,0.202339616158953,0.317853135045805,0.186271950818134,0.158202333434541,0.0354353517870271,0.0396042833335557
0.458087956151997,0,0.0611769667425982,0.206692272734891,0.274042804370514,0.23219435274351,0.153219779857347,0.0664671694661213,0.0378204246873764
0.474317155666347,0,0.0361218902254484,0.25216947989221,0.237391474215995,0.180870204094176,0.160237185521432,0.137948614136891,0.00405582817229301
0.504755717468294,0,0.00841868919679015,0.22529008882049,0.261535504514426,0.264814649923676,0.18824733695372,0.066143668754039,0.0135395022905127
0.46181985715641,0,0.0643858697449109,0.187373161396956,0.286421111701723,0.15173662040146,0.158724693899063,0.0927100567110774,0
0.505817324651773,0,0.0499082669865792,0.198549136265475,0.245725272096172,0.173050107628355,0.121625835492579,0.0621136357180353,0.0345056623589986
0.514180690222323,0,0.0353754061198297,0.141481788260713,0.308962115397133,0.0930501482488159,0.10434294082687,0.0419014684710676,0.0101380925480575
0.473713750589223,0,0.0294791092635481,0.254939378842616,0.241867761304613,0.173772948296439,0.188021718988505,0.0439304877193939,0.0344746811808299
0.402936830958391,0,0.0524695813662823,0.213135601081245,0.331457986594082,0.221183058578773,0.173893147577228,0.128407004693954,0.0380579752550782
0.496790225466297,0,0.0655588012161053,0.228887778113588,0.20876319520401,0.189758349150765,0.174060571504995,0.0372631152887816,0.0203100242880545
0.507180163213036,0,0.0326072160303676,0.196843534497846,0.26336908625875,0.196672331455816,0.193783610873647,0.068210139624027,0.032932209051422
0.519238329713173,0,0.0468413422196951,0.162889366429795,0.271030961637337,0.102014601642076,0.194568874258597,0.0416453739971422,0.0251424076565248
0.459234933894791,0,0.0432239641103387,0.245123764035895,0.252417337958975,0.142880811260117,0.126145824568406,0.0829287821794615,0.0271363563962663
0.481274673097632,0,0.0292166493527256,0.224656750609953,0.26485192693969,0.243045203725053,0.17035515841982,0.093608071721727,0.0182494277281823
0.505027704509176,0,0.0539327565894428,0.250433288775712,0.190606250125669,0.168706395787593,0.11057945503972,0.356330218233713,0.0442054489670363
0.43438274304811,0,0.0630623856332854,0.201908566204066,0.300646305114538,0.136111989016292,0.16456158812481,0.0723040365910383,0.00390486234656142
0.476052090744415,0,0.054466746575606,0.203248218175647,0.266232944504333,0.20168268401693,0.136001775357365,0.0354697624516197,0.0108556264070805
0.515117393736778,0,0.0333555931899286,0.229925649858614,0.221601363214679,0.113443720881663,0.121038146403117,0.0930209401775545,0.0183251459782935
0.489555159098723,0,0.0475078503842077,0.197084532572546,0.265852457944524,0.149357352185594,0.119741793059987,0.0701743375706515,0.017038040189696
0.458403440843083,0,0.0406468603567805,0.242963285456195,0.257986413343942,0.279102227370153,0.188196917100475,0.0871405360084662,0.0253486860453701
0.405195392980447,0,0.053463159189334,0.300542258869535,0.240799188960684,0.200735806123696,0.117774427705537,0.075489249808097,0.024622893552089
0.505603975940782,0,0.0350149834310747,0.186608898947263,0.27277214168088,0.252061791177062,0.118252063848681,0.0579663510249,0.0267151315898952
0.386505658010281,0,0.0656636902842708,0.163983124508867,0.383847527196581,0.130574545461397,0.16860336350985,0.00494271167767001,0.0236881923116234
0.424091049294183,0,0.0461072973433242,0.207889021908129,0.321912631454363,0.19143477386457,0.184386718400989,0.0969341788873543,0.0256907490278355
0.44910058758851,0,0.0199154432353402,0.215796641560492,0.315187327615658,0.18026532178413,0.156099612577251,0.0743855899454941,0.0402364918020319
0.49380595819484,0,0.077361967022488,0.25801742524467,0.170814649538002,0.136705232974532,0.180439697664489,0.105363038523101,0.0352600377949967
0.544157080238723,0,0.022852057509676,0.198947430332328,0.234043431919272,0.134292571102907,0.12934506013179,0.158255812009471,0.0200416585662035
0.517020741000067,0,0.0603864878707815,0.215018139523458,0.207574631605694,0.162591571473239,0.179977938057669,0.124042426125934,0.0439857387907691
0.494600616689944,0,0.0663078134257128,0.206255465788361,0.232836104095982,0.131951855133392,0.17430024126539,0.066875413819044,0.0455466732284625
0.384615884530948,0,0.0644706240824422,0.22000909511739,0.33090439626922,0.152019519876218,0.129319580092308,0.07321545534521,0.0400608701206687
0.438932154184862,0,0.0128976179037164,0.241081501947347,0.307088725964075,0.168676931108206,0.140026505751741,0.0975975321722597,0.0307583510282385
0.484929632516945,0,0.071864217788069,0.19009360178592,0.253112547909066,0.116995916801503,0.170167757694323,0.0284920182515035,0.00764010381743037
0.419738017094359,0,0.0622807438439132,0.23671395430564,0.281267284756088,0.1355414153465,0.160207565425638,0.0737390116627475,0.0498501728050485
0.440182751306647,0,0.0438549758710666,0.227660194929696,0.288302077892591,0.213549483845768,0.146418863813017,0.0440095410690912,0.0308527300855455
0.484177226832889,0,0.0462692425661447,0.262679748303147,0.20687378229782,0.244628979169877,0.157643789046905,0.103826830567568,0.02467466598275
0.443723487220346,0,0.038360692193948,0.185478360770858,0.332437459814848,0.122031646835628,0.155953740119613,0.0604715712777621,0.017812010235426
0.438144808020894,0,0.0389478285761389,0.218400821948355,0.304506541454612,0.139128823557326,0.114050559456326,0.134024765076976,0.0311327021403856
0.458453827178772,0,0.0763610032359621,0.23074915568699,0.234436013898276,0.172733944773539,0.14213891661608,0.0682946804797609,0.029079549626027
0.506007071893401,0,0.0263336733796824,0.198777720772641,0.268881533954275,0.148157753829987,0.146650822475573,0.0492897797698758,0.0325004794691809
0.428910367764579,0,0.0726728366009457,0.218630785130421,0.279786010504054,0.146944662880339,0.231115629323228,0.072211149881621,0.0306608652627613
0.410496381643292,0,0.0658704037931621,0.282698901704884,0.240934312858662,0.183299593530877,0.150335388796667,0.0536479722157256,0.033902754318593
0.41019977836972,0,0.0685206535362404,0.206131557912898,0.315148010181141,0.16277454509143,0.157262657668542,0.0766760982261229,0.0178674440267797
0.470546109230523,0,0.0917205491375576,0.24317949544767,0.19455384618425,0.218354767589188,0.168225373529658,0.0860316274666148,0.0363878257249921
0.494595466352124,0,0.0505432182546153,0.201419282708682,0.253442032684579,0.153381525312757,0.202945932574489,0.13922739323834,0.0244492737913388
0.468554435323871,0,0.0240933744047095,0.208465871050422,0.298886319220997,0.177259547202933,0.170361782972454,0.0210022501537566,0.0182698915805964
0.501441854595511,0,0.0633330192593099,0.1776539196607,0.257571206484479,0.19693738174336,0.184398001388184,0.155400067995541,0.0153625341901619
0.469954500046279,0,0.0296780902149189,0.226304375040785,0.274063034698017,0.170671796933399,0.148210835020906,0.0551752939819769,0.00932347171604466
0.449161673737069,0,0.0246374796200729,0.25350224766129,0.272698598981567,0.164571672187696,0.176399276497787,0.0329133570875184,0.0247982693665489
0.467155076924748,0,0.0572313944868517,0.2263007821548,0.249312746433601,0.177059214891109,0.137409742993739,0.0382386852479919,0.046197647968759
0.543062625005594,0,0.0682914785858032,0.171071774357613,0.21757412205099,0.158944311459166,0.158760736035269,0.0567436627397608,0.022877073299899
0.457531268692699,0,0.0882909919604987,0.153780013345977,0.300397726000825,0.133000390469822,0.107847224666998,0.061285676476107,0.0315075349718868
0.415935398112518,0,0.0304797417117941,0.228377490311157,0.325207369864532,0.158893369803683,0.11737048210519,0.104821625068101,0.0186246901017088
0.499533721700285,0,0.0499816808179576,0.211428441274381,0.239056156207376,0.244550889758339,0.161336042136956,0.0579629089701727,0.026967131627764
0.404860235973397,0,0.055358294285387,0.243784577789489,0.295996891951727,0.178286557468748,0.126971021695806,0.200911299071854,0.0670807387226013
0.416479777280982,0,0.0210489155765672,0.259291689580117,0.303179617562334,0.204466101971851,0.106904657579821,0.0705432542370484,0.0552424054023198
0.463077624551493,0,0.0641201218573679,0.282545687794975,0.190256565796164,0.170922823951014,0.179145725980117,0.126359602629504,0.0465443467648207
0.403601431751151,0,0.0935656494381157,0.237067006307262,0.265765912503472,0.235532728733578,0.187189662417149,0.127068391759084,0.0338007600181671
0.53065916505258,0,0.0860332334177961,0.189872166798292,0.193435434731331,0.117427728007646,0.176346767584048,0.130494476595487,0.0735896231539465
0.451619769285051,0,0.0287938264548809,0.222887777679853,0.296698626580215,0.217945161935753,0.158306301509402,0.0634760486392236,0.0148539333715993
0.458481270515165,0,0.0548194193868217,0.180841203299471,0.305858106798543,0.123648502255663,0.106887657359595,0.0870237241276662,0.0103190888641605
0.491135635596823,0,0.0241538533535353,0.249116550130738,0.235593960918904,0.209488468451118,0.136189582253633,0.141736889996894,0.0295441431326196
0.500937316525665,0,0.0600656091302424,0.250742193421544,0.188254880922549,0.0847926295882183,0.154494881060594,0.0942581540019547,0.00387250198803968
0.472385213819577,0,0.0462291636623324,0.246517051453846,0.234868571064244,0.161670722754595,0.158447839265276,0.142926593102171,0.0254336317331387
0.483326399573925,0,0.0367176942513885,0.197571935350962,0.282383970823725,0.238481107586794,0.112348226800487,0.122730695933821,0.0180085551868353
0.359792847440855,0,0.061897983183536,0.226252272733122,0.352056896642488,0.191559849140534,0.178004519402834,0.101082904646869,0.0309008836754575
0.426087740918096,0,0.0400272157951787,0.165778235777461,0.368106807509264,0.0993338827345445,0.108581534537575,0.0864024398386401,0.00469043252233824
0.470548888881105,0,0.04513646899495,0.198054995275,0.286259646848945,0.19459641570376,0.124198174365938,0.092401106714309,0.0191758095344945
0.500213387612872,0,0.0886312121043796,0.171831171724732,0.239324228558016,0.181136858337277,0.157249692085878,0.187630507139201,0.0299725943862625
0.500733446071003,0,0.047548878058322,0.17373927552077,0.277978400349905,0.187571686585975,0.0751773277053989,0.031142607211779,0.0117404269251673
0.44258391337624,0,0.0532922764618193,0.30524099017547,0.198882819986471,0.229056308452134,0.198936150206159,0.179688476654153,0.0451168100748218
0.457795478611543,0,0.0550173566465815,0.266151500862713,0.221035663879163,0.16897643436248,0.157160894218289,0.361448486009587,0.00472827054666703
0.530388978089936,0,0.0346298478710511,0.167165527504789,0.267815646534224,0.144681938181631,0.1703938247737,0.098254011803623,0.00495055691868235
0.54177400269076,0,0.0132962730131829,0.17493980102386,0.269989923272197,0.19186136031831,0.136267964518328,0.125241944918462,0.0558604698490012
0.457203645378649,0,0.0489101958056915,0.204954893164483,0.288931265651177,0.199929041274447,0.209238532820043,0.102462270044699,0.022125951584423
0.508355433639173,0,0.0524079834680307,0.191000612827817,0.24823597006498,0.168406206748186,0.131174809474536,0.0833605889396066,0.0286216056926695
0.430906256942151,0,0.029587189856996,0.22082475503083,0.318681798170024,0.208191406781656,0.158677055832488,0.0913857117809985,0.0601916470211936
0.44822055204608,0,0.0413672509363158,0.173094342480087,0.337317854537517,0.124501650697607,0.123721990865046,0.103202226198581,0.0145468571890722
0.45367234139153,0,0.0690862773318128,0.218527731928177,0.25871364934848,0.131491792755079,0.182994030298086,0.0693938950105701,0.0618577330142076
0.466776867535226,0,0.034426488421688,0.218913102342759,0.279883541700326,0.126559406118046,0.137520721695437,0.0799893890452259,0.0244011133146631
0.456279653249437,0,0.0353823779174326,0.241419498104384,0.266918470728747,0.149088172716856,0.15519241369778,0.0672237011005877,0.0134001287412135
0.426678087719506,0,0.06660216339798,0.193230538385584,0.31348921049693,0.112394117285408,0.148333757574756,0.0606459596547713,0.0474729392699925
0.48687679049835,0,0.064973783765953,0.153207591902374,0.294941833833323,0.138169179610904,0.157698561804387,0.128212910162081,0.0195489402115265
0.431240364005805,0,0.0711206258774094,0.254852301719881,0.242786708396904,0.154519251988447,0.210963782741249,0.0742301902066906,0
0.458539629520408,0,0.0438874664988409,0.238547936292684,0.259024967688067,0.189808058001846,0.169497719874905,0.113021610778651,0.0303749515467822
0.460873174959716,0,0.021610719277698,0.279762469422017,0.237753636340569,0.136744475432514,0.142397664211438,0.0661777371419348,0.0532120039955375
0.432782689667034,0,0.0757325578413048,0.226069451961902,0.265415300529759,0.195173126641801,0.162958721131638,0.0698767047887676,0.0320029711662857
0.45764644164239,0,0.070569962927892,0.187521026480455,0.284262568949263,0.175749346081534,0.172243915432941,0.0864878182591856,0.0146064018362628
0.455597184545108,0,0.0569342153830101,0.175088169072952,0.31238043099893,0.17306563236945,0.105600637338192,0.064439846277623,0.0372137646225679
0.461708697813696,0,0.0194009212780527,0.280029480937998,0.238860899970253,0.170478710986098,0.12556511967661,0.0876034003370375,0.0255490861320371
0.499014233806973,0,0.058576158068449,0.223332360293514,0.219077247831064,0.155279149728959,0.187519008987286,0.0571331275671035,0.0510709371947962
0.445771505143386,0,0.0441318810443874,0.240267152715076,0.269829461097151,0.134217902417668,0.114295233902888,0.0970087470420236,0.0105184331458561
0.411488570227514,0,0.0594434216628533,0.243523224712158,0.285544783397475,0.129139745395881,0.146156143828948,0.0556721360398463,0.0152932415299423
0.486821672601825,0,0.0615341195177541,0.173944811446858,0.277699396433564,0.236531337367419,0.158466823172291,0.0643569903843819,0.0329778804436072
0.517175431995153,0,0.0456291014871716,0.22539001046975,0.211805456047925,0.168695896368949,0.161123466312685,0.0329097144427678,0.0204324485688854
0.422049325908186,0,0.011591795821949,0.269767033974277,0.296591844295588,0.125313846069995,0.153688950440673,0.0624323218775728,0.026546255014101
0.417052150670447,0,0.0564192772933948,0.219388620969049,0.307139951067109,0.160589304598666,0.150196092984465,0.0338455070190023,0.00452552000193088
0.483006812320852,0,0.0602956545473885,0.18686664030068,0.26983089283108,0.196507625869538,0.139984364309072,0.035041454311348,0.0641808108832268
0.406307904598679,0,0.0719041388421145,0.223485393567816,0.298302562991391,0.184178371041965,0.160832269520623,0.12471447072323,0.0530645596983657
0.506620086571035,0,0.0630737596017371,0.164432289618153,0.265873864209075,0.145121374272965,0.0994052122213007,0.105498769875196,0.0197412742019649
0.446353901634328,0,0.0666368020089105,0.203727279186871,0.28328201716989,0.136007215836769,0.111574514046576,0.0447280314733499,0.0377981770322129
0.465160139123281,0,0.0515124636304978,0.249305260835968,0.234022136410253,0.166968698867506,0.176430656627984,0.114183442487339,0.0366318359478114
0.474025306726339,0,0.0720866723109575,0.178607806348848,0.275280214613855,0.133056548167581,0.164715854036303,0.0698038664652698,0.0229309933544567
0.521765585364878,0,0.0255337003700821,0.187129465118836,0.265571249146204,0.141299763535329,0.137698242737236,0.0442125158727312,0.0177420827912679
0.52041090766989,0,0.034817700275346,0.239715864227627,0.205055527827137,0.196787547509944,0.154324215397255,0.100439494931083,0.0416327115044635
0.415274499035065,0,0.0196485287352971,0.260759138706156,0.304317833523482,0.167540497598427,0.119260709258408,0.0360959104630553,0.0339689893033625
0.502222659262828,0,0.0646431807988511,0.183486472446415,0.249647687491906,0.160610447632049,0.157527311125087,0.0730311457571423,0.0442112443508354
0.5036368080635,0,0.102661913585534,0.170616390522921,0.223084887828045,0.179230599380852,0.221209778059787,0.0525900397226646,0.0378927332980687
0.532203834070927,0,0.00815236503870869,0.19718243893981,0.262461361950555,0.11148015714798,0.147705018712737,0.106468070856506,0.038621494837362
0.46568739461883,0,0.0475093334115573,0.251456877792066,0.235346394177546,0.206517623776087,0.125095256897238,0.0390417959121853,0.0402076983123515
0.492634856034867,0,0.0452824656481818,0.205603935211051,0.256478743105901,0.187301478542926,0.153054544535018,0.067581835686308,0.00484023740918626
0.511996839416803,0,0.0823708484782369,0.17049888034977,0.23513343175519,0.18017813781904,0.189770219449673,0.0616656703676037,0.0234806187265653
0.555461906620916,0,0.06174207170595,0.116230874567797,0.266565147105338,0.13019284437973,0.138302594045882,0.0681954590202935,0.0167161911404436
0.58304829628305,0,0.0270843690393175,0.201255661989745,0.188611672687888,0.192252470783997,0.131249711990905,0.0563130120429301,0.0410792738232138
0.477187786004066,0,0.0335265539348474,0.187146945469864,0.302138714591222,0.148078986531114,0.131491076545531,0.111372484674115,0.0403847235518843
0.515951254915194,0,0.026740829827496,0.194139489311044,0.263168425946265,0.168761870547124,0.183875509739425,0.167268276630363,0.0233364901200632
0.525510724837088,0,0.0609536661073962,0.144917646815682,0.268617962239834,0.20184765633832,0.117348779520621,0.126952812340819,0.0264871564430248
0.541685903037284,0,0.0446738670134917,0.150714663346237,0.262925566602987,0.172454902521667,0.102471252814987,0.162547733834364,0.0131258415142115
0.487157937429997,0,0.00910010394298709,0.19387609818134,0.309865860445676,0.223139801195569,0.100864742420994,0.066030180026956,0.0365968975759597
0.562076131296886,0,0.0616896471869973,0.183975819825036,0.19225840169108,0.133842441571606,0.174631332791673,0.0782367798333233,0.0449262591400561
0.513752726024181,0,0.0574826610506801,0.225427590287322,0.203337022637818,0.0824634678723129,0.132232680188428,0.0665101278234012,0.0339327130005197
0.433465605378706,0,0.0812374838836214,0.192643567218853,0.29265334351882,0.19917623981444,0.129430653832368,0.0962504611796179,0.033381507974689
0.463082181294728,0,0.0678282224242562,0.188133686397798,0.280955909883218,0.183009858224465,0.13106111339274,0.0645523588677615,0.0108518638647312
0.419803694406922,0,0.0375583671899606,0.200228335105532,0.342409603297585,0.183414439666487,0.241015637237175,0.0841842168937532,0.061509909953402
0.500782678818916,0,0.0604715617145518,0.184650606792932,0.2540951526736,0.193228401738183,0.116199066469283,0.110540816946174,0.0252374152185774
0.403804306415859,0,0.0339317384418024,0.265553231388572,0.296710723753767,0.181232220037081,0.143059583817627,0.0904783121733743,0.0172010221932076
0.505918191633961,0,0.0643184639520451,0.221392124009793,0.208371220404202,0.155180979505691,0.107810692143356,0.155817259743269,0.0433916080017273
0.471661982476747,0,0.0467939919938221,0.265625520202619,0.215918505326812,0.23985665153951,0.0936950965028953,0.0547930591505688,0.0211000298729925
0.46347902275884,0,0.1051970823967,0.237099529313055,0.194224365531405,0.208458808227196,0.179082808907333,0.0739014862670413,0.0276719313409362
0.468940414031825,0,0.0450371878906942,0.191454731192112,0.294567666885369,0.112221564969805,0.189526823528403,0.162853827402162,0.0182996950139142
0.486690540757445,0,0.0180428131430009,0.245252818550807,0.250013827548747,0.155103612891061,0.143085220162629,0.162592485466529,0.0270666431029284
0.466725825044979,0,0.0430094845699247,0.237571109253596,0.2526935811315,0.1231733065537,0.161632943583513,0.107695191289122,0.0138585284969404
0.559943214390646,0,0.0419489912170988,0.101692747019252,0.296415047373003,0.0377613605423689,0.139456055588974,0.0665307437801306,0
0.40297201225459,0,0.0573161748133546,0.231697700816685,0.308014112115371,0.164746235709439,0.144693113468916,0.13905082035059,0.0276617376239494
0.51521034323838,0,0.0412461927086944,0.183385381056708,0.260158082996217,0.18011029386521,0.171785235148398,0.0572522466161457,0.0235817839334162
0.464610013627647,0,0.0132548520446167,0.261658057393553,0.260477076934184,0.162034244161009,0.144913599553109,0.245372286708649,0.0111183150807393
0.493343047859484,0,0.0582552896089566,0.207077543144776,0.241324119386784,0.170842427172763,0.13968474770292,0.242651344806605,0.00413033736032512
0.466381988575294,0,0.066898379515441,0.212215222841007,0.254504409068258,0.156740062676867,0.124310245265254,0.0856592257528361,0.0170696950496305
0.40242659294732,0,0.0578158376980843,0.198004353783345,0.34175321557125,0.156625198685115,0.143721938718491,0.0590529722067978,0.0264753236142985
0.452999796457146,0,0.0802073338063321,0.136949879420873,0.329842990315648,0.15142301020546,0.154147710908938,0.0488086986137442,0.0131616248993458
0.486290359963006,0,0.0342760442418862,0.148014240209111,0.331419355585997,0.081085270308294,0.145072589838685,0.109870583637645,0.0196630065494528
0.408189297292785,0,0.0509166025357676,0.219704686203101,0.321189413968346,0.19161443058792,0.172810137694024,0.0390779874177695,0.00543935665632453
0.442776884646292,0,0.0334312373397765,0.275546581870091,0.24824529614384,0.211002701439893,0.111782347525296,0.124732391474989,0.0164177018463603
0.477614342623662,0,0.0104051359890033,0.221885304125407,0.290095217261928,0.105264335461312,0.216023795233207,0.114402360828727,0.0362528842231264
0.489739246577247,0,0.0463355367365568,0.259409034587262,0.204516182098934,0.231386454707857,0.153965459256266,0.0801359447917693,0.0518226019477766
0.505262083570018,0,0.0202868213409859,0.16489730924991,0.309553785839086,0.101363670545572,0.167120685902697,0.0557176082062126,0.0668961160989537
0.476878851576336,0,0.0707241491869367,0.217915491975469,0.234481507261258,0.194032611362904,0.130174439061823,0.0383272686203195,0.0281017347893245
0.412230788812587,0,0.0269463807189731,0.214496427094427,0.346326403374013,0.0923031477138835,0.147356831776247,0.0869846561428211,0.0148740149191219
0.544085272753242,0,0.0899015944724268,0.147479745975327,0.218533386799003,0.187673045269582,0.209895936857714,0.0476845070904441,0.0214374327933163
0.456437170879733,0,0.0263875357513029,0.259723901796277,0.257451391572688,0.217756021953887,0.151334280070994,0.225607327249266,0.0103752955931265
0.419723684015574,0,0.0786479422144773,0.212960812288835,0.288667561481113,0.180468463013804,0.149554480264081,0.078563350975424,0.0114439454393097
0.506467287314554,0,0.0666830209929644,0.215380075268708,0.211469616423775,0.158821394450889,0.157750506186102,0.31146106057639,0.0254848164061141
0.461466617432771,0,4.14551089931171e-09,0.265725077353823,0.272808301067895,0.17184528991935,0.206817908089669,0.0538078136565268,0.0211119800047075
0.497405893588056,0,0.0181235814414923,0.207640399988303,0.276830124982149,0.18472019342469,0.156049915802979,0.0828727067589849,0.0220595470591849
0.435279419987954,0,0.0368265544817749,0.244208761975583,0.283685263554688,0.17333866791225,0.0906247836690183,0.0937770959130809,0.0365985742534633
0.494321843261445,0,0.0479681911563578,0.163299010584508,0.29441095499769,0.0999946135043252,0.175091382984272,0.0443993552407498,0.0271028743237126
0.496791223791122,0,0.0875502702125123,0.211189413349973,0.204469092646392,0.147264522061921,0.201269790209977,0.223813841678824,0.0218502962720488
0.529931071946079,0,0.0296469730243197,0.204943601829482,0.23547835320012,0.232683027069406,0.166184719822891,0.110839125202764,0.00576443845877094
0.482782983713887,0,0.0396650656218447,0.220767496600889,0.256784454063379,0.180672744743949,0.116023778044808,0.0496742377643564,0.0139681681186753
0.518770792392117,0,0.0316743926953094,0.192803858450569,0.256750956462005,0.211399544769435,0.133592197969745,0.147512549899497,0.0328171519223994
0.508846878203219,0,0.0400854960720461,0.208876880734801,0.242190744989935,0.184557101586579,0.190556356107326,0.0868508731475115,0.0179237166663603
0.441432280195752,0,0.0372151480974212,0.23839503637575,0.282957535331076,0.157684698194172,0.135919144171202,0.119745181859932,0.0360375862851253
0.496361806386974,0,0.0226314839757555,0.174669795968411,0.306336913668859,0.211611539429351,0.142679223219304,0.0139804015827217,0.00875022687749343
0.475512585243967,0,0.0297766328625437,0.213097659677881,0.281613122215608,0.248943193328439,0.175447828791671,0.0215032559248132,0.0225389953041553
0.49575062010741,0,0.0467529413644323,0.202350277298943,0.255146161229215,0.142632200979401,0.175755974864812,0.176170361118599,0.0253554416376981
0.543172430008094,0,0.0337307034571512,0.148960493191708,0.274136373343046,0.224889358542627,0.160664443102836,0.126474806725965,0.0150654414581224
0.471562753489754,0,0.0439443817447717,0.267590154805079,0.216902709960395,0.204188571354773,0.192723725502525,0.0849971814094843,0.0594458811555337
0.461771349627575,0,0.0305018553926989,0.223438810064602,0.284287984915124,0.169126576251288,0.169009230544724,0.0342131637193195,0.0240076815135902
0.521989655442293,0,0.0548790123185858,0.168522751027818,0.254608581211303,0.060755978749295,0.186011465225237,0.0637820874610457,0.0365332201077771
0.488522896234055,0,0.0442288139970041,0.239162689584603,0.228085600184338,0.193782218208537,0.148383819265713,0.052704541766574,0.0542671059777917
0.460135919762255,0,0.0568987435344576,0.266760637627877,0.216204699075411,0.190599511074029,0.107145346289834,0.0674308647579007,0.0207297125000127
0.480345307745733,0,0.0371602040807983,0.221010746193731,0.261483741979738,0.234478517501956,0.135735004219153,0.087365793194653,0.0392534246802364
0.494541347365344,0,0.062205284158437,0.15070843218307,0.292544936293149,0.164471147619056,0.161646125026925,0.102561890895887,0.0282422448077072
0.528375037036334,0,0.0713005810506906,0.221026930653115,0.17929745125986,0.231153261430759,0.0968917698270081,0.224979105949342,0.0268320413265067
0.548904356213047,0,0.0565816278002483,0.177312661829143,0.217201354157562,0.21751565771482,0.116244032063941,0.250624946666568,0.0080852117181838
0.485372654345387,0,0.0888282439883043,0.161634353155998,0.264164748510311,0.16842530021521,0.152469763212516,0.0527091682798846,0.0206637690743659
0.525368496461266,0,0.0383771018675601,0.205384691289976,0.230869710381198,0.150850650311686,0.16295697690343,0.101746615528898,0.0412828513576254
0.43603731624974,0,0.0649869690323834,0.19449965917751,0.304476055540366,0.106191598095838,0.108016439850543,0.143863758796813,0.0208239561315834
0.485874069766739,0,0.0700423473720758,0.17189800062181,0.272185582239376,0.115247224171937,0.16899412012016,0.179875282401053,0.014279944577484
0.518497448012168,0,0.060229392212798,0.201739743246194,0.21953341652884,0.138287544360707,0.123664909061367,0.126490499632967,0.0384208478124327
0.452842757258463,0,0.0699950577852145,0.141218965667434,0.335943219288888,0.282468333951334,0.170684934730095,0.0489069125377268,0.0391456812268193
0.407158773399045,0,0.0288785795919156,0.241379578985834,0.322583068023205,0.142260597296329,0.129561949709817,0.0988736295999227,0.0369548027998429
0.433548715188777,0,0.0336013879530405,0.201278097241004,0.331571799617179,0.160895879040634,0.169308246744182,0.0409616382907207,0.0548131012230806
0.500598206985195,0,0.0476704583979202,0.159387603307763,0.292343731309121,0.101294885041475,0.10940713914222,0.105507422171337,0.0405280923550279
0.422945076064525,0,0.08108115152755,0.161092660877025,0.3348811115309,0.225569031730186,0.106222334682095,0.106678230642984,0.0114075125412838
0.467242131140384,0,0.0140889037532639,0.183250773639559,0.335418191466792,0.18020192313854,0.0950632917243559,0.093775991570938,0.0269268737070379
0.437393148243487,0,0.0278850887553029,0.185756316223818,0.348965446777392,0.0972530355320091,0.164128004366737,0.0524938577125338,0.0170056126364867
0.445472418439112,0,0.0501815412931243,0.241974583321696,0.262371456946068,0.220809964443954,0.135334781688688,0.0944861183588246,0.0368369933821987
0.480747605502725,0,0.0492856336918623,0.231512955042807,0.238453805762605,0.112537412644342,0.139824549530071,0.13322659804191,0.0469290597222139
0.474610733162427,0,0.0148479647871332,0.209970429915325,0.300570872135115,0.16058616393359,0.0563118593656584,0.106149144693298,0.0251546313727909
0.509783099496019,0,0.0199912168584821,0.218609204974811,0.251616478670687,0.211495836778971,0.211892537832184,0.105716190955137,0.010521101946888
0.481439072323897,0,0.0248709651881086,0.216424907576894,0.277265054911101,0.166135287307929,0.129634930582114,0.0730760782969987,0.0123760310930164
0.454473344428877,0,0.0471014674092205,0.280495440122646,0.217929748039256,0.211710875483239,0.153804112092328,0.140045651329956,0.0378609235035651
0.450778297233965,0,0.0281140590487936,0.215413761808868,0.305693881908374,0.183437304788365,0.132791558435069,0.137498810775796,0.0214115715004304
0.481631708186951,0,0.0259114272367905,0.230685581348087,0.261771283228171,0.209695957479496,0.117638165037441,0.0385319949374028,0.0207638538584099
0.460089131101334,0,0.0493810241160616,0.241227192807352,0.249302651975253,0.170066024952527,0.157087559840633,0.0849389784307686,0.0391143963627616
0.488921047023064,0,0.0586041522287871,0.166644514690928,0.285830286057221,0.242784307480824,0.143789280684254,0.03450564133385,0.00377068579456875
0.450730197793554,0,0.0272112633762667,0.23556979470967,0.28648874412051,0.217114691917482,0.129789336221441,0.0837016839120615,0.0152927661867599
0.447453667490743,0,0.0626109935615368,0.194480556029818,0.295454782917902,0.0971934429544575,0.101354666603971,0.103919604711078,0.0205631412151851
0.505720591332632,0,0.0601350472491165,0.182538091916564,0.251606269501687,0.0904801368694215,0.116593947784813,0.10797153294863,0.0176120116025883
0.425475321773545,0,0.0417898079273263,0.239781631193441,0.292953239105688,0.172040735303324,0.139496763836819,0.0355020114098076,0.0329583693801981
0.481836977830571,0,0.0201050326892133,0.19774176668106,0.300316222799156,0.207877838385783,0.11127492920671,0.129165571043585,0.0316770009687941
0.438031636765261,0,0.038258751231441,0.233375928616429,0.290333683386868,0.151457382775854,0.250302659503929,0.182840130004876,0.0431847941419869
0.472173769713683,0,0.0539075886951543,0.15882250400937,0.315096137581793,0.184794920574514,0.119064271605435,0.0594171768234467,0.0176000157209014
0.478092298723531,0,0.0274441671202146,0.210641776362553,0.283821757793702,0.106015552397745,0.117660133841787,0.0655862345065824,0.00631279084901563
0.477858750019808,0,0.0570713018022716,0.176723175987769,0.288346772190151,0.0638733386416143,0.169037664088277,0.112265636576238,0.0280753607406146
0.495659101874708,0,0.0590614842221064,0.200985078588483,0.244294335314703,0.113825165618026,0.172297184886791,0.0300990304322435,0.0315382635219726
0.48185973018747,0,0.0346666582296515,0.224159576051735,0.259314035531143,0.143618301151617,0.144803482825616,0.0649171255360714,0.0305728036925749
0.412673287923667,0,0.0515918636646708,0.273527703495458,0.262207144916205,0.242931904278675,0.13992490399261,0.0554161925429201,0.00445711271120274
0.465719543378548,0,0.043788755492131,0.205121834303872,0.285369866825449,0.168316232075207,0.144829068412183,0.071028003162061,0.01849909257044
0.527022681116186,0,0.0460557881441603,0.19624077988629,0.230680750853364,0.138817610098804,0.193186958036118,0.212024502567649,0.0189765865681375
0.505601689486419,0,0.0614279358542766,0.160213312077984,0.272757062581321,0.244169138814673,0.117784642886904,0.0802477358360441,0.0191940789226205
0.497966525774114,0,0.0664632017007505,0.170081584687499,0.265488687837636,0.20564826154011,0.181591411086641,0.0165133511516074,0.0535281100806266
0.497562603929482,0,0.052606105235335,0.227823642698,0.222007648137183,0.1695772750015,0.126447447632179,0.0477788730768727,0.0118220199621233
0.464941964044337,0,0.0850498595130766,0.205639134911128,0.244369041531458,0.228154818207247,0.104778745440074,0.147149536580679,0.0216558973979398
0.448380002090898,0,0.0452595766330493,0.242597854409561,0.263762566866492,0.172018936165097,0.184570876308746,0.0568603384410354,0.0404837005289314
0.45965296323393,0,0.050541465283689,0.19255191461856,0.297253656863821,0.25601116639008,0.182945414014805,0.0888945402741072,0.00419188513021673
0.494263266061906,0,0.0296867659022019,0.228095661692602,0.24795430634329,0.171046947013884,0.156442699007342,0.0696778136191709,0.0121264537653222
0.581020319145536,0,0.0619311220800733,0.159880304182766,0.197168254591625,0.0895660826795951,0.139661492730533,0.08706087651989,0.0288275015120074
0.47435279636767,0,0.0313403737566644,0.166667445668222,0.327639384207443,0.180260297960258,0.112729130695325,0.0977341409133458,0.0324129111090903
0.493773183308645,0,0.0746454016444381,0.229188728399906,0.20239268664701,0.207769757154609,0.195354564568209,0.0395596156633759,0.027796379599126
0.402249305592393,0,0.0564668413834271,0.243397734026838,0.297886118997341,0.185750712616066,0.172554750830531,0.11745404779727,0.0252022347638858
0.47612982799821,0,0.0456350378152063,0.225576191408237,0.252658942778346,0.211608482302758,0.200513651423937,0.138295020436499,0.0554928422753089
0.493635128624279,0,0.0295066062474689,0.211472231616768,0.265386033511484,0.20670397169563,0.158196296358597,0.074347059299908,0.00360716539834364
0.507710630535506,0,0.0531895173758209,0.218827826138282,0.220272025950391,0.172444779427704,0.154964165639082,0.0979002512258164,0.021894671891753
0.477676113518834,0,0.0244116933436985,0.218103518988929,0.279808674148538,0.168310838416493,0.141439157269179,0.0889147890154455,0.00487039518545295
0.485600985245329,0,0.0711233527246214,0.18308265898065,0.260193003049399,0.0905946472077205,0.192893746574927,0.0473978472994728,0.0231064197892495
0.411618155639613,0,0.0984707332079264,0.198912120274808,0.290998990877652,0.127740944846942,0.149314027414407,0.116937655649866,0.0341064995650597
0.429638416417468,0,0.049180544627933,0.214504465204944,0.306676573749655,0.219695431359665,0.18989230227642,0.0825606306984213,0.0136515374422163
0.448573043952446,0,0.0406301913976165,0.288902969565977,0.221893795083961,0.192788366362438,0.148489051660352,0.235790101505076,0.0340607669782331
0.409860596221001,0,0.062255799408829,0.208314806427179,0.319568797942991,0.132618068429104,0.133686992280614,0.0809523434124413,0.0197335925326259
0.48414387189321,0,0.0796694492145556,0.2326703966635,0.203516282228734,0.125925361982133,0.0918536713940713,0.108539093327639,0.0263636012472772
0.509626871060498,0,0.038761429089252,0.189916695505742,0.261695004344508,0.139380884777577,0.145537663962938,0.0773839379202868,0.0223194540947948
0.451234789366741,0,0.0797213110402506,0.193367451443809,0.275676448149199,0.252187755483408,0.182706860749537,0.127055335416553,0.0484146920011685
0.414028549063849,0,0.0862026328061361,0.242214897292024,0.257553920837991,0.145705817831162,0.154242303555806,0.068514928919628,0.0270610525338686
0.527614163165023,0,0.0724969207148122,0.18040968979028,0.219479226329885,0.188378982514071,0.204071781017868,0.0381373346053903,0.0656805963404012
0.483928756730188,0,0.0726832550914917,0.194488779323742,0.248899208854579,0.164620410562111,0.184727823177966,0.0828571347513558,0.0254682270557416
0.47222086739555,0,0.0497603777257241,0.222930982186571,0.255087772692154,0.186162320028379,0.182511754249684,0.0848458952267727,0.00959261909223758
0.516637968685198,0,0.0668652854785921,0.201952891366785,0.214543854469425,0.122373846115345,0.168828923859766,0.077476981605898,0.03205689192006
0.439556797166483,0,0.0622199034399553,0.279951142937817,0.218272156455745,0.157464069283882,0.155002656031303,0.120754526962959,0.0273352320424633
0.474479571682255,0,0.0263463680108811,0.224000926261648,0.275173134045216,0.217707439359781,0.179469485904449,0.00866961956242591,0.0280806141031101
0.479294156048325,0,0.050876590526974,0.191590963991274,0.278238289433427,0.18441177255748,0.157196844074604,0.0836007430117303,0.0429618018659607
0.450096233497099,0,0.0445317261008586,0.224804887679491,0.280567152722552,0.086746154792625,0.0908541604420656,0.136401021644148,0.0276545978368664
0.485081428820359,0,0.0329004794105396,0.16953296197709,0.312485129792011,0.19243222063287,0.206243765893238,0.0653679302860879,0.0187470518150808
0.494292397755716,0,0.0323775333858973,0.238308381305222,0.235021687553165,0.181207740200527,0.145358003999903,0.0962427089889715,0.0163212651818984
0.411359180875817,0,0.0664572056931672,0.193128393138956,0.32905522029206,0.00860794270741635,0.176955791225471,0,0.0167781152981302
0.42185607666418,0,0.0482937922390966,0.303581967514775,0.226268163581948,0.174536780802745,0.176254444056795,0.151115140106008,0.040022456210916
0.567409782258754,0,0.0317702358977945,0.199697387683148,0.201122594160304,0.22681966894005,0.159760346481988,0.105411298338172,0.0360640947044193
0.501328409687289,0,0.0363999982779131,0.203331806737915,0.258939785296883,0.14025758196903,0.202280964795604,0.0536395446838851,0.0187385705767252
0.469058932930154,0,0.0616117510663645,0.225725096758073,0.243604219245409,0.239604435247457,0.13961928456655,0.0404765643097132,0.0673920666383411
0.36738828897494,0,0.077295697786028,0.243137079853161,0.312178933385871,0.141178304640537,0.224845121819219,0.039505132687166,0.0308852168639967
0.469886839145269,0,0.0556494300286054,0.235460741848366,0.23900298897776,0.179884457530707,0.212522780021644,0.0519943852377372,0.0574908855321494
0.43582861557573,0,0.0557018344844023,0.214303458655425,0.294166091284443,0.091252869404125,0.192828523502901,0.0536201829511251,0.0231903494354318
0.473514143274635,0,0.0598605999866478,0.212667439534532,0.253957817204186,0.131885070172155,0.170822601424139,0.0860929594294199,0.00483801089194533
0.463303727044653,0,0.0499928894987991,0.256173742920817,0.23052964053573,0.145743712691688,0.131975156880854,0.109113706571374,0.0322744740179847
0.504226493391597,0,0.0590865875534526,0.231962374429879,0.204724544625071,0.149410858908998,0.195637361826849,0.0901267835421118,0.0325982718814697
0.43644949273558,0,0.0582977725509801,0.174197567610106,0.331055167103334,0.191326834000603,0.104909527829273,0.10574266244405,0.0247900315200794
0.430890753204981,0,0.0520835017760451,0.266596289765777,0.250429455253197,0.202298120478897,0.197564829827645,0.117823422785658,0.0142207491352568
0.47217491379463,0,0.0315658586078236,0.230305946815219,0.265953280782327,0.169845192708548,0.111246780529346,0.089980238428059,0.0248826522079081
0.473589558008327,0,0.0243844306337547,0.246087679551789,0.255938331806129,0.16602606721911,0.163737839628595,0.0913525374199456,0.0316949315806666
0.421556534343217,0,0.0539344039115785,0.262526222524459,0.261982839220746,0.147150399944888,0.164538675385823,0.121221017712124,0.0201941076432885
0.398408815735492,0,0.0664455480280264,0.206079601206854,0.329066035029628,0.130873848048691,0.140150712271741,0.0711040538593459,0.0112341094761989
0.50858837425524,0,0.0556728862511861,0.226945620597517,0.208793118896057,0.0904678685937651,0.199552564392762,0.0791338384722436,0.039825227697089
0.508422869231371,0,0.0313857516432756,0.199670545189279,0.260520833936074,0.165518180349566,0.205910447240351,0.165927618333623,0.00778835233486051
0.462815359778943,0,0.0493812870610396,0.198584000045769,0.289219353114249,0.143909261781462,0.13626003915112,0.0247075896563141,0.00371957185323277
0.512984376268726,0,0.0751134659227372,0.224151442731885,0.187750715076652,0.151550645486426,0.279734094250743,0.0625439035191506,0.0327256366420483
0.498163836214563,0,0.0553630235761173,0.197923500745165,0.248549639464155,0.162531776486724,0.122471104760408,0.125684269713615,0.00369042281267615
0.418176020824788,0,0.0583968355679612,0.229148775580672,0.294278368026578,0.13351143078904,0.159348638944379,0.0582000686123138,0.0133050903163546
0.434077690671203,0,0.0555078608753661,0.210589138725968,0.299825309727463,0.273313645724991,0.141189077452008,0.0760895053039819,0.0725004932444971
0.522594208561087,0,0.0566580615608788,0.22202178819293,0.198725941685105,0.0980507695655758,0.181189614705923,0.0832410140649087,0.0307916847105478
0.437745277493232,0,0.042619168594216,0.240083584630785,0.279551969281767,0.164834540543966,0.135277730859004,0.0658713421514037,0.0193163065244821
0.46591065709321,0,0.0389496066431024,0.225884372976552,0.269255363287136,0.232895181020503,0.13795077723494,0.0588321465322829,0.0281147459244307
0.488494276271635,0,0.024492973551592,0.262609997795526,0.224402752381247,0.201442267091998,0.187587121890081,0.11212855043065,0
0.468415788767714,0,0.073502409674056,0.216834277345534,0.241247524212695,0.204184341806202,0.190906460512148,0.184209617034718,0.0547862882737576
0.473630514420851,0,0.0510845696883753,0.232181939394838,0.243102976495936,0.0998092787551438,0.124801833435593,0.0652595829462942,0.0664734675986461
0.49024624093745,0,0.0407592258705054,0.17378494346469,0.295209589727354,0.185696424468721,0.144373035683541,0.149109331068382,0.0213569010662531
0.478936237762424,0,0.0365047623847491,0.202887516544665,0.281671483308162,0.144233227294249,0.156876792548445,0.0968770176502486,0.01235324316774
0.377007135431427,0,0.0631347664667463,0.26895665367963,0.290901444422196,0.195182263744414,0.161057694281578,0.104511575855194,0.0134061589597385
0.546008875490092,0,0.0563707001235752,0.186256835451739,0.211363588934593,0.235088011407264,0.137656325686864,0.0405173428034367,0.0141492589959038
0.540990863254273,0,0.0220757038162842,0.183968307575688,0.252965125353755,0.162142185831182,0.111294680578199,0.0630032810627546,0.0112712159928682
0.478759632423227,0,0.0723537963877738,0.206582404575217,0.242304166613782,0.171017069126518,0.132997018164279,0.0767948806338244,0.0200340516413092
0.502560655027076,0,0.039808147598377,0.229323864513103,0.228307332861444,0.164930013727932,0.188370098624489,0.204069578529305,0.0406230115045975
0.370211237163676,0,2.27219509526216e-10,0.263495059629748,0.366293702979356,0.181661423954512,0.159057786847807,0.254852937024926,0.0107719555082572
0.467556438131757,0,0.0703693187115251,0.224782250268742,0.237291992887976,0.25131836732933,0.16288135883799,0.119339722727439,0.0242751141359865
0.487643019477365,0,0.00303393052952946,0.250364817835454,0.258958232157652,0.184594131100578,0.127285109613656,0.0605846134984096,0.0385007398277582
0.456417225609704,0,0.0795665831976731,0.238234665399525,0.225781525793098,0.251398781427699,0.159799536533865,0.211487864100628,0.0158835352708003
0.468984907492688,0,0.0311763814114397,0.249431107999062,0.250407603096811,0.159303659354784,0.11832905393312,0.12187880834109,0.0272709309474695
0.463658623307389,0,0.0527149641552047,0.285457048268911,0.198169364268495,0.192317240741616,0.187506474394714,0.142337851998521,0.024018948251394
0.466937229316839,0,0.0332587945303329,0.282253885075914,0.217550091076914,0.158354858216437,0.120911690297324,0.110815752215086,0.0554311992320316
0.470318200372136,0,0.0254487598075144,0.194788535827651,0.309444503992698,0.14909269248484,0.105457965721219,0.0640653008071192,0.0302149595174507
0.4778603137838,0,0.0454225694390911,0.16372095024287,0.312996166534239,0.142010914125571,0.14297074023183,0.0778141525097376,0.00472483965337307
0.456590191508024,0,0.0258239373506119,0.210329630310232,0.307256240831133,0.198773079236963,0.15609869582377,0.0824071996153098,0.0214825060380045
0.448925305710487,0,0.0571605686796683,0.227051044210455,0.266863081399389,0.186442784303499,0.170103324453616,0.0632656392951112,0.0390034214670386
0.424304723892703,0,0.065624248070027,0.20485231337972,0.30521871465755,0.168259243325239,0.198424510597162,0.0567759468275567,0.0263448278117491
0.507348497797656,0,0.0687633528641795,0.211377042258684,0.212511107079481,0.164242400984113,0.135276454223656,0.0617220176483546,0.0218965512596609
0.458177497903958,0,0.100976848348958,0.21062210005756,0.230223553689525,0.189359627111244,0.19245718704283,0.13701577964472,0.0140092110916154
0.469922968401017,0,0.0338282662583881,0.122400146117743,0.373848619222852,0,0.136358082889665,0.152565476908381,0.0456592866481478
0.479897297433993,0,0.0315599785799256,0.216340475953636,0.272202248032446,0.201940504257537,0.152224423739045,0.0575103596026438,0.0125435499043481
0.45213428184453,0,0.0542640263407942,0.270865855360615,0.222735836454061,0.158024944772963,0.152821336482797,0.137815511912018,0.0279687847397491
0.484053166430616,0,0.0782149032872455,0.151755095962567,0.285976834319571,0.198615926066345,0.149135839748287,0.123545586759038,0.0604290760008714
0.423287072579239,0,0.0468638670563213,0.253708215628246,0.276140844736194,0.194207762695941,0.206782692819568,0.100448168302869,0.0266093562292773
0.476288513803663,0,0.041909304211509,0.206119738908152,0.275682443076676,0.146511659695674,0.155010726937582,0.0773181273292657,0.00857625868208482
0.470467654316405,0,0.042357106318835,0.247011989876583,0.240163249488177,0.269975606608692,0.153853091875332,0.0783306229519547,0.0146487517915025
0.389702732504998,0,0.0154231489138707,0.315416078521118,0.279458040060013,0.186813400816502,0.183756817076498,0.152750140444949,0.0266059867078418
0.437769937656663,0,0.0716556395043167,0.225618264891459,0.264956157947561,0.164118768680321,0.11702361470654,0.0962784072785881,0.0243085943172813
0.436571565027698,0,0.0354140249601249,0.228306139141046,0.299708270871131,0.134191645488159,0.0621671439964042,0.0612643508836302,0.0612134144714969
0.493390233683111,0,0.0280191533890723,0.205355976017194,0.273234636910622,0.202913606965532,0.165396120115637,0.0494869541816544,0.0213578959473539
0.449093672956551,0,0.0914856043994201,0.223934215291064,0.235486507352965,0.167267066678368,0.229610495458793,0.16919838571292,0.0139235959977629
0.508424043096287,0,0.061823543181568,0.225350550496776,0.204401863225369,0.163004057157914,0.108276293647021,0.139776249031225,0.0493722964086593
0.447557738761932,0,0.0462942198607656,0.215531195167958,0.290616846209345,0.172211822176244,0.141467313490103,0.0754083888094199,0.0402614570426985
0.424947865089263,0,0.0407027125744551,0.216901201939663,0.317448220396619,0.169059032700697,0.151683871640733,0.0519941017704608,0.0411380448252972
0.48148766115066,0,0.0491054993609411,0.179482521191758,0.289924318296641,0.172416737925185,0.190856367542141,0.0571284570384405,0.0222955000470471
0.38867418505558,0,0.0320447402007815,0.271283341188215,0.307997733555423,0.176213250487227,0.122904150919837,0.135281526674378,0.0147430611231053
0.475626917438565,0,0.0488495093811075,0.241722309428833,0.233801263751495,0.0941855218540786,0.134253713471772,0.0749727753428693,0.0203763422540341
0.397791721141044,0,0.0600331815409211,0.229507158176156,0.312667939141878,0.147924361816502,0.125402252264605,0.0498300955784256,0.0319459608259325
0.472520036525108,0,0.0352255076063727,0.249869064303135,0.242385391565385,0.242144100170896,0.123913063562732,0.0902986687535688,0.0149545508155364
0.452999876873018,0,0.026779749157056,0.216465167465973,0.303755206503953,0.0877865509107898,0.147649165316193,0.101561140227378,0.00506164665048916
0.425699593438401,0,0.090512117010361,0.207691944301622,0.276096345249616,0.207635837976429,0.091712281548381,0.0652744767854666,0.00901053289911652
0.521000549500651,0,0.0495032689584599,0.140131509830398,0.289364671710492,0.172259042250992,0.128501312264073,0.0547859681869684,0.0312856125531057
0.461611928401368,0,0.0318618621176317,0.201404069287132,0.305122140193868,0.172280256207428,0.157668762871344,0.0712714682177016,0.0199753570071089
0.493622514318449,0,0.0350193518640367,0.190595076113401,0.280763057704114,0.120190240014903,0.133921075811743,0.0498644726682177,0.0268296421338722
0.490304594668504,0,0.0248099141616121,0.177771100981119,0.307114390188765,0.105381895220713,0.165690345583826,0.0977462158691864,0.0154385180785584
0.495509446312476,0,0.0360492576560749,0.165134405750447,0.303306890281003,0.231819040875469,0.167831614174384,0.0154047735334074,0.0165213091719026
0.45622865755046,0,0.0402758790190066,0.175719688595464,0.327775774835069,0.17311290142521,0.162017713602491,0.0388701404919548,0.0162306211303763
0.452737799520848,0,0.0804003537851893,0.241416032144008,0.225445814549955,0.187093180081972,0.160082564127583,0.0937384991912768,0.0433585329290374
0.526303651477703,0,0.018747473168021,0.233878749897234,0.221070125457042,0.198876096038931,0.141384627198905,0.0916006724014799,0.0369367266869781
0.537883786383773,0,0.0526019655071764,0.173551500274501,0.23596274783455,0.145203070069551,0.114870082651934,0.115199238694121,0.0456336293457248
0.482118413685908,0,0.0249849757546619,0.293714413968685,0.199182196590745,0.125714927275705,0.115853643724192,0.0958763090882003,0.0321482124770603
0.452328987980325,0,0.0373150122867628,0.213832396249864,0.296523603483048,0.151991178365336,0.104535194035722,0.045464203618453,0.0180694684809596
0.477252943271141,0,0.0569288512613562,0.228085612544557,0.237732592922946,0.156110545574886,0.169936532717455,0.0772933935057592,0.0294969364552768
0.445345992788543,0,0.0326695030864665,0.279141806849527,0.242842697275463,0.203011670600817,0.0971583518853395,0.0637947011884081,0.02591998087641
0.440229962774925,0,0.0411597960312967,0.189678517782159,0.328931723411619,0.0882662182021786,0.106601354971079,0.0927826939274433,0.0277827286798921
0.40247834276397,0,0.0498133282635682,0.211040811921917,0.336667517050545,0.122231220587301,0.138777886119688,0.0995000497669592,0
0.42729472606261,0,0.0848460192889346,0.206223170433738,0.281636084214717,0.182716679400968,0.23517453382508,0.0616143299983184,0.013822713743625
0.552124262561178,0,0.038839533930473,0.22387906640215,0.185157137106199,0.197507796818314,0.124220727209588,0.0606822287692916,0.0251744565106006
0.484487222788346,0,0.0586989878452969,0.241904082828742,0.214909706537615,0.203671107115086,0.158089844671848,0.162670805650758,0.041201662407532
0.430721806852469,0,0.0571118805781263,0.267732438482276,0.244433874087129,0.0926416103484216,0.181442264388889,0.0519099716712165,0.0209400754648223
0.460990101752058,0,0.0562025900551052,0.287894180456238,0.194913127736599,0.207804914591306,0.15857114377111,0.079032442539465,0.0302005257871476
0.53134100731516,0,0.0369548166914647,0.210565548243977,0.221138627749399,0.205215854739756,0.123457874505157,0.11407146981036,0.0139514400552536
0.516910797700219,0,0.0464937463172032,0.177815477287818,0.25877997869476,0.193049638178391,0.209664683593935,0.110282529370967,0.0519195296056018
0.516586142440365,0,0.0318380775321288,0.211390895305827,0.240184884721679,0.162753205254916,0.0764950102584867,0.151123399348574,0.0186535352641531
0.50492624244082,0,0.0371321055638268,0.189478343238454,0.2684633087569,0.251309091813783,0.104476833883026,0.102706029777694,0.011768873365491
0.420196243469997,0,0.0622746736658332,0.204523404251051,0.313005678613119,0.22749172007403,0.120171294677261,0.108251474093303,0.0371518180561551
0.477923900191096,0,0.0539547232102142,0.243579980930273,0.224541395668417,0.131491040481257,0.149922732021962,0.107371589906198,0.0518616251178202
0.462684061364335,0,0.0858648751859517,0.214214044303847,0.237237019145866,0.164401698330673,0.0994854998165326,0.107575974977239,0.0201878315572641
0.475848726932245,0,0.0352058954007476,0.184047555176437,0.304897822490571,0.158430975561564,0.151470594691613,0.0976542677207073,0.0552558438792268
0.541725262596813,0,0.07014009649931,0.192250898637056,0.195883742266821,0.208754076544978,0.153018106492991,0.141420980080408,0.0292417414256258
0.471820829342033,0,0.0722361729547878,0.187554997374808,0.268388000328372,0.160368738638789,0.170702451720664,0.126886377749724,0.0176388165529569
0.472662840434119,0,0.0881444907819327,0.170263003423181,0.268929665360767,0.149834417034056,0.147193183155126,0.0420682817105506,0
0.417310290072212,0,0.0470673847301295,0.182870946857178,0.352751378340481,0.16494019407588,0.134551387988532,0.0938151871334859,0.0602249811202289
0.40603464038734,0,0.0416362399078846,0.278707653670874,0.273621466033902,0.160784571536525,0.207436636578701,0.0528668594382833,0.0301770429085085
0.511087598103604,0,0.06353104601544,0.140655440894196,0.284725914986759,0.216750300490802,0.182127189084198,0.0933752831041033,0.0189486599134416
0.54292302840749,0,0.0205617065337298,0.24383244177889,0.192682823279891,0.162952269003221,0.106353657628911,0.150816427328924,0.024939988300839
0.473929740878811,0,0.0719683880635022,0.203369514536253,0.250732356521434,0.174269339400083,0.19714054113703,0.0418156078375011,0.0143536413780585
0.45472869813727,0,0.0515407662778486,0.244699169266723,0.249031366318158,0.196825498000854,0.204018775397733,0.0615024417590499,0.0292967514256462
0.426581363738062,0,0.0681198637030702,0.21503540992306,0.290263362635808,0.236336816772483,0.138099608239065,0.0626003552170696,0.0215039965768129
0.43963848064235,0,0.0600508361020648,0.20004881530871,0.300261867946876,0.100513155498002,0.1407009553426,0.0993730685368709,0.029754987163287
0.482553773685402,0,0.0203667321256591,0.255464780499058,0.241614713689881,0.200260102869876,0.130315421520133,0.0953638625980817,0.0310811423706781
0.488298297010857,0,0.0262838117705547,0.23154696441359,0.253870926804998,0.250371591304033,0.117311465699803,0.0512320312599547,0.052970545120903
0.500826146303866,0,0.00723286896989709,0.22884181146801,0.263099173258226,0.174958047022798,0.157983531815094,0.0815971325429204,0.0311310309480458
0.493440109240017,0,0.0281564059987731,0.221775532053754,0.256627952707457,0.183643656339705,0.0950489028243531,0.100033447109709,0.0189164932826334
0.525207910883331,0,0.013420616418611,0.2197017164803,0.241669756217758,0.22490112507391,0.152013286568025,0.0864284653312516,0.0181848298670414
0.487012170689384,0,0.0193839345807001,0.257467612507319,0.236136282222597,0.182109087292511,0.165164072179658,0.108937781234568,0.022181367777961
0.514268356181491,0,0.0308914170835861,0.243269844756373,0.21157038197855,0.110634446897555,0.146347369794488,0.0800440777775535,0.0121594089642351
0.460968813547396,0,0.0327989209646484,0.143150715951972,0.363081549535983,0.214868936871272,0.163348674553556,0.0580581633763446,0.0164492262207613
0.464392293332086,0,0.0277815377831602,0.178860294408959,0.328965874475795,0.200112084662405,0.174833464626265,0.043049208046891,0.0263201026543465
0.451770323494388,0,0.065031988744924,0.212748049440642,0.270449638320046,0.16879763050277,0.170894640436118,0.0248506929825143,0.0446245280868815
0.414811594806786,0,0.0472204926244227,0.194878971761524,0.343088940807267,0.106630393008562,0.170726388753858,0.0743680413170795,0.0149184329859345
0.471124828683097,0,0.0659706081900752,0.228442783166184,0.234461779960643,0.195860942046886,0.182504811486849,0.0746735811467573,0.0315209242751036
0.411453365534003,0,0.0568544884180839,0.264535317155915,0.267156828891998,0.246742321789015,0.0933265677532907,0.076578207667972,0.0650709646954174
0.471168187426429,0,0.0368917809280521,0.176191727056021,0.315748304589497,0.102627481104336,0.190734711732438,0.0329659300094719,0.0179605298736889
0.502205939490278,0,0.0827903106075168,0.214424977067728,0.200578772834478,0.177444829678122,0.176041987844961,0.16212270419066,0.0279304534075899
0.45440980174792,0,0.0454834878036257,0.224687384113525,0.27541932633493,0.201630365391843,0.137440834628216,0.0365418003953449,0.0337860812613624
0.433393639399799,0,0.0841925284806124,0.249405645453804,0.233008186665785,0.230049057093296,0.128920722514053,0.072915572365469,0.0412863139148222
0.456007298921835,0,0.0468307132275145,0.229148839461906,0.268013148388745,0.234262660109615,0.199422414419213,0.0643053009629573,0.0242202201364036
0.533536789146674,0,0.0658914881112688,0.213869942041263,0.186701780700794,0.163942032662362,0.15278661606724,0.102507004407295,0.032811910032402
0.480218174275951,0,0.0367969956345763,0.246866121753433,0.236118708336039,0.129835520309786,0.13298730862832,0.0901871928759639,0.0263209751476199
0.461952402654809,0,0.0412843111520715,0.269966196153264,0.226797090039856,0.254349741985297,0.170917607457605,0.0325402684028339,0.0315090940060599
0.468147505238942,0,0.0615778064628514,0.190371609263711,0.279903079034495,0.141792426666778,0.137337797891321,0.0699612235905845,0.0204783446576903
0.481636428800199,0,0.0790454002232091,0.201690705368027,0.237627465608564,0.185027938017841,0.149205857907575,0.0757291399351469,0.0397805609519623
0.469320881026175,0,0.0662581848432029,0.208856011868481,0.255564922262141,0.114705675206475,0.163357258096823,0,0.0148147538553389
0.415415743249571,0,0.0995299897545267,0.202940261154423,0.282114005841479,0.158811079236754,0.172778801799583,0.206489321549601,0.0511890330012984
0.424186344004463,0,0.0690481267128727,0.209595587753223,0.297169941529441,0.197338707560482,0.107013180210821,0.0819380788701936,0.00507524809293495
0.418263439933074,0,0.0806104181567748,0.223888887459854,0.277237254450297,0.152396965913788,0.169899978507346,0.0759061553611799,0.0679867869768015
0.522173385293006,0,0.083679972553221,0.196446396698485,0.197700245455288,0.178874194507383,0.165339354456301,0.0645030170102734,0.0281536750586919
0.510650790597832,0,0.0699918857200121,0.218876256181605,0.200481067500551,0.102382250434976,0.163767347161822,0.0695318476615007,0.0144456789763332
0.513499162407115,0,0.0627634494207436,0.171884452162487,0.251852936009654,0.183503112627282,0.19789263099855,0.0909246054983555,0.0087745911369957
0.509110704597778,0,0.064064805241049,0.19686738643476,0.229957103726413,0.179920707641527,0.124049386814558,0.110394660991837,0.0163570118989958
0.515915646313488,0,0.0528205254564242,0.167916307846842,0.263347520383246,0.136706506804576,0.118495393325353,0.0797459807291662,0
0.403418393818947,0,0.0597418528213832,0.216911086598885,0.319928666760785,0.18675838736191,0.142787037210701,0.0575697532719994,0.00405078190323188
0.472175454253066,0,0.0793410915817684,0.181731684193807,0.266751769971359,0.170043562046418,0.163334924270163,0.179679093221106,0.0250646757344793
0.449940162002954,0,0.0921717382172414,0.167754223629669,0.290133876150136,0.18654978002591,0.165112470652666,0.0839511569711468,0.0458933509385863
0.451971987445143,0,0.0589509876311277,0.237555951275742,0.251521073647987,0.167047152537839,0.153830279229358,0.0665825849347194,0.0172579099126161
0.437907872522105,0,0.0426650310587603,0.259610779133113,0.259816317286022,0.211834497898829,0.134634097069443,0.0536051807343477,0.00946401678032301
0.463331900725224,0,0.043984453526918,0.242755011231635,0.249928634516223,0.156637507431688,0.154759605544908,0.064349344445783,0.0242877138169662
0.516651600754626,0,0.011941993634214,0.252968287273424,0.218438118337736,0.16199796023066,0.201824695209531,0.0714388852264808,0.0459618394279591
0.437983305145627,0,0.0683510859375755,0.259237358002478,0.234428250914319,0.135838069750175,0.202347124850575,0.0647763072159871,0.020582723087948
0.514314047061117,0,0.0225309004372749,0.216370781005438,0.246784271496169,0.190341378308742,0.134326615678608,0.117677113468205,0.0470294048272989
0.462993454776649,0,0.0380862936465146,0.208668362352571,0.290251889224265,0.115473003538769,0.147312664777272,0.0428559550758097,0.00937641596193675
0.4556491400093,0,0.0296751431091825,0.269133886819063,0.245541830062454,0.180131803182039,0.103928601976238,0.0681287923931639,0.0128120275390778
0.467314138330191,0,0.084384840587671,0.195623653694366,0.252677367387772,0.199035629146915,0.172475764056804,0.102016599655432,0.0308727507436831
0.484670911159336,0,0.0512294606448876,0.161118338332884,0.302981289862893,0.146261841862141,0.122707537320413,0.0892855673126552,0.0409434362229497
0.45114770001891,0,0.0664831855575837,0.228674115899846,0.25369499852366,0.194815874575033,0.154932869936927,0.0200711386764383,0.0302878612968723
0.46201769027826,0,0.0835192851889741,0.174671070712016,0.279791953820751,0.288452453234939,0.179094841172369,0.0906643945832751,0.0171121345548142
0.540196642944951,0,0.0769130577420233,0.167257491425361,0.215632807887665,0.141826983396148,0.209294667659246,0.0984457537521841,0.0238380627879283
0.505176409101798,0,0.0200966170517863,0.220492740905531,0.254234232940885,0.13758818677053,0.145926052735354,0.0906226207955705,0.0416469369136355
0.52916751563499,0,0.0692333130860051,0.135935861002237,0.265663310276768,0.21320142219584,0.167291240564438,0.105312498588269,0.0166295627914191
0.512231622429397,0,5.54420148855172e-15,0.278683893721343,0.209084483849255,0.148634777796607,0.249096325171945,0.0753199709643472,0.0306159319090675
0.509101073951824,0,0.0421951700194167,0.19616786360316,0.2525358924256,0.270267928226865,0.142372253729169,0.109322115784449,0.00420791419117016
0.473229338675519,0,0.0354486489280048,0.219052472296156,0.27226954010032,0.1708004774539,0.102544095825317,0.0463243890613153,0.0643190883905055
0.50251659945847,0,0.0494930184399138,0.25643568548244,0.191554696619177,0.206273627828894,0.143473910059602,0.0840169055388685,0.0204084200649097
0.524215441056204,0,0.0835111546814457,0.232223336630053,0.160050067632298,0.244036920142005,0.177407112732987,0.270313146932287,0.029160643134598
0.440398958394626,0,0.0418155055625589,0.168839752184013,0.348945783858802,0.126521261416018,0.170937253093671,0.0610369550474074,0
0.459062652056068,0,0.0522114244466391,0.240936991528842,0.247788931968451,0.222921330287385,0.145775878861466,0.109828224517345,0.00915725344903096
0.397799880706849,0,0.0903658381427723,0.210284727922728,0.301549553227651,0.115068846938338,0.170324387664262,0.0852291897993762,0.022947084828618
0.401099226886324,0,0.0676970696064606,0.220274308211806,0.310929395295409,0.182188720829646,0.121687337745635,0.051082719173657,0.0365556624906282
0.405026301593175,0,0.0384807586497235,0.313153721083389,0.243339218673712,0.147849797649686,0.168289910708707,0.184280903246967,0.0326636586672076
0.467539559446937,0,0.0382066208208884,0.272603777923757,0.221650041808418,0.174764832940343,0.182197638159197,0.0674816849516683,0.0880504330915026
0.478294504123112,0,0.0756607274736317,0.149722642845648,0.296322125557607,0.156557950513928,0.146826376864919,0.030817400247007,0.0130104480112223
0.509677899073034,0,0.0492510779590704,0.197442831082624,0.243628191885272,0.22204641524168,0.155284268170759,0.109902657808145,0.0343534060045311
0.488367146327375,0,0.0469929699283332,0.215263521569886,0.249376362174405,0.18016111634271,0.110283986891655,0.0719138980384059,0.0166425198091088
0.425842544526979,0,0.0216834290713228,0.259226760903464,0.293247265498233,0.130801871833263,0.106505716351767,0.0822784109675153,0.0242923952029153
0.51012720509982,0,0.0663197130312954,0.188342733450257,0.235210348418627,0.199064067905964,0.221819919589149,0.127833191534098,0.0206315145782809
0.474928357090417,0,0.0995302519714086,0.188814635045816,0.236726755892359,0.208966456358179,0.121915793206464,0.0686007440289471,0.0562360190041182
0.491487032947978,0,0.0445076937757429,0.230726893127057,0.233278380149222,0.159819649807755,0.192626346628603,0.180039105471281,0.0485515035213074
0.486235339835283,0,0.053027069460742,0.233791046595884,0.22694654410809,0.141965444634136,0.158545233318838,0.125909645885968,0.025761890933049
0.464909635560075,0,0.0174480561706461,0.251430259252742,0.266212049016536,0.198520481632593,0.129836545283581,0.0412122220672539,0.0196195757898615
0.445551992139826,0,0.0670120761366854,0.199811176314373,0.287624755409115,0.185848925744579,0.113309025376126,0.0756673943654859,0.0290815269483094
0.499821893813832,0,0.0595244656495047,0.179771728143338,0.260881912393325,0.167042508740069,0.145985604458025,0.0429400182640622,0.052217795184055
0.472380519982547,0,0.0734344597569938,0.153704659271146,0.300480360989314,0.173896059173814,0.192953497076357,0.0449922115390089,0.0192112829153343
0.498189808472773,0,0.0399820155120967,0.253399948308909,0.208428227706222,0.205420741466642,0.118940278228429,0.0867492134174772,0.0189155471015658
0.507678927594278,0,0.0493817743664919,0.233723912130198,0.209215385909032,0.221971959689881,0.146545717431279,0.0759434347339693,0.0431654146997225
0.496778904098422,0,0.0597742263452419,0.245838087618548,0.197608781937788,0.116889611290306,0.180539567504151,0.0722848571400971,0.0564247594732111
0.492330430568288,0,0.0631710187826467,0.139044033146488,0.305454517502577,0.15782319853548,0.142865551301851,0.116480832578875,0.0514589998062058
0.429073052450971,0,0.0618450833078355,0.217152425884147,0.291929438357046,0.15738067105284,0.112566284301375,0.134283588085033,0.00576316470689092
0.581835869308828,0,0.0458084164949892,0.180690418291783,0.1916652959044,0.251113832788196,0.136330758351977,0.132240897625159,0.0353203667924843
0.456909903968853,0,0.120824071337181,0.174762830130113,0.247503194563853,0.184229676101013,0.11348760019963,0.15455363395023,0.042876820085557
0.4388569172067,0,0.0400001898222605,0.249666700130516,0.271476192840523,0.201798363052657,0.188945423841148,0.0831988429082643,0.0294702149407051
0.416835612605114,0,0.0410503385800913,0.191395973967233,0.350718074847561,0.172428874244246,0.153604213208014,0.110359956305701,0.0208802953347536
0.488032869889592,0,0.0307793850375196,0.24323553374522,0.237952211327669,0.124169851428549,0.163915973168062,0.0380504428228422,0.0375315273814552
0.481496007447813,0,0.0768497829100031,0.198925119747491,0.242729089894693,0.231796602604449,0.13521276960424,0.0312926773122071,0.0185748455626493
0.449390631385999,0,0.0385350313637436,0.260498021788191,0.251576315462067,0.175956739462833,0.177669067700796,0.0876194288439832,0.0172040616101722
0.42498666242816,0,0.0508058483610143,0.202491050666141,0.321716438544684,0.137529768427066,0.139808539220375,0.0623174765937874,0.0137865453921665
0.433556018476631,0,0.0365654500265737,0.253132832461453,0.276745699035342,0.228303027938654,0.161878211369304,0.0820837185347833,0.0110681336779349
0.473249390920572,0,0.0169430937254699,0.174787791027994,0.335019724325964,0.104373527348034,0.111732153867565,0.140464961010084,0.0143584916856738
0.449152081758042,0,0.0298699577051963,0.195637679465681,0.325340281071081,0.184278956042648,0.111444845234965,0.0688237499728692,0.01791887716214
0.473405999990568,0,0.0525620953865127,0.194314698959664,0.279717205663255,0.159483448164459,0.168112289140984,0.0299501784802944,0.0122165303194727
0.542873832059291,0,0.049522703871086,0.123468781980424,0.284134682089199,0.100472272952894,0.100431305935761,0.0508957833279239,0.0258316783660944
0.493504156000037,0,0.0429131220279762,0.203008854476315,0.260573867495672,0.23181551620266,0.125986110149262,0.0677367175241684,0.015012256673342
0.543563429509523,0,0.00827870599235304,0.221978415281664,0.22617944921646,0.182407952218456,0.128121992788795,0.146964594267611,0.0532630414292411
0.517734468920285,0,0.058955158464441,0.260029148847408,0.163281223767866,0.153748200217725,0.152842501686377,0.0833676922073745,0.0255669274944159
0.495983500527433,0,0.0308537432377857,0.226369702887999,0.246793053346782,0.15889507376036,0.223884555809073,0.0512468151647635,0
0.446746502432323,0,0.0522646316689554,0.243912756804749,0.257076109093973,0.150973122849032,0.119582839186565,0.0786072178686721,0.0125353048109839
0.508283104493897,0,0.0356099414634422,0.187562071267876,0.268544882774784,0.20036731522783,0.186238672596828,0.0676432075578875,0.0287585745919061
0.442667975618513,0,0.0758118664838412,0.202888103241516,0.278632054656129,0.217182283646482,0.206039861142814,0.0197457818546183,0.0226859603105837
0.464208507882222,0,0.061308551984514,0.205131658307798,0.269351281825466,0.191601926666109,0.130525359172137,0.0692613245012188,0.0485566450434326
0.435838444090237,0,0.053090946942904,0.207607589002868,0.303463019963991,0.138602307602369,0.130602136160473,0.0900635457145018,0.0286418777248534
0.451570969332054,0,0.0219465398934529,0.273738310266128,0.252744180508365,0.146480242204418,0.106116323622385,0.0539690730198073,0.0322250775230428
0.575736034914031,0,0.0571069227566882,0.154785265090246,0.212371777239035,0.0467300993191251,0.181394438306708,0.0887096280561468,0.0441365630186934
0.491594864734083,0,0.0205634002264742,0.179291381428429,0.308550353611014,0.152063964374226,0.171256915957973,0.0536973508007056,0.00877110361420475
0.415287170562471,0,0.0425329136889101,0.279711088285082,0.262468827463537,0.154159541638289,0.134659347329682,0.0596945320405044,0.0462646917538608
0.477341533654019,0,0.0493541207876833,0.20862715011564,0.264677195442658,0.217405090754543,0.168218564973065,0.119398005061828,0.0199732496280304
0.506441775600946,0,0.026624655079378,0.210623464694709,0.256310104624968,0.0334535706543821,0.153760577560651,0.0890148107467427,0.0530198460215373
0.440078374890996,0,0.0318653001756821,0.239710517280879,0.288345807652442,0.155807761790076,0.14381046263582,0.0581074711697057,0.0260506820506762
0.454993548208158,0,0.049629316819728,0.224902620419228,0.270474514552886,0.231198861727303,0.18470862440675,0.0716591446170367,0.0126853672557312
0.457693949340341,0,0.0536764131656881,0.210389476720015,0.278240160773956,0.191901279159798,0.164790402626769,0.08173611720469,0.017881512644359
0.446213936261165,0,0.0448617201965342,0.212208988369317,0.296715355172984,0.242819077112243,0.153704153282128,0.0918792223539714,0.037167814967607
0.507197230842409,0,0.0182828245788282,0.265842346397996,0.208677598180766,0.213825247878455,0.140529188524658,0.117875538018104,0.0223545546443847
0.454934562106267,0,0.0390458506458056,0.185346533641581,0.320673053606345,0.164819725732745,0.187595273403432,0.042407485247845,0.0252537807037824
0.426682329484928,0,0.0753976620044395,0.215960543955646,0.281959464554986,0.201269955224945,0.122873231493774,0.0939609688905077,0.0259061397434456
0.45549159363072,0,0.0626688150741602,0.222387578531311,0.259452012763809,0.178590967397137,0.142432845558954,0.0268761631031202,0.0180588498448837
0.514776310113445,0,0.0349907711422134,0.173233419365637,0.276999499378705,0,0.170898417856084,0.0824491561630744,0.0210930134469583
0.476927458443216,0,0.0879209944354998,0.186494257019077,0.248657290102207,0.202199494518047,0.147310997807054,0.0767637627044945,0.0484650562677224
0.43385907401556,0,0.0373018360088566,0.195064808291686,0.333774281683897,0.197463195984026,0.130854663865037,0.083187838395431,0
0.461150373438799,0,0.04847722195035,0.226825707710182,0.263546696900669,0.113424406354788,0.174925947711108,0.0436276498751058,0.049358719351708
0.400684693627271,0,0.0752932929412162,0.275788165022803,0.24823384840871,0.226335937463972,0.200850254266927,0.0405773798819302,0.0420917369511559
0.490884749017083,0,0.0524894650628015,0.154280426953869,0.302345358966246,0.127037194296464,0.137443409931058,0.0908773527176183,0.00716246105114021
0.44045178651604,0,0.0504034657596887,0.248429171189912,0.260715576534359,0.171287410272905,0.136464303526769,0.0335961515485,0.0375258524957609
0.408058356045649,0,0.0540215731175354,0.27871939008582,0.259200680750996,0.121313786885264,0.14091090298566,0.063634479352356,0.0370622655017388
0.532673103274505,0,0.0748000154987006,0.200663125064848,0.191863756161946,0.174296474203649,0.142554495033301,0.112240588033092,0.0294535115675554
0.477840781443443,0,0.0216701196030071,0.220865027813952,0.279624071139597,0.181345389189648,0.12198406644049,0.112498597201799,0.0347045588049137
0.456121344963673,0,0.0554605089078674,0.20348273431109,0.28493541181737,0.109934027112838,0.128044220926711,0.0366551109930088,0.0402175453304998
0.43517541791756,0,0.0536664939495074,0.201082786187854,0.310075301945079,0.153979060856303,0.0965285785722526,0.0619148446264789,0.0134642041430389
0.520178262974631,0,0.0535566211091842,0.155093853156522,0.271171262759663,0.0048037392366368,0.185623997948247,0.12025337398486,0.0170564989548965
0.434199943574886,0,0.0116670352472648,0.197711783871291,0.356421237306558,0.201414105332784,0.0833392842283241,0.036424089978713,0.042649458555149
0.439058936629686,0,0.0489479492053159,0.296451349995185,0.215541764169813,0.186285268222269,0.160600619121254,0.081786333835555,0.0391742970581053
0.411794056523163,0,0.0351012872456926,0.238467856316952,0.314636799914192,0.215879622724319,0.128384305527333,0.0355854758613203,0.0532524650985491
0.416525686481889,0,0.0318080483056088,0.198770316025521,0.352895949186981,0.210103144451384,0.129856774966123,0.0880485055077679,0.0533007342918654
0.393521517130021,0,0.102868364281766,0.210625195523143,0.29298492306507,0.21762989660483,0.143731976738708,0.0258315171168658,0.0301822098081198
0.441406544912282,0,0.10791323965514,0.201129869081084,0.249550346351493,0.171430889798143,0.197296072007861,0.0449767792701507,0.037057794693261
0.493130601699601,0,0.04216283103004,0.184850271349945,0.279856295920413,0.17868660002311,0.12931110015649,0.0864693643108477,0.012641778973979
0.461715515364681,0,0.0414386217358716,0.190302743683493,0.306543119215954,0.204711924805439,0.145758918203278,0.108063423961448,0.0361675501333132
0.554151604742437,0,0.0672328405015944,0.154051590200534,0.224563964555435,0.216825102697394,0.10713307354344,0.043898517702398,0.0248018844716676
0.523456163795276,0,0.0394359291846979,0.238069982087217,0.199037924932809,0.220974231657793,0.188940079296694,0.0599912361118208,0.0249882063156394
0.508340673256053,0,0.0337968621995577,0.176838438284126,0.281024026260263,0.136382432881301,0.163984356960339,0.083180463065673,0.0106253285767856
0.472955576454721,0,0.0318817657635414,0.209582067937199,0.285580589844539,0.181489193362873,0.0997412446121361,0.0394429656582522,0.0153577596438986
0.417188993568842,0,0.0750887206102658,0.251466940550522,0.256255345270371,0.231302405210534,0.107327238844766,0.0473831306762588,0.0132395124817883
0.502131898120437,0,0.0716814631545405,0.232308453375547,0.193878185349475,0.263689366282939,0.119454385384699,0.238518697480677,0.020165733533387
0.461799215089082,0,0.052389961309085,0.201836668185469,0.283974155416364,0.157330461935335,0.122069905370131,0.0417248004744358,0.0121782099852412
0.436999993043227,0,0.0552727957170328,0.250025361753895,0.257701849485845,0.247060505435245,0.191166080689268,0.104424305478303,0.0276134347030465
0.452986048212949,0,0.0207480380861045,0.251308010198349,0.274957903502597,0.187426809865036,0.118078976206065,0.121682374022869,0.0167992110931162
0.527737120693736,0,0.0305807402680737,0.196933520481093,0.244748618557097,0.160248614343061,0.126332075245901,0.0732548746118791,0.0241077356730033
0.391679341557968,0,0.0667103920453457,0.215792057406097,0.325818208990589,0.196560303712637,0.226823157716901,0.057497217247087,0.029288704211556
0.417988052702661,0,0.0735364263340197,0.255753775930222,0.252721745033097,0.251916250213106,0.11386691603447,0.110778352524233,0.038288875776249
0.463528213048991,0,0.0412993955411754,0.299009666952657,0.196162724457176,0.204528843369938,0.183038183224265,0.0750447402908511,0.0468052341489816
0.499246389319828,0,0.0369870579652863,0.191058502080644,0.272708050634241,0.199973467990337,0.154453473449546,0.137325933939541,0.00834734940330281
0.43773231109783,0,0.064245528287666,0.29207182292891,0.205950337685595,0.183539043265527,0.24606209172971,0.257669553498483,0.0445659937458873
0.50657862048046,0,0.0306855668575343,0.189767090566375,0.272968722095631,0.131748450978153,0.121645262809043,0.104857775189291,0.00455504866500846
0.488133849994593,0,0.0517824454997845,0.27315628724575,0.186927417259872,0.157073687068029,0.188861889407995,0.0819823936185434,0.0400396685050671
0.464790756117399,0,0.0596936994819371,0.261422236969437,0.214093307431228,0.173304404955279,0.189974461233032,0.23778919421266,0.0115843057615666
0.419162717420018,0,0.086904338427989,0.223060965084798,0.270871979067195,0.161403111620447,0.204114897326695,0.0287664173741757,0.0225902932748138
0.43049916975326,0,0.0475908084557904,0.247701536752184,0.274208485038765,0.147252058425813,0.127573952007394,0.0478266830839234,0.00878595436597164
0.538040521278998,0,0.0998056334574996,0.202185277055504,0.159968568207998,0.139718310385293,0.167033912177596,0.256453635290863,0.030593417569132
0.50284861285185,0,0.0481306672504338,0.156573618860843,0.292447101036873,0.0661465407841352,0.102492099611521,0.0930684916050322,0.00666542157392278
0.513184062160983,0,0.0820342611090953,0.192901871636282,0.211879805093639,0.233547434520305,0.182285589596857,0.122848537646172,0.0223534163951725
0.437087477261099,0,0.0912810827201746,0.239468505090991,0.232162934927735,0.200734845924698,0.145150940188039,0.237781073182942,0.0159461394672559
0.501985472448418,0,0.0707251892997432,0.204346054711247,0.222943283540592,0.2041681883629,0.252867134244082,0.105315881022291,0.0273113836494919
0.430199285469864,0,0.0561443568015092,0.226589700880519,0.287066656848108,0.210839227698551,0.189912517537392,0.0715543007969975,0.00524374069918564
0.540132658126087,0,0.0518693372669654,0.1859760583472,0.222021946259747,0.192827509282275,0.148123191973008,0.0402788573780026,0
0.501396386796674,0,0.0475333663705046,0.205202014900932,0.245868231931889,0.235342991828798,0.186352640914594,0.0544316521926915,0.0303621073262001
0.392651585809483,0,0.0538957207935465,0.217977140981146,0.335475552415824,0.208181490600837,0.153424099634505,0.0575405805087854,0.0493435774694749
0.464764433187856,0,0.0448584916465921,0.169473621708388,0.320903453457164,0.219285642301417,0.121959740260269,0.089865086734026,0.0114574225277584
0.448717585509389,0,0.0362557130608517,0.231555851903201,0.283470849526559,0.146560971591065,0.152475726853575,0.0871183203014212,0.0465291921875114
0.471621914479249,0,0.0211407943439374,0.277098323737924,0.23013896743889,0.203794723768559,0.169952113721375,0.146394878666407,0.0100674890283389
0.438537687884073,0,0.0541723104227327,0.246182536971695,0.261107464721498,0.148335288859007,0.149452971452705,0.0893158120647203,0.0443835175934605
0.493535733239032,0,0.0350382899197357,0.193449152703547,0.277976824137685,0.115185306287203,0.199333026970006,0.0848765877690176,0.0119561747505682
0.499377457040879,0,0.0637789001077101,0.141969419177549,0.294874223673862,0.168975377982126,0.177683739939634,0.0881773828394066,0.0326574777337314
0.449112597151807,0,0.0325259217289498,0.247899311646498,0.270462169472745,0.122307294201295,0.142935995919783,0.0636439259056113,0.042119203073097
0.483828708286691,0,0.0561729293702076,0.209317456029102,0.250680906314,0.271693946168776,0.15214205063103,0.0544438559461188,0.0115324640743873
0.486546991040952,0,0.038613682239223,0.246664063368687,0.228175263351138,0.0748393664344642,0.136466361568933,0.126806672484804,0.035632155263959
0.497556193060774,0,0.0251157305394938,0.219520796257384,0.257807280142348,0.28101892240485,0.106443957350092,0.0616175127613675,0.0298199333637755
0.401456047787644,0,0.0523257997694987,0.265163804352484,0.281054348090373,0.236085259925937,0.167566168957794,0.0902940461459934,0.00432269026947707
0.410872885120404,0,0.0366492961278927,0.201315673357371,0.351162145394333,0.159891951680907,0.136691255344809,0.0209470711179901,0.0265554705152221
0.409043568482631,0,0.00563195826352961,0.268604330683454,0.316720142570385,0.196045826769486,0.26199717144087,0.0581154261332223,0.0216203885591475
0.457550017530024,0,0.0406468846626122,0.262296709910368,0.239506387896996,0.201006584396758,0.154822651685044,0.145424540437231,0.0225413814259421
0.447319913449328,0,0.00769061170406937,0.37077029806629,0.174219176780313,0.161318630243134,0.182750840406728,0.0629064664568001,0.0403536945914624
0.424548337770039,0,0.0653823215223031,0.289443460806187,0.220625879901471,0.192090083654734,0.167320645929141,0.0481594201069471,0.0487486578542972
0.474182056025517,0,0.0594386713967419,0.206717196414345,0.259662076163396,0.211099516548547,0.178026219851503,0.081957456877753,0.014020333919087
0.403909942723425,0,0.0492737699388792,0.263070608134262,0.283745679203433,0.160030185034939,0.191466209912668,0.0708175091201505,0.035175602168735
0.45139602515597,0,0.0593637473694079,0.162036717381607,0.327203510093015,0.120636177934192,0.187016678873157,0.0891118289266209,0
0.423772825495578,0,0.061091353146326,0.22500223116712,0.290133590190976,0.210305873791403,0.129859000689163,0.0655027144941152,0.0111350029323804
0.501596173278249,0,0.0784849763997316,0.141067222545991,0.278851627776028,0.0574238402427521,0.152561209661419,0.136212698202785,0.027673320855084
0.476680709695775,0,0.0669726652992352,0.18823546011973,0.26811116488526,0.0980372662661036,0.176422686309155,0.0604887908741007,0.0172088268327027
0.470376004199886,0,0.0663936230105252,0.17885554930956,0.284374823480029,0.157132101999729,0.135261529271458,0.0852413124684626,0.0551354164327483
0.459727681438896,0,0.0747893148771474,0.204915640877593,0.260567362806364,0.245267010508625,0.156016258230406,0.136118710875269,0.037641119501647
0.493944615153294,0,0.0239715687617022,0.177722245477276,0.304361570607728,0.133606086383247,0.149140246086239,0.0537229942566737,0.00674966594097665
0.488745030907374,0,0.0456035615824013,0.208094469326223,0.257556938184001,0.121776292250786,0.151266676983565,0.0750904368925401,0.0127173947687238
0.505778576392015,0,0.103863153517888,0.132945347391341,0.257412922698757,0.144564315696723,0.141114882025694,0.0757342882193047,0.0120609550695969
0.438122991701277,0,0.0746148810499585,0.215470553528469,0.271791573720296,0.15230489116309,0.106801930182649,0.0991767252106933,0.0259408787798556
0.509141581323223,0,0.074327533160049,0.216318950522773,0.200211934993955,0.253207933010496,0.143540539552733,0.187671699576706,0.0319028285320297
0.488828444944168,0,0.0449968069991658,0.199277349431938,0.266897398624728,0.207422481618908,0.14965584555228,0.0491308014012667,0.00497442186529834
0.465589386838938,0,0.0521769408460235,0.220932948527234,0.261300723787804,0.17451041418986,0.154670166044247,0.0623292645543957,0.0208058705921232
0.44869374595201,0,0.0659237285249226,0.243926330870992,0.241456194652075,0.20951615680529,0.167401912970976,0.132755520817055,0.0287564159131196
0.48067129541989,0,0.0955007532791118,0.173653944584639,0.250174006716358,0.237605521270892,0.146226391037117,0.0200915187259242,0.0492988003805838
0.434498616220118,0,0.0539396426007038,0.145034990641968,0.366526750537209,0.14120797215986,0.129488824058309,0.0492619394884483,0.00845875576800864
0.429216316263251,0,0.0508894451152668,0.290451230224716,0.229443008396767,0.181708983028003,0.199538789610069,0.0592235054053695,0.0700146930502842
0.458591692824721,0,0.0369652766357301,0.246901709378861,0.257541321160687,0.237650600474162,0.185528454702444,0.0652527922529632,0.0575835251145062
0.448632125007696,0,0.063463936662559,0.219565464362926,0.268338473966819,0.0633247643012467,0.107135885902866,0.060017417540459,0.0196591525670957
0.419555227637958,0,0.0636103912364487,0.242719239517994,0.274115141607599,0.117838200360087,0.186397662571249,0.176388750184008,0.0476736769625776
0.535952012232929,0,0.0415149526002253,0.199911811393017,0.222621223773829,0.163105212218236,0.118184875883569,0.292404651887903,0.0371952128730789
0.423574376416671,0,0.0274575322551373,0.258958920171298,0.290009171156894,0.190739528838,0.121392917450627,0.0333362816341951,0.0228837531521196
0.498702931546252,0,0.0556503303793493,0.239944784591547,0.205701953482851,0.136494443625735,0.138082917148208,0.0852330283146779,0.038359633774578
0.544866140636566,0,0.0610313195951429,0.120663432996332,0.27343910677196,0.0894952384061389,0.152233644605867,0.0904446926501022,0.00860322615154282
0.393930308319977,0,0.0662061932907209,0.172816481325993,0.367047017063309,0.149309077976906,0.126988216757453,0.0318749312641313,0
0.551594221400741,0,0.0304685351022661,0.219162379442746,0.198774864054247,0.206204674088103,0.214952755610889,0.144597373427643,0.0261170530338411
0.525430448498151,0,0.0637451701907477,0.199179636818447,0.211644744492655,0.291066014552128,0.162495599142717,0.0858534292945298,0.0274498666035598
0.484446497091446,0,0.0202929062924933,0.223490801943508,0.271769794672552,0.157675031948139,0.134796806035034,0.0912678061431111,0.0347512988941654
0.507370947825625,0,0.0693640648789491,0.189560846166642,0.233704141128784,0.150608840051993,0.160831680043358,0.157310743789733,0.0288565741001176
0.571541907388557,0,0.00988066634438911,0.145114182176471,0.273463244090583,0,0.230392052160658,0.13432449167734,0.0112769296811584
0.417582345671576,0,0.0615922514856173,0.167986367826197,0.35283903501661,0.192311945601872,0.138113961585836,0.0663788575618321,0.0143775468034012
0.407912999885558,0,0.015103740284283,0.253157290910192,0.323825968919967,0.19167935398408,0.154414707412477,0.0965796997902012,0.00922297242459514
0.502834358693887,0,0.0624654694570228,0.196697998512884,0.238002173336206,0.237806311288097,0.118732790530614,0.0540247069439208,0.0422528556515325
0.468740379797169,0,0.0301927435799273,0.242556696604084,0.25851018001882,0.162716847611711,0.0828024940908895,0.0626225460450972,0.0386784221931197
0.530401301725918,0,0.0372688979318434,0.159496114937336,0.272833685404903,0.111792230847767,0.15163857830559,0.0403857032988117,0.0215782295291355
0.50582329821981,0,0.0292647990089827,0.247512834406571,0.217399068364637,0.139274022160151,0.157844374101635,0.0529637193262389,0.059521875527308
0.502517147542358,0,0.0456415767041609,0.195055275566173,0.256786000187309,0.161115632702848,0.176167023230905,0.128516085144083,0.0368057524513549
0.47126050275974,0,0.0368270874240069,0.23971595343011,0.252196456386143,0.202398478002153,0.0906752224766092,0.0988530254940341,0.0277825973072774
0.565048714930008,0,0.0273711414042755,0.250995649635045,0.156584494030671,0.139393108589826,0.166570493319791,0.357951438037713,0.0346636711267524
0.516924213976627,0,0.0791632054402465,0.158439387069946,0.245473193513181,0.142028949658164,0.177522470641465,0.0838238285592533,0.0349516106205182
0.477766864011926,0,0.0667145083738269,0.196089061875224,0.259429565739023,0.139278232262259,0.181289830549593,0.0800980497838377,0.0369677095766919
0.537122344137824,0,0.0428450481772383,0.147748349662517,0.272284258022421,0.180394952103709,0.163032289761587,0.137413843987712,0.00884863160974369
0.493872898030273,0,0.026644592583108,0.161876562797042,0.317605946589578,0.134801598676091,0.13372639730205,0.0915897488024223,0.0245416087236296
0.539138092932702,0,0.0985604672610849,0.132665895149841,0.229635544656372,0.167261496712733,0.19146329056773,0.173438158685715,0.0207255174674032
0.403413581259991,0,0.0360841943200712,0.232966097565467,0.32753612685447,0.159699711925734,0.124557734718242,0.146163950214172,0.0444144579437879
0.444485411138957,0,0.0749325400337624,0.200968098015395,0.279613950811886,0.212561017488643,0.191824380766333,0.0695790657927448,0.00954785911442621
0.467512673323712,0,0.0756739699207652,0.256217827544662,0.200595529210861,0.299521646825265,0.181963832234715,0.124152549482749,0.0471103478809327
0.437159023676512,0,0.0805846581064398,0.192533494449149,0.289722823767899,0.0764387326978627,0.177152404976429,0.0683620029880728,0.0219303492932769
0.427258028853457,0,0.00968529220679,0.277173735991266,0.285882942948487,0.159411918262621,0.0704840308119425,0.0575331010093002,0.0299751447598992
0.531907305534712,0,0.0492750030940147,0.140107130432923,0.27871056093835,0.0517062796175515,0.0959154781039241,0.108856032213946,0.0143589425488261
0.550827216555326,0,0.0399537437648357,0.122406461938091,0.286812577741747,0.154999239607667,0.107903466487473,0.052916280134313,0.00501909317717199
0.471169063292285,0,0.0327489216647431,0.203113513358719,0.292968501684253,0.177039527273449,0.140491626951225,0.038857837278943,0.00993770272953525
0.45420078815871,0,0.0385644964332433,0.251747603357458,0.255487112050589,0.267820606981775,0.153431445327794,0.101997549903051,0.0456396804284145
0.434138979202334,0,0.0664289540159703,0.20658288451785,0.292849182263845,0.13138441523525,0.179313681541517,0.0846400598530328,0.0252788422450237
0.497490725411092,0,0.0477275438045169,0.205081169902202,0.249700560882189,0.0666751357977553,0.168765801493542,0.0788506168924476,0.0262892057562694
0.458776100779641,0,0.0424003893864269,0.223062677286225,0.275760832547707,0.180451839698569,0.13389723592832,0.0569209095630066,0.0283362602865815
0.449982728283366,0,0.0563427989543219,0.240974886836458,0.252699585925854,0.139285642039568,0.128092743889775,0.0778345729694846,0.0188789657826893
0.458997142177053,0,0.048551129165355,0.262221434383456,0.230230294274137,0.149308981126064,0.146042485044937,0.0913522509089096,0.0571293969758779
0.502840719257974,0,0.00964777058000955,0.184769889612919,0.302741620549098,0.179640040659698,0.174548367750204,0.0585499640685615,0.035198618673228
0.526813013691699,0,0.0453261360479915,0.169755043807436,0.258105806452873,0.124666379320279,0.131105727113707,0.045675331770088,0.0104649021681262
0.51310327005605,0,0.0385248815080665,0.207251632876395,0.241120215559488,0.14500090281145,0.152874739492853,0.0520102514265518,0.0280543084755411
0.422192170907106,0,0.0439771872120314,0.201415655236219,0.332414986644643,0.183768435781465,0.160213492765238,0.0469699159424781,0.0261327150693601
0.481857119463621,0,0.0349224156987891,0.20704847465332,0.27617199018427,0.260411645207971,0.165010424507925,0.0539313054286153,0.037422361569789
0.552764848798639,0,0.050875840661912,0.172981334623862,0.223377975915587,0.1805883404567,0.208438023796259,0.155260307737646,0.035302091492981
0.437149427689768,0,0.0838156905417673,0.269514070774842,0.209520810993623,0.184239573946393,0.183149254690559,0.0764760270473488,0.0416917907933171
0.476878301369999,0,0.0491344550664183,0.166258040500606,0.307729203062977,0.151907376217337,0.149869453927456,0.0685426528895596,0.00298483232066724
0.491489680435731,0,0.0517815718918014,0.159562286437476,0.297166461234992,0.121304916630125,0.166366308710047,0.0283314529019013,0.0101208022639598
0.468254087401199,0,0.0348124358866718,0.279568125317464,0.217365351394665,0.230394826238119,0.225592129620211,0.124301288778589,0.0261421914169489
0.458678591291455,0,0.0506057160742086,0.191743188432301,0.298972504202036,0.181298235969947,0.141829312708569,0.067860523334105,0.0125435063417237
0.459441511368032,0,0.035044235475359,0.245181829488762,0.260332423667847,0.139933437324214,0.149700062928695,0.0992829482260271,0.0193486999324159
0.47557012891581,0,0.0565575200165734,0.237157145224216,0.230715205843401,0.1904783329826,0.126686671518727,0.114832337036862,0.0467258713870581
0.475733523527571,0,0.0496483839117462,0.258282355003988,0.216335737556695,0.203542648493225,0.17599284987987,0.065397223357207,0.0250733714047017
0.440113490844825,0,0.0623076281477008,0.264178744315607,0.233400136691868,0.152871903896394,0.138551442610863,0.0557007481899662,0.0355164091802578
0.507503930709399,0,0.0594992883396967,0.210213387161068,0.222783393789836,0.178158844190655,0.194921049199611,0.056071448679028,0.0408871867534834
0.491624911519773,0,0.0917075764750292,0.15535441219406,0.261313099811138,0.147677166732117,0.127143242191438,0.111829705980965,0.0335098015213069
0.483707977080575,0,0.0546481006332342,0.227129894455343,0.234514027830848,0.120190934723331,0.224974618278418,0.0739073957103646,0.00393637918328281
0.461660619631976,0,0.0281946068350855,0.235676451933469,0.274468321599469,0.189605376928134,0.11054047370888,0.0484507456769422,0.0547735165680415
0.472999972058133,0,0.0626265458461378,0.159579048195214,0.304794433900515,0.184487581700296,0.129887244571537,0.0860321714735125,0.0109598344266365
0.43309201797096,0,0.0461523232693018,0.229538018401768,0.29121764035797,0.262922605429216,0.199728669898907,0.0653878828162374,0.0437807131778165
0.523093601395487,0,0.0499705567519344,0.170226510762312,0.256709331090268,0.0854308707394547,0.104868479998363,0.102894311104102,0.0620628819462579
0.423229127494488,0,0.0552869391763182,0.284436126595346,0.237047806733848,0.208053245449658,0.170342313699345,0.064311209841186,0.0222948988946869
0.42475731603785,0,0.0376743950757258,0.232013834948695,0.305554453937729,0.198400377725098,0.101181734481552,0.0566191551416806,0.0109923216882674
0.437321095862238,0,0.0311165858402943,0.245401205794496,0.286161112502972,0.139819653524652,0.129337933245969,0.0483965431839199,0.0390395483507215
0.491991481839782,0,0.0605618417918774,0.197478710292363,0.249967966075977,0.160537135464524,0.171897775523261,0.0657649550753575,0.0303707005751039
0.501213711897235,0,0.0408101507691951,0.229205530951995,0.228770606381574,0.274721909282279,0.174312159941714,0.198421980906147,0.0486984334435337
0.483600607233033,0,0.0366597783178653,0.174892387218313,0.304847227230788,0.123285209135812,0.19889847100917,0.0652354951983513,0.00393362857231519
0.526418423739477,0,0.0844955024558888,0.15208591256205,0.237000161242584,0.111712611133723,0.179207893046842,0.0960081700591668,0.0311286514311217
0.481726440319427,0,0.0755097433239049,0.170941828687004,0.271821987669664,0.197070418323493,0.135975246267681,0.0692555460296129,0.0100718835923296
0.436806163317087,0,0.0339712295571257,0.233724835113023,0.295497772012764,0.128843230912738,0.150639160560073,0.0489236269884176,0.0172067502926164
0.503909083842839,0,0.0172805731480298,0.187033917589321,0.291776425419811,0.136313513755104,0.126807003319011,0.0909152852109256,0.0192627573565339
0.424878484849995,0,0.0379445898411325,0.274782352393304,0.262394572915568,0.202530836752877,0.159315488248547,0.128969916430484,0.0406574176281851
0.481944822789306,0,0.0506228143635488,0.1985314790846,0.268900883762545,0.210581424989858,0.184585774985973,0.137034865560243,0.0249786405336693
0.433915732060007,0,0.0363988203091243,0.250783478024107,0.278901969606762,0.165783259054606,0.168079634078868,0.0986734484430291,0.0360877244818306
0.426453258679924,0,0.0715676491584965,0.287417894534571,0.214561197627008,0.204171011778031,0.170899961400522,0.0839232567517615,0.0168561383660783
0.424060873480864,0,0.0540549459046241,0.256705728224615,0.265178452389897,0.180642307289075,0.148183409932791,0.0744366264657099,0.0481083660592541
0.46837151535895,0,0.0611097880539469,0.203932010842671,0.266586685744431,0.177537544268771,0.150392128999247,0.0583165305638555,0.0126755214233899
0.470386361393449,0,0.0382316979121103,0.26302182887508,0.228360111819361,0.208505656327505,0.138464584484782,0.0232183378658776,0.0392821108417781
0.525172832362287,0,0.0675016136124664,0.180342644812301,0.226982909212946,0.122303004410733,0.144918686857293,0.100159250837426,0.0611522757308603
0.44558934067511,0,0.0357497456303575,0.21817518300831,0.300485730686223,0.162725744245351,0.126356879763069,0.0623654804318454,0.0213950895028346
0.495429959452356,0,0.0605297972331892,0.163868716523494,0.28017152679096,0.198068051747835,0.167722695094709,0.0463092653634502,0.0322458849443198
0.492768266150804,0,0.0679550044431635,0.191636034300918,0.247640695105115,0.189916128550065,0.112798374190284,0.084711151434124,0.0198242933974195
0.517577065543521,0,0.0345806109974005,0.229882320292861,0.217960003166218,0.183811470035044,0.134704220351995,0.126935245880531,0.0273580112184001
0.478058789295854,0,0.0683418296379575,0.174729932405415,0.278869448660773,0.12820617778414,0.14283005385936,0.13955138630652,0.0198562467087587
0.411200221552952,0,0.0894848787945314,0.268378669273935,0.230936230378581,0.172322247161037,0.123923451686874,0.114970892438513,0.0357743433162493
0.530184780206677,0,0.0608543534464322,0.135565798319747,0.273395068027145,0.179187418500234,0.150121898671354,0.0669821840243346,0.03027600251685
0.458343523602839,0,0.0674039696933166,0.225454163140983,0.248798343562861,0.120572539488241,0.17365955678714,0.148441140552859,0.0186671449899602
0.442245458307581,0,0.0628189513395914,0.216497274111331,0.278438316241496,0.259492670999793,0.140437750549912,0.0949027571430998,0.0202007361126623
0.480576617204796,0,0.0352631415136027,0.209348526274053,0.274811715007549,0.19614556894176,0.117514547477673,0.134613421025332,0.0193808099258661
0.486792425264566,0,0.0741852204508282,0.235957465192227,0.203064889092379,0.18565815725574,0.131207811805295,0.207092053467058,0.0282173010277235
0.43262581797942,0,0.0376370853103303,0.268578159337942,0.261158937372308,0.161742935811364,0.0901780044367921,0.140593946745748,0.0433064592417051
0.546473669839635,0,0.0334945209314476,0.208933004507604,0.211098804721314,0.189140273548784,0.17498925467118,0.0639712293773509,0.0152742932163084
0.49294203956907,0,0.0952242742100205,0.165998533622459,0.24583515259845,0.157639608702826,0.166871385737664,0.063257270737775,0.0615261426880642
0.451046765828507,0,0.0482075686547821,0.224952340065015,0.275793325451696,0.216802704079643,0.162032114331649,0.0600259849176096,0.0304901796213436
0.427040948953115,0,0.0899210549032808,0.204429579721791,0.278608416421813,0.229159988990253,0.213870920570963,0.135472982789595,0.034001159317416
0.498165330090514,0,0.0467216783676046,0.203399859954888,0.251713131586993,0.244458173810302,0.107890456845926,0.02876503654718,0.0291832294980154
0.400254048200872,0,0.0435650435477687,0.246024697719058,0.310156210532301,0.157559699442542,0.119253364272699,0.0923430602930216,0.0271552165796259
0.45728083565031,0,0.0575636485750614,0.187305770159559,0.29784974561507,0.24422145322608,0.193377139707629,0.1315658661509,0.0180351579370035
0.448616093811115,0,0.0316789091489491,0.211459822868627,0.30824517417131,0.176579493461674,0.191441551029899,0.0476766759205152,0.0241911927543452
0.408149225460732,0,0.0441279637104268,0.272400901405734,0.275321909423108,0.199449845445336,0.149371456611961,0.120875560522223,0.01546807382209
0.401357417888959,0,0.0263722446475964,0.283493321118906,0.288777016344539,0.227546696527607,0.184746833586211,0.0847755778099645,0.0216967556281762
0.495070997920079,0,0.079548620215175,0.155571152149709,0.269809229715038,0.171006711767839,0.181754992613282,0.0675117879482292,0.0178282066973625
0.430690859758188,0,0.0398399126731943,0.256316110172606,0.273153117396012,0.14085630266134,0.130722675344692,0.0835730605077634,0.027976260248988
0.455936500812692,0,0.0194042169405933,0.266410437684883,0.258248844561832,0.21453841513275,0.133821522654039,0.24665718400532,0.0163024544456638
0.437119590718692,0,0.0444199185253319,0.22380438744242,0.294656103313555,0.210063981109849,0.156746334190809,0.104979553402202,0.030403360264604
0.493153000993048,0,0.0228894560053907,0.262442901153596,0.221514641847966,0.250865949392093,0.140801686691466,0.0777798537848955,0.00520938859528219
0.436397222902751,0,0.027554181498173,0.225839967901732,0.310208627697344,0.17644625855587,0.138636812651606,0.0403154634268535,0.00418619786521687
0.5140992549086,0,0.0522851106645623,0.183385302819109,0.250230331607729,0.149146854770151,0.118338760393432,0.051319880111368,0.0360615742758389
0.489450757192877,0,0.0501844135761577,0.17178910163958,0.288575727591385,0.0833762312196313,0.144920564472345,0.0441097485128556,0.0234449813012032
0.436450580966598,0,0.0746767310842721,0.21841596649678,0.27045672145235,0.140197323155651,0.187351657798317,0.051283722763396,0.0306920246076308
0.430057110111668,0,0.0543583233438711,0.304035499583222,0.211549066961239,0.19990036389941,0.182956119160207,0.114768019661071,0.0342772567307288
0.489770405291245,0,0.0365876299651984,0.208348372617612,0.265293592125945,0.21849820342797,0.135527965506339,0.0937978652486141,0.0103548075484116
0.501828718219154,0,0.0897971207488824,0.186514076694422,0.221860084337541,0.193868136587131,0.190998915433011,0.042414734793859,0.0488740310048252
0.426841436971202,0,0.0285427375602896,0.246371282798142,0.298244542670366,0.136270218187881,0.23916660651796,0.0446533370328389,0.00971029759732599
0.468322035374647,0,0.0841389860525399,0.201370432106077,0.246168546466735,0.153567308156763,0.159844162414254,0.0491822860304935,0.0401161456941887
0.451371789284989,0,0.0366033648177694,0.180678506049844,0.331346339847397,0.221320341971354,0.125083755488201,0.0913313920996508,0.0443611366670642
0.460438330893884,0,0.0569274258064714,0.196317496581984,0.286316746717661,0.177335548990746,0.144777704298268,0.111690692704567,0.0283868094564224
0.449071048958134,0,0.0611185407377491,0.264003152701763,0.225807257602353,0.156594456203077,0.220458397639472,0.135886093407802,0.0232102895450216
0.492713751659615,0,0.0573034444948167,0.194532314847226,0.255450488998342,0.0996004336851008,0.123647865610134,0.1419156074592,0.0579836203919403
0.462653415303231,0,0.0578449599775996,0.255519355073079,0.223982269646091,0.220567992358113,0.245928803271315,0.0570716210377096,0.0603894142379824
0.420869248183026,0,0.075311850094166,0.308241674116828,0.195577227605981,0.150656761723907,0.216664148029785,0.0458908663122091,0.0311134850099066
0.447052546290135,0,0.0469877428510453,0.260854057337169,0.245105653521651,0.151062258689984,0.210018308303061,0.0364043519798059,0.036147207532969
0.359996600916091,0,0.0430529065465139,0.219694996538737,0.377255495998659,0.225539391296874,0.15455883425709,0.051465392740889,0.0578419695536154
0.477504924581195,0,0.0219702195921695,0.207816921190075,0.29270793463656,0.1765039133543,0.132810627664217,0.0970444590571508,0.0424752935275638
0.443234661640926,0,0.0495744645806094,0.268772308056937,0.238418565721528,0.138817614449019,0.174351944876486,0.115917875046815,0.00998693115769794
0.47041392764615,0,0.0874488406671573,0.188460531045189,0.253676700641503,0.135291638846044,0.215373374190073,0.115576938092279,0.0390307934896341
0.451883000135828,0,0.0364627687015954,0.163774637918939,0.347879593243638,0.152338726247471,0.102964410164738,0.0132685227530658,0.0573950731357411
0.418604091190251,0,0.0252169546068732,0.259386576416102,0.296792377786774,0.162694051357221,0.138025679510579,0.0828675889063833,0.0222934508902767
0.436917254240673,0,0.0367928863342161,0.274428474858088,0.251861384567023,0.218440658204229,0.155363695601334,0.149075661808216,0.0196831941432781
0.518151324745938,0,0.0296946988780218,0.246707279624313,0.205446696751728,0.179002244054126,0.134064354192678,0.0489588697702096,0.0207170245140023
0.468459553103404,0,0.0430459111440348,0.239478223654235,0.249016312098326,0.167877167151106,0.161726194522457,0.182815616782412,0.0273161608313342
0.48221657048277,0,0.0205616951136083,0.206309057762338,0.290912676641284,0.153229054786025,0.116753234302174,0.0676896024919148,0.0173132341195299
0.486780049474544,0,0.0171354852660423,0.252143392709545,0.243941072549869,0.149468851124709,0.116718405951707,0.188295843467503,0.0322359178711013
0.468370511487951,0,0.0840318420443109,0.157561652733798,0.29003599373394,0.234630800202143,0.146856180109575,0.0286469805598054,0.00385318772225832
0.46922566274605,0,0.0376520801186144,0.243244976178499,0.249877280956836,0.209979348003938,0.161513544948305,0.0542627437852559,0.0525159430618999
0.469324425135198,0,0.0423801108351101,0.274717002884309,0.213578461145382,0.124393993981131,0.168585646991378,0.0595105823411494,0.0171290954715178
0.500987462126567,0,0.0544487064392795,0.211831528851919,0.232732302582235,0.120936875135834,0.150972333031038,0.144537349466675,0.0196133416785236
0.515124607933974,0,0.0598523029906505,0.205344603889858,0.219678485185518,0.158713325981656,0.158475558282662,0.0864144694246464,0.0293351157132094
0.53067666031498,0,0.0463181100586981,0.153112344353002,0.26989288527332,0.127707911189051,0.0965549660611808,0.0771138773758826,0.00747622900653368
0.43400502136017,0,0.0548133554875941,0.234685433264086,0.27649618988815,0.108041092733874,0.136099617291253,0.0419261177497231,0.0489410951792164
0.520399435644697,0,0.0213078870461361,0.220102415229229,0.238190262079939,0.164728922695606,0.18301925317391,0.152805731033771,0.00807157500875839
0.481808765528978,0,0.0699564584229957,0.149149665098972,0.299085110949055,0.0921087386891092,0.143741745254869,0.0790194541836178,0.024363920271167
0.487506391415375,0,0.0567272042435018,0.273004712564237,0.182761691776886,0.16390561802462,0.210512697965879,0.0716426299767981,0.0294471142645119
0.475406448046653,0,0.0709972335520577,0.21116509187517,0.242431226526119,0.214067017485928,0.156587426501444,0.0968602752250369,0.0437892215855801
0.447994547830959,0,0.0907455801679596,0.242981378843755,0.218278493157326,0.172640582153693,0.196945969264639,0.14473867991069,0.0445930799233164
0.555425255780917,0,0.0342736651291998,0.159841783477816,0.250459295612067,0.215092244778544,0.115094548014986,0.0634365342941423,0.0193867479985947
0.440346971657788,0,0.0347646810532198,0.24886453160655,0.276023815682442,0.191997067249394,0.143819379665621,0.121422708999055,0.0144590370249841
0.46759645186859,0,0.0242831844836846,0.242675839981546,0.265444523666179,0.139809012516503,0.191386881539708,0.0870544623734817,0.0338301613568664
0.448875123738252,0,0.0967780297803645,0.227405754395251,0.226941092086133,0.275170299995311,0.178690149114384,0.139148059457876,0.0358587003939617
0.46563725996629,0,0.0680009351560646,0.16190458479595,0.304457220081696,0.0994011701430282,0.125285539216167,0.0747255586806212,0.0372691718134785
0.456360443255187,0,0.0773993038566384,0.188056080474412,0.278184172413762,0.219267867166544,0.204834079381302,0.0849542390122322,0.0256206109947043
0.44840454348175,0,3.90534626730998e-12,0.265193733404767,0.286401723109578,0.21113195513616,0.162068366178702,0.131988376570188,0.00214065385843251
0.458457781563953,0,0.0450045469739267,0.215229631600821,0.2813080398613,0.134090898998157,0.155774288062714,0.0887783815180911,0.0256940442887131
0.436641253169951,0,0.0440571253873967,0.215870608222987,0.303431013219665,0.187009290005403,0.120448410895908,0.115591807804841,0
0.413114851884594,0,0.0965959693178811,0.193360047176374,0.296929131621152,0.154826626609345,0.260635417206536,0.070781116160549,0.0156361802187201
0.494377912685289,0,0.0486072662407569,0.247612625146456,0.209402195927498,0.172851436566099,0.14696758100992,0.258436846611811,0.0169712118147597
0.475233406228927,0,0.0546740102743576,0.260651805133679,0.209440778363036,0.239404830276613,0.184714417533634,0.103308274520954,0.0541827005736646
0.453924063664736,0,0.0418317002313563,0.22402529757105,0.280218938532857,0.193614232465424,0.138161531480518,0.0833807827451374,0.0232565716225166
0.415940174280458,0,0.0653260915959117,0.221044340480504,0.297689393643126,0.200584531700767,0.132551534761731,0.088009990903652,0.0396665766424378
0.51989501191018,0,0.0507472511810857,0.164872498369375,0.26448523853936,0.124253185321176,0.13436258031438,0.0616622991063079,0.033694661948765
0.517973200834368,0,0.0356415909217411,0.18076091480296,0.265624293440931,0.187378286005013,0.0990380473166167,0.029457417794785,0.0152063196059523
0.53711699042386,0,0.0532874369659044,0.267774313762774,0.141821258847462,0.247290808837511,0.0792781331870049,0.27083160881955,0.0319409427963288
0.404809304148045,0,0.0871377346575102,0.23973691241971,0.268316048774735,0.122428910258104,0.131866443592862,0.0589369080877094,0.00887228602424648
0.431557580024867,0,0.085131073202902,0.224576860816579,0.258734485955652,0.170297787506331,0.225009526237632,0.0725982422849033,0.0420297158192804
0.462226305016262,0,0.0420733456956727,0.142438622762092,0.353261726525973,0.140492457984916,0.137270305683785,0.0368797517042078,0.00453477546624671
0.478266298213473,0,0.020956969524479,0.217163549910419,0.283613182351629,0.173639136865064,0.115678649817354,0.0702544208594085,0.0203555307810295
0.474795179247541,0,0.0345502505375563,0.203542842270756,0.287111727944147,0.182698424775896,0.168304520398943,0.0550284509751928,0.0445965404184637
0.489730684659855,0,0.066011220583866,0.221472058729617,0.222786036026662,0.116659405693302,0.1315140185332,0.0949219552382394,0.0113773808781295
0.482462679061459,0,0.0602447990191322,0.235422190044462,0.221870331874947,0.121734202483862,0.188353377458413,0.158147358857242,0.0313354134622845
0.487035040832559,0,0.0213804636705596,0.266600319577396,0.224984175919485,0.197199173935682,0.132038158561883,0.270822392485123,0.0189768224712497
0.396360497379734,0,0.0956536239266336,0.219058707462785,0.288927171230846,0.206970651120264,0.165677672743168,0.105855348219841,0
0.43310342974372,0,0.0320364820573152,0.248255870767863,0.286604217431101,0.142897514281243,0.158082065833327,0.107791591649967,0.0291256438351196
0.438169601037726,0,0.050939693066162,0.257105603068667,0.253785102827445,0.151956997157109,0.141677786454382,0.119740620181147,0.0327907042054095
0.46755467539966,0,0.0400571604220391,0.181855076877254,0.310533087301046,0.177403597534881,0.167561832034752,0.0363350042152197,0.0097657945260229
0.517248174675642,0,0.0225330119116229,0.24612636307488,0.214092450337855,0.187764931032632,0.171892799687619,0.0227002269128479,0.0173180139752165
0.45890187769269,0,0.0297869535959092,0.203854316464596,0.307456852246805,0.274419402560181,0.113926365630292,0.0573611224259829,0.010010594619385
0.40692801185656,0,0.102982893638891,0.25498839222228,0.235100702282269,0.158125302473558,0.15464327043401,0.117949394955427,0.0283545979306528
0.519698097517805,0,0.0303124640300518,0.184574604609518,0.265414833842625,0.116296378115681,0.0764564497231753,0.0647564527362152,0.0152466262281159
0.533439312463435,0,0.0205879900596503,0.196444752850564,0.249527944626352,0.109495715666116,0.217018671167914,0.0855535246052177,0.00935183603710257
0.529458260098508,0,0.0535929874088074,0.259568149443768,0.157380603048916,0.146217378432776,0.171069694108692,0.109458869266929,0.0360065418988258
0.451707669346499,0,0.0548964963488716,0.297420082163369,0.19597575214126,0.172891687726444,0.272348619064158,0.304614087097894,0.0149360737019285
0.467989078530336,0,0.0248391165009262,0.179969135149596,0.327202669819142,0.144098152158717,0.12664327419875,0.0662795388767589,0.00743465424556269
0.48468533218501,0,0.0327243340096505,0.273886113127002,0.208704220678337,0.181751768642304,0.14904796093481,0.136674322519124,0.0130441226793516
0.476912526974808,0,0.044676299705544,0.213418381596834,0.264992791722814,0.28185478630589,0.196707162967607,0.09208656951868,0.0301433971773813
0.485874297222765,0,0.0432469658262446,0.189441876268481,0.28143686068251,0,0.134083076803096,0.0621558856892393,0.0214375731403695
0.456011550421007,0,0.053801571329081,0.131565007567217,0.358621870682695,0.243873300240575,0.167788262475032,0.0933644368096421,0.0264017099123781
0.520675415830666,0,0.0452593563298927,0.184048952075663,0.250016275763778,0.180500046521944,0.162253595778151,0.0477638611934881,0.0293162244302301
0.441241139924952,0,0.0485844636615835,0.230873083640542,0.279301312772922,0.103949604623771,0.186260076131943,0.119252326227776,0.0034552412633536
0.536239909989049,0,0.056712035850335,0.192724838801139,0.214323215359477,0.223313146090736,0.146920157746463,0.0690386660448607,0.0202072085567724
0.482506565303323,0,0.0556878214408383,0.164879858590976,0.296925754664863,0.159713334360239,0.146388187704663,0.072250102784296,0.0391856942046563
0.499511046600676,0,0.0435669829839937,0.19747086729911,0.259451103116219,0.236536933064151,0.184822507661457,0.143783069299145,0.0215899701321659
0.593961001971676,0,0.0643326418153075,0.216489022059944,0.125217334153073,0.112366207118567,0.178132810958227,0.128349412099356,0.0320016135852406
0.472946336461166,0,0.0375677181868865,0.2080859456674,0.281399999684548,0.268764279045551,0.159302566638156,0.05108353469794,0.0137873484433935
0.489228022351146,0,0.0810302311327508,0.183686636732283,0.246055109783819,0.246947765980282,0.12310692279531,0.103275258795445,0.00553820655654942
0.561600946567191,0,0.0331746877016919,0.187397098540492,0.217827267190625,0.248142821350759,0.159801004318679,0.0768810503882643,0.0368833846294545
0.451360510516814,0,0.0851770330823035,0.235516261204096,0.227946195196786,0.198078037543941,0.187023839037294,0.07456953532269,0.0336262316741047
0.433942250971842,0,0.0333621846117158,0.180143436617159,0.352552127799283,0.152621378394298,0.131904404121985,0.0504992179817223,0.00358625860509019
0.446633526006093,0,0.0525754835427315,0.283657663378648,0.217133327072528,0.158947341327249,0.138078503725306,0.0738387009197626,0.0205647335035138
0.462170989843617,0,0.080752414724535,0.203816116057962,0.253260479373886,0.175689583953378,0.153070334184231,0.05534092515449,0.0365903802665127
0.458003048281316,0,0.0604647698792309,0.244277448791843,0.237254733047609,0.23982584819031,0.127172324240673,0.106491927068022,0.0256649406829259
0.550523577902487,0,0.029536510594796,0.236850012601103,0.183089898901614,0.161123589360324,0.140784516729051,0.0940670197050449,0.0335086775722309
0.494711857631215,0,0.0398983172906011,0.195693167933273,0.26969665714491,0.158985370056495,0.119969794762971,0.0551196807571487,0.022027309578563
0.467386423412568,0,0.019120412610034,0.209323350907684,0.304169813069714,0.199941402137207,0.121726126980399,0.154006572670505,0.0248688452540492
0.532565174730289,0,0.0531329942065743,0.142264033792392,0.272037797270745,0,0.137984149102111,0.0821151682706684,0.01349835804038
0.524867894620593,0,0.0249341686240713,0.214778771206314,0.235419165549022,0.233135106353558,0.196463517093742,0.0865742163065119,0.0233128154465676
0.481849779878698,0,0.0822543466665705,0.175866492648415,0.260029380806316,0.218483044067684,0.170818340877067,0.10927338050957,0.00595649066445057
0.405430124181151,0,0.0359901384314795,0.263106593164444,0.295473144222925,0.1855113126056,0.157731153460906,0.0814657985051463,0.019908322769041
0.508522836720523,0,0.0628006124814064,0.205379687902329,0.223296862895742,0.137801883574707,0.162757721168121,0.0942906891939837,0.0499408938723853
0.493025919233698,0,0.0708267045523063,0.196432802315921,0.239714573898075,0.124926800621593,0.132501186834697,0.114457466002946,0.023178830001059
0.496391298665481,0,0.0281621148566571,0.273821777733801,0.201624808744061,0.0909998719706997,0.129328609161962,0.0645891670514819,0.0293743198240694
0.550408997593413,0,0.0339699299864727,0.140511785007831,0.275109287412284,0,0.12864887709756,0.0841752576200591,0.0307638445003077
0.540434399906081,0,0.0368635936220654,0.197033080608428,0.225668925863425,0.174640783754131,0.155393129205333,0.0849969698034051,0.0142787594243521
0.511681356864275,0,0.0406654066012721,0.157762888716075,0.289890347818378,0.125917132419572,0.120366101715405,0.101750586793043,0
0.40502309135397,0,0.0732172053640271,0.250135866343275,0.271623836938728,0.186162858347885,0.172647674928101,0.149069704754632,0.0546939614538896
0.486043275733221,0,0.0754295746081112,0.142737373398042,0.295789776260626,0.205507938938227,0.168732616660165,0.0733059912503895,0.0189069189443909
0.487835009038183,0,0.03417247522669,0.1632299738699,0.314762541865226,0.153255539726704,0.141623565518109,0.0660640352671398,0.028680375944936
0.430558762968454,0,0.0692253648795494,0.232827335416528,0.267388536735469,0.161636753255502,0.135557203877636,0.0990752312341861,0.0188163387150477
0.475682864519307,0,0.0786728230988961,0.21759304196603,0.228051270415767,0.189145172460464,0.144681061425763,0.111108029078084,0.0151614263344275
0.498976285625015,0,0.065466643433401,0.220312845903142,0.215244225038442,0.187281087993891,0.204888614079626,0.213833408511521,0.0303629584022557
0.471938532216485,0,0.0703401014786357,0.209435802473248,0.248285563831631,0.123848631743372,0.165328229866586,0.0745553407336886,0.0170289874549266
0.490585063510448,0,0.0605675167357218,0.173045502096858,0.275801917656972,0.216036571781484,0.195049868038823,0.0471531930790506,0.0193197641147024
0.45165896620299,0,0.0142820702848655,0.233670192813554,0.300388770698591,0.158634060307998,0.121837551358551,0.087352766728725,0.0187871448608063
0.521822624935104,0,0.0867852263031253,0.159038215795325,0.232353932966446,0.0417596651373418,0.179265857285384,0.0715267984228699,0.0391305338803542
0.482490100119257,0,0.0529239280422704,0.143848510879618,0.320737460958855,0.15934146727502,0.146635856297986,0.0748754349759925,0.0101466585821925
0.518879390174594,0,0.0419447359904378,0.230742970507588,0.20843290332738,0.21062013138819,0.140600161425404,0.116769491986417,0.0387129034414368
0.454780898459111,0,0.0483240691476635,0.21339943053611,0.283495601857116,0.0802620677346183,0.105995061629944,0.0901653668092793,0.0106551713803511
0.527569950746279,0,0.0502866067725627,0.227088914646831,0.195054527834327,0.191866184687726,0.090245065749559,0.0951651948264079,0.0384926551963036
0.420984939243639,0,0.0681666387137149,0.20428233069418,0.306566091348467,0.249666622346072,0.263233348670014,0.0910058999372038,0.0222302042569742
0.464524574569974,0,0.039008961160822,0.279329342833339,0.217137121435865,0.192056207932216,0.130462360311737,0.0684011787793128,0.0295151120039361
0.467906745750554,0,0.0370894365953008,0.184750134065006,0.31025368358914,0.190096034307542,0.197845329379286,0.0647145911403106,0.0215719371330501
