"V1","V2","V3","V4","V5","V6","V7","V8","V9"
0.407120447624788,0.143959073589039,0,0.25126160125394,0.197658877532233,0.229678678252995,0.238351265102716,0.0789912393277694,0.0318599102156765
0.448171837471602,0.1216147968204,0,0.212339796555482,0.217873569152517,0.166228689836961,0.232264479101777,0.238064723739832,0.0375256940460688
0.379396716539937,0.167572645260919,0,0.201349096561028,0.251681541638117,0.148728987897349,0.187535105912971,0.103869451083853,0.0123263213430213
0.396136238546075,0.157449911492058,0,0.18024996447285,0.266163885489016,0.130998734806168,0.094865650298912,0.124259649150611,0.0365771815571013
0.514065526129541,0.0776031636559881,0,0.160986015492862,0.247345294721609,0.0418639865115209,0.0810246713110134,0.110796633768999,0.04045285437062
0.496959404355198,0.133736502604365,0,0.141094757781239,0.228209335259198,0.162922563089454,0.223506884424662,0.0778600428235743,0.0144686420671753
0.359776530960992,0.137972487204594,0,0.22337445599657,0.278876525837844,0.112439231649308,0.118213804995905,0.064734419649247,0.0175567483057925
0.419352972311816,0.17128010299108,0,0.148601773147827,0.260765151549278,0.0709073582427069,0.154025168170919,0.125554930963426,0.017216192440898
0.462867197434241,0.0395114443799725,0,0.257178864708065,0.240442493477721,0.0785786918585762,0.133921020999967,0.0659765127931476,0.0248765020825517
0.413101604955281,0.13058402859446,0,0.19792770311959,0.258386663330669,0.111330238383914,0.071033765723806,0.0917696415200932,0.0385911358904675
0.490244622206081,0.137699720071555,0,0.10067604404265,0.271379613679714,0.122350326891429,0.154435537547336,0.105703178417752,0.047208930201196
0.291527983310206,0.187545371316806,0,0.145268510841611,0.375658134531377,0.0965010941882279,0.141124044529123,0.153395268725596,0.0194797991407711
0.497200585160112,0.0723389357959801,0,0.169371587959829,0.261088891084079,0.112179593543221,0.069812595766183,0.0754534166460445,0.0117726380371479
0.452837962189481,0.0812385565274533,0,0.173066332215588,0.292857149067478,0.0379757557992649,0.0888550271756812,0.0777658353456847,0.0249230415764803
0.441415152488889,0.110452960733324,0,0.176252574413744,0.271879312364043,0.113566890994918,0.150707910547676,0.0957408082060437,0.0063992901305898
0.442258819412133,0.0987787718786493,0,0.193219564194983,0.265742844514234,0.0783349470256962,0.0819521465721396,0.120168060902264,0.0127431210321922
0.509277857966794,0.149706312724924,0,0.18583037899098,0.155185450317302,0.0488503647456933,0.207514429004238,0.113410043895174,0.0257034276063324
0.478944848097413,0.109063474816438,0,0.215100470547583,0.196891206538566,0.147000242115901,0.159371317410564,0.123061578171878,0.0441171948887254
0.392966447822667,0.17138457184806,0,0.221292604625675,0.214356375703598,0.212552152585038,0.10093197667836,0.144710772331282,0.0227564716228552
0.418242778045909,0.156209391951937,0,0.189752913667211,0.235794916334943,0.0876924577649453,0.179684811251572,0.174525388748453,0.0149197985025331
0.335739619001151,0.18169140784257,0,0.192790747784029,0.289778225372249,0.157372509531177,0.206235132909571,0.134300797571177,0.0283814979101638
0.375431592191386,0.145363174052456,0,0.182634393976749,0.296570839779409,0.0831486553432599,0.155491304983866,0.0908615986041086,0.0204647358409214
0.435641144093757,0.135165669467202,0,0.213323430235634,0.215869756203407,0.105845791109866,0.161347617541971,0.0665472672688116,0.00877053814680727
0.428583370129674,0.134422688140267,0,0.206224753043354,0.230769188686705,0.205079144333314,0.090482874346829,0.157783102962923,0.0329803701278015
0.34169668185694,0.148191369286838,0,0.23119428404012,0.278917664816103,0.183494176515097,0.18982522418453,0.0684924250820027,0.0657544539500341
0.414363015168942,0.205319256020779,0,0.165000972918041,0.215316755892238,0.185654490199395,0.158876031551938,0.133684642307471,0.0192016699761935
0.443229213663858,0.140136423960524,0,0.162249257095611,0.254385105280007,0.0910170462757514,0.186376331652097,0.144246762601125,0.045959152128884
0.412571352934366,0.123546977273361,0,0.155738255733902,0.308143414058372,0.152509160665989,0.181787100343444,0.108912264992875,0.0270884223775507
0.400297998238575,0.147590553104984,0,0.198845583434301,0.25326586522214,0.0801749840993719,0.202029753547853,0.0645880316657223,0.020957780077249
0.392885145203822,0.146151587400053,0,0.217028714741991,0.243934552654133,0.12419420852434,0.134085625177331,0.112898783676537,0.0164422482428718
0.357411402328189,0.104583900160131,0,0.200784984502373,0.337219713009306,0.124410297081948,0.132479655127586,0.158192056184395,0.0340867635740865
0.438653499266621,0.142957544126867,0,0.167515414957,0.250873541649512,0.147877063188536,0.197160008235781,0.0834580418774567,0.0192988811452012
0.417197786730505,0.133444098834557,0,0.195006718970706,0.254351395464233,0.244606512703726,0.123080363896866,0.115999192908634,0.046985089159017
0.478522694162813,0.0412377394873325,0,0.209707427641399,0.270532138708455,0.0516369840682493,0.188402691495098,0.0952126916009003,0.00934149567863503
0.402918220814257,0.10435741227004,0,0.254900898698812,0.237823468216891,0.159059192022679,0.132845498573948,0.0738274555367066,0.00463050607747091
0.391658878437293,0.102085679332235,0,0.218192246307606,0.288063195922866,0.130913456584793,0.150286939184988,0.114833388920049,0.0385511598178949
0.497797724600295,0.170711972945805,0,0.155532655328236,0.175957647125665,0.102298828329733,0.109231563008134,0.178689544972479,0.0375153960743747
0.451495893402203,0.177545004182495,0,0.162992546162852,0.207966556252449,0.085912406561926,0.149354707439267,0.0782496178335716,0.0355873155965383
0.399506882851965,0.216764312392918,0,0.139305102216655,0.244423702538463,0.230167887950729,0.285445650230228,0.144402404624003,0.0325098578851521
0.464153754102565,0.112244692726849,0,0.17534953221411,0.248252020956476,0.0892001885808252,0.228750332053984,0.0764076446431716,0.033639317001701
0.403601482448444,0.142501208885288,0,0.263799565447467,0.190097743218801,0.188683867433825,0.138481968458779,0.236852165894702,0.0306819216956781
0.339350175735654,0.149804978828201,0,0.228020596328319,0.282824249107827,0.158153657694546,0.123604868115352,0.15641734970644,0.0292980923145344
0.431231368673358,0.153348983824207,0,0.171262579827921,0.244157067674515,0.044552062205304,0.229158962043864,0.168960659488407,0.0475317916548272
0.431977745623833,0.082693075270489,0,0.20753160963799,0.277797569467687,0.107086374846352,0.114474615896884,0.103038984307857,0.0330998794689158
0.445453428891433,0.0887135959040835,0,0.173384418111249,0.292448557093235,0.0165109062203665,0.0754350735663674,0.057050421955641,0.0322509215340834
0.427680413313887,0.121028941417028,0,0.198349856569278,0.252940788699807,0.0818990914689861,0.151485682848794,0.125282080268085,0.0645285400826891
0.498526685680907,0.123806269168378,0,0.133434834222183,0.244232210928533,0.0884728904223184,0.105914530493568,0.106921930054979,0.0274291710797837
0.412063539140086,0.112340989838311,0,0.166439848651477,0.309155622370127,0.044950081182226,0.0787447325633483,0.0792190747447241,0.0377822419464529
0.501122401833279,0.160389950117421,0,0.138339508182097,0.200148139867203,0.139273441980311,0.182871148684195,0.209862404069888,0.0328645973519199
0.436165235178971,0.138392167991375,0,0.184137860148095,0.241304736681559,0.0863350543649865,0.179094981145991,0.103504269392535,0.0628109575933592
0.428676843011864,0.148467574533147,0,0.201684640456899,0.22117094199809,0.131926787257563,0.164175049267457,0.126403367168899,0.0246294655927068
0.321332324008207,0.165806468690764,0,0.164709932216244,0.348151275084784,0.083437680526261,0.0843860924059485,0.100871202327676,0.0299112398377214
0.431472533815851,0.126541625308515,0,0.222861286832618,0.219124554043016,0.0615968391309728,0.231426688623015,0.0972263825186786,0.0199329546660339
0.454587963254235,0.119584984322999,0,0.197541907293085,0.228285145129681,0.0575324711679556,0.161161134286955,0.168367669255054,0.0401300533647476
0.448687529522233,0.161371650238262,0,0.096550537492085,0.293390282747421,0.0306071354871463,0.175379889476833,0.117367346941396,0.00343490009958979
0.4909112892011,0.124005835404072,0,0.125341832425254,0.259741042969574,0.00676504214942461,0.0873938625180168,0.138586845614541,0.0225898681497873
0.372003631234527,0.193818348871928,0,0.147550610985982,0.286627408907563,0.0182591301972404,0.199717988240735,0.0971895099212558,0.0293744172736411
0.476650581744935,0.0715836690769769,0,0.158264596434027,0.293501152744061,0.0625328264133432,0.1575431777194,0.0722868407734118,0.0383853236203192
0.366721672892645,0.167982135360103,0,0.246842095805346,0.218454095941907,0.1302091214018,0.172585218850368,0.111023229305014,0.0207880980837518
0.519204883556273,0.102947700130861,0,0.121741516137554,0.256105900175312,0.0215496968146948,0.152950987041538,0.175093228495102,0.0279275970586291
0.451015868212198,0.155804490982505,0,0.139979358996986,0.25320028180831,0.0896026859026937,0.204337851408992,0.103752283252864,0.0320113550417607
0.416782646272481,0.189640514100704,0,0.168670300795704,0.224906538831111,0.244874772538746,0.191618855372147,0.137455936558816,0.0224605821477793
0.433427651600053,0.169212288287488,0,0.153107258335297,0.244252801777162,0.099110064348467,0.162155781736455,0.135427905406515,0.0139509828724163
0.520792145717593,0.0816524588259736,0,0.151058450815756,0.246496944640678,0.120660686158589,0.13688256268639,0.111628062830716,0.0865093944459787
0.451133298356308,0.114319467276631,0,0.195094516953067,0.239452717413994,0.101421496985194,0.144565918445734,0.103575453601552,0.0292770457031537
0.402954596843445,0.137903988696045,0,0.168456246652758,0.290685167807752,0.144921813981753,0.206598363101346,0.113069276330746,0.0115745115661124
0.410140631089316,0.196975839690809,0,0.171753474757449,0.221130054462426,0.0847517731156587,0.11494207993365,0.167937129870351,0.0202247511432527
0.451254478736688,0.119026985071593,0,0.186751894862371,0.242966641329347,0.169704235592066,0.20831488193314,0.134954707289522,0.0200261139447443
0.44366965759603,0.150310727223223,0,0.170103586024411,0.235916029156336,0.182242298609014,0.233190974770733,0.0994990455997958,0.00900377370444747
0.418540541253798,0.0833462343905205,0,0.2084494157215,0.289663808634182,0.0582102325744976,0.177406921010011,0.0337704156107553,0.0437966686077927
0.468457017326812,0.0533430717893338,0,0.203951238124305,0.274248672759549,0.0857459786189975,0.156814394284849,0.098792599503425,0.0348100862004793
0.373235294631089,0.18326275499953,0,0.218996226034689,0.224505724334692,0.125619700368737,0.132930668529554,0.115944148640591,0.0351763284181408
0.414328419581447,0.158077802772368,0,0.222351370008063,0.205242407638122,0.0680446706168138,0.178012765110059,0.0975357898166499,0.0364958544365494
0.507831186472567,0.119230994123306,0,0.162759567278548,0.21017825212558,0.100242592168232,0.232315222901885,0.0609120230007424,0.0385322518545072
0.498058542805042,0.0853622240582874,0,0.133454285977186,0.283124947159484,0.0960698863060326,0.180925261965974,0.097757287850373,0.0150873166522631
0.455218213411994,0.123541411132251,0,0.139640571036917,0.281599804418838,0.23975279881516,0.175401738266681,0.0668061414885145,0.0425607421666406
0.399340033210386,0.116780815059199,0,0.120233389345212,0.363645762385203,0.139303689272356,0.058353925382228,0.121053925718676,0.0127941584513231
0.406434980382371,0.117668891347676,0,0.177956130850883,0.297939997419069,0.156318694805296,0.182389614911386,0.130267891919615,0.02090668105427
0.456017134543714,0.18001963474124,0,0.170545666536393,0.193417564178653,0.0961968112294454,0.183641060441406,0.093927911893719,0.0373087179353931
0.453226585426833,0.178360411878828,0,0.183531159152736,0.184881843541603,0.161031401995905,0.181006307976133,0.157223572874,0.0136651225284706
0.470743209777693,0.124155621994686,0,0.118573097291495,0.286528070936127,0.101704889867918,0.108240169392488,0.126518703407229,0.0102670882371434
0.465977699324689,0.146525179616119,0,0.181219450280751,0.20627767077844,0.146861029314007,0.163673833568549,0.092311231072933,0.0420539316546905
0.507912613991595,0.09267249148378,0,0.200385342949816,0.199029551574809,0.083237419800467,0.193620658060924,0.20920288673108,0.0159071415117484
0.417453742060773,0.193213911099704,0,0.187722632820158,0.201609714019365,0.147916080739868,0.157704121582338,0.106696402818013,0.0119863308443258
0.39845208084028,0.168867324324192,0,0.194789528288787,0.237891066546742,0.133967235029645,0.180385084885793,0.165410918617227,0.0451864780509684
0.413760036519695,0.10158135188717,0,0.189175174342223,0.295483437250911,0.128243695590635,0.127614650308962,0.159731589467395,0.021034592912101
0.46119067590986,0.131064881766128,0,0.212088517499108,0.195655924824904,0.0437296717635357,0.211499929574381,0.064413625887364,0.0200618878425207
0.407437721674899,0.12036823371176,0,0.187989495992998,0.284204548620343,0.0958043940569389,0.151218489870621,0.0727130382545096,0.0324355297525642
0.417328847242014,0.108429439243832,0,0.201380225941437,0.272861487572717,0.148446851324966,0.14834090830929,0.0838159548538434,0.0324363698926392
0.486050911232763,0.104364049551685,0,0.194233103522399,0.215351935693153,0.0420938844908126,0.145958937766198,0.11262481896039,0.00876253678632392
0.336366452749903,0.201864600453527,0,0.21179338503813,0.249975561758439,0.136100141155464,0.104709456964086,0.122582586188379,0.0339734781550001
0.377965961118011,0.146001189956157,0,0.174406839998848,0.301626008926985,0.179590676612546,0.0983068932576045,0.125058719743729,0.0352691788058958
0.469190577729774,0.120963570060257,0,0.147738961224776,0.262106890985193,0.0583519131647415,0.142429924449533,0.088390227002473,0.0479742593632072
0.446333945140689,0.109143667516572,0,0.156554857796354,0.287967529546385,0.128328156774241,0.156001282489345,0.0517447094030788,0.0191133167063674
0.471346273221611,0.10646839689008,0,0.158296808147263,0.263888521741046,0.123564739068098,0.137211494607345,0.122406057500261,0.0339896701097747
0.380647915094457,0.178425751778288,0,0.204623250540725,0.23630308258653,0.138005718679141,0.195646551682824,0.114920031824108,0.0293445920127068
0.362022093412656,0.17890749220165,0,0.192891996323339,0.266178418062354,0.180920659421145,0.120222639184383,0.138040417039561,0.023135823095741
0.414531197660945,0.158649903749977,0,0.165851270392736,0.260967628196343,0.189083657184212,0.17151471576548,0.16816306036519,0.0142718511172009
0.579709451012133,0.14056913941372,0,0.0981988499273688,0.181522559646778,0,0.22827959669852,0.161758690960508,0.0248073225600791
0.405879395394258,0.151402273800713,0,0.18337797766108,0.25934035314395,0.0955361471783047,0.181513371235673,0.186834705432848,0.027722331190827
0.433587208907916,0.154459216921419,0,0.165565366686331,0.246388207484334,0.141928415081711,0.164028083043527,0.0830724693430761,0.0324289503717679
0.371195477290765,0.22576306692958,0,0.15940145135609,0.243640004423565,0.179834676553005,0.173976392026426,0.134511969179318,0.0324645292875083
0.365551496196625,0.143027664840076,0,0.246333770252618,0.245087068710681,0.125022674798741,0.200036248803765,0.13626640692811,0.0249916380991983
0.491947336229704,0.100957171961598,0,0.16552365717802,0.241571834630677,0.0280536311582379,0.164852441516929,0.114813675198417,0.0462157181807936
0.43813106266188,0.151218167864205,0,0.152576779779096,0.258073989694818,0.179348361262069,0.169739619608753,0.104470581556949,0.0248772191345048
0.445515692231049,0.137700388252041,0,0.190239765231844,0.226544154285065,0.208366075905965,0.198980936118039,0.15847548561699,0.0122051618272581
0.486551814178532,0.136656020532728,0,0.0980713202590512,0.278720845029689,0.0858371983154711,0.189173636849874,0.0613351052873945,0.0149955430623596
0.387657262190577,0.164367052583045,0,0.197149892561639,0.250825792664739,0.153600983789285,0.117304084614405,0.122110397693604,0.0339999889148615
0.314297972715765,0.212992741334121,0,0.188257165208094,0.28445212074202,0.121518806168987,0.191764254957341,0.127023332268418,0.0269079474653406
0.479719986599417,0.140066387796768,0,0.1587655202096,0.221448105394216,0.117672339672832,0.162782240183141,0.115980773185698,0.0257495749971574
0.479414022704065,0.147905387140798,0,0.14782177267434,0.224858817480796,0.0152446232954308,0.148596111953409,0.12668950149394,0.0759378886772322
0.417000577025725,0.171874254014591,0,0.116842311404747,0.294282857554936,0.0274471889402995,0.187354309293984,0.109858377679171,0.0546174201288261
0.435470089312978,0.163637109224891,0,0.200519222054291,0.200373579407839,0.126412421008274,0.133723484922688,0.105637349131789,0.0336287165727143
0.455195280554283,0.181638433753728,0,0.185449923373206,0.177716362318784,0.140171595224584,0.146170886156107,0.107152234938835,0.0240008592236133
0.491077834662661,0.119995589476843,0,0.179407755097044,0.209518820763452,0.0649152128239222,0.161805903100653,0.1301056821537,0.0380085929397822
0.449387398839589,0.216121026332985,0,0.118691495533197,0.215800079294229,0.114961022102202,0.242645642545686,0.10355449276605,0.0303811133229953
0.368686509605134,0.165826461755815,0,0.14502872259436,0.320458306044691,0.14802958437253,0.147282714207475,0.0851354450058291,0.00745961189889195
0.450389428410657,0.151014895906798,0,0.175147515696044,0.223448159986501,0.0954799441271301,0.179533088481771,0.151309517750056,0
0.496441766990364,0.0992808053085537,0,0.0832753466951906,0.321002081005892,0,0.150294214550856,0.116170694251729,0.00192716288984311
0.443929840985193,0.13351499011818,0,0.192526182987284,0.230028985909343,0.139831648837535,0.153035298788998,0.0884924398058621,0.00819475187681042
0.462501594599998,0.0816892257052683,0,0.205523816851029,0.250285362843705,0.102900930996802,0.148438531934751,0.107028271162391,0.0158900212518961
0.393642359247232,0.126652989428071,0,0.210609825947077,0.26909482537762,0.0528407613054763,0.278727223198687,0.174888858732198,0.0377558290289952
0.416689179908205,0.148034735095498,0,0.14039092204523,0.294885162951067,0.18893967404041,0.149878543548083,0.12328163582051,0.00920042019075726
0.368312915606785,0.170572966791227,0,0.221336998126126,0.239777119475862,0.180646550258238,0.172516810126485,0.164388732595415,0.0334767315703859
0.445561235015669,0.148711770313832,0,0.126669126006563,0.279057868663935,0.053269719554684,0.135981202403989,0.115881051549996,0.0369680024466805
0.438137922869103,0.0761587677448707,0,0.179081675976626,0.3066216334094,0.0838020344030011,0.0905202851264096,0.0703209190147144,0.0167510486511587
0.457836932096475,0.129652795852043,0,0.214038930511832,0.19847134153965,0.116868303798817,0.25033901551577,0.0701026148710768,0.0264908021824747
0.495880175028799,0.0904223301624761,0,0.139592718762237,0.274104776046487,0.018340022594333,0.15123567127391,0.120230406102542,0.0261217047241471
0.335511321402236,0.16945843493539,0,0.185949653580818,0.309080590081555,0.0343887486814836,0.171680219378513,0.133516899416497,0.0177257754253956
0.313076207102026,0.191267745775754,0,0.177800282116988,0.317855765005232,0.0598378419985148,0.238748626159526,0.241108541722542,0.0248240698607067
0.517250040852643,0.0910764168110493,0,0.147569445515427,0.24410409682088,0.05741999242035,0.115276828386437,0.119133717178,0.0135475508948462
0.443661223704981,0.104975695767942,0,0.185847850570987,0.26551522995609,0,0.158902071258099,0.0506366077158322,0.0254857691022498
0.465369396111115,0.105977248006482,0,0.192117907171435,0.236535448710968,0.0787650703178,0.147817090427872,0.122421480483099,0.031706160634877
0.36093692726969,0.225971285724624,0,0.196493191371888,0.216598595633798,0.0848237839646452,0.34006942946477,0.156035231468457,0.0261872796208491
0.512312887257998,0.120257949332406,0,0.145749985466412,0.221679177943184,0.171755548045816,0.237189277468549,0.135575915757217,0.0457464132983096
0.454668029136105,0.14483562776417,0,0.176895284421529,0.223601058678196,0.0940997350982363,0.265635215784013,0.0982491165402423,0.0409977915206635
0.420740014631858,0.14113038739595,0,0.172091790791874,0.266037807180318,0.151082833467479,0.159897109812422,0.074071483319517,0.00912079184585415
0.351224688930382,0.12104455270909,0,0.197552290127968,0.33017846823256,0.142146237634704,0.191383027352822,0.139215320753234,0.0230740422874199
0.444070810701654,0.139139089005285,0,0.169032500191158,0.247757600101904,0.0334825430632974,0.132190916137038,0.155751344415952,0.032873456996276
0.485748336941042,0.0971884196630082,0,0.162375269155926,0.254687974240024,0.114303988226761,0.145584536376906,0.092162266984476,0.018224887652236
0.545733629270871,0.0792164126148797,0,0.170045786911071,0.205004171203178,0.0594001461692893,0.181843601275672,0.100426875591907,0.0373340707035892
0.444376992021664,0.145149469050133,0,0.15558527984409,0.254888259084113,0.12110360668373,0.207163915320474,0.0922249028328355,0.0315996834042946
0.469617306665312,0.174647863220311,0,0.124132206939705,0.231602623174672,0.0583567291129765,0.160876300471705,0.206849387857515,0.0284093502519555
0.526359065856339,0.107602497098214,0,0.18732588401878,0.178712553026667,0.160409994969568,0.150409843609409,0.0830335804489264,0.0648971596051842
0.39312901032649,0.154687508640735,0,0.228189434221394,0.223994046811381,0.110962407416067,0.135526924117562,0.115147383946564,0.0433426856663503
0.419365527893287,0.194632644977508,0,0.131575399264718,0.254426427864487,0.144408613952408,0.230209625120141,0.169979101047351,0.0201556645028094
0.431825614393159,0.173723684738777,0,0.198800190755207,0.195650510112856,0.162863963573076,0.222282020016957,0.163349730717643,0.0185120260246604
0.407210254836946,0.11870822278469,0,0.180295671668348,0.293785850710017,0.0796352800909282,0.149316256572096,0.0977511722580983,0.0389798265979653
0.524648219237459,0.128807738096361,0,0.166718848961976,0.179825193704204,0.135580836559771,0.151033132654328,0.126724243335118,0.00934337526281455
0.494976450189602,0.128882054424991,0,0.154883396731873,0.221258098653533,0.0195443525585735,0.149760085867522,0.133943025700477,0.0448326141569756
0.406067804078299,0.157841320030888,0,0.234585446671375,0.201505429219439,0.0570246164276357,0.140625029684391,0.106700354361209,0.0760742240966897
0.333861843426632,0.201919510064809,0,0.20303980983443,0.261178836674129,0.18980345227788,0.189348845190766,0.12114304410501,0.0463576549051849
0.442580397079245,0.126915440515249,0,0.164706300943529,0.265797861461977,0.141764448554302,0.133815159418581,0.135380605798027,0.021405453905901
0.411035253830968,0.103873445892476,0,0.148654981375686,0.33643631890087,0.144013154756375,0.120159204562324,0.0933323731039344,0.03199396626841
0.496970464538718,0.0269785465162762,0,0.192224621605255,0.283826367339751,0.0282858026976232,0.13326812419229,0.0898046395591408,0.0275021079688809
0.400863745312308,0.112438458964043,0,0.188095062984144,0.298602732739505,0.0458521943294679,0.181155434254865,0.0535135478220108,0.0337871709215306
0.470983494219454,0.0934882942025859,0,0.118697597665811,0.31683061391215,0.0366328922568686,0.130060975530074,0.145341137223626,0.016127429262669
0.456979067404134,0.107819970368518,0,0.182528296625479,0.252672665601869,0.100314855181864,0.120697480173659,0.0866071716683717,0.0267268256090992
0.403192897457759,0.152210215234798,0,0.145098007422494,0.29949887988495,0.165573417974458,0.123506870185814,0.0832087876940682,0.0170296525137098
0.398889191886519,0.145949971197637,0,0.121567068563801,0.333593768352043,0.0705002713915471,0.139495352983255,0.164552657160648,0.00647623649661895
0.490648249216618,0.118067474862508,0,0.188862692202895,0.202421583717979,0.193433897912438,0.140956766188228,0.138662629536412,0.037265023896387
0.452281053223349,0.130937856687584,0,0.16150392584178,0.255277164247287,0.229189711350601,0.123457620672124,0.0524384940610124,0.0191118290783503
0.485432386558873,0.106665874459058,0,0.17404077546909,0.23386096351298,0.176864243807992,0.132895569774986,0.0880872443495056,0.0395497543056067
0.396489001461039,0.11833154268417,0,0.202518673788242,0.282660782066549,0.0395094633595083,0.132491555765468,0.170587554895243,0.0423183002562384
0.432912234020666,0.0846278843311866,0,0.155268077837153,0.327191803810994,0.0611144854747125,0.145442724699906,0.117003038709996,0.0254927693940259
0.450628727844737,0.134831874723806,0,0.23014116309746,0.184398234333997,0.263560738135014,0.264670791861297,0.152221217769539,0.0231874465876818
0.448914403047968,0.129138397704122,0,0.180315747989119,0.241631451258791,0.10624569731751,0.182114596236266,0.0665773196580361,0.0170122925798182
0.491544523895531,0.0802814480768623,0,0.197694457848524,0.230479570179082,0.240856457636621,0.138811196844531,0.111693165125628,0.0158969353523832
0.395175576961166,0.0984912803452342,0,0.212214191180388,0.294118951513212,0.186618195890613,0.192110273569563,0.0960860765117324,0.0405283724384574
0.393367225191764,0.113046776575836,0,0.154136737472787,0.339449260759613,0.247550584332488,0.202435914831611,0.0626048125432763,0.0241805020497085
0.52321329998645,0.119347749505404,0,0.0915188750701711,0.265920075437975,0.0555673736493679,0.230231594821504,0.207026576689338,0.0164806064946915
0.435333732323952,0.145274723634268,0,0.169672458057058,0.249719085984722,0.104896276353749,0.172165513128832,0.193816886300787,0.0270140033011461
0.368871602483788,0.133333687815626,0,0.258832341946586,0.238962367754,0.198772605674047,0.170067928519118,0.128714026306412,0.031055124931436
0.485529984995546,0.126192100151072,0,0.190609742484477,0.197668172368905,0.165496825743523,0.201317935597439,0.140721405662566,0.0319547182676038
0.502656178268663,0.103118754326639,0,0.180644342284742,0.213580725119956,0.162991563274459,0.168710580190109,0.0901988822618142,0.0567125039574247
0.404225159226037,0.0628029240780014,0,0.21860496565703,0.314366951038932,0.0859157718869461,0.0886575094825449,0.0660501552445826,0.0300296383111613
0.465003750004658,0.145760584970126,0,0.105310169115009,0.283925495910208,0.0912658678903203,0.197994587355643,0.10523820928172,0.0330462108569621
0.459491625404225,0.140013874328641,0,0.157323090298161,0.243171409968973,0.0792184229341094,0.164044420737346,0.10462999853311,0.0152562498504634
0.389006706795487,0.184404868150349,0,0.175791419732058,0.250797005322106,0.139212809595241,0.165971689038753,0.108762968748398,0.0410123826101141
0.395374533626192,0.121099262073082,0,0.199749619277631,0.283776585023095,0.135097283966859,0.186190000048313,0.138410244562839,0.043844966209309
0.426306943603153,0.164887344872088,0,0.149760226720261,0.259045484804498,0.123771201446967,0.152877099569573,0.152042323945309,0
0.471835941752426,0.102304283300323,0,0.136874491813163,0.288985283134087,0.0156147095191461,0.15332245371588,0.132825741699845,0.0121327940157369
0.42636945054363,0.122964630407646,0,0.201943685622993,0.248722233425732,0.108164321523234,0.120760506364734,0.10792947188662,0.0269126900198079
0.410159834952463,0.147551103504303,0,0.230291383852407,0.211997677690827,0.106369564985109,0.157852136281818,0.200617754634255,0.0159293700371719
0.440495038456224,0.102267477850416,0,0.169708946968617,0.287528536724742,0.0860081679850737,0.106747672186535,0.148820048814128,0.00982572770806658
0.4068645743233,0.161626117655281,0,0.0959414375408754,0.335567870480544,0.0930911127750345,0.162998400720716,0.133104969106332,0.0410483081877146
0.378198037698474,0.0856940707045245,0,0.243157366757736,0.292950524839266,0.150939979266036,0.0933195734783368,0.108320936081845,0.050326546546972
0.439137779894643,0.133715614019237,0,0.112081689526848,0.315064916559271,0.0867112443825394,0.138958252516948,0.138416267353074,0.00355836226992911
0.424378038823482,0.0702784058475285,0,0.198032715945334,0.307310839383656,0.113921960821092,0.108186309406846,0.0772696741280013,0.0356815939317358
0.385377903638784,0.108494592680131,0,0.169453638395068,0.336673865286018,0.112971617571583,0.105299304749093,0.0531561456169299,0.0267935156160735
0.478631346776223,0.123668511943853,0,0.222897797926828,0.174802343353096,0.125071683164575,0.225097702160812,0.174940767406869,0.0427906778789126
0.370890040333363,0.108477625181247,0,0.227664894145109,0.292967440340281,0.0771874902902743,0.174135401031209,0.0710457866120969,0.0438039603756998
0.455757551539818,0.0995952512953582,0,0.169047907454131,0.275599289710693,0.102675487328612,0.121652821848247,0.0780748178562457,0.0277764231193238
0.361835490332905,0.153418816259802,0,0.209779757419433,0.27496593598786,0.0872814611743875,0.144051193918606,0.125775818166562,0.0130675803978224
0.409598295776779,0.148507074050462,0,0.187977358923147,0.253917271249612,0.113842132023639,0.155914211242776,0.186368420130063,0.0290196222275303
0.475997112101311,0.153040788857099,0,0.13977984745775,0.23118225158384,0.11716386054048,0.119796404461374,0.210058901625514,0.0214231281493258
0.437457646243942,0.163102255602193,0,0.166946037311862,0.232494060842002,0.150393509865166,0.165089094500209,0.196540648116923,0.0159521742607938
0.378082732540496,0.173695006116947,0,0.223953602281412,0.224268659061144,0.0509247398480509,0.19832318983553,0.0823178374776254,0.0202615134648811
0.412901955091963,0.114196903844219,0,0.143139752276124,0.329761388787693,0.0662510559639707,0.0939479752822885,0,0.0304762023896758
0.452155867161671,0.217806581029058,0,0.139146305387183,0.190891246422088,0.0537619316900335,0.142848024132557,0.13363963004745,0.011713724576259
0.391599730706125,0.125075093676142,0,0.145917322835005,0.337407852782727,0.0490588437473601,0.169686762069773,0.162680702667969,0.0248671438453127
0.427165373947905,0.119686218397055,0,0.176812503361162,0.276335904293878,0.100750052548926,0.143169404072481,0.171891900292871,0.0423049077155656
0.383137044193429,0.161076115739573,0,0.145974340352054,0.309812499714944,0.128755481177597,0.0836840182160035,0.162078705775109,0.0251311365208373
0.416961077656955,0.129665510482317,0,0.225107097371409,0.228266314489319,0.176338150943155,0.238054337461957,0.145235131705572,0.0412218636739918
0.412695655572895,0.183184519202085,0,0.173180691278871,0.230939133946149,0.0515100671360911,0.117793300400456,0.146649948963426,0.0374076455036574
0.496387304076999,0.0926929848022397,0,0.156255071265818,0.254664639854943,0.12611245094256,0.148310693953096,0.113172740678231,0.0326069545928949
0.540186039401686,0.141942079944332,0,0.14604086138693,0.171831019267052,0.179120469496423,0.150810040095185,0.112155300258728,0.0463879826699484
0.475338114270997,0.129732431403678,0,0.221437368354949,0.173492085970377,0.163931314457406,0.188329502954165,0.128403831835013,0.0388422310438898
0.411502429780254,0.168358783171565,0,0.161013569124044,0.259125217924137,0.101065317797982,0.183353242300167,0.122279516574493,0.00296167584330817
0.407272451861808,0.136064019293992,0,0.206180834809566,0.250482694034635,0.122790515829389,0.118334774312282,0.098259037450852,0.0204675950947856
0.482990892668218,0.123396618833385,0,0.156263952537025,0.237348535961372,0.148705044066944,0.156446991553312,0.0637003492544801,0.0266061270535283
0.442158843602225,0.134377128051258,0,0.17575091470889,0.247713113637627,0.161087133257351,0.179540926171402,0.0961803483588214,0.0115775795550753
0.39137148767403,0.11862613058971,0,0.233062776811211,0.25693960492505,0.114688083824836,0.17444343955545,0.207863882439235,0.0344774162448491
0.400993623028889,0.103558377962197,0,0.180175610922187,0.315272388086727,0.0703217424811273,0.140514836256038,0.0859254124029123,0.0397516000625291
0.392418842777996,0.175287012726121,0,0.181756005997196,0.250538138498687,0.210130422938097,0.183543649828841,0.106045957557231,0.0405902731322479
0.411750254157908,0.161856725564296,0,0.172445816156123,0.253947204121674,0.0856399359325781,0.139513586345901,0.126044195637705,0.00375730391664262
0.438051438420596,0.154651378363505,0,0.181644350139199,0.225652833076699,0.237597830931126,0.200433097925106,0.103784850292079,0.0141597667034348
0.450261109722081,0.089515072320437,0,0.189721055610833,0.270502762346649,0.190239126012077,0.185431435832955,0.143572337998224,0
0.495623147411183,0.0727182832262381,0,0.197367459781835,0.234291109580744,0.157959745411589,0.12122205151979,0.110919730385192,0.0347387708203402
0.498110336816318,0.0667593227881181,0,0.12861477847062,0.306515561924944,0.0382595135312205,0.107305765252222,0.0780787938234406,0.0100084434903354
0.450066404152756,0.116778631335555,0,0.212793461591236,0.220361502920453,0.100930349311909,0.195350828953999,0.0794735093344962,0.0355678522066909
0.367572960730413,0.096942952885975,0,0.20509268899794,0.330391397385672,0.257050270827291,0.171313988477335,0.14831170248453,0.0387492888081311
0.473200288172714,0.13558459926153,0,0.165341068254843,0.225874044310913,0.0834537782524388,0.15388623407437,0.0767680479640355,0.02087926089608
0.447560374280482,0.102876622080658,0,0.175664105525883,0.273898898112977,0.139877379837347,0.192220919670068,0.0449542081665029,0.0331582673459142
0.493078255843565,0.101708473680361,0,0.136285346534753,0.268927923941321,0.0673969120270606,0.196543178959511,0.0701305734163099,0.0257251835611762
0.431296147479668,0.136141839864041,0,0.200242513165701,0.232319499490589,0.0802247173369496,0.143170178025977,0.107165615840951,0.0297706729037159
0.44755337911822,0.117243405998723,0,0.174512854740241,0.260690360142816,0.179925927250853,0.18234708245201,0.107812059762614,0.018122115244905
0.413464348915378,0.192102503673629,0,0.16296001533972,0.231473132071273,0.0924699468650686,0.0997835547895829,0.248348535300511,0.0440005334805894
0.418543419713397,0.0932057998317103,0,0.189001967834774,0.299248812620119,0.112617538492642,0.192274492778658,0.117294051488182,0.00347766504356625
0.444587995197527,0.127844729684928,0,0.171036182375094,0.256531092742451,0.167746797348899,0.126695548092098,0.0847891360979614,0.0115228735532504
0.448330772528034,0.170435484948484,0,0.19433901342242,0.186894729101062,0.125140312551122,0.112454650473474,0.135570356991832,0.0190849481123866
0.469969074685204,0.126028670301878,0,0.159143088883751,0.244859166129166,0.125454488211487,0.0897214932080091,0.154389890604692,0.01766022709836
0.408730623877664,0.142978172513672,0,0.182136203165659,0.266155000443004,0.202242400501458,0.190000760987501,0.0975357384601077,0.0251567833613852
0.366313121627008,0.152443577336225,0,0.264199786846133,0.217043514190634,0.158444744876107,0.122789206981915,0.149531970701543,0.0253493864205258
0.456626446626534,0.134337837857849,0,0.145159661898839,0.263876053616778,0.16799709703754,0.135902243913112,0.0702525123314339,0.0275746965507453
0.379931499137675,0.129885253876781,0,0.142562120538646,0.347621126446897,0.0972642908115616,0.189968280773392,0.0780892257858567,0.0304108983900974
0.373433599530383,0.142526186148501,0,0.164329678475258,0.319710535845858,0.106053188552238,0.177441307900558,0.131729967603777,0.0277981949198096
0.414341421243984,0.15513043551819,0,0.179659433559653,0.250868709678173,0.129354999793671,0.163565532980529,0.182959811084625,0.0421771899429133
0.488921237405593,0.136873169574144,0,0.198115382510813,0.17609021050945,0.0343834553582235,0.21205114074695,0.105381966897869,0.0354306577589456
0.510873677033832,0.119157200130083,0,0.154820142696138,0.215148980139947,0.0603790638578043,0.15041776934935,0.154633635232852,0.0213781643112523
0.466025694054383,0.164389965758795,0,0.178151522646752,0.19143281754007,0.166515034450372,0.152472779147801,0.178902082515626,0.0441414957132954
0.47375038851603,0.133290373866565,0,0.172954083352984,0.220005154264421,0.0644043252788189,0.173303254248806,0.133075678153042,0.046458706072815
0.331125502686859,0.1284735277908,0,0.186366837613041,0.354034131909301,0.117618394414211,0.0783026255031699,0.127077862434247,0.041954618662851
0.355831056352585,0.163232849954912,0,0.20064060385738,0.280295489835123,0.153110393235169,0.111046334725295,0.145526090897351,0.0320204799028808
0.470542766547799,0.0953711059059097,0,0.186715236246757,0.247370891299534,0.0636430375975958,0.186135927223375,0.0791616055815918,0.00720377944343548
0.410325293337461,0.106129227387553,0,0.206624335218886,0.2769211440561,0.0531017562201549,0.194561241692965,0.0980688124565159,0.0515400749564363
0.408559053014428,0.132762416528531,0,0.184186050680566,0.274492479776475,0.11841115900481,0.162699118445013,0.0785158612086174,0.0312722946780531
0.443073622504413,0.201709015534547,0,0.176535252783491,0.178682109177549,0.123079208343941,0.172554687705163,0.132979398469075,0.0254633037578526
0.388560787096401,0.16963379389896,0,0.153032181415442,0.288773237589197,0.0590742999544421,0.175421979767297,0.132876219754951,0.0176211241005037
0.399851305366465,0.111067594709736,0,0.190236166422005,0.298844933501795,0.114142547420244,0.141804169990317,0.132424990840054,0.031853966739024
0.460156311994782,0.119878113871055,0,0.171617436490238,0.248348137643925,0.0838984064871652,0.148566331813655,0.101529706411973,0.0292927809633409
0.477902786666346,0.115233701966712,0,0.15491038482969,0.251953126537253,0.00636892478397891,0.159023834041914,0.0713238877049047,0.0323775862871295
0.391640868029122,0.190566480882934,0,0.171682750033691,0.246109901054252,0.0563709078568389,0.257219443239905,0.129486012866509,0.0325367245681861
0.36945403065783,0.114665314715295,0,0.250291252080915,0.26558940254596,0.132840358563127,0.126181125701516,0.0709773591886386,0.0337251131490305
0.374283751718598,0.155974776130313,0,0.136526932663229,0.33321453948786,0.0412554598700225,0.149402319034069,0.0926980302932585,0.017042725070076
0.433569693440848,0.141618526122436,0,0.225938876654727,0.198872903781989,0.181568397860563,0.156688781872559,0.111382219252945,0.0362785326481817
0.44446651703765,0.18449279243046,0,0.144909925875745,0.226130764656145,0.0918200199124579,0.200688043190174,0.173923359051284,0.0260489331994278
0.426537772498418,0.0996285262913821,0,0.167062715469599,0.306770985740601,0.116421007112361,0.150700529362146,0.0324643591215049,0.0186289831404014
0.46163969116488,0.173758133306728,0,0.102215391488786,0.262386784039605,0,0.194607259157923,0.14651904395877,0.0154158267020457
0.417819907438031,0.150109559391998,0,0.165210083403852,0.266860449766119,0.106057450413051,0.136564136958111,0.0935959216578209,0.00917409493569605
0.409839028634081,0.157965247608196,0,0.186386095734519,0.245809628023204,0.0738393843669774,0.16156514993922,0.0861000733542485,0.0280680566921429
0.463730655943783,0.101849186398865,0,0.19533606469296,0.239084092964392,0.0850001262363909,0.156213828007647,0.0846198576774296,0.0480524379498515
0.531825389110596,0.100019969238598,0,0.185083244531846,0.18307139711896,0.148328971772998,0.139459307581788,0.165386453876905,0.0243576933329119
0.447332547632052,0.0837137133639199,0,0.147895822056659,0.32105791694737,0.0776639975204184,0.0832986099066136,0.138662755199766,0.0320788891855158
0.377967445191819,0.125802685506035,0,0.206336248817971,0.289893620484175,0.15138240836834,0.124598354507299,0.184184069434252,0.0186204069277167
0.476681270242531,0.15025615665286,0,0.156714095708954,0.216348477395655,0.102319427922376,0.164329397349223,0.105137443804174,0.0275094802512357
0.373382238747403,0.132141078930051,0,0.182402655070216,0.31207402725233,0.056911993653887,0.13077959864217,0.204944121847312,0.0673805568597475
0.368497107057366,0.150519805723501,0,0.205013796070472,0.27596929114866,0.111971693419739,0.131977512661099,0.105948888427641,0.057376992834499
0.421294788853494,0.173824599100457,0,0.222561169406693,0.182319442639356,0.10308740010023,0.230477125949228,0.123098466240367,0.0473887558218649
0.377867211196252,0.179765777467146,0,0.222233784055217,0.220133227281384,0.191437441266296,0.242811712404518,0.214001907142673,0.037404786859228
0.510812577744017,0.109643954846709,0,0.185066448617844,0.19447701879143,0.13518128925689,0.183586818471319,0.159063710955089,0.0742487695370773
0.39992308260491,0.159399894113162,0,0.179495334175388,0.26118168910654,0.234961080159609,0.137761966255952,0.126915431826415,0.0175826050304851
0.445113938935439,0.102334207815419,0,0.148552376555723,0.303999476693418,0.0311210395531874,0.0950544045876545,0.146157652294509,0.00997067608142926
0.456041025900787,0.117827195848315,0,0.223452650447717,0.202679127803181,0.174209941810784,0.15166381730249,0.180963087489034,0.0319901100129696
0.456980014889588,0.165745537504189,0,0.213102368265473,0.16417207934075,0.0955748185889797,0.139319303568613,0.153516854614037,0.00379257656310358
0.424595275742957,0.181322832116516,0,0.170532051630981,0.223549840509546,0.0469602363087706,0.157385298723196,0.153066010182994,0.0267978190863117
0.412549479069122,0.186211586421654,0,0.138092377009172,0.263146557500051,0.22821465658169,0.100508736739497,0.167710371709469,0.0195163849215659
0.301709322684998,0.186023879735362,0,0.159821228831586,0.352445568748054,0.110220175531838,0.154982823700149,0.175948428944346,0.0322364404819173
0.39679132021507,0.0998708855622246,0,0.146599696070882,0.356738098151823,0.113886255471392,0.0995191245919407,0.121033803088619,0.0043799364325534
0.442347018444226,0.115264450999672,0,0.153538402722067,0.288850127834036,0.0773989326301125,0.133111465958115,0.123511885123405,0.0193768877339162
0.493285842362891,0.0906399611287517,0,0.192534973826274,0.223539222682084,0.259268139528481,0.196201099707451,0.218686179865383,0.0310325665300489
0.495318033818174,0.0475481038888517,0,0.172203275659324,0.28493058663365,0.112570715403187,0.0772582958514072,0.0626717612157586,0.0114409442205388
0.370798858675627,0.183717769728642,0,0.252755859196832,0.1927275123989,0.241381779074275,0.199340711170561,0.162873274417235,0.0453912130464027
0.366186813606151,0.230476357473343,0,0.167780590842712,0.235556238077794,0.0750013092452703,0.184233660387679,0.24648462639523,0.00445387448136725
0.486736697125893,0.133042315917886,0,0.120860475239961,0.25936051171626,0.0755782614133487,0.166196171141094,0.119302838849363,0.0048906309414231
0.502796775702672,0.0872915047608683,0,0.159268606352204,0.250643113184255,0.188082817810045,0.14135173715944,0.129926841875731,0.0565978234070551
0.434272544542992,0.0914984120008222,0,0.178786502915873,0.295442540540312,0.166858884359114,0.205439363803218,0.127886896828616,0.0228747764894447
0.48183689030824,0.11186479161208,0,0.146031119670365,0.260267198409315,0.0885488145982765,0.136721890815947,0.0788589311957553,0.0289231433438964
0.401916048423728,0.115756822297839,0,0.180051124320407,0.302276004958025,0.149747876641172,0.131513668291309,0.152936597603691,0.0619849137343674
0.418267553707692,0.0955633065927549,0,0.151753053075482,0.334416086624071,0.0514262363408688,0.125737099554218,0.136185828749098,0.0161728597154603
0.458456984721183,0.121813072071929,0,0.1967510528018,0.222978890405088,0.0355556501340055,0.218549849938843,0.151939332561193,0.0636469458192721
0.421196849084603,0.169110185456163,0,0.160196413757138,0.249496551702096,0.0237106386943354,0.134387918546662,0.160442785641031,0.0260888554922773
0.420268214241424,0.12491741644789,0,0.176773927678942,0.278040441631743,0.0370574586409965,0.15298083440357,0.0857110324067503,0.0129986786590841
0.433928908935984,0.0719840733458159,0,0.189961081067117,0.304125936651083,0.0894471360313288,0.185863590232436,0.120791296514837,0.0500454024168415
0.455357816855845,0.112294181681999,0,0.153233910395873,0.279114091066283,0.150169385587066,0.202241474647465,0.157866143451467,0.0208568516385687
0.380161425350546,0.155868213523475,0,0.205015877246066,0.258954483879913,0.0630963351747813,0.218753283599155,0.0876789753965653,0
0.404389219646234,0.160216520967384,0,0.181357569575161,0.254036689811221,0.131819604904928,0.157160992241252,0.134497352081523,0.0306407133463299
0.433408742566567,0.0945541336634817,0,0.250409127599428,0.221627996170523,0.129631391165872,0.151314832834309,0.0800408909082772,0.0549596541113222
0.405947235331824,0.161790633596769,0,0.172340626502423,0.259921504568984,0.0967618502088987,0.175264357387382,0.103695098487235,0.0323524339061006
0.46715727249022,0.101218000357489,0,0.161954724672565,0.269670002479726,0.118556701386421,0.218040547825049,0.138853305300767,0.0166156212169218
0.430569614732927,0.0949339394580187,0,0.153035538011046,0.321460907798008,0.123711895904095,0.102186090136797,0.0706461254365155,0.0380474278992709
0.401057372805594,0.145045020772655,0,0.213034698818219,0.240862907603532,0.0974664606125408,0.12418091065874,0.082220894034849,0.0262558094811254
0.472952208454233,0.147255867516563,0,0.163135619127875,0.216656304901329,0.109238692015093,0.210463163881683,0.0585788481421059,0.0520522396102351
0.424308860975315,0.104714483779691,0,0.21436699777796,0.256609657467034,0.106135910699391,0.109520104228558,0.145355834678248,0.0108100847265862
0.393886913385615,0.0981256780168152,0,0.228391250167124,0.279596158430446,0.109235476773348,0.161523037257376,0.0811894001581587,0.0155551034577496
0.45594667949423,0.159915819660328,0,0.11346764042532,0.270669860420122,0.0445017543571174,0.181843358964982,0.0995793819743706,0.0354404007421714
0.480511035122821,0.0971215923552299,0,0.21033518877478,0.212032183747169,0.127812227494767,0.147486843588805,0.0845617938539246,0.0205842844241812
0.371807011547349,0.12623950473759,0,0.22966333042351,0.272290153291551,0.0855313807710881,0.151134198447865,0.11332615556745,0.0292264579456696
0.419889913315735,0.106245100823339,0,0.169831176379545,0.304033809481381,0.0147512557436351,0.201407361610714,0.0673474783482113,0.00419814165076994
0.474259466787712,0.0838004116409876,0,0.168360126624647,0.273579994946653,0.1322750655268,0.153249269627585,0.0638353429756413,0.0646784914797257
0.358638469182941,0.203926821338347,0,0.18132919167192,0.256105517806792,0.105271927381298,0.210971626475741,0.187718932590268,0.0548687240628438
0.438632547205288,0.157552384688605,0,0.137607629840192,0.266207438265915,0.116147186697879,0.0818497639542336,0.139838880880016,0.0205431010390644
0.420828451423035,0.104322483146913,0,0.177302894467232,0.297546170962819,0.0946654300967493,0.0867881970675377,0.0652642382801091,0.0380701218156918
0.417918232191437,0.179361205453951,0,0.202391226950556,0.200329335404056,0.089837970425442,0.204978139633183,0.152404302754295,0.0372756653030688
0.47060409944256,0.09171293647818,0,0.162346360559498,0.275336603519762,0.0643522167935293,0.186571334310224,0.103988149977,0.0243884225203034
0.495574663112914,0.092903592325285,0,0.148419472625356,0.263102271936445,0.110637775496734,0.142681359612001,0.0489521655645894,0.0179621225939456
0.452445282501142,0.174049591718074,0,0.169105832474776,0.204399293306008,0.214155740371709,0.14397276486506,0.0957441934178104,0.0425783750086473
0.355604253697091,0.155239446677769,0,0.181459659018445,0.307696640606695,0.0556965319486934,0.0802300539200714,0.0665984346604273,0.0353813544969614
0.477940821772883,0.144635679313843,0,0.164147857242743,0.21327564167053,0.224172046767523,0.179582090943134,0.113471185637483,0.0464006583085113
0.522082307660602,0.125523016404399,0,0.152688106078375,0.199706569856623,0.0808084153640052,0.275645953309701,0.145797025729024,0.0387215042155487
0.451064754923324,0.149485492972782,0,0.16209365324035,0.237356098863544,0.149864595309548,0.146175192768765,0.0891959436154804,0.0404365867229965
0.441624793727401,0.108462729476879,0,0.219269127945384,0.230643348850336,0.151736768847463,0.147662791207829,0.0510280165739999,0.0411254822650171
0.472729708530278,0.124724526804183,0,0.162589386486063,0.239956378179476,0.145610743003771,0.198395669522467,0.0943482019744553,0.00523373783627051
0.502809212518699,0.125620332030057,0,0.146050555380875,0.225519900070369,0.0950997489624977,0.21114807673985,0.094623433262663,0.0262163299812417
0.552898952446162,0.0543134083949387,0,0.13911210571588,0.253675533443019,0.162026651788556,0.140522954405645,0.111938612259333,0.0170541921172932
0.540575268273437,0.12978201493892,0,0.144363136532036,0.185279580255607,0.104250907564855,0.119959854349347,0.0756219077427694,0.0415554650201426
0.446794038440798,0.113383047585269,0,0.153515485236309,0.286307428737624,0.0915947877829835,0.127311902429501,0.134354430622586,0.0410066500443266
0.464729497405027,0.146420425833211,0,0.156501453693927,0.232348623067835,0.15484644954827,0.184598160861863,0.224533814735789,0.0247423789705016
0.480695934503728,0.148962758142023,0,0.121263925474796,0.249077381879453,0.151769001930549,0.133832165683886,0.171499565253939,0.028646377910909
0.506028779106691,0.109340586036135,0,0.11550446067386,0.269126174183314,0.127405321378659,0.0998245819178458,0.168289447946292,0.0135666625762122
0.423687496473601,0.146367679850919,0,0.132882632768117,0.297062190907364,0.176901302213515,0.093603699272567,0.0633685143928676,0.0379922909148912
0.530110316545584,0.185972039418236,0,0.126242395106678,0.157675248929502,0.0565031699519012,0.187182606017235,0.116864991126904,0.0471058624730265
0.516381772801135,0.0680258525452602,0,0.234580254227019,0.181012120426586,0.120163788326411,0.157292486014816,0.113504120821265,0.0352730691207443
0.416046883730165,0.166534099609991,0,0.152270433789449,0.265148582870395,0.090980944004127,0.183460886308037,0.136768807520103,0.036261389517043
0.439074096202786,0.119780781952222,0,0.145359782652698,0.295785339192293,0.0960790219093382,0.149341202544007,0.073540412561096,0.0105972438501559
0.365141162974532,0.166432326480141,0,0.156182566059594,0.312243944485732,0.199984553371644,0.256548307406768,0.122963593696225,0.0634210348760698
0.482049281690587,0.167089668734571,0,0.101745408243884,0.249115641330959,0.031813081206686,0.103036760385063,0.141651192811055,0.0262738608679239
0.362103570418802,0.155313199234691,0,0.220762542177644,0.261820688168863,0.174203480294073,0.162157313581117,0.114184019556552,0.0228925711234871
0.455126694158407,0.114369010838362,0,0.184493793433857,0.246010501569374,0.0807543145993991,0.0932883600666517,0.129209524967154,0.0429143779055174
0.438583132337716,0.172367317702715,0,0.201215725851057,0.187833824108512,0.154498295340482,0.0828722264473616,0.132120656537306,0.0210083827463576
0.4689671929732,0.147739758035019,0,0.164824463717703,0.218468585274078,0.0347945601710249,0.155599683056609,0.143287858061828,0.0282297081063168
0.451157128049701,0.115144472216945,0,0.134362505397975,0.29933589433538,0,0.194883198667201,0.20489533113666,0.0207476657420063
0.432352158434637,0.166351577485982,0,0.190126755211616,0.211169508867765,0.0902253748546868,0.166947867748569,0.17233248413939,0.027063782781704
0.467913349157858,0.0614104437326832,0,0.226401577261939,0.24427462984752,0.105209098111336,0.159864347320861,0.157316698773401,0.0149323934982859
0.550534392831281,0.0766828066070276,0,0.102574397607426,0.270208402954266,0.0245948004006661,0.147543341833204,0.126152385647736,0
0.352462722443411,0.14951294932447,0,0.193993242652113,0.304031085580006,0.169046818912953,0.19661159045348,0.137614053031002,0.0281032082813141
0.486357398731666,0.118774839903222,0,0.139310476560342,0.255557284804769,0.0475579599457464,0.166124682143898,0.0988692439698027,0.0233024519110572
0.393382553991464,0.13129781285788,0,0.214302302067957,0.261017331082699,0.158864072863628,0.13253387840239,0.220862124911248,0.0115138455505025
0.408098584697163,0.171512188111628,0,0.164888045546379,0.25550118164483,0.187047584277902,0.138517822091879,0.185068333703688,0.00370744571562331
0.437645544270231,0.155213441784248,0,0.150460006493421,0.2566810074521,0.0264094862059301,0.106155916345801,0.155141347407997,0.0166669992562521
0.367955495943963,0.13226563024539,0,0.178852764786665,0.320926109023982,0.138636697117307,0.179644588957164,0.108771470260007,0.0280371801135412
0.444017758914419,0.150813848099877,0,0.116744293468623,0.288424099517081,0.0606490281372192,0.189510101648054,0.195216486630377,0.0127058338910965
0.480592605658283,0.120822029505396,0,0.124062046205664,0.274523318630658,0.116494295040998,0.183108028871308,0.1893471157838,0.0257134193568483
0.396266484881819,0.135164583108092,0,0.16926067389047,0.29930825811962,0.123189701237914,0.186971245430936,0.100735032007765,0.00591927052254816
0.365244420009742,0.182193525675864,0,0.217680347620513,0.234881706693881,0.223605459603881,0.0978151747446513,0.135584070930903,0.0163225017344614
0.390111544798175,0.177555402501965,0,0.191171621952241,0.241161430747619,0.210822002199123,0.220776142780234,0.118803907298903,0.0363129362175707
0.452741813932886,0.148968989448214,0,0.220190139211534,0.178099057407366,0.196576071829173,0.154721815165783,0.125010254810234,0.0527855893583458
0.462064945296406,0.110016921088745,0,0.132312412745676,0.295605720869174,0.047223333057463,0.146584299077754,0.0991167412291868,0.0674372372100521
0.431410912340876,0.163842142414644,0,0.220781961167473,0.183964984077006,0.188377995585004,0.15228246265896,0.135947846831478,0.0289847738180185
0.402639693304615,0.0877977113380043,0,0.181890669172089,0.327671926185292,0.0448639254569266,0.145563875830949,0.137053561072791,0.0163522219461438
0.546202050074824,0.0939480827378753,0,0.119409713298279,0.240440153889022,0.0948293313888118,0.213068816248382,0.0737773878399829,0.0212542665054971
0.387992091861903,0.192027426900092,0,0.173875536530578,0.246104944707427,0.108811312890297,0.168777795163595,0.2058663930449,0.0107904189148036
0.417539704580356,0.119988453467673,0,0.184796240058478,0.277675601893493,0.0802479669556724,0.155873256693734,0.175550559007842,0.0125166488058463
0.416852946892152,0.153192324772819,0,0.173317812227709,0.256636916107321,0.194803577812992,0.172079004145304,0.224717320646683,0.0248500735241508
0.407363049985665,0.123928635315707,0,0.211009439353538,0.257698875345091,0.171041095937328,0.200827591501263,0.0608724321558238,0.0215291771476554
0.45247494525461,0.145917433280506,0,0.142104650794268,0.259502970670616,0.0846600492811204,0.171244610956955,0.0847895621119931,0.0224798618496772
0.38540473800474,0.144050100378475,0,0.189345646319263,0.281199515297522,0.0667356106664341,0.0615324584155338,0.133782378542764,0.0377986057340479
0.485699479648087,0.116099797892378,0,0.152159315806009,0.246041406653525,0.0627054678984971,0.199038423291041,0.141487187559587,0.0291120295867839
0.438962134620189,0.174556406803013,0,0.170726113710559,0.215755344866238,0.134037754796259,0.198634744677323,0.204353855361265,0.0215252789168753
0.443630199218668,0.190532977216961,0,0.166819167694282,0.199017655870089,0.261725952250161,0.193515433318718,0.131188005596573,0.0091331373103399
0.438507613407426,0.160925548531567,0,0.174045489324326,0.22652134873668,0.11719391193156,0.148111922701133,0.0821954332399755,0.0146829302978105
0.512548703253625,0.0442950047386747,0,0.182776585831679,0.260379706176021,0.16376209103677,0.141180762466843,0.159239905317399,0.032962524668963
0.481930175199828,0.106633672091183,0,0.186898607086093,0.224537545622896,0.152499752093997,0.18943173644559,0.151761563982229,0.0191568064832187
0.395019238714044,0.133483206740518,0,0.196275281462358,0.27522227308308,0.104943916164559,0.125372401836126,0.176108375940455,0.037273380383016
0.462009789613097,0.14936438828229,0,0.10920510156691,0.279420720537703,0.124667821974271,0.150133328215518,0.0535077094937258,0.00856448334048433
0.429086297330597,0.143291117046314,0,0.164755239153421,0.262867346469669,0.146938110525297,0.182331122516762,0.0761765420147717,0.023716283588786
0.425849551095192,0.18280411953242,0,0.128836381742066,0.262509947630322,0.105333025433777,0.175386082421854,0.147322768404528,0.0255484636528408
0.50938271325787,0.121646441456428,0,0.113108730086529,0.255862115199173,0.17339920525311,0.168266262912284,0.137619887481237,0.0152305210569775
0.436709290846987,0.164666782505785,0,0.18542047472795,0.213203451919278,0.064365846890264,0.179610604708395,0.138463048962388,0.0598393319902993
0.419329127743738,0.13186112190109,0,0.16742084569967,0.281388904655503,0.0953974817725519,0.179719809576301,0.0706506091737847,0.0242262409778338
0.511713170215982,0.0754132802517046,0,0.150483184533715,0.262390364998599,0,0.189996419626581,0.0789475107254254,0.0366745945080455
0.428272936066285,0.127212753639206,0,0.218164837615,0.226349472679509,0.129112347338482,0.12573819352125,0.0680288036308639,0.0546734826188212
0.453418243124827,0.116800601681961,0,0.224791116309511,0.2049900388837,0.114343642005043,0.11607619255465,0.124174057876174,0.0223809934615424
0.389514891155517,0.197708822650911,0,0.192989825634407,0.219786460559165,0.237227252436173,0.125110165440535,0.159217494226733,0.0418875875847373
0.467291966493607,0.118264469311333,0,0.139107203159733,0.275336361035327,0.150109279054329,0.197407317244748,0.118014313769475,0.0293719502715648
0.466130713180292,0.156450026516898,0,0.165864866607097,0.211554393695713,0.0937061050291888,0.0906002588371635,0.198928987416164,0.0266019050359934
0.529704383571349,0.120313916865669,0,0.130551646959802,0.21943005260318,0.117319479233453,0.129674246048102,0.247837781470798,0.00775377599093777
0.465587672398554,0.147009816392771,0,0.153230379758082,0.234172131450593,0.187739691069486,0.177591413478709,0.129077716293709,0.0213991048784937
0.507244537069117,0.0835563844081711,0,0.161220533721523,0.247978544801189,0.0397253271250245,0.154477417832501,0.121545469482067,0.0412472908820448
0.423585474149337,0.116830086910217,0,0.175150252646129,0.284434186294317,0.0428455471742935,0.142425891269253,0.166537132287057,0.0251693171911613
0.480856837291662,0.127353579586056,0,0.132709414833525,0.259080168288757,0.0259647367473725,0.230466401178342,0.195334753872898,0.0147585745272815
0.503743412432609,0.108640488777308,0,0.165134821165889,0.222481277624194,0.0876637403220781,0.133176297346175,0.132740745943985,0.038822430863027
0.436625148963697,0.134941549760047,0,0.127240481958041,0.301192819318215,0.228674315704414,0.174915724986144,0.159310260394491,0.0395994255072494
0.37821695879853,0.1131074738278,0,0.19870435549169,0.30997121188198,0.0852640230095616,0.135766606668035,0.118594774632462,0.0380505804467348
0.391123536540392,0.105772332386823,0,0.16329962840019,0.339804502672596,0.0613779355165941,0.15731642622742,0.05940572225159,0.0556469686593601
0.488531924158672,0.0606752925411496,0,0.164707518337504,0.286085264962674,0.048597462245099,0.101491851391364,0.157414633297363,0.0411661218616146
0.399286075793803,0.124710648476575,0,0.167431525326518,0.308571750403104,0.224872997573984,0.125288613601999,0.188058116716796,0.0126103355217786
0.424785088436901,0.115459495183601,0,0.149509583186256,0.310245833193243,0.0919672492117029,0.0994326765766221,0.122244822842614,0.0281718697362952
0.386746429500086,0.153195313123335,0,0.154880236008473,0.305178021368106,0,0.177895437010772,0.135974413261218,0.016969095321268
0.380508793062883,0.245157910500322,0,0.157102622195753,0.217230674241041,0.0926998859358679,0.150620966193543,0.172627572641575,0.0396672258275251
0.458766375628777,0.103580078863392,0,0.191323265141796,0.246330280366035,0.0535146960029366,0.141106530413049,0.114919330205643,0.0473307225634534
0.416751796032004,0.134908703637198,0,0.170463786989783,0.277875713341014,0.115545330263548,0.0490114119232096,0.135739123156834,0.0263546280100892
0.461968005173294,0.150794011538036,0,0.176911702039167,0.210326281249503,0.227462354139132,0.231679426489997,0.11925537347881,0.021178296496158
0.444223308678322,0.128096156322293,0,0.152452199657805,0.275228335341579,0.082228557052772,0.127367413470449,0.0796477968895497,0.012180681735599
0.411228711537625,0.157113523831268,0,0.210431680031477,0.22122608459963,0.115741743544178,0.155218953570495,0.141226956611549,0.04032745781025
0.403950264862989,0.154592544471619,0,0.16826848244991,0.273188708215482,0.0874282557978799,0.150292061491367,0.177271419438781,0.0220472572301537
0.451673001038022,0.124321361452888,0,0.167278832959245,0.256726804549845,0.123616352297553,0.0867436894122671,0.0906240785542215,0.0211382919541071
0.423049596564401,0.159174028645636,0,0.186700515985992,0.231075858803971,0.104169460204751,0.166592666440419,0.113502495283625,0.0400965845306705
0.462642876122598,0.179829922485199,0,0.134543432835378,0.222983768556824,0.166174719847653,0.20714149358664,0.112316052862307,0.00358278030883504
0.399106443243553,0.165006099702073,0,0.151760499216254,0.28412695783812,0.115300817197447,0.11254972214258,0.0842463926661405,0.0154328061344666
0.448456515728187,0.0759241639789406,0,0.189006748610792,0.28661257168208,0.050864786311011,0.111107834911093,0.165194796558403,0.0216984044063648
0.472642013868889,0.121028202891272,0,0.167237493177744,0.239092290062095,0.062443347918709,0.0952309131946051,0.176934911266529,0.0174764121001869
0.40851537380906,0.0898358580357726,0,0.208626565207377,0.293022202947791,0.0798473592130978,0.145201491789509,0.0436660253110686,0.0332626912616392
0.432541313277032,0.11505823139569,0,0.171934120037533,0.280466335289746,0.173266898533739,0.121861513804781,0.154236840068617,0.0320314386162467
0.385787578001988,0.145830625463877,0,0.159189315294897,0.309192481239238,0.0587806868112881,0.239416188197017,0.142289640985131,0.0434784246185704
0.445616678769207,0.08635454017031,0,0.14101069444857,0.327018086611913,0.099967335339146,0.121434746660824,0.0733953854888971,0.0177718910652467
0.43821967429444,0.136445320372986,0,0.179945910430473,0.245389094902101,0.0647786690336601,0.118727676798929,0.131945718194562,0.00908137231819109
0.472090373300873,0.0974965063194176,0,0.184493328694353,0.245919791685356,0.0638031633589729,0.210109670778848,0.157052053690006,0.0312382317254274
0.490593491957987,0.0633051815905264,0,0.180995382678305,0.265105943773182,0.0806762843159679,0.16116548931991,0.0464172142134987,0.0316332811157475
0.462856467090176,0.128893262704813,0,0.182150119222995,0.226100150982016,0.0925105647219362,0.163670726040312,0.106473330781877,0.0323099475347807
0.353434213528645,0.161522292864427,0,0.206335076616164,0.278708416990764,0.189981968536017,0.123455606514456,0.0561146626084605,0.00446161773520806
0.446558697994546,0.151904957176703,0,0.139179968336371,0.26235637649238,0.0386243571828662,0.14500900554883,0.142348017029639,0.0232268859240823
0.458259405035357,0.155514326195951,0,0.162585011146307,0.223641257622384,0.162122032786901,0.203155455280677,0.20354800257416,0.0212699182601203
0.460173898628227,0.172063787868744,0,0.11729468227562,0.250467631227408,0.201638812790173,0.150525001204173,0.125854378961973,0.0208123065330119
0.473656992130583,0.146332396523717,0,0.152889714121182,0.227120897224518,0.198976838797364,0.201742476092022,0.0695105202949399,0.0559022409241959
0.461517972587027,0.177012895645027,0,0.168200427432498,0.193268704335449,0.0955117585630562,0.11105481739592,0.112166746527444,0.0142988943037545
0.408595564514202,0.156160788968314,0,0.145016571642312,0.290227074875173,0.129788612439535,0.0859797722677576,0.13516339257143,0.0212970010719747
0.398758168651777,0.149867533694373,0,0.189616364087498,0.261757933566353,0.0880743132291993,0.18192885596815,0.0899368483630212,0.0415867303392866
0.419202337307672,0.175139822105356,0,0.117477189883436,0.288180650703535,0.124884181722809,0.205725214869705,0.115113580415156,0.00370503939656995
0.442659125433977,0.193317519418646,0,0.150091773145696,0.213931582001681,0.076554701076117,0.184255756433824,0.111239662641318,0.0120005322842536
0.567946015708429,0.120117200769037,0,0.131421114724415,0.180515668798119,0.013290027693924,0.165201583505288,0.141653560915393,0.0303838378549173
0.439477566703842,0.13093994500863,0,0.138528385148866,0.291054103138661,0.132917929981172,0.125970528633671,0.156399159600253,0.0347726733437345
0.484776213410166,0.129876282579738,0,0.206282716805333,0.179064787204762,0.196464123309078,0.211984846432166,0.0947944160798204,0.0277458592873963
0.351714787044199,0.199869545486081,0,0.193336721214265,0.255078946255455,0.1994383701638,0.160925483751478,0.216290936309074,0.0262339475217
0.4068736920054,0.180805812736241,0,0.166037904708788,0.246282590549572,0.148300300610247,0.190881331891843,0.153646405021529,0.0565133148868256
0.433221469725128,0.187630290659788,0,0.164409671152721,0.214738568462363,0.183841179666081,0.150684899601524,0.164461374290621,0.00358711557453399
0.47858930675997,0.137017066452428,0,0.175127855858621,0.20926577092898,0.155412521863012,0.157964343400869,0.112450081527596,0.0232386453041885
0.435140284224435,0.114765178242542,0,0.155993178017037,0.294101359515986,0.0987598184925601,0.127190151087834,0.0883505820276936,0.00493614325147824
0.496609694943585,0.0877521900346105,0,0.177746800991906,0.237891314029898,0.0675521968471156,0.181256581843527,0.133146563499623,0.0248637101254102
0.393394481623742,0.109625287491396,0,0.208999853786363,0.287980377098499,0.180624004741992,0.155342030797862,0.173116331931142,0.0350299741094154
0.40044653394561,0.144191529976187,0,0.174689283520597,0.280672652557606,0.136535757114134,0.201880859565794,0.141804849657438,0.0133225368302681
0.406161954968802,0.160166360499179,0,0.224384855914641,0.209286828617377,0.105554957818625,0.151029641972717,0.216165863118812,0.033972374543635
0.355371409576893,0.172033897805182,0,0.140633365979337,0.331961326638588,0.0816495959086794,0.0893306367751825,0.14194745691006,0.0206710170367558
0.459255428565422,0.113544334322762,0,0.210856104553706,0.21634413255811,0.07969519397606,0.107051831736285,0.119409500305668,0.0267649369296182
0.482105034460504,0.113865461626516,0,0.149664524908986,0.254364979003994,0.0436485978312394,0.165212828125045,0.0956010604331234,0.0233559639142991
0.448814896880935,0.128243735002444,0,0.173414648043935,0.249526720072686,0.215089579181299,0.246411869003549,0.174562659635882,0.0498493895707163
0.387495003945689,0.12801123164313,0,0.194640843664187,0.289852920746994,0.0561171754742424,0.128012300358031,0.100649207945241,0.0287159103529676
0.513696516532355,0.140864623997211,0,0.145124618212493,0.200314241257942,0.141144904386886,0.205319921777654,0.0836779445425476,0.067132679861235
0.469980602420303,0.0985671393344838,0,0.171776815569263,0.25967544267595,0.0750548396555799,0.196605481575393,0.106967800431287,0.0253895440583006
0.409200176344802,0.172586355813966,0,0.183073962304127,0.235139505537105,0.119048161250606,0.19523483616793,0.126416019968619,0.00987489825034849
0.512862265329487,0.119378104485669,0,0.164070929870032,0.203688700314812,0.0579064475551436,0.199178823070954,0.0895448354843887,0.0343850616753941
0.387019544861594,0.187391995009102,0,0.211176157591173,0.214412302538131,0.0794166919827547,0.149667155822643,0.16435255703948,0.0278268511617248
0.448488421665234,0.122248867187863,0,0.17860385262599,0.250658858520913,0.137669242067393,0.187333399083768,0.0669060934917275,0.0279750433102325
0.439734764685371,0.168287761273131,0,0.130632654921644,0.261344819119854,0.101813690027873,0.163546460044124,0.12320728021227,0.045011827882412
0.404189952314829,0.109495559438698,0,0.204271408299792,0.28204307994668,0.0820140157399993,0.0825627948889658,0.132864949854367,0.0274537772751856
0.473282728268677,0.111607480667398,0,0.105025343817359,0.310084447246566,0.0342434272822161,0.212330479061222,0.118599799783357,0.0191082445914055
0.437451475909242,0.166693580653783,0,0.188882305897422,0.206972637539553,0.204316443308036,0.146330433135276,0.130923794067486,0.0162490423382786
0.400354208877673,0.0966429944696138,0,0.230934086721158,0.272068709931555,0.0339234205426802,0.218065383291729,0.146278998600521,0.0191790378425432
0.365207647236843,0.174962063938047,0,0.226627078715956,0.233203210109154,0.0841448657162462,0.167024724613121,0.178811341882729,0.04155562282037
0.526672917184198,0.12858374319805,0,0.158433604197878,0.186309735419873,0.150883061881678,0.164033253522674,0.13531777737532,0.0374239700395809
0.453954175714356,0.151400388356308,0,0.175285789539103,0.219359646390233,0.127079531015365,0.202468247287974,0.140196092819299,0.0209075835247721
0.443391019273921,0.11544541711258,0,0.207337897691078,0.23382566592242,0.152349885320464,0.182025673846751,0.0678692295909611,0.0682855635135503
0.313067508714768,0.161175311165407,0,0.225909291191711,0.299847888928114,0.145535039695727,0.206555470316983,0.145631776350317,0.0323522036679963
0.447598927707721,0.0976747222369437,0,0.221133879470064,0.233592470585271,0.10434428247197,0.241788597048555,0.0720800131874652,0.058000333808235
0.425703440533024,0.105676478303561,0,0.204527175824254,0.26409290533916,0.0992076235001981,0.208385416655951,0.119027614928891,0.0240076012838955
0.45564055120745,0.0820635815453824,0,0.204109889464631,0.258185977782537,0.114720536019936,0.208602318561304,0.0958746854527893,0.00495073244457461
0.448779251649299,0.133163835336231,0,0.192886974656278,0.225169938358191,0.0327820841333976,0.123528323064884,0.151317628041299,0.03319020249995
0.4859514819761,0.118155168256683,0,0.194775261571771,0.201118088195446,0.0945543817338487,0.178046456375432,0.131578538387063,0.0344072520927713
0.377479822786389,0.151003074255808,0,0.133730224411698,0.337786878546105,0.15794931846347,0.0939417637313943,0.109560643118393,0.0246871707424579
0.377154887843489,0.195004455999329,0,0.196775107312275,0.231065548844908,0.128646913756117,0.200946577461761,0.156461004244221,0.0147202990475715
0.432853264229472,0.105032915051903,0,0.219593335742977,0.242520484975648,0.167059036003244,0.106575199561215,0.137559013170848,0.0248489836141189
0.422645771581846,0.14895979374465,0,0.200347574860015,0.22804685981349,0.185924288429121,0.161595217754526,0.117880880143679,0.0337755665310069
0.39694168658966,0.140026705624495,0,0.188772086321953,0.274259521463893,0.00576097756378584,0.164424574256295,0.130102718709496,0.0231302782724307
0.378850388871873,0.111951652828959,0,0.185837956115022,0.323360002184146,0.075049712344591,0.139062405131022,0.12669140943941,0.0266916314488558
0.480667789186456,0.0901889911795755,0,0.205601685210972,0.223541534422997,0.0868744772342805,0.171260465842361,0.107143544700496,0.0398729455074387
0.423359992182793,0.183868769703171,0,0.125681474554432,0.267089763559604,0.0665555636354902,0.216873916878908,0.114498581283355,0.00730795683641904
0.433419480986864,0.0855280372734921,0,0.186282572029304,0.294769909710339,0.129671612760847,0.139988066648192,0.0586407852942713,0
0.502423727731336,0.0884678531085483,0,0.215024690246124,0.194083728913992,0.133611962710593,0.29454395074213,0.0925526939018669,0.0329963232669491
0.453194233843926,0.179863735084778,0,0.135777886730194,0.231164144341102,0.0687666543255824,0.135130431937997,0.197935775839967,0.00334146721536801
0.400591813717711,0.0857951523653115,0,0.216665342669764,0.296947691247213,0.105409452937162,0.143549499482827,0.116276260750048,0.0138951632724294
0.423683863014968,0.120687869174842,0,0.18289213748645,0.27273613032374,0.201455703478613,0.177233732589187,0.128963434402511,0.0737151192285003
0.48931166915197,0.103323076748668,0,0.182940190607494,0.224425063491868,0.0301722363881642,0.17327102436291,0.0852318212961563,0.0307511528360378
0.408910508806162,0.119343633663243,0,0.218822660025138,0.252923197505456,0.132546079657373,0.153936894776194,0.121985476184639,0.0211449205835533
0.42864979792192,0.14647520356981,0,0.175803067854685,0.249071930653586,0.139289794175021,0.153595437263908,0.106263812731031,0.0307843661351837
0.399227637701351,0.194200382401796,0,0.191053981914555,0.215517997982298,0.103023032039373,0.189212141716231,0.109159325917195,0
0.410450540845953,0.17306683751488,0,0.176266622168053,0.240215999471115,0.164416483878899,0.200122600388594,0.155291988194934,0.0556316395858147
0.457465691716602,0.117469833403589,0,0.191977274159286,0.233087200720523,0.013221294527873,0.152060976410577,0.091329294847461,0.0674714325633672
0.480577310473747,0.117916299327934,0,0.136704230253001,0.264802159945318,0.0456385256028656,0.158645349737037,0.20802192641691,0.0232774720254003
0.472420870373821,0.0900573032473919,0,0.167318127516361,0.270203698862426,0.0894354168451569,0.170912057944822,0.134292558021462,0.012638779654797
0.317371701159294,0.188593390030281,0,0.229106094799783,0.264928814010643,0.124530021155891,0.191998998825993,0.152206094280343,0.0159744846334193
0.521083133404649,0.140464389063998,0,0.139899495070455,0.198552982460899,0.16424038772625,0.13483681447155,0.104935095626996,0.0145731262639357
0.485350272982352,0.167947475766372,0,0.132805531994267,0.213896719257009,0.126221229840479,0.117245214801531,0.102433223859293,0.0133727108139814
0.465255278915382,0.149482434379807,0,0.170215907099415,0.215046379605396,0.101944440778671,0.175588721454045,0.143971649814421,0.0199284028413313
0.46875488363539,0.135755063890381,0,0.12767986524094,0.267810187233288,0.00430708980364883,0.148965419147436,0.175040338649384,0.0404638775785431
0.297179256127945,0.154417625349306,0,0.200363159154412,0.348039959368337,0.160670512511971,0.141425752610997,0.254089677849572,0.011402279161576
0.410075983450755,0.172600132468587,0,0.182474379185991,0.234849504894667,0.134096359323093,0.15121792739699,0.168546244881284,0.0247080585706236
0.431716061662095,0.177980516013055,0,0.175762040316431,0.21454138200842,0.0927968071268445,0.123708276388936,0.123269534625517,0.0406249117982803
0.389842555766997,0.188023440421314,0,0.183843187197382,0.238290816614306,0.175202775005549,0.169873287637357,0.179243176194681,0.0161835387632893
0.44380852326847,0.141081682139109,0,0.186759877711716,0.228349916880704,0.0618990742169872,0.128390385987786,0.145519417402305,0.0288049778059534
0.418131760597217,0.139761116633833,0,0.241302245189628,0.200804877579322,0.169946897878746,0.231466705060481,0.11579930684799,0.024228448075512
0.414496590494012,0.163980816725755,0,0.191622829608799,0.229899763171434,0.0826570659939337,0.121213726152041,0.0921418666937768,0.0559279995168039
0.439690087693648,0.110900626128945,0,0.164626694982413,0.284782591194993,0.107491879221622,0.11977881016464,0.0957225319414121,0.0315394697059176
0.456529543640616,0.0905418879691957,0,0.138117215260093,0.314811353130096,0.103054307170225,0.145580283324036,0.103116610970967,0.00477132514382712
0.393491811420702,0.170576859312937,0,0.170874786573793,0.265056542692568,0.171427149317777,0.159087548818388,0.144082408774568,0.0239665251395069
0.443900252293319,0.123355643094999,0,0.195345889568989,0.237398215042693,0.170787669702559,0.191092802091779,0.107882210291841,0.0412915033179593
0.39077742485464,0.165868645711138,0,0.157024648943617,0.286329280490605,0.0640427603185795,0.244400917697802,0.122532803560352,0.0297694727415981
0.499673452699544,0.101898768544922,0,0.187406395112479,0.211021383643054,0.1089622648049,0.146354410910378,0.0996989609348464,0.0238585006704919
0.42512161791333,0.148752411378252,0,0.193097091844165,0.233028878864253,0.168159479289359,0.190987260634692,0.157236655530057,0.013997016227361
0.427586951816299,0.103679373710044,0,0.117671289383933,0.351062385089725,0.0588116603316201,0.160441906399394,0.172025051340978,0.0468722957725391
0.439819915287317,0.132398114652281,0,0.13730849644156,0.290473473618843,0.0372129547993615,0.158780615020814,0.0514513953154263,0.0122268058301689
0.412162171655214,0.11695533425106,0,0.224558180612775,0.24632431348095,0.0898203301710749,0.142466550151416,0.117058115164873,0.0277549251142989
0.447919915012887,0.141057293278379,0,0.142361726163653,0.26866106554508,0.193012802490626,0.158053964778788,0.165012264061677,0.0626485103003753
0.364434904607236,0.191044985311735,0,0.1749763495232,0.269543760557829,0.135107906997793,0.183125197152308,0.137682741098549,0.027104867841508
0.440954995340644,0.138624041269945,0,0.15034673152829,0.270074231861121,0.0658398871239469,0.141977746879729,0.098880878465335,0.0080628989450915
0.409248575269568,0.199159264324406,0,0.164375127149239,0.227217033256788,0.152212755973892,0.163996055375638,0.0840995697882134,0.0152531947400278
0.298069280511963,0.218027818006616,0,0.203937911432576,0.279964990048845,0.0893271364710647,0.167522724310548,0.125219160152817,0.0293780061795446
0.43659297823857,0.102088905503744,0,0.191917434970634,0.269400681287051,0.0471050852714386,0.143734956116691,0.127932685470243,0.0240112484000693
0.412570065293828,0.109199041407827,0,0.19579300725984,0.282437886038505,0.0663452897895755,0.0864446921410082,0.0867010287105967,0.0622581718881848
0.462698702477948,0.106085600360328,0,0.170122312233602,0.261093384928122,0.12908221030494,0.167661767655851,0.0851483634947042,0.0216968826542265
0.408664106070045,0.183189456050849,0,0.177287587257939,0.230858850621167,0.120310135409603,0.239192685769919,0.195862557688931,0.0142721842590449
0.462054029694018,0.179198378171983,0,0.14806445638441,0.210683135749589,0.0720491054774934,0.127720399640171,0.11376562813257,0.0501177972203472
0.39685091851451,0.144721862099886,0,0.178279448982096,0.280147770403508,0.100233120488623,0.138491985771162,0.138503898928938,0.0427027467941053
0.399183306365127,0.119833563213336,0,0.154579911530389,0.326403218891149,0.0401617691300565,0.13202011462533,0.0813134453925082,0.0423081979351155
0.443735962575972,0.104239490041684,0,0.168998925082291,0.283025622300053,0.0968591657781732,0.181246953674723,0.10232843606264,0.023268307172439
0.361896910626738,0.114447005429487,0,0.209534447234858,0.314121636708917,0.0969757037121041,0.123502047701718,0.123825369030774,0.015655907582825
0.407531818260127,0.167640043366333,0,0.204767634621626,0.220060503751914,0.0654770725291546,0.120282646082602,0.0950239382603118,0.0208266920099838
0.365143588033817,0.143920114202327,0,0.234955713307138,0.255980584456718,0.142391332555898,0.163406920410702,0.12479511808886,0.0319518386110572
0.438152936427908,0.132529017235196,0,0.191823785123114,0.237494261213781,0.189228702139202,0.114293050832675,0.119510951753144,0.0152094259984958
0.420082187818506,0.0963692002075651,0,0.191212894919383,0.292335717054546,0.0353187184564448,0.153364274220297,0.147115684388965,0.00515106781854212
0.414069167211037,0.138728903196304,0,0.179914277804892,0.267287651787767,0.109055512848234,0.103549547712597,0.135455902637037,0.00874622278527023
0.503971949106825,0.111070713518143,0,0.142799298095332,0.2421580392797,0.202329677363338,0.150406637249,0.158713642574729,0.0312420153378363
0.427342312654603,0.12171368419003,0,0.149198126226611,0.301745876928757,0.0964721677113071,0.146285752719205,0.0765317839107949,0.0200816988935008
0.455916133886513,0.117863372356815,0,0.16511126557724,0.261109228179432,0.0787322045161229,0.103168966815064,0.11294848850681,0.0272916462211944
0.47091534889946,0.139466186390574,0,0.148995753153246,0.240622711556721,0.0579198078394078,0.203960685030277,0.174249554678456,0.0221680394909455
0.463092968465468,0.175676236870951,0,0.0865892541186108,0.27464154054497,0.0581021120385796,0.195497976387728,0.0557479964930713,0.0212300554862329
0.430537818387706,0.123171464688587,0,0.144144098113715,0.302146618809992,0.117769622400841,0.177828346577506,0.11844533900618,0.0202781565164875
0.425684138536584,0.145117497732448,0,0.20235867530352,0.226839688427448,0.096202155778833,0.135399918797563,0.162258015971121,0.0445894683929244
0.489301916050704,0.149739970365091,0,0.147704701139005,0.2132534124452,0.0273618882209352,0.137183258184806,0.103770841730191,0.0384879231604977
0.50162284143146,0.0972324092446038,0,0.131871406354664,0.269273342969272,0.00598585035203819,0.110009442292463,0.0969175800012631,0.0452912328386077
0.407517036518514,0.172826363199161,0,0.228439293472139,0.191217306810186,0.108876465829246,0.12076862830168,0.0737440680240341,0.0342771488998721
0.405581224775091,0.109638665748289,0,0.179130826346493,0.305649283130127,0.0886485254106837,0.082916610875889,0.0717332132982149,0.0183154161119737
0.453198183568381,0.132406320562059,0,0.198942306688727,0.215453189180832,0.0508638190268645,0.174934350605292,0.158172052164134,0.0307075243129314
0.390672487797717,0.163814493835755,0,0.205665146053994,0.239847872312534,0.0909203448041284,0.0864859654437425,0.101723420588761,0.027969407924803
0.40685416343053,0.132070249773233,0,0.156732090695929,0.304343496100308,0,0.099399185288604,0.158379158283799,0.0315171613286003
0.345657460344895,0.158133479825433,0,0.175378992789577,0.320830067040094,0.0734559760561221,0.153978891328068,0.142330999540864,0
0.42296839492255,0.147317362586705,0,0.155645920483771,0.274068322006974,0.0682117709340424,0.257059753382133,0.122775641523403,0.0140542673726222
0.53249818893704,0.126652948974615,0,0.173230929736216,0.167617932352129,0.135617786709387,0.12924479098545,0.096183475235372,0.0262792893683498
0.453521497781234,0.134025522373429,0,0.181267196228784,0.231185783616553,0.149444483802066,0.149502463633329,0.172260853255315,0.0419679173356962
0.409910726708454,0.125228932604996,0,0.21900617579276,0.24585416489379,0.00412448225405907,0.193849885535813,0.0796527937785756,0.0222414637810115
0.375857299081494,0.215275376771178,0,0.205299809599161,0.203567514548167,0.0925955684098293,0.15587541744341,0.0624057606850707,0.0304802420737857
0.495965241759929,0.106584907740576,0,0.186907015327746,0.210542835171749,0.131736059118152,0.118539138830231,0.154265961963384,0.0142308485066328
0.479823493763639,0.152684947590798,0,0.124199339240403,0.243292219405161,0.119761117353751,0.247599256194097,0.125455253166245,0.0527966573404147
0.474739244558372,0.131149449936752,0,0.142032229863637,0.252079075641238,0.0376287822749696,0.0579061382526774,0.139347954016445,0.0200293895172966
0.444860213669321,0.18978200277239,0,0.114765738235714,0.250592045322575,0.181925303783887,0.123059420140831,0.126170758520332,0.0130605658771056
0.40668850053443,0.158785697674318,0,0.182662723262951,0.2518630785283,0.197036104545045,0.168980462430979,0.194936396732417,0.0395712521110366
0.45356246597581,0.0945455160463502,0,0.233633495917639,0.218258522060201,0.118882166500555,0.155088759158162,0.11618995977036,0.0524358107335716
0.430729304498698,0.134503453285541,0,0.212734168992068,0.222033073223693,0.162477351707805,0.102213803692438,0.150329358180189,0.0207241434333657
0.415049495749777,0.168206321548238,0,0.127936035201569,0.288808147500416,0.108766900099865,0.151369490457658,0.108830595064231,0.0566738312660415
0.502969947367998,0.179093884478078,0,0.135239629038752,0.182696539115173,0.137123067799685,0.174082627205243,0.162966596940359,0.0295588873703574
0.446727700248168,0.113178037949511,0,0.158596387220393,0.281497874581928,0.114802452159623,0.190209589818973,0.165507449025946,0.0173738158673898
0.47391129137238,0.106654874623626,0,0.171493547034792,0.247940286969202,0.0526438150872922,0.210179036193179,0.0931823835301487,0
0.385455207684326,0.15375880507072,0,0.131409603554305,0.329376383690649,0.0858006040971965,0.123544221964008,0.161447477870347,0.0622800787895835
0.379094868040985,0.115901097891166,0,0.241489035393223,0.263514998674626,0.0761833177521518,0.242389684281106,0.0611057070853418,0.0306087836994807
0.453762224545474,0.143080131491013,0,0.113624425342961,0.289533218620552,0.208964820751468,0.210308824155729,0.113474108989701,0.019113169233265
0.4930769881383,0.11124947727513,0,0.192050275380039,0.20362325920653,0.106922248004736,0.0950928323784541,0.129391023242158,0.0250401989627548
0.479405937005715,0.0872905758863302,0,0.172839259558466,0.260464227549489,0.12235054108356,0.242746587221541,0.0488952018621872,0.0141669255889909
0.430445074723983,0.13171636648022,0,0.206452395853202,0.231386162942594,0.107674702303973,0.25550277209407,0.0855072761941955,0.0307322543004611
0.417100808947684,0.134869327416613,0,0.152971806242836,0.295058057392867,0.0987210074496814,0.147811644802275,0.11884886370834,0.0238193290800781
0.442017162790007,0.124539865497025,0,0.192275392874277,0.241167578838691,0.0461882801716745,0.146126685222145,0.246308479848963,0.0309424974715345
0.417614981302558,0.142919451805978,0,0.217812376647117,0.221653190244348,0.174159582438855,0.140110053203323,0.129043327922466,0.0326576389266256
0.429723849610645,0.156552703669755,0,0.208632493985321,0.20509095273428,0.27805137115268,0.132027838459404,0.0944313418327209,0.0543697048558861
0.478742156170085,0.106033757624462,0,0.148383549565667,0.266840536639786,0.0103583853704004,0.144710019470355,0.0938869638600235,0.0315086740622834
0.45183096421896,0.120574361702752,0,0.194766713902294,0.232827960175994,0.153061588466852,0.109463580288538,0.143437864819097,0.019433342324134
0.456846756227023,0.170029063776418,0,0.142739584521082,0.230384595475478,0.143271395008774,0.156191317236763,0.102339106206018,0.0185562302157185
0.451284181471723,0.125883704794291,0,0.185307796403372,0.237524317330615,0.0391370423638343,0.160631974039378,0.12863621765493,0.0231243606852097
0.467168424231806,0.100036965183588,0,0.198865556389758,0.233929054194848,0,0.134850300322902,0.0838981497674909,0.0120104675336942
0.375919818735979,0.21823767593491,0,0.0871954180405134,0.318647087288598,0.135167225662944,0.161611511713191,0.130525429333774,0.0161416480467305
0.428108129396314,0.116115620622138,0,0.126870348584767,0.328905901396781,0.0608182014610436,0.168639098790921,0.0420358897446361,0.0270275224883164
0.42413052676687,0.113158335777184,0,0.205847129933091,0.256864007522854,0.142399800351856,0.190054929243911,0.0711407620361629,0.045718523728235
0.396512577789711,0.147107371244977,0,0.163531431158102,0.292848619807209,0,0.224401209087812,0.186192108214678,0.0168859089230085
0.406938507982505,0.167360785886958,0,0.179939501072392,0.245761205058145,0.14289044419722,0.180520126899825,0.0710629932202574,0.0312897220382199
0.387470304943754,0.141294351138029,0,0.250633928817789,0.220601415100428,0.195606541140872,0.0982595821808745,0.18123085131169,0.0664633013410428
0.464191300764848,0.0561342096822094,0,0.16088406577219,0.318790423780753,0.0758385722035843,0.203450250259741,0.0460612888002039,0.0186803888854771
0.488621516643315,0.122510649281396,0,0.199084657735762,0.189783176339527,0.156380296298936,0.222438001714966,0.167617588376337,0.0290261093826191
0.427296495088752,0.137904857678096,0,0.181192952396467,0.253605694836685,0.111722867257595,0.148813790979331,0.100231519578622,0.0336194638894974
0.395492163248687,0.182410170946913,0,0.16043737731426,0.261660288490139,0.0648190367227285,0.118699383479325,0.0897397339557144,0.0416617321236705
0.458706712061825,0.106365642585075,0,0.173497993989204,0.261429651363895,0.0979512108830956,0.219474701667244,0.0941840045430122,0.0273314858157718
0.507250886263271,0.14242950758644,0,0.176479836565252,0.173839769585037,0.0653781705901615,0.174307197957187,0.116539234135734,0.033588813232086
0.45527027367364,0.108678968608085,0,0.218893554219473,0.217157203498802,0.0829359942892888,0.143716027596094,0.131672254128452,0.027520657556482
0.41355737430719,0.115949932854602,0,0.226340206822911,0.244152486015296,0.223164971346595,0.144675392077565,0.02387693952307,0.0316411884212065
0.44124429614611,0.115455273187544,0,0.176069404748501,0.267231025917845,0.121768504407157,0.160329265877993,0.113997132285961,0.0209041273795796
0.424927652617311,0.190019533300863,0,0.160593546862256,0.22445926721957,0.153077546729217,0.141864590513072,0.110622003908274,0.0411238782507183
0.445433013198101,0.0704186759885599,0,0.218557066025677,0.265591244787662,0.139225642862585,0.144646836564598,0.040005778396711,0.0148089349625799
0.349212571475907,0.187573760782423,0,0.1544304801952,0.30878318754647,0.206019698809651,0.180433781756782,0.176449049486396,0.0521080285495797
0.40901336459474,0.130781565510148,0,0.170855229641104,0.289349840254008,0.171612397222139,0.11237796594272,0.132850129372983,0.00477345623782777
0.42544723971204,0.108253245204874,0,0.191619570336192,0.274679944746894,0.0354131314856801,0.190317557977398,0.11742866657435,0.0695328791141037
0.540123003361637,0.0742137960857303,0,0.176226340509985,0.209436860042648,0.0657213008849916,0.19062830052858,0.102249791962366,0.0287490912343123
0.483600168374941,0.114997641333124,0,0.2128490781107,0.188553112181235,0.0641823535315165,0.177632995474637,0.106510081903342,0.0147980570019705
0.490067252558974,0.148549577461669,0,0.0945861527363099,0.266797017243047,0,0.226376958361033,0.111511780548485,0.0073570625663148
0.48873555828591,0.0951643559190001,0,0.184776184820868,0.231323900974222,0.145350356938463,0.115259048839505,0.1484788323039,0.016487398753324
0.500051685637197,0.0896102914997161,0,0.160164100373645,0.250173922489442,0.128333433238324,0.124664396979652,0.111277423654706,0
0.40806122891634,0.0861610937712761,0,0.195010715939672,0.310766961372711,0.100885778274348,0.143674890381806,0.146314640623416,0.00376341664852476
0.453219034813948,0.135922238042739,0,0.14155733252663,0.269301394616684,0.0522111198218885,0.185626581381195,0.212376762109852,0.0253014309401725
0.441162311597416,0.0860583993452423,0,0.188703278068298,0.284076010989044,0.209089057561826,0.189749076344614,0.126418900943153,0.0470920133187937
0.426578985275556,0.101107787430666,0,0.210272944024727,0.26204028326905,0.103874068881914,0.152240187317666,0.0941748687982571,0.0169888610542416
0.406489967485562,0.146771666869528,0,0.19385532964534,0.252883035999571,0.129146184708202,0.117312381692475,0.110629953767391,0.00952140650608382
0.389321607609855,0.162939870738313,0,0.197286793066626,0.250451728585206,0.143129962608913,0.144548110725148,0.0683589864464595,0.0250250784101619
0.484801627222959,0.121451871247203,0,0.17462526282232,0.219121238707518,0.0649177690374835,0.18499043912295,0.0799931699408059,0.0469752060571602
0.443991167129115,0.131308620481076,0,0.201889836618916,0.222810375770894,0.00772614857064212,0.240181853259096,0.109743712421036,0.0212056306349936
0.4584021272325,0.144712502300315,0,0.152288865907063,0.244596504560122,0.100293800465289,0.128749948087927,0.10810543647932,0.047645996684813
0.459934580157994,0.0749807526663418,0,0.155386464429166,0.309698202746498,0.0306641325370825,0.130067193527417,0.0584333499973871,0.00840496956002013
0.423698051036865,0.0790455011332822,0,0.244285555469277,0.252970892360576,0.137686202040089,0.0905371865931245,0.0879810932978725,0.0130684424134831
0.457998546316317,0.124658899948064,0,0.19701490426934,0.220327649466279,0.188904371514323,0.199597494299595,0.176960023422423,0.0323344172284574
0.466437678135292,0.0965830886198081,0,0.127099276271962,0.309879956972937,0.0784259168293745,0.130942734046373,0.0886107900434693,0.0415016598201912
0.44378647580984,0.14687447884916,0,0.214254966717968,0.195084078623031,0.13626116957276,0.194570512240485,0.120286780187804,0.0313564968004646
0.377536660131487,0.229257724509899,0,0.0917683246624972,0.301437290696116,0.179787297090502,0.159095556370453,0.117906576755099,0.0160671007476453
0.564385178476005,0.123254892825295,0,0.127742265514078,0.184617663184622,0,0.225257367199038,0.193344907062793,0.02452764611915
0.473633908892386,0.105621056437732,0,0.196223765113243,0.22452126955664,0.159044196001814,0.136373375622972,0.141650810538925,0.0430129225388814
0.521633894757663,0.157428466380872,0,0.0682855885651562,0.252652050296309,0.0306176972262013,0.215964832210914,0.135643440319127,0.0171071788535855
0.433570397697416,0.169835654022292,0,0.213423086200871,0.183170862079421,0.162150231951354,0.240356151313227,0.0941059686407512,0.0317246065184627
0.461121224315049,0.18262469488413,0,0.136074943270607,0.220179137530214,0.150099982391535,0.16413170353802,0.169168941638189,0.00408361158432538
0.459946437138067,0.0960190619372474,0,0.183738572617291,0.260295928307395,0.128308344536896,0.101695474663267,0.0895057407772115,0.0659695863799416
0.463044892541853,0.186088975167574,0,0.182905908703637,0.167960223586936,0.0621137019751525,0.132952399655791,0.147904957061863,0.0225170979321272
0.492113323945891,0.215508604604029,0,0.156690912329854,0.135687159120226,0.0814944461898912,0.220091231569524,0.266783620943044,0.02975330205111
0.421708923214447,0.108374163467245,0,0.155816450405682,0.314100462912627,0.162323823978583,0.222824673182397,0.108923828793956,0
0.417866770474216,0.166150623474823,0,0.19735940572757,0.218623200323392,0.175172211541064,0.196799765648759,0.137441416040079,0.00951399620285224
0.391758081704992,0.0905260201584407,0,0.201197511936895,0.316518386199672,0.0743437876446917,0.183425944243403,0.114234734822356,0.0226570220612812
0.370407533149306,0.175477757825747,0,0.220962860497841,0.233151848527105,0.175278800327989,0.156652501069049,0.168497889193191,0.0410609756868626
0.328307885367946,0.197281316567731,0,0.190374633501847,0.284036164562475,0.00790319091606492,0.151646912527633,0.109678268451203,0.0329417762696814
0.428435413793406,0.167500560300356,0,0.190057943360442,0.214006082545797,0.0803467902006645,0.195031011043454,0.0804003879427311,0.0892334883372832
0.466402711735066,0.0957883922483012,0,0.103103585431918,0.334705310584715,0,0.0979650409809791,0.0732553485761553,0.0124161580365315
0.47304386503962,0.121741259821405,0,0.136818594311546,0.268396280827428,0.127746770470325,0.138088629640181,0.100590700192538,0.0343430965976538
0.432984014603175,0.136750266024107,0,0.176377634053983,0.253888085318736,0.147088675390745,0.0968792734542102,0.103334708263688,0.0164086639992625
0.398239549929005,0.0864309544407882,0,0.225416193726843,0.289913301903364,0.0447503974285818,0.0978075370389805,0.115311905102206,0.0244927384154933
0.487700907470649,0.111180500731698,0,0.167773099958853,0.2333454918388,0.168506025340955,0.243721843835877,0.147241000645555,0.0214858280996554
0.448402760374861,0.137887338673667,0,0.15637915393588,0.257330747015592,0.0707068351491111,0.146939142386194,0.0697814092259349,0.0568651737308989
0.441363713935897,0.131787566169322,0,0.185914486375513,0.240934233519268,0.141735897356855,0.179905694305364,0.165620049546437,0.0488520549605939
0.457295565640126,0.155451879127389,0,0.183785179566136,0.203467375666349,0.078731578197055,0.165811015616472,0.172464281580003,0.0263940261337204
0.432237453379188,0.104714113245831,0,0.201708713472296,0.261339719902685,0.133668530498015,0.11566664565569,0.0660596176579373,0.0204084701583325
0.429115340228123,0.124902396767052,0,0.186865627889705,0.25911663511512,0.207988476359411,0.131929764405336,0.148386955598634,0.032188333084745
0.471128432612994,0.115580022523392,0,0.160531735983995,0.252759808879619,0.095847028958933,0.158466819551232,0.0721792205946263,0.0531771685959273
0.463769010770874,0.111260441999626,0,0.140046562877194,0.284923984352306,0.200778702064019,0.21801336937469,0.0883907821156623,0.0228497207827469
0.455747048053785,0.159032350627377,0,0.191168348897933,0.194052252420906,0.139422097756378,0.146843474064121,0.109003888521601,0.0194228401834633
0.455427247459307,0.204931211996531,0,0.14275257282979,0.196888967714373,0.0858143160790473,0.148399811056203,0.0906319034709293,0.0448346460484362
0.480164130014827,0.075766880771194,0,0.230162528945614,0.213906460268365,0.091582865875561,0.177759438300542,0.0882772519867,0.0564149596654535
0.498714217178667,0.0974141548643724,0,0.105507758499612,0.298363869457348,0.0446522585687919,0.133587449546571,0.184743909773137,0.053953191635504
0.390564020332666,0.115990591379014,0,0.184996131155294,0.308449257133026,0.0941444495887841,0.101572232459818,0.165381993247594,0.00562000810732872
0.546772478190825,0.162039383035751,0,0.119134775929308,0.172053362844116,0.147302989281374,0.153678428038832,0.163027826826109,0.0355002121416119
0.419736583026494,0.136630680023629,0,0.189422090949903,0.254210645999974,0.217120712915263,0.0835241575901396,0.215277133721042,0.0440770392448808
0.414352279904925,0.10340756512512,0,0.203071519226625,0.27916863574333,0.137502698088589,0.193025367842345,0.0911345586390833,0.0301332476333107
0.362296041398152,0.170909303113283,0,0.156790066682507,0.310004588806058,0.154576996304756,0.182861182048235,0.162285318818429,0.0234036835698129
0.464637339098652,0.122904650967311,0,0.193453340375035,0.219004669559002,0.0452459754485392,0.157794371449007,0.0983112169051508,0.0391000347040507
0.433609706870609,0.192668268805589,0,0.175410455794605,0.198311568529197,0.13567983708927,0.10690695098393,0.172353709282477,0.0195123820427373
0.414005771915162,0.165645224810678,0,0.185464988978372,0.234884014295789,0.0981607273088136,0.178507772384389,0.133689651721387,0.0170584211881738
0.364608229924868,0.188095616847775,0,0.178478779272878,0.268817373954478,0.0903575169956099,0.182461470677907,0.156189434870528,0.0146528081566984
0.344501311741935,0.200487944598146,0,0.204304447090434,0.250706296569485,0.196352946969278,0.171557302462257,0.152939696697946,0.0108650077677824
0.420284853524821,0.109280998918903,0,0.140722046979101,0.329712100577174,0.137488376610433,0.0955549626955574,0.141788866962651,0.0151029899150944
0.417744334238492,0.116955326045383,0,0.152242335261724,0.3130580044544,0.0854664828953703,0.117339453780973,0.121864933007583,0.0176394361143478
0.437072503106682,0.16257511098535,0,0.151995098485782,0.248357287422186,0.109291989790718,0.140572867825248,0.134238030623254,0.0144078188852605
0.514535621500594,0.111569674948655,0,0.128923421929488,0.244971281621262,0.128821884513749,0.126739996980845,0.0977524828226188,0.0264475476083973
0.453232483408355,0.181905107468423,0,0.116082424237023,0.248779984886199,0.0984941146167988,0.124468297327911,0.116388572809295,0.0157393625840864
0.487499413889918,0.114233987432695,0,0.198921749331675,0.199344849345711,0.207471846410746,0.122956980702667,0.164326110509079,0.0542104366957498
0.462740709286288,0.171729392615805,0,0.221238629170709,0.144291268927198,0.0995105283030268,0.154447998211872,0.107128805976358,0.0268146530351672
0.459831927090294,0.1437949799807,0,0.171367684211687,0.225005408717319,0.113825238097452,0.216897725470098,0.113318651932284,0
0.405130524316522,0.158451624101068,0,0.15766836419235,0.27874948739006,0.0226952577887659,0.12328335665106,0.0714472214498229,0.0124020981547865
0.472676664917771,0.107332357370581,0,0.160130820776515,0.259860156935133,0.195040666640834,0.180834286027846,0.103049753529046,0.0290955779496828
0.447396504514462,0.129237698173167,0,0.187416710701011,0.235949086611361,0.147498220426514,0.20795762319147,0.135482264835858,0.0237211991328519
0.4627099831604,0.0990708067341776,0,0.170453503077692,0.26776570702773,0.0893096433410715,0.147837931526252,0.0880160974169708,0.0493693879826905
0.400076842744084,0.159191082288941,0,0.156391932973752,0.284340141993223,0.0727469365214094,0.156435626158232,0.127244522059146,0.030388865773122
0.406093764814862,0.15330609663468,0,0.210861144193562,0.229738994356896,0.0744121559977483,0.111005032042206,0.104627322635684,0.0327571001208787
0.565608164104222,0.0822943829569153,0,0.157172117859461,0.194925335079402,0.0582392961030894,0.18926794748772,0.133634473902524,0.0448427248786603
0.436978113830254,0.150859215659601,0,0.142055507983236,0.270107162526909,0.126443309822982,0.166420828336417,0.140060455738321,0.00897346451513248
0.374805532055273,0.14305434689462,0,0.222346305383611,0.259793815666496,0.0794427874517743,0.119007953453677,0.0905012917715653,0.0473850983766066
0.435569066970795,0.149360740063499,0,0.162763312590628,0.252306880375077,0.169129867815079,0.174390127798691,0.142039560913716,0.0203022495907902
0.440790032870012,0.106432912478797,0,0.197994650774006,0.254782403877184,0.0620525636668163,0.136274379665992,0.0767005804992108,0.0535411673848383
0.39029239000435,0.153542999214716,0,0.18686477267025,0.269299838110684,0.13015395187244,0.136409512352098,0.101754866144218,0.0275956646803238
0.394514607662342,0.205450824835283,0,0.155825762427225,0.24420880507515,0.16351803329793,0.191509149963438,0.128770239855416,0.0124054862519746
0.428643026268673,0.138387034794751,0,0.142188255844084,0.290781683092492,0.0817869518008266,0.158430639151165,0.102961403321743,0.0185795974558843
0.389554396031696,0.189433284547081,0,0.172719888903422,0.248292430517801,0.201634763689221,0.199089833579953,0.126031774997747,0.0397987063692386
0.456191932709125,0.114066795511249,0,0.215488210116315,0.214253061663311,0.168056716560482,0.135116881938766,0.0984559576902949,0.0233740909402189
0.380319038154436,0.169004823753135,0,0.159369958240787,0.291306179851643,0.221707363411062,0.19008359080706,0.0816204566163809,0.0282868323310915
0.397648437334435,0.118761512309317,0,0.205986189683936,0.277603860672311,0.197456494624312,0.130939470648075,0.132080232599793,0.0262306893445804
0.434295214438698,0.105498947932192,0,0.202851780423336,0.257354057205774,0.126571346290294,0.18337001054106,0.054345428753796,0.019117105419995
0.478652623031735,0.0979415841911,0,0.160769127650841,0.262636665126324,0,0.161325777908319,0.111201232362139,0.0221300330740959
0.452271858925701,0.119130160302474,0,0.198611041935371,0.229986938836454,0.248735899516811,0.177213321387414,0.126474745542899,0.0497034495155385
0.391870084499807,0.134378271596472,0,0.122924969850585,0.350826674053136,0.0574377237270288,0.11454229615172,0.0731736019677934,0
0.438034604488265,0.10282170198676,0,0.208518378133592,0.250625315391383,0.0591997491441415,0.192568431164334,0.0747401902922432,0.0498271303148136
0.339764355959074,0.168253823833445,0,0.247848380788414,0.244133439419067,0.179731095609535,0.192646222245975,0.0856353063683793,0.0428861294868211
0.444085984283721,0.149884479612243,0,0.161895649692399,0.244133886411637,0.221180404526306,0.186194134070795,0.153833419651938,0.00719056146900781
0.416889777494204,0.118728150720863,0,0.240019300547681,0.224362771237252,0.132327471056196,0.167436648776184,0.102328594369311,0.0387877236920656
0.40936071497001,0.0986613981487929,0,0.238710961379938,0.253266925501259,0.022875435356034,0.176535298007265,0.107069208386994,0.0374367061840736
0.537803496680698,0.123652311873588,0,0.156443900355799,0.182100291089914,0.023951801642697,0.144518464193365,0.187903885996748,0.0304745197812615
0.418512265670769,0.155167733959339,0,0.155414416379273,0.270905583990618,0.141155049084664,0.106924166130377,0.113343979542864,0.0355748465093544
0.448211126225286,0.10677348049713,0,0.197411755373124,0.24760363790446,0.0224762809885447,0.133154294989373,0.137535247277171,0.0415125056365379
0.411900823500229,0.125608022234916,0,0.174054894888089,0.288436259376766,0.0582157749139495,0.0921472341847425,0.156884542354131,0.0133164293821981
0.511737389647883,0.044320541863334,0,0.157855347308871,0.286086721179912,0.031883621594829,0.189979244190778,0.123883410609265,0.0167975746262227
0.408823798818527,0.0608180154745908,0,0.178523115681282,0.351835070025599,0.163958782119037,0.0841545118205682,0.0360014133227091,0.0429618459088748
0.416293777993221,0.117659966293216,0,0.271376953885602,0.194669301827962,0.177551140010014,0.154520797986322,0.143099295959828,0.0406693487835878
0.392703683451523,0.0890334903725496,0,0.208233995707771,0.310028830468156,0.113210544178671,0.158457421679277,0.0431299871941769,0.0545095894205179
0.385203398610028,0.138752748481494,0,0.141796981398941,0.334246871509537,0.103583408937358,0.1378908542809,0.105980650828112,0.0542945869053796
0.399525111601179,0.11782207264019,0,0.227339672357048,0.255313143401584,0.173110572673391,0.233370352615301,0.0829729986477927,0.0311028835907946
0.445172556095723,0.110211222569247,0,0.211532906485789,0.233083314849241,0.120121590964047,0.239614739029954,0.132127908397249,0.03872912519654
0.444272116627101,0.151486170391193,0,0.121434130312197,0.282807582669509,0.0890298315634032,0.119417759461264,0.0997191069114814,0.0126366034282997
0.432684807662758,0.147408019747318,0,0.150135558112445,0.269771614477479,0.0884623423098429,0.17062619032994,0.162581875521747,0.0387364706790173
0.558199671672826,0.0824536060289632,0,0.1320485087616,0.227298213536611,0.15313878568657,0.122600791494164,0.0838073788191005,0.0252935176931703
0.482261490161949,0.183952177362952,0,0.145307825998416,0.188478506476683,0.0684481860649992,0.179704192365976,0.089931138295547,0.0247411139506061
0.474218379972081,0.0957863780361512,0,0.146582916684438,0.28341232530733,0.0742831086876698,0.173611341578019,0.0949255760618355,0.010518348881497
0.425932836124392,0.113956639670815,0,0.18488244876133,0.275228075443463,0.14694636531241,0.0834701883833851,0.0848967652349994,0.0155985291895365
0.377057603991064,0.137740990241349,0,0.231570174741456,0.253631231026131,0.152000641389898,0.109836507796688,0.122410314047299,0.0134678082712005
0.432827824507985,0.170582839153637,0,0.201232388487005,0.195356947851373,0.222990854370483,0.13687802020819,0.203960615772329,0.0210452657143415
0.427758582310902,0.119927635643545,0,0.184785890753043,0.26752789129251,0.141083863533898,0.114974739912458,0.104693091106637,0.0120477490917234
0.372872600082367,0.185600147855602,0,0.201776106904014,0.239751145158017,0.225473920678443,0.221099424006392,0.1252936791857,0.0292564354883985
0.375618235826368,0.163486669732084,0,0.199206527800972,0.261688566640576,0.196523688025188,0.100585765981287,0.117511676288728,0.0166324399764331
0.513765753664642,0.128384593370302,0,0.123961385393651,0.233888267571405,0,0.126709886511107,0.130230210031507,0.0260051155702179
0.353774812556942,0.14839234620953,0,0.169182538662114,0.328650302571414,0.140872217505455,0.244714802640956,0.083664774757536,0.0296364832847528
0.357948453987981,0.169651969562774,0,0.202995892188338,0.269403684260907,0.261441958934622,0.10514808824662,0.108633285072724,0.0388013163805886
0.419625936269047,0.151913552009469,0,0.256857934614629,0.171602577106854,0.206304555948256,0.16831698130803,0.117518475768685,0.0475518822261118
0.466542590535432,0.154087808004142,0,0.117921961347446,0.26144764011298,0.0884785610072366,0.164841222663212,0.184281462052529,0.00807272049361907
0.337035510015549,0.219378698646548,0,0.228305453208581,0.215280338129322,0.161448712841774,0.263046352807029,0.216025307198313,0.0452961771753773
0.472087726382428,0.118826844521513,0,0.162956410583456,0.246129018512603,0.103438907464988,0.106111510580116,0.173350062908292,0.00470275160545462
0.450590448900081,0.157297617365442,0,0.254165004391036,0.137946929343441,0.149918546813021,0.212101086932804,0.146301919504087,0.0417673957957961
0.399096426712624,0.158249238532583,0,0.181300163982135,0.261354170772659,0.11360566908773,0.196963636847383,0.117777826171894,0.0112113032875166
0.403027165466543,0.0944514311589297,0,0.204068984248634,0.298452419125894,0.145432617367475,0.231796807762868,0.0236514697470582,0.0224704585673809
0.391563884247701,0.140388270239315,0,0.205533256642332,0.262514588870652,0.0544985005595955,0.156382869863607,0.076419309009232,0.00884640756884943
0.467812373555818,0.140884607869942,0,0.180392317058626,0.210910701515614,0.197208631072065,0.155330101794321,0.196990603813862,0.0298213969092588
0.502112921144129,0.0471399477748641,0,0.145859409764176,0.304887721316831,0.0515535001324019,0.103074169115342,0.0992520802039682,0.00636837247217378
0.490443714255769,0.112271437408565,0,0.167959093545341,0.229325754790325,0.189535208540234,0.198309968189462,0.110303918354865,0.0225789673013589
0.398627257629003,0.140914938399975,0,0.207218228749276,0.253239575221746,0.165389138944832,0.162401027143301,0.226173102237098,0.0168408476338968
0.471352866132551,0.135606788816115,0,0.175166273113929,0.217874071937405,0.166291835658334,0.282808845492398,0.124458438554627,0.0282003231615706
0.402957049011618,0.13071297611172,0,0.188457178795188,0.277872796081474,0.186066420965365,0.195629857440047,0.138809825602251,0.00530984807108316
0.522932429581544,0.109891679577479,0,0.136942522924114,0.230233367916863,0.114165867509286,0.145358004903511,0.0710715650060774,0
0.479574805990176,0.090109005171743,0,0.19021730816178,0.240098880676301,0.203605283678254,0.218058671393441,0.0605848183501387,0.0322089322613598
0.357135867363325,0.121585228162295,0,0.192022067049178,0.329256837425202,0.193230338355038,0.132916809965401,0.128597802452802,0.0515644926761555
0.427143055457724,0.167618062700503,0,0.150652647881975,0.254586233959798,0.161049592379402,0.180802139648274,0.167523203020564,0.014724974441276
0.423751244283611,0.134713621963814,0,0.190047927114898,0.251487206637677,0.0528032738335616,0.186683446340402,0.103058637383698,0.0486671224971651
0.389871263377573,0.230572727988713,0,0.153853827226153,0.22570218140756,0.0806875439551327,0.163226713260331,0.113923951273202,0.0100518756789179
0.397089639852753,0.15863706740872,0,0.204174819883741,0.240098472854786,0.0813829727435037,0.176630818907613,0.114958871480707,0.0452729522171417
0.466213881295259,0.120892165476406,0,0.158543335557513,0.254350617670822,0.0618325833999321,0.177165001770449,0.14349590089783,0.0116200816131808
0.498263219600158,0.118953578305543,0,0.0860046920609977,0.296778510033301,0.0153216696678744,0.173929130680459,0.140147704040871,0.0341584871732237
0.435336503960625,0.0705013166227877,0,0.223984016441984,0.270178162974604,0.082041633798402,0.138063914255344,0.084843536572228,0.0425348390552956
0.440813310020843,0.169523708796154,0,0.183281949800125,0.206381031382878,0.259451430175914,0.185086595612334,0.118987025718093,0.0143205146884017
0.432509636487876,0.124522319242904,0,0.218488286241691,0.224479758027528,0.0933645817172438,0.121318980634965,0.129511705907152,0.0358334055670981
0.433681347589655,0.181379712184527,0,0.135500932557706,0.249438007668111,0.1919598261513,0.0933794862410686,0.0683841789343305,0.0317688657824764
0.307807513600173,0.222171677316139,0,0.208604811957139,0.261415997126549,0.220957141972868,0.139721256970421,0.129329008524073,0.00415574478000935
0.387052531032273,0.0747645230706526,0,0.174129264746157,0.364053681150918,0.111861193780081,0.110138959725742,0.0456933023096327,0.0282264992110273
0.326430989710559,0.216273154950954,0,0.191989254062638,0.265306601275849,0.13326619388314,0.245905382923451,0.129759295947698,0.0249337333102423
0.386120169399314,0.213334497897146,0,0.192706109689009,0.207839223014532,0.170935382220658,0.18589324632511,0.139425441118458,0.0235161163668902
0.39904899189218,0.166335998533791,0,0.278095568564278,0.15651944100975,0.0462649489420177,0.188131507675579,0.087093933343428,0.041209908099722
0.393697738159555,0.125841565340363,0,0.241008256215922,0.239452440284159,0.144275655277652,0.16251378792143,0.0413383611153607,0.0491633788541592
0.461061960487154,0.141581201509845,0,0.14887013802045,0.24848669998255,0.10780424216047,0.188536946785649,0.118252426449428,0.0158607778702222
0.362668600780807,0.178850544257413,0,0.198450850946215,0.260030004015565,0.0701998767906399,0.226247311782742,0.10722856805047,0.0357656527274621
0.461747348075829,0.0897861576251385,0,0.157508329572522,0.29095816472651,0.075443128061166,0.227067040787345,0.169871039781133,0
0.380250363037865,0.136816670631443,0,0.166126833148417,0.316806133182275,0.0838522410303628,0.11675984105469,0.0832210028341019,0.010849962209177
0.483790773975415,0.124294997023524,0,0.170171428570709,0.221742800430352,0.172592178647104,0.20861222878793,0.203834766348733,0.0298805135887747
0.457393903491709,0.103570558645265,0,0.187596635825081,0.251438902037944,0.0599633290406933,0.196380577336613,0.114976830284557,0.0170553824992431
0.442218880038093,0.134800227541641,0,0.179314371362864,0.243666521057402,0.168167647856841,0.151535778176336,0.189580579460454,0.0568046853324376
0.429337408977612,0.139273094713931,0,0.180899224194609,0.250490272113849,0.142359117876214,0.207249124646365,0.146180705264278,0.0392528404323144
0.455038629411131,0.120339449289029,0,0.138634818404803,0.285987102895037,0.0911418572811715,0.169287995300391,0.0457306332686735,0.00828504044591117
0.416924939764409,0.16529312215579,0,0.177276663206569,0.240505274873232,0.134282670113954,0.147173903755472,0.11857985802173,0.0142832221663832
0.533721704082783,0.0963066043304489,0,0.128225224068113,0.241746467518655,0.0748527616091567,0.178951837770224,0.15764279579235,0.0134635531787094
0.417903831367632,0.113717791594597,0,0.207881546139631,0.26049683089814,0.115771951692585,0.105522003957862,0.163240599655799,0.0282780114316387
0.44529887600443,0.159495722606483,0,0.182962550443999,0.212242850945088,0.226477602825824,0.157798299269188,0.115260511028452,0.032422126623944
0.481662642397957,0.0794146292657254,0,0.157852239955249,0.281070488381068,0.118010716612935,0.16944837223057,0.0369916267161077,0.00467103521762695
0.41260801935015,0.124695849889253,0,0.199688121368882,0.263008009391714,0.192549634408285,0.127684698115005,0.0727699353209658,0.0210007839351906
0.386571830852928,0.187090820797566,0,0.195726361009221,0.230610987340286,0.170008030072312,0.181201984711505,0.163401798916909,0.0292243066937846
0.487455802125306,0.124464345727802,0,0.132877754504694,0.255202097642197,0.101058577350551,0.185659248287739,0.0689423058358437,0.0503216134405553
0.37489543029644,0.117199444496628,0,0.141891166617298,0.366013958589634,0.181941774883591,0.107843057635447,0.122065287229731,0.00789834829867761
0.371892226094616,0.195475153698007,0,0.211633696057624,0.220998924149753,0.0925870728833064,0.19127457690128,0.106254160673316,0.0715973479198865
0.421358278438228,0.157197068523415,0,0.192688653912161,0.228755999126195,0.172929790466,0.203313864606405,0.115607830241487,0.0589512599270571
0.413267847764537,0.0781276864309433,0,0.239937204971623,0.268667260832897,0.0793342683630519,0.0880831779030017,0.112335038373233,0.0195875963868499
0.36296132508542,0.197752773297937,0,0.17874300406378,0.260542897552863,0.102571125695897,0.180304436861844,0.192339030368376,0.0500602810015699
0.47242483962621,0.111787396634256,0,0.153359593633708,0.262428170105825,0.120266684284822,0.127969947894591,0.184197482166618,0.0366669311264643
0.390330777169377,0.0983184786308388,0,0.236020607500396,0.275330136699389,0.155667024605672,0.131581227790495,0.0793040327314062,0.024251938125117
0.515802184826957,0.0607279723088279,0,0.230177485381103,0.193292357483112,0.0825170565759698,0.15536944395026,0.141598556253062,0.0389768495435329
0.524467852608384,0.13217563370472,0,0.112529018819109,0.230827494867788,0.0640855050832726,0.182672423336077,0.15981453580215,0.00889879111640209
0.35346598464509,0.166065474693481,0,0.156124583638462,0.324343957022967,0.164291979103365,0.102450381058449,0.194249688918619,0
0.466066805752356,0.183384612059374,0,0.167147827699083,0.183400754489187,0.149994639265994,0.218012693417285,0.126011295159186,0.0270770283176331
0.474297625982875,0.171630633505655,0,0.143361610203255,0.210710130308215,0.171804550616343,0.149783835170418,0.140752437041221,0.0282350026548589
0.416555799853953,0.178144443659615,0,0.176714798932885,0.228584957553547,0.127171379193077,0.149985840823523,0.131699119849534,0.0369038635170281
0.45594648424501,0.16915922752532,0,0.147336106020184,0.227558182209485,0.130739945682292,0.177808945871846,0.179647555542483,0.0291666985312245
0.477596528763225,0.14675808427226,0,0.135470192278177,0.240175194686338,0.252547287037546,0.22407341621944,0.134043757694383,0.0112888356747832
0.392970239705873,0.105547329780366,0,0.14298016474459,0.35850226576917,0.140790081061715,0.106635701764848,0.126070787502755,0.0139143731726449
0.363825717901961,0.155974134090768,0,0.17281002981788,0.307390118189391,0.12191102702772,0.157233395827093,0.10074036398593,0.0167134416316587
0.465911295005338,0.119931347995409,0,0.167496374937616,0.246660982061637,0.152559255759328,0.122768876257889,0.084942227519367,0.0428550191853196
0.420709465748547,0.109311904078438,0,0.22807362406718,0.241905006105834,0.221383612732463,0.081925162007278,0.0754684229650479,0.0393795835414052
0.501439013845648,0.0811292401923953,0,0.162056814888485,0.255374931073471,0.150923107097215,0.156515023925336,0.0699093320964085,0.0238106389539307
0.483230938374421,0.0798187383238572,0,0.215710568030729,0.221239755270993,0.116411321000429,0.150850558799222,0.0672807060833668,0.059825971974428
0.507492652206351,0.0679205892154357,0,0.183668949766852,0.240917808811362,0.113863317408772,0.218457650914038,0.144580365717541,0.0375934669289912
0.397895183191458,0.167185377442235,0,0.18637944379161,0.248539995574697,0.190759120139034,0.0923449186562805,0.0992687074562593,0.0285111787036779
0.478167812656682,0.134523979477047,0,0.193337115293739,0.193971092572532,0.0853999195214527,0.155082036492505,0.292525951037198,0.0338541598309081
0.530636057404178,0.0939710708930285,0,0.131638897556021,0.243753974146773,0.00794506516917521,0.213721692277785,0.128581418298062,0.0359710714896581
0.42215298454193,0.164031280322225,0,0.152284109515597,0.261531625620248,0.112830854031121,0.165429493939366,0.112576655803218,0.0396715204770571
0.525701033722977,0.116240034700689,0,0.108268329171533,0.249790602404801,0.0751051795397295,0.191863391070702,0.165844015788698,0.00847656438450221
0.441735437041387,0.10498596177935,0,0.139128925720021,0.314149675459242,0.111030010024458,0.116551402019682,0.104085337608654,0.0246487587289315
0.541413971137733,0.0746665690231027,0,0.134628185790821,0.249291274048344,0.167591218861589,0.215997207912581,0.18991378747647,0.0206396202996376
0.379144188433645,0.112399585106105,0,0.184754885783299,0.323701340676951,0.0386663948301767,0.137596479491697,0.165904148078579,0.0452090067042816
0.418375370895261,0.128102464235206,0,0.179572349479619,0.273949815389915,0.192138902146422,0.214720745565812,0.120735655444715,0.00978782906234802
0.398321810373877,0.20738233153315,0,0.199805714135746,0.194490143957227,0.334095306952439,0.18597060319174,0.117836349646663,0.0481276174270355
0.385362691698838,0.107078937455954,0,0.188227156513442,0.319331214331766,0.0402363671952141,0.159229979859407,0.0546073169952562,0.0216472697301625
0.389016731500922,0.155117494518358,0,0.241629963864336,0.214235810116384,0.0877249472136777,0.0871838308603317,0.173667516791129,0.0311750243005886
0.520327420074587,0.071298549323279,0,0.132084600419089,0.276289430183045,0.046126813896426,0.080390186642795,0.155267471266973,0.014514059537403
0.532039188485026,0.0963483132478071,0,0.11232748324985,0.259285015017316,0.178496803637558,0.144012465049313,0.087644630502466,0.00538088720140787
0.428588354896412,0.123741952742664,0,0.141687543646349,0.305982148714574,0.104419313184741,0.142428130914763,0.0341975329111042,0.00961623716801993
0.412046116088592,0.157434539662554,0,0.176191397732634,0.25432794651622,0.180576830194659,0.139971544725854,0.103721168026677,0.0465553830588583
0.413291798141461,0.0682925459589142,0,0.195995655680643,0.322420000218981,0.0997687568022352,0.157247465617223,0.0953404898887102,0.0250763862294629
0.474210128341158,0.113214136090424,0,0.160541759490046,0.252033976078372,0.0116451854906746,0.159735843365226,0.11420909799116,0.0264123627791024
0.445017638000724,0.0961078032672576,0,0.200478772035417,0.258395786696602,0.108648121338609,0.146655244440993,0.127521896333228,0.0293180021219064
0.440579567275053,0.123038679184754,0,0.200138116904866,0.236243636635327,0.0647619123545805,0.129056712137786,0.156921331626259,0.0194168341060563
0.443194403369464,0.141368837633193,0,0.180236520520702,0.235200238476641,0.0447845978694292,0.128247369610137,0.129821112196052,0.0580887135101021
0.454593991046802,0.151740620877325,0,0.11116435040742,0.282501037668453,0,0.162135064472391,0.0864347557802763,0.0369074132236643
0.494146967197457,0.0942720854678734,0,0.148343332673934,0.263237614660736,0.0711456995051099,0.122855973567292,0.074921220266752,0.0104030765830651
0.478659107202068,0.0989950505696585,0,0.157404619960202,0.264941222268071,0.0332449522414059,0.160182604324197,0.0407382325572914,0.0278833882172742
0.400447162844068,0.112820241118828,0,0.168476541562344,0.31825605447476,0.175802773389599,0.188699299717479,0.0668762234054182,0.0278457242703354
0.462408650687759,0.0646603650491225,0,0.180961339439806,0.291969644823312,0.192705953946207,0.158507172730831,0.0584437906204323,0.037596672500838
0.507534877957048,0.113631720395713,0,0.140498788555166,0.238334613092072,0.124173896568892,0.210568008253046,0.144097191079817,0.0354080970483705
0.416176896766399,0.123245435065118,0,0.252629577568832,0.207948090599651,0.159878463723105,0.225547467008422,0.0741047968763075,0.0415463114191414
0.462365712564155,0.116605059527006,0,0.129767375619375,0.291261852289465,0.0490014942234228,0.163072974567795,0.132677600275713,0
0.485655805206189,0.123229484524192,0,0.145900294211469,0.24521441605815,0.0737507081329419,0.203167287909549,0.140061998219114,0.0108381111698998
0.393378235923063,0.207464944787635,0,0.188413213644452,0.21074360564485,0.16402682192953,0.202299368543102,0.146302099134706,0.0273943849333649
0.389440576478868,0.14808354658978,0,0.157583331586642,0.30489254534471,0.131909138608295,0.129176204025427,0.0601564553762543,0.0121763305314749
0.430627138786871,0.146849818763841,0,0.211021762279435,0.211501280169853,0.0962111487598128,0.174787890770229,0.156987984366672,0.0204157216908774
0.438565205346501,0.134072195373443,0,0.192545372986132,0.234817226293924,0.156364529697223,0.131549588483805,0.127278548133412,0.0477235182410537
0.414549455456261,0.165430551989614,0,0.182391978512739,0.237628014041386,0.0829581387512431,0.173618622370977,0.0531882009220005,0.0250255478956555
0.422714987253648,0.122588426680364,0,0.214636091728659,0.240060494337329,0.116062610125473,0.131710205302698,0.0881695998458347,0.0362005326322508
0.525801509052488,0.0929348926938881,0,0.153647209594324,0.2276163886593,0,0.170215357599152,0.113956162541286,0.0418727252335933
0.516324957780906,0.126788610971196,0,0.147490710591324,0.209395720656573,0.0748992828440458,0.152949603136889,0.238878847193012,0.036473619946249
0.467506557982472,0.134455231481602,0,0.162396261167658,0.235641949368268,0.0347049830158416,0.263040196783247,0.083984018087121,0.00397901107698068
0.437398862022329,0.0738502797036368,0,0.223842800353348,0.264908057920686,0.188375464654023,0.115263753979207,0.0854124040334816,0.0559878061534737
0.47756715077583,0.109194492371924,0,0.117083171353027,0.296155185499218,0.0845693550932612,0.181801119301628,0.120709711082973,0.0116437425935374
0.405425504845257,0.150369946016823,0,0.163500459629659,0.280704089508261,0.169874934925359,0.21225393986151,0.0861727611496913,0.045348248148929
0.489237909270128,0.0866572724871053,0,0.171819205505425,0.252285612737342,0.123930602049381,0.10663259819794,0.117658918965233,0.0624602492540094
0.368733934217197,0.16605576941227,0,0.227312319395753,0.23789797697478,0.121144176663322,0.165512395013882,0.0841483631426486,0.0227111985040007
0.397748190105927,0.127335405651441,0,0.182478123969361,0.292438280273272,0.110271869194911,0.092746062353729,0.111754822695013,0.0111992542252346
0.412305498528738,0.134462025497997,0,0.166616065752244,0.28661641022102,0.0253110228764331,0.128280034369286,0.0697604579174883,0.0405268891795701
0.47045858157256,0.116977121125103,0,0.166505787984442,0.246058509317895,0.0906022754697527,0.163146627830699,0.110038437120166,0.0310916654543794
0.415999448350392,0.220711201294821,0,0.154903296506693,0.208386053848093,0.212479810447406,0.183040901071811,0.172364076646876,0.0502754398906775
0.437746700768734,0.126012539894819,0,0.129488800192748,0.3067519591437,0.0769458977881989,0.205657365875486,0.0770012960981176,0.00349506481853844
0.504534720853756,0.17242368316113,0,0.125280567576834,0.197761028408281,0.22085338598792,0.204689437521569,0.117157645738325,0.0352271785536748
0.435901993452502,0.162959409222449,0,0.130102401815959,0.271036195509089,0.163725277146625,0.142798164864862,0.110089926701109,0.0103705561216775
0.387926645638706,0.100243656206039,0,0.205188879865902,0.306640818289353,0.0999742340143281,0.1310442776206,0.0658697841505072,0.0170851891986948
0.44817805431907,0.178423959012336,0,0.13418846547062,0.239209521197973,0.100043134934854,0.140655710015836,0.141065932947806,0.0191419469910884
0.368048893468142,0.151627241559064,0,0.193913728523591,0.286410136449203,0.153458068586944,0.12125013405488,0.113466073591427,0.0409395530260722
0.440094173674074,0.148697749545606,0,0.170223310066163,0.240984766714157,0.257132820771593,0.195420704676619,0.163265811897314,0.0295960532057839
0.409847323522179,0.117396179265653,0,0.206390009385759,0.266366487826409,0.137126605192588,0.172875572237888,0.114041390755644,0.0371619035915054
0.442517991800575,0.106353358909466,0,0.255691144312357,0.195437504977602,0.101238846272365,0.203036837276896,0.127337093160563,0.0177260327290745
0.391946331199239,0.156842213327835,0,0.201556910258385,0.249654545214541,0.076390439858046,0.167292397955416,0.126213598776906,0.0489664874964363
0.465167382964211,0.107179449135354,0,0.18093993525425,0.246713232646184,0.133317564496848,0.15870352555837,0.169564356451578,0.0125034387716377
0.436840604160166,0.121412894520505,0,0.208129195631184,0.233617305688144,0.182904355645571,0.126873471493754,0.023196322585578,0.0404336604111461
0.533263350439252,0.0965479874213755,0,0.151926051202973,0.218262610936399,0,0.196412057115164,0.113705765960035,0.0619051313668058
0.421892621430457,0.0930943910930949,0,0.188886514059812,0.296126473416636,0.0794669921055884,0.146726037600544,0.0936738357961799,0.0229392801842512
0.492243817183589,0.142273327745224,0,0.136030504799853,0.229452350271334,0.0884556163564533,0.18855540029489,0.137489493905263,0.0340410173721265
0.446047663806802,0.180559605942238,0,0.15763557473727,0.21575715551369,0.164029225750401,0.132749928647156,0.130134201049409,0.0205595957660041
0.470403974948732,0.132628544493016,0,0.189238647184056,0.207728833374196,0.143591901742209,0.141548277635905,0.146015182081694,0.0288641535623047
0.462045335298463,0.154839233889526,0,0.138495547423492,0.244619883388519,0.0770304733844565,0.144234574274439,0.228726512183152,0.0222401686378177
0.34077463566922,0.177373450111622,0,0.220160257198867,0.261691657020291,0.11473648121643,0.0984182280920829,0.136704055648441,0.0359851712192539
0.533545186133318,0.0956188986075512,0,0.134647241659003,0.236188673600128,0.108287467881681,0.206348860410687,0.108869983085474,0.0323748909295854
0.3792678152808,0.18350663016713,0,0.209283288096905,0.227942266455165,0.155928199778717,0.151044466995707,0.192080115962906,0.0272927335694944
0.394178417702528,0.142506914823898,0,0.18271340099327,0.280601266480304,0.195988585117261,0.158115641315302,0.0956354119429426,0.0199849499841516
0.394768603733395,0.178083242013073,0,0.175882998233854,0.251265156019678,0.249213249026086,0.119775782385403,0.132298633301612,0.019902434022141
0.413910583636518,0.144434839450503,0,0.170278559506185,0.271376017406794,0.136209084261641,0.12953723342873,0.0764292360405374,0.0278118043360425
0.404407772837083,0.129781012640792,0,0.208943829975354,0.256867384546772,0.0624279697069568,0.0886919635480209,0.179807613836326,0.0440249773212717
0.508507618661462,0.119004111309242,0,0.170181484714397,0.202306785314899,0.149846238401788,0.181724102498596,0.0960884085397214,0.0151474696218032
0.494054032549554,0.0856464389434511,0,0.170200073986567,0.250099454520428,0.0875861491349126,0.176431878064851,0.0960956366610582,0.0622802496367513
0.402973094853047,0.115096723905584,0,0.196395414365621,0.285534766875748,0.215239948810745,0.141635424595915,0.0979085080693895,0.0305186913266943
0.371141431064004,0.163660560875959,0,0.16144906300899,0.303748945051047,0.170728710132019,0.228463615598253,0.101750786441639,0.033595727330066
0.47602094698714,0.090118862258097,0,0.176258743051274,0.257601447703489,0.155226169433305,0.128794549908134,0.0255553559652962,0.0290215958319888
0.361800779053064,0.0967267213885671,0,0.251685559668967,0.289786939889402,0.222010745552551,0.111963370473615,0.124020530407672,0.027637484650822
0.419014700329697,0.16896444679048,0,0.142001432082657,0.270019420797166,0.17090527110788,0.214576295076338,0.179579586029054,0.0199318935639154
0.390429742398209,0.181192745125991,0,0.158554981206666,0.269822531269133,0.11854534254784,0.222393617523151,0.103068148665874,0.0280181857609014
0.341602145745452,0.172148565544418,0,0.198934998937778,0.287314289772351,0.101203348749813,0.14847783677693,0.105896288496221,0.0155408167320057
0.333537438178247,0.186121138555215,0,0.212231229650551,0.268110193615987,0.180636567944888,0.215297664318173,0.0897711498036523,0.0224374335589691
0.494189949525993,0.106037656018337,0,0.128666915831619,0.271105478624051,0.0568744501312829,0.188209637734442,0.118605488488589,0.018368218884317
0.399046038261736,0.121579600039238,0,0.195580898365928,0.283793463333097,0.0568098397448173,0.128007838680201,0.0898561571251865,0.0286870678167491
0.37091955314503,0.197396079908041,0,0.150213025359764,0.281471341587165,0.101597708669339,0.132068114533585,0.16943052186608,0.0163159003525783
0.361245227012465,0.199763266260018,0,0.177346689611372,0.261644817116146,0.172511730452933,0.16599571445917,0.134356686020224,0.0339725561839261
0.428681215887645,0.151503828166026,0,0.189271938023262,0.230543017923067,0.215969651717505,0.114388930675387,0.0689080545133681,0.00514870732717203
0.398987653249626,0.160593428513507,0,0.16047377210025,0.279945146136616,0.105451584581784,0.158699419840172,0.0925248451517493,0.00408454784107086
0.502166782126332,0.109849195023025,0,0.13605052461286,0.251933498237782,0.0632629768843951,0.102911497844318,0.106244476941131,0.0369946016816634
0.459563729379298,0.101492419909796,0,0.153858021449692,0.285085829261214,0.0616464403157563,0.129890202780055,0.083283431034535,0.024795560104438
0.42297036899673,0.115926033687761,0,0.183145948725214,0.277957648590294,0.112341871861258,0.169364335985587,0.0634188381872729,0.0319035024977417
0.369097228288971,0.182945179682133,0,0.247071863071996,0.2008857289569,0.132195672359927,0.195031905330221,0.125975840435462,0.0341683274085849
0.453378012655165,0.147188199455909,0,0.164500676498702,0.234933111390224,0.132128814311461,0.148821365484927,0.156907410532288,0.01184374743824
0.49108255408205,0.0875450565629089,0,0.175811201843403,0.245561187511638,0.111925549503663,0.181454527331903,0.0718422496262012,0.0489544338161927
0.376253873069712,0.165599202456758,0,0.210536920114444,0.247610004359086,0.0740187361792965,0.280270157643429,0.106136388166642,0.011338507971224
0.465771030774433,0.102788851010656,0,0.164132512581368,0.267307605633543,0.0561695577951839,0.169209811792758,0.0729417232592919,0.0403384856225527
0.436356587203619,0.0836611978745601,0,0.159334127301177,0.320648087620644,0.13822062809772,0.131377965335961,0.126928402846252,0.0454052206518774
0.426608702588248,0.137854792157599,0,0.149786034745604,0.285750470508549,0.137256924705843,0.159483576242727,0.117542255286914,0.0293343420125032
0.433582460777089,0.107202960729054,0,0.239219617407926,0.219994961085932,0.121241797564625,0.215498163456468,0.187821366817654,0.0241714985340655
0.478904299058842,0.0782865001039562,0,0.200249490821034,0.242559710016168,0.0675609250094196,0.138868323264644,0.170831791673353,0.0586961617308181
0.426709370674055,0.144272924095493,0,0.21587276915391,0.213144936076542,0.109373776893359,0.247760378561306,0.100538211038967,0.0612626755818466
0.37496758519588,0.161086555438494,0,0.262249664154702,0.201696195210924,0.0874760211571358,0.226226522404527,0.0644601075692924,0.0309979496436252
0.412408095433726,0.135328565832362,0,0.234177222114441,0.218086116619471,0.14535117121087,0.269276836511109,0.0638042530005897,0.0372797420049534
0.309191499794142,0.148769224318362,0,0.185278653122459,0.356760622765037,0.146548303355707,0.135416349660977,0.129644971427431,0.061049142913718
0.434029031972994,0.135290327585483,0,0.15298410271595,0.277696537725573,0.114982858822949,0.134055758185742,0.130814384303367,0.0439570591714059
0.415409460299061,0.144400703526685,0,0.198589166403531,0.241600669770722,0.037752622500255,0.206006384843029,0.113121427180523,0.0100720347253398
0.43313700568795,0.210466307034535,0,0.127891040587312,0.228505646690203,0.121725122584344,0.231257578929773,0.146415469628678,0.042232038922403
0.42927931843097,0.106586561495166,0,0.138756539156388,0.325377580917476,0.0775022400028203,0.0911935579314576,0.100478921330042,0.0592136617121788
0.36440982944073,0.137139836222855,0,0.224086859705186,0.274363474631229,0.141257767393677,0.13923696379755,0.114125106214456,0.0228996140661473
0.371767135480062,0.198695640090736,0,0.209373907103113,0.220163317326088,0.15207499370778,0.186581190305971,0.190281863452819,0.0195533066628054
0.504138063906478,0.101970687196119,0,0.186770991246899,0.207120257650504,0.0818989420554118,0.122702233539141,0.0718403490260677,0.0213914119667845
0.446662126216812,0.141186574367627,0,0.178224776885072,0.233926522530488,0.0556329984569179,0.170410129221717,0.202567438079504,0.0286746036136034
0.438402252755301,0.129441734446169,0,0.165210757457066,0.266945255341465,0.0782835521196576,0.115420979219332,0.11392279675082,0.0176737539189173
0.456193412134835,0.119397480673097,0,0.209590803857093,0.214818303334975,0.0791565529471333,0.124957016143588,0.230862731563364,0.0334335335615683
0.481153784261582,0.120015020883675,0,0.120353410032699,0.278477784822044,0.0428435604319498,0.163655966969109,0.131533070361629,0.00139387783001313
0.428117905477192,0.1442988149072,0,0.189371090367027,0.238212189248582,0.153235131114806,0.161555457933226,0.0933863951596772,0.0535570383877848
0.439140298718435,0.129730210511392,0,0.228461174934357,0.202668315835816,0.095185589878132,0.158265956969443,0.0959580108062179,0.0203019987039938
0.459131887298824,0.16196141694102,0,0.158917144580603,0.219989551179553,0.10362043454005,0.130486493679769,0.199022717550823,0.021156972775807
0.503449548602471,0.101104645989069,0,0.164115157897623,0.231330647510837,0.0698917376142766,0.150872045566259,0.109562079441109,0.0293325350317206
0.503949898960291,0.0891746975930339,0,0.140032140092113,0.266843263354562,0.087365561523399,0.0843930107947946,0.12269456642812,0.00721016727227621
0.393934748886417,0.154776733386997,0,0.234534761403929,0.216753756322657,0.127679503245743,0.157117741378905,0.135863107186881,0.0518219190228257
0.478511824460333,0.152546500991612,0,0.156839925558173,0.212101748989882,0.123840680997955,0.181242415063205,0.145703336842395,0.0230956885300324
0.451999279541942,0.10279025698343,0,0.141323478684587,0.303886984790041,0.0542670997679683,0.153334460452436,0.109007784920374,0.0239930118986091
0.417211175696165,0.199207649212989,0,0.22565137783735,0.157929797253496,0.184468415916287,0.180059359169896,0.118889583648672,0.0307015218834889
0.414637255683797,0.112449052331867,0,0.197788934940935,0.275124757043401,0.253355135463883,0.13622780414058,0.0681544952130899,0.0435220037883832
0.424139560257574,0.116686847235472,0,0.201631157658897,0.257542434848057,0.0795485879316131,0.18659101599633,0.159266441795602,0.0444296000165116
0.519816328419877,0.145700337450903,0,0.130528771448909,0.203954562680311,0.179947254318803,0.131852950798073,0.12863684754,0.0202845155533229
0.40139968082546,0.121770460168127,0,0.19087362587996,0.285956233126453,0.095885432352535,0.137764273799637,0.140930914564942,0.0145603035877873
0.45886554792562,0.0709424572830673,0,0.2247970133839,0.245394981407412,0.136358572341143,0.190329036343838,0.130279500019942,0.0347292539887913
0.401864807597945,0.151982369623926,0,0.193853944244327,0.252298878533802,0.20217934325281,0.173880427874814,0.139840242555487,0.0355874390490544
0.46601281478024,0.070054151228737,0,0.154666439255185,0.309266594735838,0.0420531692266122,0.123156660796687,0.12538007294488,0.0383487186184775
0.437742058480801,0.142550528670977,0,0.15554066188846,0.264166750959763,0.0956322595340078,0.202586948051648,0.14481761509214,0.0274890757566708
0.36445832937341,0.184704159553077,0,0.192959748470518,0.257877762602995,0.140307324030362,0.176854044899569,0.150469633915465,0.00149947072292642
0.425560022525746,0.0873143228855659,0,0.191047062077704,0.296078592510985,0.0721023355566946,0.170558002536631,0.0939473429029811,0.0261139287023135
0.402716598849926,0.148452707297952,0,0.155122947019235,0.293707746832887,0.0379148984557956,0.109288358922897,0.156211924102,0
0.367322867770428,0.21133295506576,0,0.174520605151072,0.24682357201274,0.187197636796082,0.295839600018226,0.164661003714946,0.0166781873218321
0.423457463262322,0.169831863286335,0,0.156584370754432,0.250126302696911,0.0258818662151324,0.13534491998874,0.193506475493872,0.0164780425753762
0.453694879857249,0.14323198404919,0,0.181226887598176,0.221846248495385,0.10840487457868,0.159781654707638,0.135744656835911,0.0544558380993333
0.367323406745157,0.238806556722068,0,0.158584004833887,0.235286031698888,0.158195127358915,0.147020364433078,0.11984564276123,0.0276696735287339
0.365072968601003,0.166937569531102,0,0.179603754741844,0.288385707126051,0.152659504775298,0.139800986697594,0.114822863214439,0.0407024492381755
0.48152279829176,0.0814412624712155,0,0.148497904411536,0.288538034825489,0.0952188870321803,0.112439423328679,0.0679948384094968,0.0334213552626028
0.481401908835186,0.106883343264706,0,0.159758789370596,0.251955958529511,0.152918997251451,0.101128393953179,0.0577333017744318,0.0154897418267206
0.428549517455952,0.232842786042826,0,0.178088372540611,0.160519323960611,0.215671146572072,0.0927585925518315,0.208765551615736,0.0320166553951182
0.379551853592797,0.104544126330917,0,0.239499187674465,0.276404832401822,0.0805995048245153,0.154243667940533,0.0931106013972442,0.00866882131835255
0.399571945599581,0.166156361555864,0,0.187888390533103,0.246383302311452,0.117879352095918,0.236404657202349,0.123816088872173,0.0437869410326018
0.430050665588405,0.0792276520191702,0,0.110745006772005,0.379976675620419,0.0551059812602182,0.116683337921067,0.0267127590557946,0.00315610794860015
0.455895354634598,0.098730403893278,0,0.178021554675035,0.267352686797089,0.110297203709783,0.130852023551279,0.0861301982992686,0.0216352176585583
0.456448577947405,0.102477095983859,0,0.167525394512086,0.273548931556651,0.0522491229937159,0.174731798828663,0.089406095879043,0.0459541389492692
0.459213335624628,0.127565376358912,0,0.188314571617294,0.224906716399166,0,0.124164128273846,0.127608587267141,0.0118822035625842
0.427794388827796,0.157108047412797,0,0.197572466844102,0.217525096915305,0.11282794764976,0.183573577532633,0.168519422869064,0.0328556248398207
0.443467828886865,0.118355590305811,0,0.200860222914287,0.237316357893037,0.125789916574156,0.141689444691591,0.213610061999722,0.0190004230815518
0.3826778830659,0.178373226361635,0,0.148618668629733,0.290330221942733,0.0559155116359381,0.138424617831883,0.225224441279797,0
0.400409351749807,0.17128351763716,0,0.181943895099292,0.246363235513741,0.0627011434917223,0.180026100608219,0.165266394527647,0.0290256225295189
0.401525952102266,0.163514822685013,0,0.224644880943017,0.210314344269704,0.135984243161526,0.147077438862273,0.204163981635322,0.032802015449089
0.454333940401171,0.117219556392457,0,0.147644078963088,0.280802424243284,0.150274911593185,0.189279504662005,0.0845486883246235,0.00995538855739222
0.456092966844484,0.181542536333967,0,0.184213993002222,0.178150503819327,0.0805117833204511,0.166652267317863,0.0863930456931757,0.0219068398681204
0.403461787134469,0.115027997124667,0,0.180868907717803,0.300641308023061,0.30248752849634,0.091971126948806,0.0817109174029957,0.0100280892712501
0.412239028081085,0.117912999347365,0,0.243983844769954,0.225864127801596,0.12766459686021,0.169100378499883,0.187231611698647,0.0289751285929955
0.4948748060735,0.0740575655458316,0,0.171099119877287,0.259968508503382,0.0598286920778715,0.0632496932559601,0.106282070462703,0.0153420206742667
0.479413454386515,0.115220999329295,0,0.168095732573496,0.237269813710694,0.0818888640833622,0.218415248027846,0.0931750893252956,0.00946794785449518
0.450388027870982,0.227832993748483,0,0.156801885416288,0.164977092964247,0.0308753937261054,0.147603144291798,0.108997624691588,0.037002710326084
0.348993580117827,0.207971115182711,0,0.216013932521464,0.227021372177999,0.158194215809431,0.255973386149221,0.242379046530965,0.0149044880447745
0.46356087991533,0.0934732721534205,0,0.148072809421726,0.294893038509524,0.0592838299877179,0.129012004529796,0.114529110574179,0.0222405519124667
0.438818634575076,0.186411511832229,0,0.173870811484044,0.200899042108651,0.043807573704876,0.162114631533592,0.126577691014119,0.0130482206896472
0.449872275911781,0.0877105950788001,0,0.197614006646783,0.264803122362636,0.248165760723112,0.207468682638524,0.0890384004242047,0.0306826757089588
0.421125949003583,0.148140753988234,0,0.184363185037948,0.246370111970235,0.0460042313008304,0.155931389499921,0.100701816569446,0.0219920459991202
0.435710615134279,0.103758925334107,0,0.10378281143872,0.356747648092894,0.119465461566687,0.180897251889966,0.120114679877744,0.026041767103951
0.512396818073515,0.0874591893974073,0,0.153855215751395,0.246288776777682,0.116622490606564,0.171787760689331,0.0711773085245574,0.0294396552788318
0.39206452705866,0.154800409695707,0,0.195112445275794,0.258022617969839,0.0537193700519664,0.194443362129732,0.184981613567303,0
0.494923991142635,0.116671478523323,0,0.173276091270365,0.215128439063677,0.198061035391672,0.137373234350659,0.107975692503319,0.0203797681650925
0.467935527536933,0.0792469605513807,0,0.170749109400104,0.282068402511582,0.184383775248339,0.159260642644801,0.130418535799232,0.0397516450147779
0.458882871325635,0.151764647807221,0,0.145453280057377,0.243899200809766,0.15060300714591,0.183048446636848,0.18689004106927,0.0230847408862971
0.560912766711673,0.136924943926986,0,0.168106871820575,0.134055417540766,0.0654753347645652,0.178310636534598,0.138891765469491,0.031977131076497
0.42678340174236,0.182735835714971,0,0.132011743933154,0.258469018609516,0.237518641316293,0.169207860526779,0.0604600133876446,0.0161125881897154
0.476677768073323,0.1098923190502,0,0.15836429769987,0.255065615176607,0.116021511573913,0.118373931120585,0.163578217179046,0.00555442464672
0.494073681144586,0.187803009777641,0,0.141317118371542,0.176806190706231,0.22842130164165,0.169765118192888,0.123188245386043,0.0379482835276977
0.432011949258662,0.141930752478088,0,0.234182463314729,0.191874834948521,0.202521778363043,0.206003247937912,0.140384870222465,0.0352540006863408
0.412804278608707,0.0795957198872727,0,0.135392625601781,0.372207375902239,0.0241443064075892,0.146513853374043,0.0521401055268099,0.00305771850415439
0.400740441934033,0.119009327486083,0,0.24615806801337,0.234092162566514,0.108689991941526,0.123981415831491,0.0778074502091276,0.0208483318501439
0.436524174261699,0.118436776949689,0,0.183473151086291,0.26156589770232,0.100585824670304,0.149967449514244,0.0992895725809916,0.037408148116989
0.417029518063847,0.194411805872861,0,0.185164639857803,0.20339403620549,0.171041615750794,0.149735084441579,0.154694876227279,0.025543378432719
0.508341924768274,0.161856846206113,0,0.178515860929749,0.151285368095865,0.10977329125426,0.133839901876372,0.126720257056875,0.0346316109737629
0.47378222024688,0.0960019203458984,0,0.188171469197313,0.242044390209909,0.141623421769799,0.12423428932727,0.115930226780455,0.0236939702532401
0.406797440005032,0.163965918370332,0,0.120937049190669,0.308299592433967,0.0696758480468675,0.109385662964043,0.153583484165655,0.0253988904735648
0.533798274114733,0.102233824837806,0,0.139935922635771,0.22403197841169,0.0525432466738335,0.189704716354438,0.116383641694456,0.0166980371545867
0.447917860057795,0.13473295977477,0,0.156457635056583,0.260891545110851,0.153200272785429,0.173525926627984,0.0589516729869236,0.0230335100323375
0.465192359442936,0.136328729771075,0,0.149382300391092,0.249096610394897,0.176361579593152,0.192538793636961,0.150465007572072,0.0066482067396134
0.341879604576478,0.156335495161581,0,0.203583622698693,0.298201277563248,0.0936878166816107,0.142774064581392,0.0900964681699721,0.0201386993468209
0.492742641923789,0.0963044279635161,0,0.201294290063317,0.209658640049377,0.117725948432489,0.179734225486956,0.137047524635306,0.0511461027920545
0.46193175502018,0.097033286140736,0,0.207574224153245,0.233460734685839,0.160534953355777,0.161912097645046,0.122531342888534,0.0238554097237691
0.459369734517664,0.118407066993406,0,0.201708935572122,0.220514262916808,0.00461853246040156,0.113520203659125,0.0345380576831521,0.0291929092637439
0.526858617770945,0.052821796869196,0,0.134995992677591,0.285323592682268,0,0.116107918621303,0.105976545571105,0.0309952244536052
0.478690823133088,0.148827704720282,0,0.175015440353195,0.197466031793434,0.152650911293932,0.18405136853145,0.0967079058530307,0.014862291514451
0.498892534443434,0.121042635707726,0,0.121202671884012,0.258862157964828,0.0779484148476771,0.113377558300616,0.197595649230279,0
0.379366923995246,0.148915465769095,0,0.199461412577676,0.272256197657983,0.087714734467537,0.184903858970395,0.213719431436718,0.0563821993492807
0.475088866979767,0.118000788300126,0,0.12456124179944,0.282349102920668,0.211980563177939,0.164099793561977,0.138861281920534,0.0224783163813228
0.451303646761563,0.163612506246905,0,0.118239480609383,0.266844366382149,0.0559140535303009,0.151376374003683,0.141968828355137,0.0303597221952484
0.368933134782917,0.175754874943375,0,0.224043162535837,0.231268827737872,0.191422958952915,0.136568333325812,0.164497595516714,0.021219824655317
0.450984089105807,0.13191061901001,0,0.201408732625766,0.215696559258417,0.166400216414597,0.153616132862374,0.162330760262127,0.0156208425636476
0.4463710242136,0.175931489630911,0,0.144939104530898,0.232758381624591,0.124813571014124,0.211691585682974,0.160711492643342,0.0313287201603026
0.462087987853572,0.077780120588443,0,0.205785421705518,0.254346469852467,0.0789216670092765,0.171478062485845,0.125872610900384,0.0171583873762294
0.467362839856114,0.157386665132598,0,0.109863580851492,0.265386914159796,0.0470932933665005,0.198809664531601,0.121764864480574,0.0195847675816957
0.41880382437517,0.101237467350981,0,0.182922981645397,0.297035726628451,0.0657224683525493,0.126368904078967,0.0884583895461559,0.0186834251826754
0.504399238631148,0.124652717472218,0,0.168915014530373,0.202033029366261,0.063534392773007,0.221385267659576,0.129444293817271,0.0405782064911563
0.470181742746056,0.0616837272685562,0,0.144639869988615,0.323494659996772,0.164824724276918,0.136933075339637,0.13151585743485,0.00942276148497463
0.450910885078242,0.167390861727611,0,0.181614692974719,0.200083560219428,0.252881346259429,0.162521699143803,0.0987480928492119,0.0401135454353271
0.433842758074947,0.083210097201637,0,0.200092919455235,0.282854225268181,0.0494758996251885,0.0941063293366461,0.137480462995557,0.0109415857725788
0.481831842962963,0.14936707181893,0,0.156146152486139,0.212654932731968,0.124745489177653,0.0713451726185342,0.0934336719545423,0.0390648839407289
0.367424518493544,0.165719436269231,0,0.172057784187787,0.294798261049439,0.258725397197036,0.251162711848558,0.12223675646226,0.0226107542562956
0.415056446826112,0.16393369116508,0,0.20515188363474,0.215857978374068,0.115125086436294,0.139741337076267,0.0755016848497644,0.0303451798386162
0.425586187316193,0.146712745803225,0,0.137446953926212,0.29025411295437,0.167875946743278,0.193316041718557,0.112578434133436,0.0232888232147661
