"V1","V2","V3","V4","V5","V6","V7","V8","V9"
0.391626260194434,0.129218477717828,0.0432021274847032,0.224089506246432,0.211863628356603,0.241250725814328,0.218338674221841,0.09075343012618,0.0315700334288095
0.354752041832055,0.148302679447266,0.122955803477073,0.182448760661682,0.191540714581924,0.234693495236383,0.195366318080977,0.276509833596058,0.0389487061052964
0.350386019338439,0.169430388579731,0.0430944298771574,0.179625806851045,0.257463355353627,0.13061688911235,0.193018042329365,0.0967946472889025,0.0110962626666199
0.373842113437428,0.199837818602198,0.0758734249022512,0.0910010615603571,0.259445581497766,0.105011427998276,0.114934472804636,0.123320619473026,0.036734485511949
0.504754444218173,0.0745463752467735,0.0766921220150775,0.102078314414765,0.241928744105212,0,0.0908848400263531,0.0964950120408833,0.0402031558997769
0.445765076989877,0.158665771623759,0.0622086168320511,0.0890123042346443,0.244348230319669,0.160172709021439,0.211804270812944,0.0619978702010666,0.012500882395155
0.36878149817915,0.129636257945678,0.064948444907793,0.196495538534778,0.240138260432601,0.115628097211974,0.126779714092781,0.109024375627071,0.0172075423879869
0.404809202523575,0.164723493469121,0.0684470716288151,0.0859784707023467,0.276041761676142,0.0598579665687256,0.159698218733056,0.114064389383921,0.0153145164553097
0.4272525545101,0.0375845752922553,0.126305875914913,0.183853771899138,0.225003222383594,0.0962333459334377,0.131862338771839,0.065009963035005,0.0246621115575601
0.418136084560587,0.123571998232577,0.0395024440442128,0.173733321006391,0.245056152156232,0.0997640119347191,0.0842746694181234,0.101330780576901,0.0392595790943492
0.466613313323914,0.134392758525963,0.0393148720325652,0.0761846043510133,0.283494451766545,0.148059649352313,0.146551618464915,0.0819808820926261,0.0464387044412876
0.256253487311993,0.228081687011205,0.0613555534300106,0.083800482866693,0.370508789380099,0.0908162857352921,0.154278853082714,0.173795523427381,0.0199944751843927
0.432819418199772,0.0734905362320434,0.120517721056909,0.106800200904001,0.266372123607275,0.103582635731447,0.0575738162941441,0.069659040258759,0.0112505006727227
0.444315866243618,0.0609421612650373,0.0198284423231336,0.171839603152794,0.303073927015418,0.0268638938315185,0.0878721861976939,0.086435406368634,0.0236747634877323
0.435118975635043,0.0960551913041816,0.052372164269238,0.124869094186894,0.291584574604643,0.0649253983593949,0.149956999314977,0.0657334039941323,0.000199358869298703
0.42885411626314,0.0942856596885169,0.0900944951510673,0.130455352760154,0.256310376137122,0.0488655451086486,0.0919366432845204,0.101887741890541,0.0102244216849828
0.474525208457708,0.14794346599085,0.0744936084135955,0.147517051127654,0.155520666010193,0.0551210702437561,0.187518370287885,0.115489430581245,0.0255271500000386
0.431432377849588,0.0831013449039311,0.0843287681073343,0.187973552512921,0.213163956626226,0.137369482400242,0.138774379892205,0.105818848311379,0.0444587440310011
0.381711576324855,0.157533887365711,0.0880779503736043,0.162944464155228,0.209732121780602,0.176411769332379,0.097995619507944,0.164137650236784,0.022935195291758
0.359193341374879,0.155898392369968,0.0716283454528846,0.179877306695748,0.233402614106521,0.0958102320253566,0.161861350278163,0.179840161406256,0.0140720920083542
0.283226526222641,0.186207269986205,0.0926111954035103,0.14986809996447,0.288086908423174,0.107499417781476,0.185048878155047,0.156933247010838,0.0273796367055688
0.366017472959139,0.146007857600251,0.0336281935551619,0.169903547837405,0.284442928048043,0.0727740640779669,0.162445368870954,0.124334438075558,0.0191462815282893
0.416929889980285,0.139125747570343,0.0660364431062535,0.156592077078497,0.221315842264622,0.093139594711037,0.167325411649868,0.0622719440481103,0.00666905938202317
0.417142085853967,0.131402186953844,0.017825323201674,0.217727382900796,0.215903021089719,0.212513360742783,0.0932392903976969,0.206026757237874,0.0327498171104021
0.304704766536552,0.133709055094704,0.142404258367783,0.148067237312824,0.271114682688137,0.133738228457127,0.178770385639616,0.0789785824736672,0.0678604844169397
0.342108937185045,0.250282491738048,0.0845180878680145,0.101094173232455,0.221996309976437,0.174919216317643,0.155579801589953,0.120414366426982,0.0180706441660965
0.359439597551955,0.179992874758678,0.123572690815862,0.110698634139096,0.22629620273441,0.0878093287028294,0.173327272237125,0.170130819059246,0.0479770572820745
0.41026855545654,0.10394199487925,0.0660989455957752,0.0984825023548902,0.321208001713545,0.113347883678323,0.191669232946993,0.0979741753427663,0.0242087415800418
0.372407450370046,0.1278798031018,0.10637500461737,0.140893301956444,0.252444439954341,0.0687482217739493,0.191568636323499,0.0466671453866059,0.0202923180294029
0.38523628654448,0.129376554928953,0.0255362408596356,0.221699486095118,0.238151431571814,0.12218383837742,0.126165997968977,0.132187713426462,0.015740092656233
0.334902125562685,0.0903454030610182,0.0467835514861697,0.187921219026647,0.34004770086348,0.124352259400767,0.13324895011195,0.149276738066242,0.0344840804003715
0.411399467722878,0.141768841821201,0.0564412143949955,0.127263221335616,0.26312725472531,0.146375700260343,0.197603891230801,0.0760842343590281,0.017418675224667
0.351007893843257,0.162974151541507,0.0849543443436998,0.178708416008192,0.222355194263344,0.276168395019058,0.126918500066941,0.13972733938641,0.0487976573745396
0.409055246000025,0.0326728776999163,0.130990970862533,0.14875336887059,0.278527536566936,0.113645865862157,0.175008830987945,0.0545612199764841,0.00857841027997523
0.399086180845939,0.0869186362207722,0.114500373309401,0.154053044719257,0.245441764904631,0.111791837398878,0.145609927382422,0.0430347672670382,0.00246656272059806
0.335844703525221,0.10408036661048,0.0902591459461701,0.220680005177347,0.249135778740782,0.1340792748304,0.148027640552711,0.145226603598277,0.0416287396839223
0.470232679733575,0.16663760818449,1.08756815961529e-08,0.17821879468085,0.184910906525403,0.108518334802322,0.112547253982149,0.194736199838938,0.0373811545420303
0.413207826643742,0.166975718271699,0.0768812224387808,0.121891645856206,0.221043586789572,0.0446623800210848,0.137101391835887,0.0692350190141181,0.0355109587313159
0.311076498737607,0.25738345559938,0.0991147235319746,0.0706049165668465,0.261820405564192,0.269900974994314,0.229647635209192,0.139599851339868,0.0321593756979723
0.424698529233386,0.0992954797668513,0.0830950592898819,0.132530188737725,0.260380742972156,0.0800001470211239,0.208296031401685,0.068535850015481,0.0334626312829977
0.365353187537553,0.150309934349249,0.0479487792871454,0.262131710667262,0.17425638815879,0.186775760054922,0.152871645952456,0.255030533440586,0.0313022508950767
0.287840626135761,0.17785775307558,0.0748687471677107,0.18041623880456,0.279016634816388,0.16318367443716,0.129474464562134,0.138046065819953,0.0283793279290967
0.353210823411247,0.193586221991272,0.117512829413907,0.112396256362916,0.223293868820657,0.0965200471145591,0.233416527527919,0.151159310850819,0.0486194275862437
0.367928522465075,0.0886801741171398,0.109404236813159,0.169517574140741,0.264469492463885,0.119330984386479,0.109967055637084,0.0857678220711053,0.034009673537193
0.431429666051925,0.0903269618869528,0.0493798984459412,0.151689854613967,0.277173619001214,0,0.0906056870162314,0.068706261070181,0.0321891985198092
0.411604139337959,0.114325659838603,0.0663349016923701,0.164415801051999,0.243319498079068,0.0529600848348843,0.14263112297981,0.160143942930704,0.0661626190186153
0.470395215998507,0.0949372708209822,0.0665990170098515,0.105227790827222,0.262840705343437,0.0772761683172601,0.0930442854272874,0.0711667003504996,0.0261523841372612
0.373318046740905,0.105650104468699,0.0941554209077917,0.109452328643396,0.317424099239207,0.0365413030421915,0.0815115729029656,0.0521061930215625,0.0368580406016916
0.427282308427309,0.169194872324994,0.0985789110163277,0.112636928310881,0.192306979920489,0.142072913363291,0.164916428142743,0.193783953318899,0.0331670717216193
0.395130901780553,0.131401615072683,0.112309560060018,0.109480740293077,0.251677182793668,0.0601259840268558,0.170054664780803,0.0862092792608823,0.0643709554972681
0.388643932123598,0.149698326831262,0.108681989861417,0.132875368134753,0.22010038304897,0.123422573769194,0.148418582185376,0.138635379539418,0.0242505421773542
0.289806900751116,0.199909186575387,0.0603041475713172,0.119425338776854,0.330554426325326,0.0939575155306539,0.129261957946757,0.114495901464272,0.029148471146198
0.400031211168938,0.101212686980864,0.105868304216799,0.172395245401881,0.220492552231518,0.064492678907,0.176648583051894,0.102423085439065,0.0192255708804061
0.436549504158705,0.108121136628731,0.0544570463453733,0.153907282464465,0.246965030402726,0.0170838478556257,0.160651815766221,0.151869236292783,0.039733902672341
0.383446444678196,0.195454033255386,0.0228252463306404,0.0985336485518727,0.299740627183904,0.0741348027643455,0.170634079215931,0.12868764515964,0
0.47156936644609,0.132244508183447,0.0241760476370853,0.117225655427866,0.254784422305511,0.0356802329427051,0.0880856830731681,0.160004386583721,0.0206822135231493
0.329590972995664,0.204030697692684,0.0949351980956569,0.0981290835666024,0.273314047649392,0.0196971782504464,0.191501887667868,0.13220628725819,0.0285404690431595
0.48900041205459,0.0550896079198308,6.45720059628769e-08,0.14420971053236,0.311700204921214,0.0362130254443178,0.162728524141896,0.0749748157506084,0.0368505077560233
0.34895676564565,0.172162209031611,0.0640146657208657,0.193045437607697,0.221820921994176,0.104629940240241,0.180212005845491,0.121256190859656,0.0201652890213558
0.456761005611931,0.138358609365021,0.0396563683132416,0.131180611326765,0.234043405383041,0.216225643305142,0.160132766715083,0.183986492546405,0.0273422000295352
0.42334468076579,0.170039920197932,0.0761278362603089,0.0798229159676453,0.250664646808323,0.0902610765042852,0.231806269242704,0.0959545107698473,0.0307248869844319
0.358706500238148,0.240336263027878,0.0620868501654618,0.110136616123493,0.228733770445019,0.268927546822306,0.176966440368523,0.148318851400285,0.021072072407142
0.396571584694022,0.163497234746019,0.060894548814429,0.124734782214158,0.254301849531373,0.0534689261517388,0.136647883672308,0.149247659333073,0.00990403693145405
0.412030228677597,0.108962658910474,0.190430850621624,0.0733873590067869,0.215188902783519,0.15011214808389,0.130593471518993,0.0980997058837233,0.0935435296748369
0.404131352163737,0.134547712792928,0.0496937400900788,0.173796222396159,0.237830972557096,0.0828089518337025,0.139043254777904,0.121850140483874,0.0292247931352244
0.383426343062767,0.156692943142569,0.0474351443237944,0.101852230135592,0.310593339335278,0.119387182627686,0.2093793114123,0.0952189229023031,0.00614380754105026
0.393241555449408,0.178377709952024,0.0330326939674313,0.183480330800224,0.211867709830913,0.0880486235673441,0.122251809498716,0.183722703697205,0.0187863516389776
0.379368842433765,0.144668113805638,0.103459542441617,0.135864587106085,0.236638914212896,0.17018780363838,0.166756583668527,0.13031892998332,0.0195928437969044
0.367806690274336,0.191560243241954,0.118848273743524,0.0821775512009157,0.239607241539269,0.243309388260352,0.226837850014336,0.0959904702276572,0.0082229927545302
0.448732731276142,0.0458237043192614,0.0333889594454255,0.175846496111276,0.296208108847896,0.0278927242074475,0.187781272483216,0.0355852106317849,0.0436667457352268
0.41499262680896,0.0371020062323707,0.123531457658392,0.165675278160605,0.258698631139672,0.0764294247097152,0.159414091648368,0.094200220375101,0.035678797134583
0.318263169186416,0.207615968690577,0.0585269987338401,0.198981557473868,0.216612305915298,0.124312346246537,0.136642484999007,0.128619497795163,0.0362531077363025
0.382506303074753,0.158312028669703,0.0505389315056067,0.204936135039507,0.20370660171043,0.0822037163896814,0.174181652825586,0.0940808804034662,0.0375838014935106
0.473643028837771,0.138842667660228,0.0761070405316396,0.0927066553176123,0.21870060765275,0.0686455368520069,0.213625599122523,0.0738402852421674,0.0385513280634446
0.486959463076447,0.0793032209738577,0.0677458728663314,0.0692739014934856,0.296717541589878,0.0275435346827791,0.185291561345656,0.0741327401062959,0.0130207903730843
0.430224850745893,0.122020097670997,0.0802395291505787,0.0572589652962217,0.31025655713631,0.198562174270246,0.156242722583693,0.0360035389067814,0.0412372516259774
0.387624495007761,0.121382370557496,0.101590635319593,0.0747341282886135,0.314668370826536,0.101536016468712,0.0916433766861377,0.114971646632751,0.0264251371938935
0.359981662573307,0.108463600393204,0.141518214385457,0.0952556193648895,0.294780903283142,0.11539038862656,0.188557752384808,0.113436282899604,0.0209836608693004
0.438941851374324,0.181333512385504,0.0418059595871132,0.142069834113087,0.195848842539973,0.0980107982359247,0.16683288657794,0.098869637579043,0.0374311695268805
0.35502956475843,0.223728055114098,0.105228718305621,0.13188881913311,0.18412484268874,0.182917704763186,0.158004320132875,0.155920294951805,0.0129775958262041
0.461754566750941,0.119825166844774,0.0170983537243828,0.106213542489884,0.295108370190018,0.0673139976307742,0.10944617969656,0.1359719718313,0.00821531974872295
0.431727821113336,0.165891261291385,0.0816172229157447,0.133960693812924,0.186803000866612,0.184346157694307,0.173744931366011,0.0912267475904516,0.0430117942106422
0.443913242827232,0.0960941222009526,0.105223057531797,0.159913109234945,0.194856468205073,0.138894904095161,0.19198550158011,0.187179014100514,0.0149144487899089
0.357510225205537,0.214927749514488,0.11139352301449,0.122871730753416,0.193296771512069,0.154461979154638,0.171138109028472,0.090586734244635,0.0110483823509751
0.364268027382527,0.157919605009409,0.0470967081225652,0.189052284540855,0.241663374944644,0.147750896205627,0.176576823180155,0.173534770427033,0.0459780715049666
0.376861643495264,0.0882510480671956,0.0593044767663735,0.171583055166445,0.303999776504722,0.111678227057068,0.126902932396704,0.139121119114357,0.019461699729396
0.440762946419867,0.111873609214617,0.0551814741815439,0.197412047181974,0.194769923001999,0.0467161350442151,0.222379658100709,0.0616846839067586,0.019626839798554
0.380997786959196,0.0953623138852953,0.0475608136053991,0.16573639829846,0.31034268725165,0.0778399087382427,0.118702509647134,0.047033407678697,0.0307381492634436
0.388845132778474,0.0909713678160211,0.0690138749662004,0.206500595366239,0.244669029073065,0.176804669883079,0.166727377832492,0.0990663035714269,0.0355818010807117
0.392075940704562,0.130076713724101,0.117375548018274,0.161533402452643,0.198938395100421,0.0499444816364355,0.147852756890301,0.0989069681468176,0.0111531615271458
0.313399686888269,0.20969803900873,0.0725843089688267,0.157550899993289,0.246767065140885,0.118947106220255,0.105267575929714,0.126824837021403,0.033887126593373
0.375929205632078,0.120127868817374,0.067300392638862,0.146156436546029,0.290486096365657,0.144786652534645,0.114841189639401,0.127129498546871,0.035965601254556
0.438817230987861,0.125105951315819,0.0509933315968257,0.125300588163446,0.259782897936048,0.0678143377879724,0.147079772157654,0.0953783481437753,0.0485503778895623
0.434077265383644,0.106634396329134,0.0510230749077525,0.108138279449481,0.300126983929988,0.134555077319817,0.147272182382695,0.0326737144414824,0.0177307853658401
0.435946911505916,0.0966749690633762,0.0594474423966339,0.158083436745721,0.249847240288353,0.171776657990684,0.131474821462155,0.133873715438713,0.0348607779160984
0.312244945530937,0.164820221358328,0.0935091108025435,0.1934182572712,0.236007465036991,0.146731125802339,0.188220888178522,0.0848514889544824,0.0291388888696675
0.355463267657259,0.166802014358032,0.0378661657273634,0.175868721867772,0.263999830389574,0.159125732584642,0.129016475276269,0.158117183076977,0.0220557492061502
0.361036049421632,0.144267354662663,0.120650871578563,0.100620350872036,0.273425373465107,0.210254381879613,0.157415486871724,0.141140144622832,0.0135671195055288
0.535637396113552,0.156391266454558,0.0580184327792298,0.0790362154683129,0.170916689184348,0,0.219941703926524,0.16622115410545,0.0249355278242778
0.362875243838543,0.169091783927154,0.0824195241929542,0.126104426033244,0.259509022008105,0.0497105133534985,0.182525651174673,0.179820967455017,0.028130849996582
0.399548728502907,0.120371530066018,0.110721897416117,0.108497239897307,0.260860604117652,0.0898932640247069,0.145096467295265,0.0484539086686958,0.0317177962436105
0.275965236462619,0.294089292374009,0.118682514234347,0.0746986896272005,0.236564267301825,0.183236938843029,0.185488195721774,0.147316793290064,0.0320102176341901
0.324915295466693,0.152644890636987,0.104666595168042,0.173880487435596,0.243892731292682,0.111243438931497,0.171726001859434,0.140795534843542,0.0245181759302787
0.453670215747943,0.102354327121876,0.0855947751337531,0.117183955238432,0.241196726757996,0.0152351888245952,0.155682027947765,0.122310348856994,0.0471052362753283
0.406909896913601,0.137320817307579,0.106707644421929,0.106122104198582,0.242939537158308,0.170074949327767,0.181192161532948,0.111883269892004,0.0241343492410146
0.399494952925897,0.156066519370728,0.0701121111886152,0.140843104297398,0.233483312217362,0.204763224772036,0.182014896251318,0.159214907273277,0.0117113186979913
0.4311006729162,0.136496982529426,0.0970762217347542,0.044666992641909,0.290659130177711,0.0605024002270394,0.167342575143094,0.0442816480146222,0.013965679899173
0.343720638861071,0.167352654228002,0.105677322983729,0.141500584495244,0.241748799431954,0.146526542482137,0.11921721290057,0.125377313292379,0.0346975419075012
0.260720417057424,0.203674326459259,0.113005459821408,0.119531270862733,0.303068525799176,0.104081782590191,0.149020151051098,0.111975723019124,0.0255813971468391
0.426426760402161,0.174375330755329,0.120679754001679,0.0730563684779017,0.20546178636293,0.164473344604565,0.142473183043093,0.143159529788275,0.0264179732691444
0.412111737625581,0.174952421047113,0.0772824782183462,0.118092218550255,0.217561144558705,0.0171324976696722,0.126677233251998,0.140428798253987,0.0780039240564383
0.369215165694367,0.187249872605939,0.0380096748696609,0.117458243487784,0.288067043342249,0.08975575514425,0.158576549783207,0.124992402804117,0.0553544711178333
0.364280784418657,0.198299372323129,0.0827530825724859,0.171706476179961,0.182960284505767,0.149931283882785,0.128361055866402,0.0996198898124698,0.0348966231898123
0.376966533079231,0.185691170477548,0.0920021920021912,0.161775414021984,0.183564690419045,0.112327621652999,0.137015819280722,0.100401148231693,0.0231879830751354
0.413062733791958,0.131432881083286,0.104048405496327,0.141027736070784,0.210428243557646,0.093956542618869,0.143892422860793,0.112623448958541,0.0380981018066596
0.390401290461303,0.230578764270318,0.0327561335009719,0.115203363832412,0.231060447934996,0.139488216101992,0.23337783497021,0.0966317997283292,0.0289166207933501
0.31352901756168,0.202909987073131,0.109911071794911,0.0640414648914309,0.309608458678848,0.159085748818543,0.144788929406568,0.096882264314729,0.00699860356904229
0.377370491148579,0.171869434392122,0.101067093289768,0.131903748162594,0.217789233006937,0.122485632864301,0.174038197021281,0.139329317109055,0
0.470664917889397,0.101965606925529,0.0621286242046258,0.0372726654930933,0.327968185487355,0,0.15058114440008,0.0978799045446674,0
0.476997983744242,0.0992559868361098,4.64738002553221e-09,0.18043524177447,0.243310782997798,0.129422390250698,0.157498266539959,0.101196800373236,0.00506039394775306
0.408754251408633,0.0876506262652808,0.0708521384406585,0.183502050864213,0.249240933021215,0.118022666550089,0.14196469116765,0.0993470193364319,0.0153655408344949
0.316714890734018,0.150358211417485,0.14147940094048,0.114606857522757,0.276840639385261,0.048961246786484,0.233715471707792,0.182432847853873,0.0380007935581431
0.397903765544578,0.155831399142477,0.0664817565712685,0.08315979055941,0.296623288182266,0.206903068945334,0.166871767907765,0.0994521367148548,0.00819584371267084
0.289892342635896,0.201635997598676,0.0844936804700949,0.181610785899639,0.242367193395693,0.184641616303157,0.173319213116377,0.15982369763224,0.032855284207998
0.402497272367333,0.169553944050488,0.0973837388469271,0.0572407499347984,0.273324294800453,0.0673263796742255,0.128337729861049,0.105719947710216,0.0371637377379337
0.408147971414399,0.06245678216782,0.0684582956985868,0.152848442662838,0.308088508056357,0.0571855138354646,0.0854449462403127,0.04826893758967,0.0158316183680635
0.377520010186196,0.133358258330457,0.10596131723425,0.166158614441197,0.2170017998079,0.143118241628389,0.21325434491704,0.0510661176326235,0.0262781004796172
0.422545087486644,0.140149289610899,0.0320528736544043,0.139721217048124,0.265531532199929,0.160400688629141,0.151034630129704,0.142550858305519,0.0245846305176554
0.327699950601737,0.142692260978873,0.0413463908138309,0.201738101340738,0.286523296264822,0.042456717547134,0.17485270324002,0.168222714937776,0.0171809102000303
0.228566440617844,0.207718077574211,0.108905501507869,0.132974803131088,0.321835177168988,0.0771922158636312,0.209734412136682,0.239399891807593,0.023634932528525
0.442614336704144,0.100058815330502,0.161661780410758,0.0633264266770339,0.232338640877562,0.0125233568312544,0.109479178718601,0.0811385396930134,0.0133618783465291
0.443469171681674,0.0898986296471352,0.0638578646614777,0.14387085711902,0.258903476890693,0,0.154101256772019,0.0411575689328149,0.0242737035458365
0.424456798738106,0.115385299094097,0.0622002764989495,0.170625784103399,0.227331841565449,0.0764775821049894,0.136075634168815,0.141798610122044,0.0317968835814657
0.250653027103855,0.256006543796159,0.17375839016642,0.0924812745928848,0.227100764340682,0.12870014630923,0.270720499237881,0.158942669296671,0.0251794853674142
0.448693796849932,0.140391709898571,0.114933519813839,0.0744313364169157,0.221549637020743,0.18180370010533,0.208541054029683,0.122356098414932,0.0456943250422742
0.381672959634932,0.175598959374474,0.0685400962148779,0.155546584988299,0.218641399787417,0.15097836826834,0.262483437107168,0.0994955881427013,0.0413030353352783
0.382935425591882,0.160057901463416,0.0666129249390807,0.124016377192565,0.266377370813056,0.157997756120042,0.15861708314021,0.0781470596435499,0.00579704622901901
0.31258594840651,0.139002663001168,0.0716697875124939,0.138142597027337,0.338599004052491,0.139674614745799,0.178171525594324,0.141108096976222,0.0222617676926354
0.386419588983393,0.138736960762693,0.113332739687369,0.105633847515565,0.25587686305098,0.00985931183099625,0.117167708124759,0.141660123996335,0.032249451121958
0.46984550966635,0.098437845845604,0.0398632725586229,0.127601390155884,0.264251981773538,0.104631139923366,0.130926924287643,0.107175016266025,0.016205570601399
0.489181570656419,0.0673626927353144,0.080305791040783,0.148348301008694,0.21480164455879,0.0652989392943702,0.157653390034301,0.0757524028656962,0.0374464644122779
0.412706808364958,0.141553937609443,0.0950517513445206,0.0929807868176238,0.257706715863454,0.0798660249870484,0.227132225819844,0.0897145945692257,0.0301300718459214
0.415224432386297,0.189949075871688,0.0728786041517291,0.0851649372163401,0.236782950373947,0.0674741595126604,0.14572548115488,0.205020726770494,0.0284719281722077
0.457546564231908,0.125223124748626,0.128443069987416,0.0987907155759589,0.18999652545609,0.172380637732605,0.129823405264729,0.0592287792466858,0.0663127407847567
0.377026262014222,0.125923346973681,0.0737470862415637,0.204673805330305,0.218629499440227,0.0936085481393256,0.140157033579071,0.117298745093105,0.0441248641395564
0.328406786139762,0.23105125724958,0.107064134453568,0.099176779440131,0.234301042716959,0.156007095704711,0.188536043313416,0.186562841921823,0.0200501945252425
0.391779653720842,0.174129954322942,0.0512537395166562,0.20430688227929,0.17852977016027,0.181220425772881,0.226772377387771,0.201145685494932,0.0180449744165493
0.368661422196081,0.124892774474963,0.0807058247053896,0.138988339239178,0.286751639384388,0.0788999462626544,0.159895706701992,0.0833400698580265,0.0389729276587611
0.50394980153502,0.139884073471484,0.0376455395305278,0.137335552189896,0.181185033273071,0.139442795871618,0.151984865519942,0.142932673431907,0.00681271209365953
0.444606217290159,0.11780635295782,0.0964959463298324,0.118636395109414,0.222455088312775,0,0.148042981653052,0.106569965924575,0.045133607123279
0.341419854849835,0.16765221833425,0.107923083242976,0.18376121344308,0.199243630129859,0,0.147116092627741,0.0912756985333203,0.0788459813411815
0.26670568494313,0.195346181371866,0.0736257527583686,0.198927571937673,0.265394808988962,0.177047328012827,0.174778418560662,0.120467750744488,0.0479553709213805
0.386892269870888,0.12708241675553,0.0956750951134171,0.134794839613054,0.255555378647111,0.122349074814688,0.130007985240408,0.14357063196518,0.0202053812645044
0.359960388728193,0.111813274685263,0.0830816963597177,0.103383034318815,0.34176160590801,0.117999056985262,0.124183942166213,0.0587994042668167,0.0318760608355279
0.468726511039623,0.0245147452377496,0.0743903699926191,0.17843712978114,0.253931243948868,0.0726206191928301,0.140060540530266,0.093140915902439,0.0279558355527686
0.374739376132603,0.110426886354876,0.0866429886486965,0.151617109730903,0.276573639132922,0.0372268407007367,0.185349640893015,0.0564931745242009,0.0365915342746709
0.432628673096926,0.0847890181105124,0.113129566716483,0.0574882137505666,0.311964528325512,0.0441206758474569,0.128489056067579,0.129204864672558,0.0140598471211598
0.376321392452953,0.14065973264157,0.115832858504864,0.116554752841912,0.250631263558701,0.0869826834569355,0.11235942340412,0.0585171635366023,0.0263526005636014
0.347456795683525,0.189597865759679,0.0690931665530573,0.0893775317651176,0.30447464023862,0.17280914703104,0.126221028664215,0.0557955133485532,0.012812217872151
0.325637191204941,0.168521684936206,0.0574701226301728,0.0984685582702738,0.349902442958406,0.140695492320611,0.133044968035632,0.149804687440881,0
0.44522657088953,0.12814991748411,0.124856288304283,0.118584074038732,0.183183149283345,0.16348789741306,0.137365201455201,0.143347630950326,0.0387900756923341
0.436243297856215,0.140613214419573,0.0564633712915371,0.11531772565237,0.251362390780305,0.228620863857291,0.122116957817768,0.0691064044830912,0.0174558387006844
0.449894635573768,0.0918632136352509,0.0838501978717599,0.141791149987051,0.23260080293217,0.198996673196422,0.149994112886272,0.065522796460562,0.0399531929768175
0.381833291006497,0.101859233182913,0.0613167534464317,0.211234977572665,0.243755744791494,0.0719759681950014,0.138209707821084,0.20954325996296,0.0435700035778062
0.382383108981462,0.0827392038863235,0.0839002811431164,0.147178019684483,0.303799386304615,0.0602557473831728,0.140909668885402,0.145921977448469,0.0244074261881977
0.385311664629932,0.159074289916337,0.069973592344529,0.205056935060027,0.180583518049175,0.308902998981742,0.241882820588814,0.16214920288283,0.0227621576332697
0.396511426469637,0.146315007522662,0.0568286262292264,0.155095582910052,0.245249356868423,0.0971283055960923,0.194050403588669,0.052091084351868,0.0156486950443694
0.3923761776292,0.150550299374765,0.122580637044835,0.0998388529425256,0.234654033008674,0.275366918693125,0.132653410155395,0.0600082277163672,0.0139060371637514
0.361987405347515,0.0986031897790617,0.0824820359590798,0.166838086641949,0.290089282272394,0.180984243036884,0.179493755800884,0.121301879822473,0.0418890944556641
0.36121042494364,0.117129418134442,0.0287086016839663,0.148888220628419,0.344063334609533,0.2864420763453,0.206777569179042,0.0725428702298751,0.022253073023002
0.510984262963697,0.121837058269527,0.0146062839336877,0.0561708000858523,0.296401594747237,0.0342296730952472,0.228681408936058,0.209123780171315,0.0108951753049152
0.331264802298763,0.18405206452274,0.13045576958527,0.116749771569593,0.237477592023634,0.168191670604007,0.154637442138669,0.182559152762196,0.0273561048356779
0.338844567508999,0.136099276745101,0.0894075123316962,0.205229404858099,0.230419238556104,0.16832336421129,0.187499543526881,0.132131563687889,0.0313452096896929
0.398123326533821,0.152993762673435,0.104812738799746,0.146351273380878,0.19771889861212,0.18473135722516,0.177152062225281,0.138461963243757,0.0320444334348697
0.434025809107798,0.152758802361698,0.0720697074569518,0.14119105400095,0.199954627072602,0.193557909641627,0.172381449374199,0.108455429715233,0.0580712352057059
0.375432342548885,0.0495533133880327,0.0650509659637135,0.217194426561959,0.29276895153741,0.0958197643552713,0.109573938216956,0.0568229827811893,0.0305510408832758
0.372868175568374,0.196290077165022,0.129691512007615,0.0028894819136632,0.298260753345326,0.129159171613784,0.180147864005356,0.0749275046248954,0.0298910958998323
0.404729443333893,0.141345793020316,0.103092970735314,0.0949170471691512,0.255914745741325,0.0707539679947466,0.164529506256774,0.0584290643200673,0.0134982706484685
0.345800044896446,0.20272198998479,0.109335898674671,0.103123116217537,0.239018950226556,0.1388173243799,0.161147629377104,0.122825665247557,0.0412884255650578
0.345085350600184,0.122473187547928,0.0997691424462455,0.141357068358283,0.29131525104736,0.166305580620624,0.185341941950947,0.0845149947213819,0.0445726198936677
0.372619032453039,0.176450160874573,0.0809044210809338,0.1144148490245,0.255611536566954,0.109247322049599,0.152665172515769,0.139897668816227,0
0.415849721977359,0.117487668412297,0.0517347464428624,0.141356763293593,0.273571099873889,0.0877560611882993,0.152972085673936,0.1613184178795,0.00877033097742192
0.407215035845261,0.116178768132985,0.0703010223275643,0.155474668238786,0.250830505455404,0.0768624428757054,0.11715272909619,0.12318112134468,0.0262013365660373
0.372343256516717,0.153732624837948,0.0298238204995188,0.219073042306222,0.225027255839593,0.11172290941233,0.160369314739065,0.200186904162999,0.0149669791175973
0.398678475016591,0.104631320744357,0.0576043696175452,0.158535062835768,0.280550771785738,0.113752757261624,0.117300124147925,0.137965478615095,0.00761110877766974
0.344022997195312,0.189679193088257,0.103500985673196,0.035613406817107,0.327183417226128,0.0956744053534256,0.163128298480932,0.133023197201287,0.0410432209830629
0.327496472253679,0.108511680071957,0.151391800160052,0.158125999250832,0.254474048263481,0.153098507917851,0.122492161606986,0.10978624764903,0.0537048180175611
0.409415161040321,0.154640410325369,0.0404973984439735,0.0752382948741165,0.32020873531622,0.0743303413954952,0.133388481763725,0.155683139236964,0
0.411575015911674,0.0700646297952796,0.0630774911630433,0.160582477563213,0.29470038556679,0.113918380753715,0.113930377061499,0.0916629215762941,0.0370224983726594
0.382710712064563,0.120396195957039,0.0423961329557033,0.0994750862197879,0.355021872802907,0.0693344797038218,0.104837377258551,0.0697647773266303,0.0232129531940793
0.441703162802793,0.0964288099525244,0.0830560408904287,0.19286634933181,0.185945637022444,0.111308220606528,0.207575011030535,0.168310799870397,0.0432643685525375
0.335360096386497,0.0972672006684401,0.0239024125819129,0.243170130245318,0.300300160117831,0.102806623300094,0.169544838074229,0.0801450415146861,0.0445750238004977
0.443040902875549,0.0933127938228861,0.0251858977654707,0.149938157431897,0.288522248104197,0.105782594113373,0.128263688741284,0.064709477309014,0.0260522864169519
0.334115093121328,0.150439193068891,0.0559688309767229,0.171453406989612,0.288023475843446,0.0704676676115276,0.161339763240845,0.110188992563672,0.00954445564465838
0.330872992262731,0.184451274206737,0.1294662593957,0.117248652399426,0.237960821735406,0.149561441949653,0.129177792812247,0.195716465501908,0.0291007638776255
0.440475017536118,0.159381074852487,0.0565894117300976,0.110768672702702,0.232785823178595,0.137374745972734,0.128375742691093,0.185221983033309,0.0202434127411835
0.338124661802061,0.194407390541738,0.120251017057714,0.122725688676279,0.224491241922208,0.187442756582983,0.166846623018341,0.170843798252883,0.015280081199654
0.379865474489257,0.173085737628617,0.0543303655749823,0.182069164066078,0.210649258241066,0.0648540635016732,0.216826323220749,0.09628755936146,0.0193347221123862
0.419562125746296,0.103241710218734,0.00983749714006633,0.115754476513266,0.351604190381638,0,0.0903980175791192,0,0.0279179282473279
0.412872839539624,0.245920250007375,0.0316135943880684,0.100144255644731,0.209449060420202,0.0410494346534314,0.145706848802652,0.137635041068166,0.00825981991220204
0.323239672871679,0.172013259465037,0.134763905860479,0.100834827959718,0.269148333843087,0.165641445936167,0.195791718083117,0.208398914806557,0.024000479484992
0.422246122941936,0.0968156138981639,0.0417179849983678,0.152864675742998,0.286355602418534,0.0722791289980058,0.135056980245656,0.185865985586395,0.0421428969361459
0.320661474654104,0.225158740395225,0.0626256144508415,0.0958327376387215,0.295721432861107,0.19269517765391,0.0972035002807871,0.178657025791322,0.0237676228740273
0.398220797301715,0.136818908138263,0.0591545885599192,0.16942455613817,0.236381149861933,0.209776294141552,0.234290818826457,0.153308340315553,0.0419350406572867
0.314478991098671,0.223856245368657,0.109350217877592,0.127033182655706,0.225281362999374,0.0614731536773191,0.122697703942396,0.134550552443373,0.0375638430386385
0.473023327818335,0.0820773806753501,0.0585066386320291,0.126275072211378,0.260117580662908,0.11619130654613,0.150572661477676,0.0966626104509492,0.0323690521138314
0.496847735916414,0.158270773786361,0.0837798287749862,0.093500439026711,0.167601222495527,0.17033018815078,0.157678479774823,0.116168332163243,0.0471494060846752
0.393189253608437,0.172170702798726,0.079180053850297,0.169941346676534,0.185518643066006,0.195483821408866,0.163542344424009,0.102659922498826,0.0388878454171174
0.370866697751288,0.172885302290222,0.0665452374064319,0.111919146531402,0.277783616020657,0.0863942188889354,0.166112229763503,0.126081928944772,0
0.392441931671917,0.151087832472926,0.0403095182694412,0.161509428061154,0.254651289524562,0.0817054352736571,0.117879489508199,0.125337087999773,0.0188807495607461
0.471535128005982,0.11862150864211,0.0145348636196148,0.156482256919922,0.23882624281237,0.169279009656023,0.156475156751146,0.0706158332895322,0.0255957142682924
0.417437180035726,0.107908635984833,0.0611978027892573,0.154072821495806,0.259383559694377,0.145214959815255,0.159315249257191,0.0957013904177771,0.0102272587348818
0.32708476791209,0.114180678876862,0.115663558726093,0.20711413476951,0.235956859715445,0.100249657034402,0.154051506683463,0.225253346589228,0.0351513961454199
0.388528718320327,0.0888821433730627,0.085677311941608,0.136233988208123,0.300677838156879,0.0760814889810812,0.163600141799981,0.0873935910631026,0.0389548701761976
0.336561282027106,0.215324207184484,0.0775289685455794,0.140557065596524,0.230028476646307,0.222837466383772,0.171786496651881,0.12963342445436,0.0421895650551589
0.386039324383642,0.210032807377092,0.0315864269203306,0.136907428674493,0.235434012644442,0.110071661353105,0.167114854721917,0.161589893267322,0.000265281815615258
0.404726058552484,0.175596632552831,0.0128657354200968,0.176507449460957,0.230304124013632,0.25544818522758,0.204424673872647,0.120135958624856,0.0129316265553892
0.39645969490167,0.131653054037034,0.0866138878326721,0.13148579835069,0.253787564877934,0.174326637216474,0.183296067735072,0.15981207140702,0
0.445923126012843,0.0609720302827521,0.0990295588321223,0.149568429653224,0.244506855219058,0.142473300681153,0.123422591164991,0.0876552739387836,0.0348334935951409
0.454125366084274,0.0651048789000163,0.0529352413005677,0.113577590411953,0.314256923303189,0.0815283084239763,0.106878405816586,0.0424959106042328,0.00482728422087276
0.426455998115687,0.0954520436476371,0.057631793035552,0.182554107164517,0.237906058036606,0.0882322622463587,0.180173029967439,0.0748128130885671,0.0347336352955902
0.306821548999107,0.145446160558773,0.114021136634604,0.102560110230419,0.331151043577098,0.267092844943767,0.169780794562816,0.135852059671255,0.0388166915614534
0.436723632663234,0.138156125668695,0.0872302656238631,0.154110995212327,0.18377898083188,0.0936479215131093,0.167204235067697,0.110537050381068,0.0224784822558921
0.420274356566752,0.0926248911211893,0.0492590459623438,0.14999390614379,0.287847800205925,0.132589191001172,0.199405086010205,0.0161721980020147,0.0326407425603997
0.463320471529209,0.118130336903346,0.0892382337186905,0.061157529738711,0.268153428110044,0.0306987182674665,0.203781633824868,0.0671022259886242,0.0250394693160708
0.407288576664326,0.135693412830283,0.080182723730221,0.131789782735432,0.245045504039737,0.052582673023128,0.132895169543367,0.0921222631278582,0.0289062445620015
0.410031887469395,0.128544855567074,0.046417485916659,0.151647459240863,0.263358311806009,0.192215962523178,0.175241195399976,0.130237842197338,0.017251720677121
0.362532540312924,0.195238281860099,0.0591275584371474,0.175013188051994,0.208088431337837,0.105688064426884,0.109519309775818,0.273721050579052,0.0451808689312616
0.361703285654198,0.114551098447199,0.0801464369072296,0.161763360389087,0.281835818602286,0.155754246381162,0.172878882172951,0.141514532656504,0.00141815042887469
0.451279884986103,0.128056257396621,0.0653485736034605,0.0937562836944758,0.26155900031934,0.141026733957583,0.141277884386797,0.0705322511514035,0.00705040379245649
0.421053074802187,0.167764225126585,0.0671671376257176,0.176250946060314,0.167764616385196,0.126755657958374,0.117524431928291,0.164579084234727,0.019087566344112
0.413941465047314,0.160629286740923,0.0761313653709154,0.10722105716973,0.242076825671118,0.161677520831659,0.0978027254092264,0.139040620435683,0.0164700905756499
0.38821949428578,0.162057692146878,0.0524783085576724,0.142725777066366,0.254518727943303,0.193554549197842,0.18846758739652,0.138306171054415,0.0240644057649203
0.354009065125055,0.147263292152795,0.0436803711900466,0.258880751320632,0.196166520211471,0.194276310212146,0.125590662460796,0.167881092232641,0.0255082114823401
0.440896941674274,0.138550661555078,0.0468061565008634,0.106258341303331,0.267487898966454,0.184359257606268,0.136751580412709,0.0671207450069188,0.0264188943528609
0.338920498078021,0.124012364600488,0.100455612676932,0.0677202233235257,0.368891301321033,0.0571254174224145,0.181656086092176,0.0188565460352749,0.0286400940684087
0.34918720274782,0.153696710644645,0.0386161685670599,0.154285235207265,0.30421468283321,0.133360683475709,0.203182454231001,0.145575458910027,0.0282514643783122
0.389810661027261,0.146391621863262,0.0285243640132469,0.177856925173975,0.257416427922254,0.127565977675598,0.162753600665669,0.195849661795934,0.0416703619126699
0.419857387720986,0.152294507184459,0.0962005985049515,0.168777760884789,0.162869745704815,0.0689419320576717,0.193630731041061,0.128971070366373,0.0359068964890598
0.488792373533301,0.131303084208423,0.0268423274551014,0.135387717805791,0.217674496997384,0.0577087331788279,0.149850404719081,0.174690334706057,0.0203130885675014
0.366571367264537,0.206686866255087,0.127878018601701,0.100679193910067,0.198184553968608,0.182218859398803,0.153043059801928,0.15389742309015,0.0449358435943047
0.392827518782268,0.141849816023946,0.126663770643173,0.137258860994751,0.201400033555863,0.0935373182325352,0.181665661717072,0.138742325759942,0.047260699161775
0.314577419169432,0.133971794473688,0.0783369652719132,0.160387501080608,0.31272632000436,0.133098914720913,0.110806853357158,0.142538672478744,0.045946248607006
0.349113036383511,0.138974065189387,0.00550788944533316,0.235455081646252,0.270949927335517,0.159704897453658,0.11849969136507,0.18869256340189,0.0319590435185553
0.403265859759305,0.114792983056403,0.141274230953817,0.0909265473285839,0.249740378901892,0.0916516362023676,0.185666122403595,0.0482079855730357,0.00599931579974949
0.373663233010081,0.11641134703374,0.0809021002940597,0.155526252347314,0.273497067314805,0.0434098115662622,0.172332214579806,0.115929090814295,0.0528156589123612
0.371221944028165,0.147542495151045,0.0740162085640432,0.11078890989599,0.296430442360758,0.0683503431407455,0.14535559921018,0.0549806107632346,0.0300206583140207
0.406011297139352,0.222726923584176,0.0725052971447812,0.114752986350855,0.184003495780836,0.109915621136393,0.167970598851901,0.136445065672783,0.0245648334623307
0.364145220642765,0.162920181290326,0.079846162747952,0.0920612218928741,0.301027213426083,0.0315300005486399,0.158434797338077,0.136199994490561,0.0140854633943463
0.351861573914441,0.102744909830309,0.0728296647677014,0.164616115469536,0.307947736018013,0.136498551318482,0.10781619513307,0.139331731453623,0.0305475322755493
0.37932348262537,0.134438944875423,0.125292818605118,0.117074256479927,0.243870497414163,0.0939477915329787,0.125817308241449,0.0759258015425737,0.0290239081877649
0.463549584859389,0.0941681922047378,0.0463755142717608,0.119276283518993,0.276630425145119,0,0.169098755558342,0.0360272304569359,0.0306314510996174
0.348313578278625,0.177016391467483,0.11450503367497,0.100749389474544,0.259415607104378,0.0340497073746989,0.218501078709403,0.111509764230891,0.0324258649903238
0.335217416076538,0.119006298343317,0.104457474830704,0.187828216199268,0.253490594550172,0.140556971313208,0.150471022490695,0.0519236256268971,0.0335751825404087
0.323182937752352,0.178380442691533,0.122321604725704,0.0613190290331562,0.314795985797255,0.0792332020612582,0.141186704130558,0.0969925004200993,0.0169122860914579
0.374524592612111,0.162986217415063,0.135300094860365,0.139773870605733,0.187415224506728,0.183405895337822,0.150922271018714,0.105220257321589,0.0363756335989559
0.386267209066683,0.199641257296965,0.0788592688448295,0.115519329713276,0.219712935078246,0.118382708011414,0.196628964441092,0.167330853207767,0.0257274462630712
0.423774090953305,0.0954844236929178,0.0383120944180615,0.141808874061083,0.300620516874632,0.117780968892418,0.170409410186616,0.0249937886367395,0.0170699746247106
0.40204247724394,0.183556405818225,0.0867260112281089,0.0480306927107531,0.279644412998973,0,0.177582013138982,0.149118789243782,0.012694951621638
0.404580699918415,0.139812489229753,0.0474255249229753,0.143153500212566,0.265027785716291,0.083888339426259,0.14381391921031,0.0999364159795579,0.0090493775091885
0.388149479693664,0.14913949892423,0.0469896446566208,0.147807622285188,0.267913754440298,0.052536478253359,0.158750352751623,0.0678550730404312,0.027006570743793
0.408832524700103,0.102356362631382,0.06819480601225,0.144233594238506,0.276382712417759,0.0536037869971904,0.147619589720959,0.00972389192424575,0.0473554594169849
0.481830513796661,0.105112087883884,0.115254717142979,0.121403958590511,0.176398722585964,0.175407457327716,0.145826870660846,0.140956327196627,0.02407109505522
0.40541660704911,0.0763689273240101,0.105883637840724,0.12606008691884,0.286270740867317,0.0972801128044796,0.108727882521405,0.128557934093105,0.0330687234605772
0.384068968025407,0.110600465576557,0.0333694848063084,0.208998233243144,0.262962848348584,0.182009471331511,0.138506814614,0.235803713148404,0.0181298266933377
0.419593021364568,0.154463817922469,0.0979368762671367,0.0861034517819116,0.241902832663915,0.0796812438327503,0.155470602747495,0.0751972576832725,0.0256042856164673
0.303088750125823,0.152015954829696,0.0828642531616974,0.183789917777143,0.278241124105641,0.167953215792783,0.124080937014192,0.207609923471538,0.0709229277464595
0.33469875206181,0.140461352887172,0.0382279804955956,0.199791659771082,0.28682025478434,0.121028641912958,0.103798362717526,0.122368198710603,0.0580034037102769
0.359553592198876,0.176716316804882,0.0881894303413103,0.186739991207569,0.188800669447361,0.119019804353247,0.187550470040102,0.121064134371354,0.0490598530049463
0.286318850068753,0.220787672780737,0.154903161359506,0.0918955134790238,0.246094802311979,0.155409147349341,0.217885884942372,0.161754795952234,0.0368836497566052
0.461032177534269,0.0973234296801183,0.106679144757112,0.148797096205355,0.186168151823146,0.0801413123889078,0.173380959747933,0.147583169424094,0.0766114066581497
0.378013347948882,0.172344451583053,0.0978638921413525,0.0951374273358811,0.256640880990832,0.168337659553247,0.148978249929887,0.135226809910244,0.015591931233837
0.406935423389043,0.114844851766474,0.0708620723344691,0.0997086865140893,0.307648965995925,0.0446127691827472,0.0931858383182546,0.12616452684848,0.00601160471654932
0.464130721068835,0.0993021240739772,0.0395952004227663,0.181418371453967,0.215553582980454,0.144215321563917,0.148717118661292,0.194027820450093,0.0322218634939361
0.425788097565631,0.166338436918966,0.0847428789342786,0.175717977815412,0.147412608765713,0.102539811284376,0.15278792182293,0.154313361292508,0.00264068679625888
0.343969562498023,0.207154817148384,0.083790320467918,0.134609650359363,0.230475649526311,0.0632895315601314,0.151649947645069,0.155738196169478,0.0261136895120509
0.351822709744585,0.246212716140527,0.0382019444115644,0.108534819637163,0.255227810066161,0.28538991255213,0.111231691949148,0.177864156663701,0.0184027914999967
0.255274086896917,0.197234893556546,0.0817777572881605,0.116174614436184,0.349538647822193,0.0543594653988112,0.161644024277296,0.201250722219727,0.0317836518257214
0.370919209832945,0.112559531111621,0.0627077428728551,0.0902101358547173,0.363603380327861,0.119927687171104,0.093963437468902,0.113316828275494,0
0.414262530408269,0.112317230028646,0.0466916336796191,0.156882894018166,0.269845711865299,0.0833132184940193,0.125719860095717,0.163152724236341,0.0190257808952676
0.426640833218435,0.107752245356235,0.133771600583062,0.117167008122341,0.214668312719927,0.284785275870642,0.176214327201094,0.224863165821573,0.0312424759578839
0.461151829341333,0.0591308133279479,0.0659522987311336,0.123097719675177,0.290667338924409,0.165087976372344,0.0798005962772603,0.0356261403226263,0.00856314327387129
0.334026585162757,0.213137023448079,0.101315626431456,0.15684591419164,0.194674850766068,0.187212248461016,0.205032567008647,0.175687977630858,0.0463600753063941
0.307990541971724,0.247919002549302,0.0700190238747375,0.128323058964986,0.24574837263925,0.0503516733247532,0.180001348400829,0.252805146047202,0.00129705766913686
0.458659088799782,0.15839215730183,0.0448987463258413,0.0499490809916662,0.288100926580881,0.0300035840974585,0.169776733547154,0.118080221334188,0
0.492242519472505,0.086646652304493,0.0667367817941195,0.114736288935343,0.23963775749354,0.171123409312131,0.138651082598196,0.180648333426395,0.0575016219805754
0.412556384607892,0.10334800320865,0.0625226183838662,0.123360686730988,0.298212307068603,0.159672282763443,0.215282497748681,0.105741431119321,0.0225801162128055
0.441941419267781,0.113714058024032,0.0549544886849813,0.13470126749284,0.254688766530366,0.110266306025054,0.129720083961286,0.0787392742024596,0.0282380333418799
0.385873473359741,0.134363890497066,0.0368670531244803,0.152923554104245,0.289972028914467,0.158268048559498,0.150360262764246,0.175405148223778,0.0637392865736263
0.391732469431896,0.0827464527867609,0.0779338864209007,0.111930988904428,0.335656202456014,0.0375817739491596,0.124104054985955,0.130546662546018,0.0140868674750295
0.411846127199959,0.1138383575822,0.0748192186404282,0.196141473208201,0.203354823369212,0.0842474179663188,0.220514174316114,0.171716333220162,0.065485532615072
0.396028229334189,0.149567857130277,0.0515815729565985,0.133791798407958,0.269030542170977,0.009916416026647,0.123001592995791,0.142058446197014,0.0237800956948056
0.404513289351248,0.126785799140728,0.0383538456293003,0.148212929687641,0.282134136191083,0.0433073785954358,0.153353354747827,0.080640870835263,0.00997957141768012
0.39523146803187,0.0440352707415698,0.0832929734124282,0.194384247157922,0.28305604065621,0.0861794003212238,0.174128414036706,0.142533187160949,0.0517053941023108
0.422406095425153,0.110731780674099,0.10757102132996,0.0708932777996753,0.288397824771113,0.0764944028868355,0.193406086403263,0.15421102611826,0.0201260591792218
0.291859527221239,0.207086912477299,0.0903298407765772,0.152519708324897,0.258204011199988,0.0732608919356771,0.217463790532639,0.0780801718168193,0
0.369823048959434,0.158936714660416,0.037585650991844,0.193594748794413,0.240059836593894,0.157540755065789,0.170184048442132,0.149646838856739,0.0298049698645204
0.416539652204846,0.0949065665615099,0.0341011040808671,0.223667190766786,0.230785486385991,0.10146275624684,0.145447789918946,0.0907086738279809,0.0571044138714962
0.312386940667996,0.207875927002172,0.111317333082893,0.103001826875317,0.265417972371622,0.100172674686726,0.178565021314955,0.07980762394455,0.0314664846409223
0.370531921081854,0.1408225057674,0.094347247448371,0.117589000645374,0.276709325057001,0.142427936935675,0.19300769863077,0.119294535731255,0.015024316405405
0.401547740269696,0.0752257600547461,0.0666398789194059,0.165788416441755,0.290798204314396,0.117399401112808,0.113973486923739,0.098577592340331,0.0392093171356292
0.382988005033647,0.135589792444257,0.0323015286696993,0.209163088757639,0.239957585094757,0.104196750101742,0.124409280117897,0.09851768572819,0.0255095057718491
0.423119574963232,0.155008362421876,0.0819564556469744,0.122844381190584,0.217071225777334,0.0812846153402111,0.184061195484392,0.0661396131937538,0.0529714667982815
0.396245230508817,0.110709429287155,0.0996463431355599,0.133356574261576,0.260042422806892,0.0489511130957712,0.10391129340301,0.148593518973554,0.0102464282762151
0.320853470128452,0.113611559237871,0.102049501520524,0.170193363044522,0.293292106068631,0.122511769959076,0.155417136449519,0.0340298955461274,0.01338585698722
0.410573976002917,0.175295670958602,0.0812904609147087,0.0488642413647694,0.283975650759004,0.0354719169579807,0.160888044887122,0.0630065003309559,0.0343258660280732
0.480896928103707,0.0538895898977212,0.0546062206224642,0.196116006045165,0.214491255330942,0.114134569542639,0.157461221328678,0.0612358021437189,0.0194282404300315
0.354717496197928,0.1427176488884,0.0307851675980068,0.203012773574295,0.268766913741369,0.0713392095268567,0.158745534377799,0.147860133745833,0.0299249784008753
0.378585736533015,0.0817814252546232,0.0580705640104931,0.153339364125,0.328222910076868,0.013107100171594,0.157752674814432,0.039845705731795,0.000376780140538811
0.434241428303435,0.0882841063808335,0.0775697708071145,0.135259968197229,0.264644726311387,0.118713156192247,0.142372670747653,0.0712053167300342,0.0660000896285969
0.306367175159886,0.200961303177252,0.107700692120753,0.120741290661183,0.264229538880926,0.110612232585014,0.163881692416206,0.191530522967909,0.056666640662231
0.407241174043569,0.172546244744549,0.0992358043695281,0.0758933873541956,0.245083389488159,0.0680782511434889,0.0913321684654645,0.155466273902444,0.0215797200706551
0.367678230135936,0.0986559057023233,0.138373662203547,0.0939233927218442,0.30136880923635,0.088180444561439,0.0857918476430558,0.0343545221064653,0.0373625058091005
0.37264866649462,0.191466348627029,0.072696846743806,0.169547730843805,0.193640407290741,0.0805740103945888,0.200728331787339,0.172934892973431,0.0376778475587704
0.405348287093687,0.100314636254551,0.103988192714887,0.126600027566972,0.263748856369903,0.0586916804067757,0.177906883508329,0.101347219020528,0.023996461051137
0.501762037198319,0.0784718315969261,0.031412314537302,0.112158204949586,0.276195611717866,0.082052309265878,0.125501899595332,0.0515245507262923,0.0172746695301203
0.416002710909474,0.193415637695477,0.0458983143188859,0.147407872421921,0.197275464654242,0.223715782245114,0.142890417741524,0.109769198861141,0.0434448380227426
0.34336977827087,0.152523547589792,0.0336162398212307,0.167474855396712,0.303015578921396,0.0752420598347941,0.0948952240049965,0.0715030846184731,0.0360371566091112
0.408489336603197,0.170791131687289,0.0944659933631167,0.095947985977658,0.23030555236874,0.234476629751824,0.139966631105734,0.0972075593022428,0.0464463882107918
0.420903316680967,0.139090928124677,0.15159530261815,0.0642084901173334,0.224201962458873,0.113968717536755,0.221143714179892,0.0846280042409108,0.0383642868828429
0.457816431992326,0.153329754626459,0.0240678344122902,0.118555254733127,0.246230724235799,0.145586505305447,0.142078783011094,0.105357554300986,0.0408713704120454
0.461819243364194,0.0917266792896614,0.0704129299375898,0.143899409263969,0.232141738144586,0.120912634596827,0.133150734561101,0.0488725301895114,0.0411647048640921
0.405453767890198,0.154455925249154,0.0871311605006274,0.10554501935597,0.247414127004051,0.145795939805695,0.183613684674308,0.106429166970926,0.000729828259261416
0.429501902046416,0.139292779522528,0.12593651273229,0.0751715726506231,0.230097233048143,0.0883054485246639,0.206795622471098,0.0562769440019858,0.0251453240996121
0.488626052110912,0.0512680035967859,0.146576691961336,0.041963337282961,0.271565915048004,0.19102939957975,0.128514474259907,0.0698410555487669,0.016358396227708
0.50145563952695,0.138079653127674,0.0553386771093123,0.123030486677581,0.182095543558482,0.109525291278818,0.122535927393638,0.0795784342172252,0.041410082252444
0.423803994498578,0.131097654157527,0.0510183493649513,0.105058982669996,0.289021019308947,0.0797460276140882,0.127534705423484,0.143659534590766,0.0408653297593569
0.41900367001131,0.149858286403812,0.0358272551200766,0.170162495830655,0.225148292634146,0.181966893181751,0.188922241011065,0.233939794332751,0.0237471956433397
0.417086803046731,0.165152145372032,0.0913597119923497,0.0890305586602828,0.237370780928605,0.174416144308555,0.121194756152908,0.176546611433739,0.028661728651901
0.453828878940048,0.122953470566146,0.0620403893265387,0.0945479059564043,0.266629355210863,0.12947252293005,0.0945396785796212,0.164072887927172,0.0118561216531448
0.407105369565908,0.136466595028045,3.51499049764206e-08,0.125613240528223,0.330814759727919,0.185410863678007,0.100781645679945,0,0.0366131645760207
0.42518377503013,0.230645712137402,0.179706824676531,6.34384347464502e-08,0.164463624717503,0.0531188498446044,0.166507280810595,0.0927960321788634,0.0472233194466881
0.459934450003814,0.0584353422648518,0.070654702206041,0.217700015961221,0.193275489564072,0.129313082314944,0.131166469122298,0.102807588156289,0.0354176748458227
0.353519158569249,0.176942788025236,0.108583021571313,0.101085256255551,0.259869775578652,0.089243344092192,0.180385687560561,0.124448451702179,0.0362121245546343
0.376720130664569,0.139362743992524,0.0996073707235022,0.0985408000597234,0.285768954559681,0.0936572590108049,0.141528603299699,0.0812897975231361,0.00735702653609356
0.29397810816051,0.217356822062231,0.0633386345370084,0.110647568710161,0.314678866530091,0.236969055209595,0.274915191949353,0.114972449498987,0.0644686061731513
0.411597959872778,0.186366442175352,0.0929793510442006,0.0646451760770802,0.244411070830589,0,0.103583206771166,0.132111272431906,0.0251954705461322
0.339223340080175,0.147282718449312,0.0534921302548885,0.175337612543196,0.284664198672428,0.168577441471115,0.144408471701947,0.105693621778867,0.0206334645692233
0.404921903670765,0.118377815013113,0.088453677000994,0.173989947842259,0.21425665647287,0.107938446820046,0.109589067131833,0.129952859628567,0.045500004326058
0.40574434539372,0.172925760451629,0.0582171378484419,0.183845553560683,0.179267202745526,0.173455235922765,0.0823349650478094,0.139113271102866,0.0203891456742417
0.391554254357228,0.174653193578578,0.129892297399024,0.107153590332825,0.196746664332345,0.0895285793002936,0.158190578843845,0.114100742247873,0.0285914780533918
0.401665670359697,0.139825416771754,0.0531244020756359,0.108384382996747,0.297000127796166,0,0.210296262835893,0.20097263865655,0.0200060994792428
0.39085243645054,0.145532957712694,0.0485619363485745,0.189104043247499,0.225948626240693,0.0869842944444558,0.155402787916075,0.17515011406697,0.0268122297343847
0.468620268080804,0.0351415621939682,0.0681063651798339,0.183110774473428,0.245021030071966,0.0758166612616162,0.155519303236382,0.150037866962342,0.0129772515997942
0.517254922619269,0.0740268509267872,0.069162741188292,0.0464673849837261,0.293088100281926,0,0.137672764624022,0.0815547569577236,0
0.313806775247828,0.155278675029353,0.0636159805124352,0.166203426588308,0.301095142622076,0.169572886509908,0.162375145301816,0.157119033063583,0.0274848941505148
0.481431753208575,0.0951346911392454,0.0581279110019439,0.112380342079613,0.252925302570623,0.0344392409065115,0.18063519358302,0.105306548415744,0.0220343268428183
0.311974929025781,0.192494537227334,0.0360362939309107,0.197324636245648,0.262169603570327,0.211082219097029,0.136351096017538,0.229374903384631,0.00871559187143255
0.342978643665702,0.201155190163216,0.0878476839535947,0.116139459937205,0.251879022280282,0.181736441493841,0.145017520843653,0.170974079040117,0.000743329632377117
0.389299392414868,0.150010486301801,0.115713543831747,0.0806493768177327,0.264327200633851,0.00661203067733274,0.105903271079413,0.109279772999164,0.0170952064076054
0.318023710063931,0.172467626852154,0.0989941388014939,0.111739215927566,0.298775308354856,0.208061947911006,0.153297312887754,0.134908209697054,0.0273554054249186
0.350519933865523,0.182770441019225,0.0974180453675691,0.0782772118252637,0.291014367922418,0.0819770088996517,0.159002524842585,0.16824415696164,0.00956467964401746
0.460151783453875,0.113167340134266,0.0246011045479682,0.126044921929357,0.276034849934534,0.100131581675707,0.17462384173857,0.205159751297698,0.024922451506237
0.366521999983917,0.130303418817789,0.0834189905053814,0.123558761116437,0.296196829576476,0.112319450371392,0.182247881794088,0.100449026214075,0.00614936492339466
0.342258980306658,0.195603225133816,0.0723804185579175,0.143188521668041,0.246568854333569,0.19540901621628,0.097988977174717,0.139774193576591,0.015632654324948
0.395812372328903,0.170265382991994,0.0349762408222854,0.139998550501481,0.258947453355337,0.166450882759168,0.228979900184853,0.127175316505177,0.0354015774388777
0.38137675968727,0.185253602673279,0.112679236154595,0.132486268053111,0.188204133431745,0.143678884602969,0.152023224145265,0.1280695391586,0.0535799938518815
0.45693139026341,0.0978851157309163,0.0240339743830044,0.120909984118098,0.300239535504571,0.0678429329730171,0.150392050807447,0.101669696313954,0.0682665145253688
0.379092968126083,0.160842684678361,0.111849347883708,0.157671336922801,0.190543662389047,0.183561673455117,0.142139036268565,0.115322559315622,0.0285989310428607
0.387931381969198,0.0920420417282514,0.0263729364206485,0.166924165777454,0.326729474104448,0.0281675441191587,0.151883303471767,0.15533217644396,0.0121280485256651
0.466002640171514,0.125255500857842,0.127767281240881,0.039645766549428,0.241328811180335,0.114149707585836,0.194455731778172,0.0520710848333998,0.0190155832940568
0.307771012827414,0.248856267249915,0.0558261820561325,0.136094982243185,0.251451555623353,0.13080072071462,0.178479386261759,0.199846798242706,0.00969365461271075
0.363579339776685,0.114048955497556,0.0978179647486078,0.142807708601507,0.281746031375644,0.0784107997719262,0.150523378840261,0.129500865694502,0.00941481863726952
0.377396552469739,0.146276479133638,0.0774369723277217,0.173394888929759,0.225495107139141,0.215489276343797,0.16182643114521,0.244323088641881,0.0254058833546845
0.416963254460418,0.115097498002345,9.9443509661767e-09,0.199554586878646,0.26838465071424,0.164258419052403,0.200863917906865,0.0778817446481175,0.0212372930359109
0.431905025892751,0.135882876509891,0.0377544745389326,0.115384055052848,0.279073568005578,0.0669431359935505,0.174094906349555,0.077004978095777,0.0200300153689695
0.37501372887507,0.13657285007374,0.049581797745875,0.169682209863702,0.269149413441614,0.0383364699508286,0.0817306797109491,0.146706109041349,0.0384539183612439
0.42627979714614,0.125796972653912,0.0730982108518728,0.113778292136419,0.261046727211655,0.0566353267292713,0.179221214571857,0.125526864066444,0.0277362328921105
0.351775124813438,0.204281916575248,0.139932157546662,0.0975233294910663,0.206487471573586,0.140909742732025,0.206124333234389,0.177971840870412,0.0203109132040545
0.414066988908903,0.184207875256148,0.0227333396780037,0.167565057980326,0.211426738176619,0.275528539001225,0.18309827943083,0.131675930441281,0.00827340160661296
0.394940677868029,0.19979106261056,0.038478301212944,0.136647907744098,0.230142050564369,0.138913310568306,0.1274674333948,0.0945735086234123,0.0142975680389835
0.486664424143703,0.0481485344844412,0.0351890169230713,0.16864561866813,0.261352405780654,0.184235889885561,0.137946046178903,0.169655086272152,0.0321493961106523
0.449284595159011,0.119475852107636,0.0527261512466747,0.153543947232611,0.224969454254068,0.170953948831821,0.180861200834333,0.14126169905473,0.0178621984704404
0.365156422566905,0.13199726857692,0.063396425994505,0.20164225586548,0.23780762699619,0.103653869471837,0.141905748464444,0.223823578322306,0.038868966424272
0.442643628610633,0.158397098314244,0.0656246747395022,0.0373480210823693,0.295986577253252,0.101877480030628,0.145085716176922,0.0407218401151923,0.00667525995733405
0.409695061598072,0.113230222336471,0.0583069225905015,0.112237748567668,0.306530044907287,0.0538912848490792,0.181074909751886,0.0197271444413523,0.0195074740282932
0.369078445289809,0.193148057290336,0.0499908971666485,0.123864820172702,0.263917780080505,0.1195204863462,0.156124665891629,0.152388843510607,0.0248453272986844
0.459100620767314,0.124344834574973,0.0664424226140348,0.0641974739657545,0.285914648077924,0.164109335853605,0.155751979670315,0.11646390060926,0.00949545430085416
0.393310586315269,0.18497480792205,0.0635935886616213,0.167896970545845,0.190224046555215,0.0988651748571508,0.181985453943433,0.165119345968892,0.0623592803093365
0.378484982665146,0.154117567453956,0.0338668267142792,0.156146124783889,0.27738449838273,0.0995134143096221,0.183239017284547,0.0837044023835428,0.0227360978979306
0.470195693146391,0.0739481825738827,0.0664115648771769,0.130048991658994,0.259395567743556,0,0.194329198990844,0.0763019138659697,0.035975518348928
0.44189904167168,0.099388045589429,0.0579494054651087,0.170469434553565,0.230294072720218,0.120307470922992,0.133565869204692,0.0572813211894681,0.0554131703411922
0.402310202671589,0.103650256084446,0.0655469063392413,0.228190117395536,0.200302517509187,0.127777338819842,0.107337020404175,0.119458132242631,0.0227991424406465
0.38470114491992,0.187123041469683,0.0512652076703915,0.175170578644296,0.20174002729571,0.223612024970893,0.136365004407207,0.187597028805386,0.0433571960562957
0.40767221880452,0.133657017267462,0.110529970277823,0.088288185949778,0.259852607700418,0.179280508114725,0.194296373062163,0.134134370926258,0.0291934922761412
0.404774122200328,0.194801397055016,0.0619031985014801,0.156725081480744,0.181796200762432,0.151028070921366,0.102865230236031,0.221321627563028,0.0272746570268261
0.4429710184757,0.151693171422668,0.0870006242904102,0.0990273364204227,0.219307849390799,0.181759278907422,0.11259019873422,0.22193878176127,0.00729218122662951
0.36730149672956,0.169996237274894,0.131588002305909,0.0931987463280321,0.237915517361605,0.199616030914839,0.15631864348953,0.107741504206191,0.0202589043809942
0.46463104650395,0.111463758934317,0.039760601476536,0.140427864811742,0.243716728273455,0.0518609696967884,0.163284966194953,0.133277113869606,0.0415106803295033
0.36616809099768,0.106436526191089,0.0840278892148677,0.155640786487914,0.287726707108449,0.0425006783947965,0.130320968106631,0.150483550645566,0.0242069405887662
0.384356499077622,0.187411608808712,0.0972540538791514,0.0809473203387689,0.250030517895746,0.123382102780695,0.190081091320737,0.221530668261484,0.0144291518846434
0.454979646804654,0.0909495446203191,0.089625258494663,0.128643525301386,0.235802024778978,0.0543740115724439,0.112321883889865,0.119453403076443,0.0384335268189833
0.378370792463614,0.15054634477897,0.101998331338846,0.0650165822599156,0.304067949158655,0.232015189824395,0.174088991476389,0.138721531835982,0.0388384764558859
0.366274928394665,0.109292912038152,0.0458867371187327,0.162332327878335,0.316213094570115,0.0644824059257899,0.132424756902298,0.121408710710478,0.038796100894446
0.364404343247981,0.0969613090645183,0.0426920458412973,0.14707733496645,0.348864966879754,0.0193232717598668,0.16961479306525,0.0523523403719167,0.0563888003267202
0.479278653749525,0.0345544191959272,0.0632338915073875,0.135708869195454,0.287224166351707,0.0458634052167941,0.106210293909933,0.13754135232361,0.0416758963679512
0.328706189369624,0.14441167163543,0.132169948180636,0.0927946530035556,0.301917537810754,0.206622601886425,0.125483845403323,0.165490060742415,0.0120960124544228
0.436318399154416,0.092354643352571,0.00982479574389267,0.132965643388543,0.328536518360578,0.0730950188632792,0.100271045985895,0.126600869414788,0.0256092974125305
0.360462416352703,0.141447642377118,0.0349610450468911,0.154901945364738,0.308226950858549,0,0.18200816271834,0.16464969833912,0.0157238752320746
0.306073127115676,0.279349031196493,0.081285808223038,0.131098443692892,0.202193589771902,0.107769466465791,0.14343186023789,0.202408982595879,0.0407298384176389
0.398139730503736,0.112264522623438,0.103335450219784,0.153912674803947,0.232347621849094,0.0605403000178186,0.133751699696984,0.142920625190458,0.0483485444357809
0.410565564207695,0.118136791244769,0.00194187542681224,0.17740573512676,0.291950033993964,0.110637567757397,0.051601209898481,0.131319708901441,0.0237671903573994
0.475099793507337,0.151454016533371,0.0254281664330214,0.123651954941738,0.224366068584532,0.198713591204845,0.241590235903233,0.129740248117414,0.0220548613782393
0.416918972223746,0.110242846262314,0.0290679090958744,0.157940645059996,0.28582962735807,0.086355968858383,0.118714806462647,0.0753400435630886,0.0104499873035622
0.352216688167395,0.178459389609452,0.086778612817205,0.163341092322196,0.219204217083752,0.095676258816584,0.147896768901405,0.149216517570004,0.0421462284980958
0.397303935822083,0.139036492059266,0.0428480519875479,0.147448515058255,0.273363005072847,0.0504791956053634,0.146037225397549,0.204342320214363,0.0199543991251102
0.440816063640551,0.135382703956953,0.028447817910184,0.133873457112815,0.261479957379497,0.114227756773142,0.0886530379576968,0.0944599257514717,0.0199640757573777
0.37445400669325,0.168402520221218,0.0928156827659562,0.126433091768508,0.237894698551068,0.0919680763207922,0.157294463630713,0.103141071339474,0.0400439639774262
0.393939185812886,0.180783379169866,0.112926101053098,0.0624581869086097,0.249893147055541,0.156620156036269,0.170192490897313,0.111772097870358,0.000391023412256941
0.357788948201079,0.178267069979999,0.0621683116500228,0.0877477548954601,0.314027915273439,0.119242393032071,0.0979441970218737,0.0524502146404252,0.0102923349890894
0.411378064749814,0.0651416087013546,0.0915910061912125,0.139760989469413,0.292128330888206,0.0153977491244538,0.102472174177858,0.163615622600802,0.0194874580927955
0.4362483622647,0.103871008624792,0.0828343106655236,0.13759342520364,0.239452893241345,0.0524781150617548,0.100035229369997,0.148820019343767,0.0161942941838335
0.396997173918911,0.0683663811840311,0.0935817747074045,0.130878084322016,0.310176585867637,0.00661200649276489,0.139313658930832,0.0338595489056217,0.0324877396058713
0.443961121795867,0.095542713754442,0.01399298901806,0.15962014065226,0.28688303477937,0.168807858711821,0.121911894002182,0.17480462514774,0.0310015735578745
0.375570136881054,0.139234904205226,0.0617049811547217,0.113542324388548,0.309947653370451,0.0280008735592044,0.265397852880039,0.143907996679534,0.0434007092509702
0.428681072641814,0.0682468828598805,0.0852096114069993,0.0920644047962391,0.325798028295067,0.0843100484748129,0.118563507061391,0.0725127372785273,0.0158633062666972
0.430507929148445,0.125390074325445,0.0311305758553952,0.179647687283457,0.233323733387258,0.0740190714663806,0.126313813199184,0.145135895079273,0.0130903110516567
0.40983126490916,0.0803870567586781,0.125100405894443,0.127797519896395,0.256883752541324,0.0731284387451402,0.189830481817282,0.135432678447544,0.0309109160070143
0.46855678527242,0.0599933911564575,0.0928306649002048,0.127022963526421,0.251596195144497,0.08854217565463,0.16248441217921,0.0315866696833077,0.0319928010435335
0.445752988928295,0.11801569795028,0.0610824514448255,0.143274456455292,0.231874405221307,0.0789458280675794,0.150541135906182,0.115932239518829,0.0319662082272357
0.320428503491326,0.162698384602142,0.0682530816812749,0.187978759076116,0.260641271149141,0.219131428951127,0.135830434212627,0.0540821481825536,0.00459307253841397
0.422048246519412,0.172518575903756,0.0343213916536439,0.121632241731002,0.249479544192186,0.036200139251277,0.153722358001906,0.164323107256153,0.0227147328481069
0.403029359972699,0.177586977207003,0.0757017946195004,0.128826009373103,0.214855858827695,0.155089189282848,0.214785823604863,0.196810579065265,0.0220701192613509
0.346635714685133,0.249858603964582,0.0886984615902764,0.0604057905886725,0.254401429171337,0.250988593134636,0.133036738575731,0.113993737627913,0.0175670480881922
0.427712604088285,0.115708552945101,0.100579925684421,0.095462151092085,0.260536766190108,0.157147405872719,0.184750336265814,0.00788909436572182,0.0553173191007348
0.421760749841393,0.175295141231433,0.0858418807639194,0.101089682422755,0.2160125457405,0,0.100538283869941,0.100398137008516,0.0102911493692674
0.357187714151786,0.163507700997967,0.099949922526095,0.130937947702478,0.248416714621674,0.128411029169501,0.101973241681921,0.144479963814561,0.0207647689664672
0.367421317604964,0.132265592394252,0.0594430448939725,0.189262207522303,0.251607837584509,0.112585113952534,0.177238147239295,0.100651194456336,0.0419966415983989
0.374432564309961,0.217013842402086,0.0644097262837099,0.0337901865908459,0.310353680413397,0.123767348522104,0.208096945286983,0.104058688761446,0
0.392569579030055,0.251439331139201,0.0506821656140816,0.0745773411308141,0.230731583085848,0.0609415459367321,0.169399578628252,0.107480007825997,0.00963681455685815
0.523871537423871,0.123231441470239,0.0770024361939292,0.10809244021675,0.16780214469521,0,0.164884996699758,0.132641822071369,0.0309075128332011
0.377793885854158,0.162437248578625,0.0561861945275453,0.11111155470578,0.292471116333892,0.180138706406145,0.140487640280861,0.144324078839077,0.033860961026362
0.448753323031801,0.126951651742722,0.106045219728257,0.115243900979576,0.203005904517644,0.142427131071673,0.19112969556252,0.0683150997476109,0.0271946075584384
0.30991724486164,0.201744242651099,0.0906624419447228,0.127783726816503,0.269892343726035,0.12220809016101,0.17311394718463,0.203195644483729,0.0254248045094017
0.323516899444482,0.240410955600423,0.0816645288695703,0.106597498507693,0.247810117577832,0.201157206951863,0.198764638701475,0.137504210194202,0.0576674829261598
0.391516020186808,0.216732608072982,0.030818227778161,0.142450241302766,0.218482902659284,0.189615281969391,0.149017131755676,0.182689434945869,0.000701102515773928
0.425712714063504,0.150965381448993,0.123746581617046,0.0835056103942059,0.216069712476251,0.127671956834214,0.151335025091557,0.10790611821344,0.0218849244079179
0.411284641663292,0.131278875528686,0.0493630504717382,0.123361164474063,0.284712267862221,0.0678381536506283,0.138435937164321,0.11519740427989,0.00509628355533735
0.445582623179641,0.0751311888347412,0.0926314256277491,0.138611830878494,0.248042931479375,0.059395557397764,0.17067104076778,0.100124735995348,0.0235169357831779
0.296371050254323,0.154694749697913,0.152889383438761,0.120400960355649,0.275643856253355,0.168106115508629,0.139821153043606,0.175557272352374,0.0349207142371586
0.347029229464415,0.15137582941531,0.0776293996293926,0.129800653760772,0.294164887730111,0.147403678292445,0.186482091378746,0.125104784924566,0.0108280479175678
0.351512869749117,0.158708814061307,0.0918417158055743,0.187047631532996,0.210888968851005,0.100572024799426,0.156677665685391,0.219192394933787,0.0341420094056431
0.300505825205863,0.17524377364842,0.109988065400108,0.0826380445848503,0.331624291160759,0.0532574853390252,0.106986020765901,0.115389744404439,0.0189501442181732
0.402289411436394,0.126467633600506,0.121501466428349,0.144337279679319,0.205404208855433,0.0419012075839239,0.0959893940069316,0.117658080873133,0.0271058730218448
0.442007080491837,0.144035336803092,0.0634424704220695,0.0782912584166502,0.272223853866351,0.0105781832234981,0.155432734003479,0.0836112378097719,0.0196003990815999
0.381851620839344,0.125982861790016,0.0937074498592829,0.152777042960214,0.245681024551143,0.223278305617536,0.212624487131669,0.192959317626302,0.0501796663493556
0.308328317653638,0.188224618193818,0.149431570305409,0.121295183218538,0.232720310628597,0.170456117899376,0.144843801477519,0.133042747451452,0.0337363789439602
0.435706311132858,0.159035966950511,0.130855621408424,0.0675300897809655,0.206872010727242,0.102408594500571,0.194026994817552,0.073465031770609,0.0683857793285582
0.421699693409056,0.0893783341955333,0.0995993523436706,0.132785245304916,0.256537374746824,0.0939623737380406,0.174293012423675,0.0946570654296341,0.0241607360529671
0.379136086925071,0.185388104636951,0.060314637922628,0.136675403071613,0.238485767443737,0.113775632954335,0.216620387707675,0.11363478058136,0.00688904287131367
0.458047232872277,0.120378637368078,0.0794630958366335,0.135845605481141,0.20626542844187,0.0584228002110339,0.174035411034769,0.087322211604168,0.0343421295032616
0.334407047399332,0.194827344750875,0.0904783538489616,0.175487805984917,0.204799448015915,0.0551713890785159,0.155639185014296,0.160263931270135,0.0281282449068638
0.4297372704718,0.110179733865497,0.0470441845633593,0.152830795346456,0.260208015752888,0.123717972261315,0.182385216553642,0.0610232954427973,0.0269123951897368
0.369856621447548,0.206355979717464,0.110180038592068,0.0495029520499982,0.264104408192922,0.116126553317312,0.14084136311482,0.130139236903952,0.0450083535483738
0.362983162892243,0.104244747371754,0.0763490804451867,0.187334054317618,0.269088954973199,0.0746250326805967,0.0830293710333248,0.146365966535012,0.0267835354920586
0.438105880009943,0.119423104765472,0.0477008313964705,0.0655912707635244,0.32917891306459,0.0190022779753476,0.217634849211944,0.102826399848512,0.0110805783664801
0.385371853227499,0.207684201860431,0.0735302092893442,0.141406038015294,0.192007697607432,0.216159631262539,0.139814364290481,0.154341717155494,0.0152356382104003
0.367057069807372,0.0759347028714352,0.099349239680868,0.190324032260221,0.267334955380104,0.0166278753101995,0.202463657737337,0.133679658570309,0.0185313654263776
0.317715840168467,0.188085762804223,0.066746155482928,0.214058547303677,0.213393694240705,0.0956000293888507,0.165801631951718,0.210366264050536,0.0433452390013767
0.524771091583652,0.115330241382715,0.0402668685790494,0.113401519836704,0.20623027861788,0.0564632918926947,0.162426642057273,0.128827907836304,0.0368381301432319
0.436940690988645,0.148153745309349,0.0429418162612686,0.153926528567071,0.218037218873667,0.128612665551605,0.199386719133757,0.145799261861088,0.0198453448007693
0.405737831101933,0.0878447791793712,0.0730691386388333,0.194203885858474,0.239144365221388,0.169417798625362,0.16245218093276,0.0552639881131784,0.0697971015306242
0.225211565185182,0.198504254687359,0.129053635182426,0.155169984566158,0.292060560378875,0.182255802800831,0.213857282206755,0.115761365857866,0.0324884666397742
0.422439482531584,0.100201705341522,0.0809573484959076,0.158363486274258,0.238037977356728,0.0817937592463247,0.229809335379698,0.0642484390117985,0.0588908363758689
0.388899647900747,0.103140323903959,0.0858329592730607,0.168874861612922,0.253252207309311,0.122355336838561,0.193819476056988,0.126291690800702,0.023961059055808
0.424809903951855,0.0669100535260349,0.0712879067423782,0.172915319538487,0.264076816241245,0.107504738148452,0.186896822491288,0.0800619655400506,0.00499262163788123
0.391584361906139,0.150968545653037,0.0587288449761363,0.189125136075082,0.209593111389606,0.080686356906758,0.126933833203386,0.158725947907832,0.034056331705496
0.44869853103892,0.132385522284326,0.0864637515641334,0.137243193820644,0.195209001291976,0.0466101230947705,0.181630906777955,0.14055776574854,0.0354286043153297
0.342346638543688,0.147443882841139,0.078996473277813,0.0962191531851802,0.33499385215218,0.131428080728176,0.103485463643649,0.102018505452158,0.0214900507900855
0.319322969687039,0.184517868600296,0.107904588112702,0.153475348578961,0.234779225021002,0.144239273944212,0.181358214868653,0.146142626145486,0.0133874903735875
0.367336118001194,0.107584619446073,0.0883255874242704,0.185878012365445,0.250875662763017,0.16874884435847,0.110511457239862,0.115471572172454,0.024105320930485
0.372623619433238,0.175174302379509,0.0734667196432096,0.139919642759599,0.238815715784445,0.154959732796683,0.160554388348613,0.124431269325928,0.0339911199467579
0.345583565590134,0.157405152352598,0.0564312056829859,0.167142417295435,0.273437659078847,0.00789413304322243,0.146490554047773,0.141776749598149,0.0243781775189834
0.332441752374025,0.115464073814627,0.0797568201117485,0.166517224914863,0.305820128784736,0.0633624350044176,0.146360398178368,0.124949117619365,0.0295333241619828
0.475118600773796,0.0904575987639658,0.0983207927048772,0.129892222190271,0.20621078556709,0.0132138559406875,0.200373114163824,0.112894746706311,0.0403531773809104
0.387255407923983,0.178864898852625,0.0268488227326507,0.132862255632717,0.274168614858024,0.0888038656539328,0.219295876527597,0.136415508278433,0.00357089125877822
0.435517230013745,0.0682087626084512,0.0861482964287509,0.107035874741975,0.303089836207077,0.0734843527963922,0.143564383409595,0.0410957380940685,0.000114899697007655
0.470162024576755,0.083315696114854,0.127224249284997,0.138314361884172,0.180983668139222,0.122141045421922,0.280332988069492,0.0968500880709445,0.0334152270933749
0.403793159982796,0.206378039044754,0.0501626065397335,0.125178476612247,0.21448771782047,0.0883361962133807,0.139489786941437,0.212181857160088,0.000696699172059522
0.343953524634323,0.0975303266012595,0.103183841922386,0.149166714671874,0.306165592170157,0.109139920049766,0.13407082304108,0.0846825413043501,0.0136599034210567
0.347764006802741,0.149949824418606,0.0917246861998903,0.130841619590078,0.279719862988685,0.215057438124613,0.155789193895923,0.13128239327272,0.0774621996628623
0.454625057832717,0.0923942469213345,0.0963455414140999,0.153221165154923,0.203413988676925,0.0589818044116594,0.173028853285163,0.0789841509153838,0.0323865410063343
0.399565194225137,0.0906292728020661,0.050739980935269,0.196930148497217,0.262135403540311,0.127170553981887,0.153272809327798,0.112436950002046,0.0194641200396664
0.378740340590211,0.156856231205668,0.0530581513204667,0.177597639114899,0.233747637768755,0.132500809626764,0.155043922880554,0.142014989995172,0.0321973693332497
0.368305623547539,0.225303446529109,0.0657588977186628,0.11930359849599,0.221328433708698,0.0766287255971344,0.185184207478136,0.128004569461468,0
0.332035729679077,0.225584143708453,0.131008756791607,0.0849494127833067,0.226421957037556,0.260828650636799,0.171977813039532,0.177712688449961,0.0584287876004083
0.385657796073697,0.138556024076307,0.0632154955635178,0.191593227574631,0.220977456711847,0.0824308182411282,0.13530153789989,0.110957363252047,0.0704323501740741
0.448493130604319,0.121557107497918,0.0539651112419662,0.100605911131487,0.275378739524309,0.0189127092680993,0.151017216022854,0.224544594976154,0.0201334309459084
0.444499396314096,0.110544614146589,0.0444392363648515,0.118723026472677,0.281793726701787,0.0708969981218623,0.1641655479479,0.130777477151392,0.00805123330551703
0.268981112592217,0.192599296843682,0.123695475936043,0.150358130779972,0.264365983848086,0.111562977560772,0.172949512839342,0.161635216980265,0.0157454374244466
0.480829454317868,0.138088895534376,0.0940498781774715,0.0892203330009701,0.197811438969315,0.140357574348217,0.139339735596399,0.0860205198001572,0.013391185255568
0.444736304764562,0.172926861842202,0.0380693911906847,0.115409480040008,0.228857962162544,0.145647734755147,0.11341379209411,0.110483325263282,0.00802985850726936
0.386537336831237,0.181012243230714,0.0973079569166305,0.137831939065979,0.19731052395544,0.128707783398253,0.146223883354202,0.158514702649815,0.0194663642690817
0.402504519444923,0.168887493656482,0.0615515392723636,0.134164522403537,0.232891925222694,0.0878274055031696,0.162373264345835,0.202436082079497,0.0413934700588134
0.287618772267179,0.135853233545241,0.0224035735317974,0.213254951574525,0.340869469081258,0.175736304267116,0.147032192700005,0.305501402660435,0.0114216771969858
0.399082129299111,0.16118498342649,0.0842551638520842,0.12522409501763,0.230253628404684,0.0924697194723382,0.169459912255535,0.161319674989399,0.0251012928276559
0.424700630781449,0.190719538753908,3.31624026386512e-09,0.187304553025911,0.197275274122491,0.120800883565637,0.130128159721963,0.157931543975651,0.0416502142800041
0.311991840746712,0.222558741347893,0.129889436898261,0.113427712329668,0.222132268677467,0.211248552579911,0.154411039687525,0.186638932783117,0.0165258552937421
0.391302247704691,0.146599767586197,0.0632585465035081,0.16438193730579,0.234457500899814,0.0751848627917247,0.12358156887402,0.142453555480808,0.0278518905185479
0.397267750062758,0.135891259661421,0.0461554599915379,0.235693735866172,0.184991794418111,0.177974915115574,0.21693009575056,0.162235505629479,0.0242288092544328
0.393793021999394,0.180333823437781,0.0503907680481956,0.156379027012408,0.219103359502222,0.0760924649301194,0.123355214969784,0.104730961780786,0.0577169147057076
0.422398512391555,0.0944019786848466,0.0251927299148511,0.162188434609779,0.295818344398968,0.0971904069345046,0.114620550641188,0.101546975113041,0.0295625239221026
0.387692489428365,0.129726272671155,0.0745115275961684,0.11043170175453,0.297638008549781,0.191935066838911,0.142073488440591,0.100893597651671,0.00486499402426798
0.368088055622768,0.203975482712707,0.051650861479803,0.114320498997875,0.261965101186847,0.173179170253287,0.174455590583068,0.174050709921864,0.0222240058807398
0.345667743268529,0.181292742723782,0.125298539604762,0.103388742340535,0.244352232062392,0.229699670228079,0.170092876387014,0.0909079295680011,0.0415820947978483
0.341295819545824,0.184209135631422,0.0684335491087762,0.117962266496104,0.288099229217873,0.0745982290548994,0.234475675673392,0.108182455733294,0.0303569740082908
0.439461758052858,0.119618771413894,0.0843174495632195,0.163821093829161,0.192780927140867,0.111285615030323,0.14845304200551,0.101868770906932,0.0248168474322422
0.357771308664301,0.165068454281738,0.19443291717243,0.0515897911377171,0.231137528743814,0.145744271770362,0.187378430331948,0.145440956801539,0.0130004655254664
0.38650469373944,0.136203024581126,0.0262385038985398,0.123860102833521,0.327193674947374,0.172349571115343,0.168081019879604,0.200983721054507,0.0478832104764999
0.408998576877322,0.150851222652381,0.0298190146253755,0.12048387372522,0.289847312119702,0.0359764578769346,0.158292736487332,0.0775628494779575,0.00684218609479006
0.368122127091831,0.129898349421368,0.0734685075513338,0.200600784431789,0.227910231503678,0.125077029167297,0.15252409664668,0.143788691988203,0.0273461888124989
0.377089735905741,0.15721126744602,0.130094345563382,0.0581016626105604,0.277502988474297,0.156747424898781,0.154742693834321,0.121990515247237,0.0632844189373396
0.31016168807779,0.215643888052815,0.075702906681454,0.127297615054522,0.27119390213342,0.147340186962852,0.177766331477381,0.119241554481273,0.0265645049078565
0.419344830030614,0.137514471157168,0.069846743291806,0.0954547800583243,0.277839175462087,0.0730780855847951,0.133109042972121,0.0915823152236355,0.0048066717754406
0.416988987678432,0.207177557305248,0.0677560880436821,0.0595732373368118,0.248504129635827,0,0.153347696512362,0.0949446696170917,0.0143519079275302
0.26957598339019,0.248264298330133,0.036500640165088,0.159315560406543,0.286343517708046,0.106990170423374,0.171524548923552,0.13514401408934,0.0299752549695355
0.372147231615278,0.110754344636202,0.0925121016133202,0.164234631447684,0.260351690687516,0.0949470898052772,0.131220465972539,0.131807153528434,0.0233200685303028
0.393284628256302,0.0819878755175614,0.0719702471103643,0.17304886275075,0.279708386365023,0.0627880560635067,0.0675391234713047,0.105801839908709,0.0647683471370048
0.440228734668038,0.0925136846263376,0.0442337218036345,0.157392459404651,0.265631399497339,0.145433673321884,0.164545816347732,0.0892184268327395,0.0202844163130426
0.319508445556483,0.204218290702496,0.135513430345174,0.103408030515538,0.23735180288031,0.111961251623678,0.209683372800353,0.177509680822319,0.0124681401458459
0.406568123440142,0.181371744483362,0.0882476078350764,0.11983468066134,0.20397784358008,0.0963440389781182,0.116651773032928,0.114500499727437,0.051468825889692
0.358596758596433,0.164039682106044,0.0801572027595151,0.126100746652024,0.271105609885984,0.0760258156956673,0.171052606351859,0.131175504775211,0.0442391156511952
0.363667249442062,0.136548598647522,0.0579481320420385,0.130845443190363,0.310990576678015,0.048342930356635,0.14893724851521,0.0910542826923809,0.0430601671613883
0.415079887627462,0.0913113751539156,0.0764777412699837,0.115890821593677,0.301240174354962,0.0852751422625096,0.17616747810921,0.0688760279967437,0.0214008646729581
0.319014996815387,0.11051073311558,0.0500065532153757,0.206127333328422,0.314340383525235,0.10471996724962,0.112097277749745,0.132817169197668,0.0133623560933831
0.368532575965974,0.166741013336615,0.129448033714528,0.117996319514628,0.217282057468255,0.0547593933339629,0.118244728214937,0.0914678471817663,0.0205464384427947
0.307930647067569,0.137129821016729,0.115333096796605,0.170530022571913,0.269076412547184,0.125481141628124,0.141876649029463,0.112838866475609,0.0317497519840075
0.391453616554849,0.113108273173428,0.0587729937849215,0.192129551760993,0.244535564725809,0.196695275770637,0.108550547214928,0.105851101976384,0.0133033528175685
0.393770442801806,0.106163424558501,0.0177291453695452,0.18358639082383,0.298750596446318,0.0390778226540218,0.164253518156119,0.159881725522587,0.00521200500658185
0.35049392190553,0.131637182782245,0.125227118019181,0.130048485996174,0.262593291296868,0.121753939718625,0.0947297587617674,0.106733855814731,0.00738536215394719
0.438581915393725,0.114354302993036,0.0853107806365909,0.11640965655621,0.245343344420438,0.234848578596219,0.143095758095619,0.128135315466666,0.0307323949408492
0.413076471318957,0.108840129929662,0.053655545185771,0.0993552658937185,0.325072587671891,0,0.143522041579074,0.0573180458316784,0.0154052405235881
0.441783593569269,0.114752965119644,0.0678582941241072,0.103530069366223,0.272075077820756,0.045374035388112,0.110321170617382,0.110119107777418,0.0268790671290791
0.442966596693499,0.13295400135397,0.0354035303053745,0.159173183247688,0.229502688399468,0.0703629810332958,0.197291799676052,0.216437515060433,0.0221781623698214
0.426900719721824,0.18018103332011,0.0637759720694892,0.0350666971326201,0.294075577755956,0.0488638168869832,0.178506295642188,0.0317636457058097,0.0194113209007875
0.354073593911901,0.160591830351625,0.0592711989725723,0.117596245551401,0.308467131212501,0.144856406918409,0.181070135798046,0.101623559347301,0.0183932489461225
0.374302910437265,0.152131581825254,0.129498980257787,0.1324251852382,0.211641342241495,0.111325425621313,0.145426950637009,0.149697261547127,0.0458234841811354
0.445698124337197,0.163508743001133,0.0374301665044797,0.130166039732588,0.223196926424601,0.0412987388224346,0.141267000733173,0.0963880567824571,0.0384490081188668
0.463713323803623,0.116683055287106,0.0734484014901179,0.0865589626432641,0.259596256775889,0.0020410933905905,0.122673581079991,0.095656997663491,0.0455351363827068
0.377985405299249,0.151692220202709,0.0363898400396031,0.238246156521953,0.195686377936486,0.106873617924272,0.118996884254087,0.080254872272521,0.0351905990562902
0.402009838338378,0.0823536149079951,0.0329542141620569,0.187977421747707,0.294704910843863,0.0857869686828966,0.100944951963994,0.0764563303290322,0.0162706298939914
0.40689828461896,0.143034310391443,0.078583054579767,0.153494096923297,0.217990253486534,0.0563019773772137,0.181751071525729,0.144256383039212,0.0304182879733339
0.3764193518411,0.144840968638932,0.035352392819619,0.206429511258978,0.23695777544137,0.0914240424869152,0.0936652134479699,0.0976399600868482,0.0277854956287187
0.371819264712107,0.136047259864746,0.050243625994588,0.151905710477469,0.289984138951089,0,0.108997620049532,0.174880334566875,0.0319629453464134
0.271614759674747,0.202736861288619,0.103270735394522,0.108419285470812,0.3139583581713,0.10765532675956,0.153002279741641,0.128619324474918,0.00075605588176701
0.33567187122778,0.167426030163745,0.090663001343598,0.108094929194806,0.298144168070071,0.0698883516952682,0.21933404428265,0.0798338033942002,0.0121841613227589
0.492280131643347,0.141029726316608,0.0269241467416531,0.180884071687195,0.158881923611197,0.163531979463693,0.127999598015786,0.105163820958013,0.0265711924503306
0.380604605245759,0.192168119340549,0.0537439999668711,0.16582587829687,0.207657397149951,0.189709974921367,0.168575149389768,0.198099047028312,0.0435575438543975
0.361956758218955,0.138292696298132,0.068770211544707,0.191622469201105,0.239357864737101,0.0146362167041455,0.177888978196376,0.0814064333491937,0.0223093028585472
0.368276807931965,0.215059388591268,0.0941993798390882,0.126051469188687,0.196412954448991,0.0396596891515157,0.157945172857975,0.0769130374132153,0.0305810675615364
0.498305509875236,0.0858558474349609,0.0707315038047946,0.132856467969432,0.212250670915577,0.0661187325096446,0.128986475320469,0.153453537884375,0.0133297445365332
0.424190849112423,0.182901953155699,0.059467603617131,0.0890673847365432,0.244372209378204,0.139153192402818,0.235187879974251,0.141728935485706,0.0530329129398428
0.425794189961185,0.176437823717325,0.0694562117079748,0.0885714605452192,0.239740314068296,0.100982931780336,0.0644260451238729,0.146436235340547,0.0212503407762901
0.368426131230056,0.239875241469415,0.0527193032180932,0.0821970772369891,0.256782246845446,0.188091411890599,0.118344959078407,0.137889766346599,0.0064609696852138
0.353924033576634,0.197193311001663,0.068459918558501,0.131305969407516,0.249116767455686,0.227657324141699,0.15262442596896,0.205457260726711,0.0400370264462237
0.419033179641586,0.0804560557507299,0.0998922673698802,0.192601924684001,0.208016572553802,0.109865165868302,0.176076707580736,0.128124814314768,0.0550013978357312
0.334387120239393,0.162323711583613,0.163463124158544,0.086509230901734,0.253316813116716,0.144389625353071,0.0961798485915507,0.0776239716374319,0.019125767335061
0.370372190589966,0.188191406726794,0.058892569848886,0.0993299866877138,0.28321384614664,0.167064921028893,0.150992333449495,0.116116350086415,0.057514326271781
0.452475064763859,0.181556876822665,0.10469971396079,0.0777638190354399,0.183504525417246,0.122132381146293,0.154637068514812,0.150802235511236,0.0290792985885916
0.398119943179531,0.143012585420479,0.105350688956134,0.0839388786965741,0.269577903747282,0.123419454350354,0.187782712794837,0.14199180402839,0.0165310940103555
0.417822288045305,0.0980620576735384,0.115521257432824,0.095216319651265,0.273378077197067,0.0255087202408361,0.147903422181354,0.0587951555787756,0.000853911912102463
0.317191805817338,0.203957301975136,0.0935107004189168,0.0570392662320926,0.328300925556516,0.115946895881704,0.116806100197107,0.158267521618617,0.0625761466892098
0.354880390472415,0.101664261905294,0.0615029074033244,0.212537073664545,0.269415366554422,0.0656902922894766,0.234688578548392,0.0553149968983808,0.0303020071089329
0.358780421883636,0.222564431894,0.105142056953396,0.0317407744647916,0.281772314804176,0.251748498730646,0.193813523885963,0.126595964325385,0.0153795887285115
0.484814164722353,0.0991151843075404,0.0395759145854303,0.188425514652542,0.188069221732135,0.104338900480568,0.111613243052437,0.149982014008387,0.0254618782890746
0.432475530391253,0.0806540357797009,0.0900864734307129,0.146243254368756,0.250540706029577,0.147430131271447,0.217925920476012,0.058080871211203,0.0130747164094065
0.404807523878361,0.126396233569827,0.0514260653203464,0.170848252957257,0.246521924274208,0.0873555204866413,0.219765351259944,0.0936497404209106,0.030246656005047
0.359094831757757,0.155595927336783,0.101533742050396,0.0996562551238247,0.284119243731239,0.0973407038875109,0.136430732915514,0.107607900134889,0.0236245767890027
0.396153011935796,0.121680333622488,0.0914239372299104,0.164144256999125,0.22659846021268,0.0194617692851435,0.146055089322821,0.247405350471842,0.0308938403737028
0.397482307495601,0.143578619286577,0.00308253254729885,0.24263791107032,0.213218629600203,0.187589898009784,0.138642438483428,0.171353362145169,0.0330914964966175
0.406750180426659,0.151130753137997,0.0694832152187539,0.14768143302492,0.224954418191671,0.251597779054939,0.136592730849135,0.0697844442626474,0.0552630000475452
0.45648477237975,0.0964334441761175,3.65464559945259e-08,0.187294721587033,0.259787025310644,0.0856186835255156,0.167297316042307,0.104320727522053,0.030358989214642
0.430263531084303,0.136015724705754,0.042098401873429,0.166260616634609,0.225361725701906,0.142855763392986,0.11335582831835,0.181624163358747,0.0183940076297712
0.44035031558663,0.179240852844699,0.0250447919242032,0.113266131802664,0.242097907841804,0.114824431337538,0.158552427706545,0.111764484503644,0.0171012826974579
0.407262837303255,0.146201893769479,0.0355136511849916,0.167962961834119,0.243058655908156,0.028474452526196,0.159171799220676,0.148621997149672,0.0223975087408145
0.463744280760769,0.0740239202630556,0.0292067645619061,0.210079909979536,0.222945124434733,0,0.154161803488472,0.0958356033936339,0.0118614006047994
0.332601553377954,0.240840575120688,0.0374271345013116,0.0659623740337411,0.323168362966306,0.155600457799182,0.172281916481863,0.137888404767501,0.013845340771706
0.394194045883736,0.108370196829748,0.0456249225572362,0.0972105270589121,0.354600307670367,0.0682859852376908,0.150305647098674,0.0111914076562366,0.024902027308139
0.385156737899843,0.0984945645945129,0.117209740708685,0.128444332859081,0.270694623937877,0.112771382671301,0.176430906851929,0.0367033305956301,0.0456063932374007
0.36635157953494,0.132705268042837,0.0358101592003798,0.175541842848757,0.289591150373086,0,0.214151190123057,0.20876993465058,0.0155302037593359
0.361963186553226,0.170342086608925,0.093775619078524,0.14232426956333,0.231594838195995,0.166415031704181,0.172127148098186,0.058453776606558,0.0311175196973367
0.350741692629548,0.1232249729377,0.0763910888471277,0.221487218992205,0.22815502659342,0.190365340804712,0.0932554743360092,0.15787846118705,0.0709044846396306
0.458208433457791,0.0351486248684043,0.0371206179924538,0.150305962152369,0.319216361528982,0.0518531983491373,0.195458546964158,0.0415206843845648,0.0176192706069092
0.415527383578758,0.112425618101016,0.133502171595224,0.138668300239885,0.199876526485117,0.174576374426969,0.180160322139417,0.139178018747403,0.0289003062208395
0.403638287246524,0.157560595513701,0.0554615198232254,0.132277916313503,0.251061681103047,0.0965667125139558,0.147020081127134,0.111423534109044,0.0323149755124938
0.321166082252839,0.211448679432737,0.120905203041748,0.106056841472884,0.240423193799793,0.0617890590998981,0.110019154645462,0.0980343400006051,0.0421419566901607
0.443656989587718,0.110618900148972,0.053385700173763,0.117689204189447,0.2746492059001,0.055704911868357,0.212939279080577,0.09627563583244,0.026584469964307
0.439474039240953,0.168526045420448,0.103103786623334,0.105135337716604,0.183760790998661,0.0892233758092746,0.16261676373782,0.0870192263252441,0.0332901308944233
0.397356141971965,0.129312821189179,0.0471890000603704,0.220157694690202,0.205984342088284,0.149935326285424,0.1403298661095,0.1461096515963,0.0278160889814971
0.411668368014677,0.129890431296135,0.0617226665862916,0.158433015309991,0.238285518792905,0.200410217189507,0.15402951107982,0.0223014938294781,0.0313078245551585
0.395755770415946,0.121596161396799,0.0946740739747835,0.111140518403229,0.276833475809243,0.109406072853703,0.139506179997637,0.105308296049797,0.0200589313113478
0.365344570353297,0.207253465329604,0.113450400948309,0.0900896636425533,0.223861899726237,0.0883193981852981,0.147467682329587,0.104926862375957,0.0412795743329435
0.378585889022634,0.100085298771001,0.0895872418931051,0.167523561765826,0.264218008547434,0.148662991617677,0.156668952860466,0,0.0138685903516922
0.256975063530889,0.23658859925139,0.134020337601603,0.0853653932229319,0.287050606393186,0.16473587500065,0.171922948809891,0.188986398164576,0.053588011029691
0.347709066362071,0.146742428919481,0.101540519396761,0.106556686210953,0.297451299110734,0.117330271567597,0.0961900087315574,0.129921283993325,0.00143329693864906
0.365438565332742,0.121244592103836,0.105290305291536,0.133318297382268,0.274708239889618,0.0438792405133138,0.174032199927371,0.1188929777621,0.071824846446615
0.491071725909874,0.0710221070075082,0.0980525058407531,0.141868317068585,0.19798534417328,0.0669718326321326,0.178952404254824,0.0850697204558969,0.0294771843631085
0.435231392515383,0.111307130116322,0.121835548447349,0.131401565843864,0.200224363077081,0.0629567120212291,0.161083516840436,0.0767202742266957,0.0136437364263791
0.426159910413757,0.163100850922688,0.0859119714906777,0.0593820422660753,0.265445224906803,0,0.202111819435823,0.110513284209646,0.00398253194795847
0.449704153312424,0.099241751958478,0.077698612627688,0.156186851763987,0.217168630337423,0.1268707423379,0.122492253009741,0.150415397060183,0.0152420966831903
0.494889496731617,0.0744284601473278,0.0770882417487408,0.101272729023006,0.252321072349308,0.0369463386988262,0.126290088400186,0.11724997117864,0
0.380857618050464,0.0667651571521624,0.0825109831295018,0.137578394222524,0.332287847445348,0.102482763072031,0.134339788297442,0.0984820356987422,0.000386136615839853
0.390645175303605,0.156683203668382,0.0944008585213677,0.0825529041648571,0.275717858341788,0,0.188078994005855,0.183198285724977,0.0239995456307299
0.362699379291565,0.115654542239956,0.140820561948668,0.0881343569110195,0.292691159608791,0.159522865405246,0.189438233941214,0.108408381368912,0.0476725682729405
0.395293448020927,0.111176541738939,0.0762951989898152,0.154753277134803,0.262481534115516,0.0909049447725782,0.155173747715234,0.0987717725581973,0.0150739893676665
0.356157019369064,0.154069615528346,0.091301774190009,0.157720642839326,0.240750948073254,0.160735351674416,0.118294168823748,0.113092016115637,0.00767063347786916
0.39151273322225,0.152076128925257,0.0748240340397182,0.131948268686623,0.249638835126152,0.110213903241146,0.161685824489851,0.0771521905742311,0.0237224392024444
0.472146413724676,0.145893989630678,0.016040026474623,0.15936184233705,0.206557727832973,0.0850670449476025,0.193591722576326,0.111502391538936,0.0484090987951122
0.354795024178251,0.15633875656013,0.113517142415746,0.152023411587753,0.22332566525812,0.0599357449449589,0.220183514456901,0.102928815885527,0.0201908374675242
0.445956553989471,0.145726137369303,0.0446022804797823,0.12589078269817,0.237824245463274,0.0716241430490126,0.136822582155006,0.132340394191495,0.0478233440531952
0.41885094985345,0.086303734242852,0.0592131663084388,0.12478016747523,0.31085198212003,0.0905097804793933,0.126272203628998,0.0394545976962872,0.00560277396433094
0.4174889087926,0.077175028650597,0.0345517224601941,0.222554329881362,0.248230010215247,0.126397655532318,0.102460413399595,0.0905383009826364,0.0117661068032292
0.397203650930613,0.137246893115165,0.137178225637004,0.0964389580473538,0.231932272269865,0.139538913035531,0.171114777715436,0.156318121954097,0.0320439927450621
0.421331289411011,0.0928326214703255,0.0879811714638653,0.0839241754958713,0.313930742158927,0.0772695867336214,0.133794358895229,0.0698468545625632,0.0407187236619342
0.413882631069987,0.160104754699286,0.105719623181777,0.109324758839635,0.210968232209316,0.129437518827827,0.16759733601698,0.115175660277813,0.0310977666827207
0.29309500183107,0.303594867559637,0.127757453259651,9.55121497667902e-09,0.275552667798427,0.22217491518136,0.179673668283342,0.102113513880042,0.0137983137099613
0.483295227577564,0.127667629092304,0.0783505230519763,0.107665733407811,0.203020886870344,0,0.214270198361594,0.141479192878689,0.0240729275139177
0.437473787176667,0.106821738467369,0.020020323760755,0.2102301523092,0.22545399828601,0.166309353076289,0.142069895363702,0.151751096488745,0.0436011505561753
0.445782212832127,0.172956986177068,0.0705783669779425,0.0605964206129206,0.250086013399941,0.0680200034700465,0.184053494197132,0.138317003474099,0.0162559749123625
0.447162198931018,0.135113110976792,1.35029999151279e-08,0.229884674152999,0.187840002436191,0.146662804957415,0.242702092135344,0.106046876232663,0.0321614239756653
0.438612657307846,0.211234813398828,0.0598801869765026,0.0512842677043127,0.238988074612511,0.134241791569295,0.156163259753018,0.158901803006423,0
0.440270382184597,0.091880455339278,0.0575904596324062,0.143788192892685,0.266470509951034,0.0752696373932025,0.105118647648869,0.0820895028243352,0.0680881201157321
0.441939438507481,0.183798128044171,0.0667448933333378,0.14874946631527,0.158768073799741,0.0494487761735835,0.140905544338691,0.149571196328306,0.0228016467574045
0.372173798877814,0.233906755703844,0.108391225012501,0.11366703802358,0.171861182382261,0.096971846484159,0.19917222177138,0.195585064247214,0.0290040377219531
0.40384783826487,0.106633497356397,0.0525300782651746,0.129830255093848,0.30715833101971,0.161597075478616,0.192721314660101,0.139893360419473,0
0.378749768227214,0.157454511614092,0.0768752104345277,0.151939239745008,0.234981269979159,0.142138343859294,0.173503694989197,0.131975242385405,0.00712696791861126
0.329629376819803,0.102574290592454,0.1228137406312,0.143156737105383,0.30182585485116,0.0790274454986176,0.176694796078376,0.106212919403884,0.0223883268214245
0.313249946977027,0.174977185852898,0.113645384841894,0.154605114398621,0.243522367929559,0.171788219669922,0.166809860247303,0.140831861826413,0.0414187784040117
0.283178388564797,0.198329355798317,0.0442629053623207,0.226949678573547,0.247279671701018,0.0483566541477667,0.156803472810777,0.16893995942603,0.0339717676703135
0.391993714551545,0.177949499277684,0.0631691213580426,0.148339538482107,0.218548126330622,0.0615499422069828,0.181145842295741,0.0956908299919747,0.0909927522707779
0.409061201509557,0.109670368070195,0.0944501520118654,0.0685286997804784,0.318289578627904,0.0333310821376286,0.113506648893809,0.0505278690738177,0.0105386428640775
0.454476801095024,0.122897058227988,0.0741470153872255,0.0844921935106075,0.263986931779154,0.0958743429755117,0.149633596196311,0.109306593522668,0.0342307760465497
0.397664127425608,0.13482130833502,0.0585597263162095,0.163963475115321,0.244991362807841,0.175801643435997,0.0951282543599359,0.100821410212071,0.0145835715073409
0.405641278551658,0.0598557549444293,0.0209001586225621,0.214957232826174,0.298645575055177,0.0149780634587371,0.104956387651478,0.116339655202195,0.0228002268578097
0.393857772760888,0.159554724350756,0.104771065029493,0.105699212457657,0.236117225401205,0.188217300906935,0.250934450558562,0.112258303798921,0.0198606666563101
0.387231128554888,0.134594065018114,0.144905270022643,0.0899539548973231,0.243315581507033,0.0774538983447016,0.13031255382539,0.0558602362881866,0.0583665610337851
0.406891225244399,0.141727311331811,0.119029818613312,0.104837515582913,0.227514129227565,0.160597048181874,0.163244455882027,0.197164292554047,0.0500213909597124
0.34890591449203,0.214857714758032,0.0871780302077295,0.13717542867812,0.211882911864089,0.0925797279515826,0.166057446430626,0.139185141717085,0.0254888068841913
0.430237228572929,0.105256683353256,0.046609769056382,0.146638549106971,0.271257769910462,0.105897804529201,0.122807199428455,0.0503207526539276,0.0190571285697145
0.387020250472311,0.103104127777621,0.090038183981923,0.141008678664054,0.278828759104092,0.206117984333168,0.111697648498734,0.101013027214521,0.0310943447286947
0.427353831384755,0.102579944514522,0.08587671689433,0.098761249459057,0.285428257747336,0.0395391680833828,0.147006107143281,0.0101733870318458,0.0528186601926977
0.406823212184867,0.122050758935115,0.0918682924627433,0.0822593758920287,0.296998360525246,0.186950628196545,0.197149240227384,0.0624489933034367,0.0187359369964458
0.424095054184559,0.180019773385976,0.0464344191132894,0.169823963821488,0.179626789494688,0.154143314745976,0.141042113857478,0.142972763921559,0.0186592904771618
0.419839320263955,0.209561334757273,0.0748376365882827,0.0997836872051664,0.195978021185324,0.103802033009341,0.154107470728439,0.0794399355441055,0.0453560689920904
0.432534647771656,0.0934557311768604,0.0991358688306233,0.173251591676396,0.201622160544465,0.0926543498130014,0.189564169542826,0.0864328094897868,0.0580049241745113
0.425815038319861,0.130482847904987,0.106750859884792,0.0612742237075501,0.275677030182811,0.116302327955383,0.133253306338903,0.178767567070691,0.0559964183720946
0.348938762393332,0.124421498044844,0.0628873855934245,0.17085746928213,0.29289488468627,0.102543184751199,0.116675861959822,0.167052686421377,0.00161330946515554
0.502067785738987,0.172318842598595,0.0778115231100871,0.0680037954944682,0.179798053057862,0.11769436403179,0.145117463777347,0.164652041547096,0.0349204812319574
0.337393551927293,0.183030848126121,0.17648451527562,0.0493004293295872,0.253790655341378,0.138603497755987,0.0965744736715293,0.19154821696492,0.044960288967159
0.382986463124268,0.129269526573363,0.0491514429304283,0.159058658089358,0.279533909282583,0.161763721203496,0.202952412370179,0.0875286077903917,0.0302028244198235
0.308498201359816,0.157468773979932,0.0871017269882185,0.121682444609079,0.325248853062954,0.121783807946065,0.17452074470561,0.159711708180327,0.0211911091833956
0.444518919021367,0.143490456333383,0.0491662702445369,0.15126461362632,0.211559740774393,0.0595683015900659,0.163001411676484,0.0976890919389956,0.0398504765254982
0.379664518805395,0.260655665507283,0.10884356090764,0.067908949638069,0.182927305141613,0.201459447467519,0.129789630780292,0.173971494773046,0.018371615567677
0.382331700541993,0.171154626478245,0.0481311507466444,0.165159837728415,0.233222684504702,0.0854624550931697,0.16367820400001,0.146682233045052,0.015753128263082
0.343319626392237,0.159721350671683,0.0851901098164649,0.14575043818672,0.266018474932895,0.061087119415697,0.182459181227703,0.176192062166697,0.0143502889695276
0.333913967963245,0.201707983384127,0.0579456990784402,0.164607900266789,0.241824449307399,0.184797377696248,0.168013379653036,0.178553212923067,0.00891562722961805
0.411977273094708,0.107033592669911,0.020281259694652,0.132045507717264,0.328662366823465,0.116059791408698,0.10449112447772,0.157644521368384,0.0131747239499359
0.406085404217534,0.103361960427486,0.0413700890380343,0.128400541100528,0.320782005216418,0.0527419505847607,0.12411049140644,0.117884029552367,0.0152814774381621
0.386431344870686,0.174709796664155,0.0763966391566183,0.126068440372684,0.236393778935856,0.127343525708257,0.156057810636446,0.125384831945737,0.014169164918189
0.482253974194654,0.0704529815195864,0.0803233872430908,0.090851619567434,0.276118037475235,0.0725734121456989,0.109112236108274,0.0571726425507373,0.0247640222397906
0.403203661377065,0.2158457958612,0.0549741453060221,0.0832657870247768,0.242710610430936,0.0828642444594464,0.115735891627393,0.134273355840258,0.0161414823208619
0.510338765688817,0.0901468531732166,0.0153444552737159,0.182380615351664,0.201789310512587,0.182179028283704,0.133296257543381,0.182476021615712,0.0549333895136333
0.449688391675759,0.150944688356457,0.0872583491785191,0.175718224205472,0.136390346583792,0.0379779596769002,0.14810795108568,0.124638677311345,0.0273980083653159
0.413910232131832,0.174983006862353,0.0405573768467434,0.148551460116394,0.221997924042678,0.124872326974636,0.220438064571888,0.124560898003023,0
0.328830081743225,0.202533436831872,0.0626187986007516,0.159694733941896,0.246322948882256,0.0454717075524457,0.130084267907655,0.111950100703139,0.0120385385638535
0.464177028108207,0.121164389428103,0.0562878934564446,0.0987869975138028,0.259583691493443,0.182262756978679,0.187150398258546,0.113831540128401,0.0291095805267419
0.374375099498235,0.148537318339434,0.107301583024268,0.113446435898564,0.256339563239499,0.155425132364672,0.206742649599497,0.0940452995559902,0.022107807900808
0.423928670314801,0.090717029676463,0.0756539025874727,0.132579262133794,0.277121135287469,0.105077779554667,0.138182463898559,0.0689707877409313,0.0498075097096195
0.360405335036089,0.158905884082575,0.0610469868835535,0.145478272843404,0.27416352115438,0.057270084141456,0.146008415704185,0.143011884562928,0.0309256511677744
0.366561282531848,0.15286272429666,0.0266708276969523,0.218413759278919,0.235491406195621,0.0808565498437963,0.107758585474821,0.113213353113904,0.0325393844548016
0.475970393676966,0.105828601573942,0.114923706440226,0.10870666644976,0.194570631859106,0.0871693154867648,0.174414324376331,0.123882794559796,0.0452528627387169
0.401934665125025,0.192775652517755,0.0310675044750437,0.107767427013964,0.266454750868212,0.160842227233152,0.172338688586689,0.180310639350887,0.0040364222685815
0.336204277196121,0.129747942474872,0.0588553931679582,0.221157147757789,0.25403523940326,0.0866274287914915,0.117169364816189,0.10195448195436,0.0488544711268462
0.395764390790234,0.166406529938348,0.0693054736906944,0.115951805987067,0.252571799593656,0.174274783020646,0.184522788499122,0.137653910953451,0.0190723587559705
0.406891805632802,0.0972488592141586,0.055364707616988,0.187688338073796,0.252806289462256,0.0837899071748207,0.138600266165077,0.0766366781517058,0.0547775115241614
0.370567926286234,0.150224061421881,0.0749000353658663,0.138204788611737,0.266103188314281,0.126250008364608,0.141354208412064,0.118232236244053,0.0276053601845804
0.339849011158423,0.211329989944937,0.100206025134986,0.0779381615704234,0.270676812191231,0.0995943328110912,0.183207179940963,0.123122731253852,0.00911766592944394
0.37129882664056,0.153615812619696,0.0836347654504778,0.105485091933783,0.285965503355484,0.103261002876625,0.160391572298458,0.0953455115593399,0.0172364034209473
0.355706454295493,0.180769447669393,0.0849271358473094,0.12821092972673,0.250386032461075,0.207156123660494,0.181251700795219,0.144849181656546,0.0396120351079453
0.427721773567092,0.153157280639785,0.0598611308235701,0.145580626328979,0.213679188640574,0.112551210385451,0.140841267861203,0.137115036077415,0.0245482457330122
0.356586479019207,0.191826257512778,0.104067472923355,0.0486398417175889,0.298879948827072,0.182846380590747,0.186006731467284,0.0883786088421006,0.02823635010741
0.364107414940321,0.106559917961995,0.102815389140336,0.137927048708014,0.288590229249334,0.151363058037584,0.13959754107833,0.101637510443867,0.0245388653421244
0.385799792627439,0.111944055799139,0.0847459732666647,0.157582486214232,0.259927692092525,0.155669618544617,0.160815864413301,0.0269515294566691,0.0196685700113193
0.426505163249595,0.0996678305490636,0.0705447149680681,0.135713605236023,0.26756868599725,0,0.156460498097314,0.0939642065801515,0.0210169425687938
0.381548428521198,0.125781087665218,0.148798475107366,0.102145264256481,0.241726744449736,0.227734663029076,0.148439986279298,0.0990988522322315,0.0508772839153185
0.36700651063784,0.149824271600244,0.0530468982018481,0.0769101835173538,0.353212136042714,0.0163869978710079,0.120899771728454,0.072038153099655,0
0.412098039357275,0.0882457708168569,0.0850663487598245,0.153335752583836,0.261254088482207,0.0640009723466509,0.180612069581209,0.0523015595367904,0.0507104831026348
0.322614030274526,0.151277346905645,0.12513769377405,0.174618064032678,0.2263528650131,0.18475656578896,0.204819631316137,0.0816703957797652,0.0438968377337934
0.38474958883456,0.155960345775254,0.0770039224872016,0.125527387825683,0.256758755077301,0.19029163599623,0.177724082330722,0.144686661019794,0.00658033911392547
0.399223238856702,0.101053752892558,0.0719078885688976,0.204247086416102,0.22356803326574,0.121325961758661,0.161873475365824,0.104944686120968,0.0401627452075868
0.385204062007726,0.0752223505744452,0.0739244816948027,0.210917691510499,0.254731414212527,0.0139149424605904,0.157785516448174,0.115306194932794,0.0372321371249825
0.460349619349063,0.11930459601498,0.125830537014498,0.112602330450145,0.181912917171314,0.0499103884158374,0.144426919044804,0.148736170994859,0.03034663963374
0.369568626156746,0.191096509928121,0.0471173460093398,0.118532675331691,0.273684842574103,0.169158294477082,0.107258512840206,0.10930051176483,0.0358707400519474
0.413385256951247,0.0885486137150608,0.0740702369053172,0.173362170875982,0.250633721552393,0.0270488440688745,0.151149284969305,0.119698208430143,0.0418231379089472
0.36158047856808,0.12990563546471,0.0857513971109096,0.136482575494563,0.286279913361738,0.0579795452018454,0.0987485987935025,0.128028884472634,0.0120556422678779
0.452846094240824,0.068866645140278,0.091053008311702,0.13050013027071,0.256734122036486,0.123453908933719,0.183448232023574,0.132359621496106,0.0167141045176759
0.416819207974181,0.0410194126216877,0.0603012142030271,0.107905197558876,0.373954967642228,0.0927578729233949,0.0755613460004017,0.0350044469496632,0.042418823111329
0.37810468255593,0.106410875229855,0.0932150864590247,0.222878118939055,0.199391236816135,0.153862932764678,0.163341071709072,0.114520949076885,0.0413099523609807
0.383087915717784,0.0769693543743978,0.0569977614582686,0.160466041824743,0.322478926624806,0.0627451213889381,0.148676870841682,0.0447256153654168,0.0552232178012663
0.325733235152467,0.161334014073588,0.063815002511438,0.0971237037142875,0.351994044548219,0.127319213461901,0.135841578015251,0.0848936453040613,0.0529562542458045
0.335918316625982,0.103111438778597,0.181541276126676,0.10913872659772,0.270290241871025,0.115459221890661,0.171563422631124,0.0770200939963432,0.0314799895552513
0.376382145659806,0.113924572034152,0.159876153106913,0.121176979848977,0.228640149350152,0.131930124496135,0.215214437640275,0.101106586224841,0.0392103926033635
0.421439312033613,0.15102413640625,0.0662580843091257,0.0867052240049701,0.274573243246041,0.0891971321173681,0.124750239236769,0.0995129164080891,0.0127781309427476
0.403068685183533,0.152470767196433,0.0732233113753203,0.100744019214721,0.270493217029992,0.0870170997486478,0.171073549680756,0.164155986776982,0.0388290730741217
0.5105488788602,0.0954937517165435,0.0977414483458297,0.074381148582478,0.221834772494949,0.180126342128816,0.113419376732745,0.062700060728816,0.0251595077030382
0.447008313216502,0.184229797751909,0.0873742245180083,0.0790981248588928,0.202289539654688,0.0486195449782938,0.168767490233358,0.0846377933141285,0.023073058849714
0.460758655674947,0.103970441279828,0.0517566670691684,0.101866926691237,0.28164730928482,0.0596375995726752,0.171303895545391,0.114107149608769,0.00549192942210167
0.442909055772543,0.0874988409888093,0.0508395422460564,0.12448897244227,0.294263588550322,0.0917722443556669,0.0829734377564964,0.0689870232800636,0.0115273835647256
0.347807540571194,0.128236587635488,0.103004685417449,0.178890489958357,0.242060696417511,0.129541441380369,0.116853210980374,0.116945326645615,0.0130158155079102
0.385565905762764,0.174387176859939,0.0892402832789303,0.144707115611101,0.206099518487266,0.200687105097735,0.136467602300323,0.186591365432436,0.0196664233403282
0.399483488940508,0.108436344687866,0.0869696477379262,0.138070501392544,0.267040017241156,0.126132795647512,0.109820931562532,0.0886545946502156,0.0110398054113048
0.347394459703192,0.184350012785244,0.0838390914450516,0.122446266910701,0.26197016915581,0.209701910031513,0.197293513361144,0.108189471670509,0.0280308813898372
0.329447730107921,0.159717970649415,0.0796109783276103,0.161533914932484,0.269689405982569,0.209653840159928,0.0995227208647093,0.109534065234939,0.0146437978219197
0.486690051807801,0.141298102711211,0.0309075404323752,0.116016926112223,0.22508737893639,0,0.124503505834832,0.160099264483161,0.025826981418192
0.314475629279577,0.141913962665631,0.107774785897828,0.0879869248919051,0.347848697265059,0.133205362920519,0.185630456758802,0.0649464963950333,0.0276934979732104
0.294004714375339,0.210866473089436,0.12907360901502,0.144645025440051,0.221410178080155,0.247091302185622,0.109164473868812,0.150961575592937,0.0404460465590591
0.38974198766143,0.159102029932475,0.064598172967361,0.213471445502002,0.173086363936733,0.223715293897489,0.183460150203557,0.109218328880595,0.0487881280706114
0.427335443247844,0.165019149721183,0.0524176740776691,0.0970415949173802,0.258186138035923,0.0983218838567554,0.151111767310543,0.197728734841291,0.00702425579896025
0.290874726091319,0.21288729895196,0.0802338816810575,0.204835171342505,0.211168921933159,0.159336744523752,0.231532172948333,0.244674883285673,0.0461043909817782
0.422612623012674,0.134608988795324,0.100823173900633,0.0905033762017617,0.251451838089608,0.037964143575927,0.10224261917286,0.191631573450453,0.00476239818922575
0.39694546589985,0.164438320510088,0.0610093153428914,0.236441762843571,0.141165135403599,0.126612954457633,0.213596147627222,0.150096474891598,0.0427162348286658
0.302775938040277,0.227582701289821,0.0699275744528815,0.15610245441854,0.24361133179848,0.126633675863176,0.189394185471211,0.158679793997237,0.00918539643134286
0.331983632175243,0.131974253428079,0.123011931917525,0.124160928313364,0.288869254165789,0.171868085575519,0.177328823123263,0.036140590782286,0.0210100328956382
0.363592704275369,0.138598243249863,0.0633911413941579,0.171891786645749,0.262526124434862,0.0417786241380961,0.153903425483711,0.0796621001699029,0.00638078399310374
0.394207508126568,0.151651496367486,0.14957679379399,0.131915073609332,0.172649128102623,0.179651788968223,0.148423965058926,0.222503089151955,0.0306851305130395
0.464017008471374,0.0556558603437163,0.0723410255985029,0.101907269486249,0.306078836100158,0.0478877780366039,0.102803661943043,0.091797252862655,0.000146927550075368
0.426278062733237,0.132083202423827,0.1087835141944,0.114260715592746,0.21859450505579,0.15494948279972,0.184792353441879,0.140179272358831,0.0219606451348122
0.322504819227199,0.146529032513229,0.103361685338679,0.180624195606934,0.246980267313958,0.163401350556109,0.153258586291381,0.195416116587115,0.0165809296621856
0.422916372209857,0.147529487817958,0.0941981575487528,0.125001163170007,0.210354819253424,0.177746584729793,0.29295286659223,0.121653134463998,0.0283205602212266
0.312631398837356,0.205131098456943,0.083990279111994,0.111445216340787,0.28680200725292,0.24518201862459,0.203648852664139,0.114348141365222,0.000992829964955135
0.447256257118113,0.154716027275762,0.0673612249690755,0.110228983138478,0.220437507498573,0.11899628255507,0.140088124887741,0.0702141190297358,0
0.428413763043866,0.122685519183514,0.047489594556841,0.162676841209142,0.238734282006638,0.218856407383699,0.217287436646837,0.0707818735331949,0.0330662496881406
0.297780296934331,0.117233961054321,0.0771166028552354,0.181423898867819,0.326445240288294,0.203087356937999,0.151233778304564,0.101479976174343,0.0529764131621735
0.419878277879246,0.159653264022747,0.0495674684299795,0.0893145569504302,0.281586432717597,0.12107064490271,0.157950574147681,0.162416341800382,0.0130106080754339
0.38554070035784,0.163763781862593,0.0458212834270454,0.155397905866063,0.249476328486459,0.0647518449467156,0.179358841365871,0.133489712287447,0.0502577059729245
0.335826448766634,0.286559923019603,0.0368682586516858,0.0995146816388638,0.241230687923213,0.0937858539750318,0.183613872576227,0.104789512735015,0.00542207446634043
0.343142470929227,0.177208257220495,0.103377935341594,0.149158340258667,0.227112996250016,0.0997742844796373,0.167206853511063,0.154785962215433,0.0459309010619918
0.41180280368737,0.13705978850353,0.0900101577692125,0.101472629458811,0.259654620581077,0.055467969525362,0.187657418077703,0.155895692972128,0.00935331436462827
0.438344244293176,0.142767219309204,0.0824006129017603,0.0401443519111957,0.296343571584664,0,0.1675375390786,0.135730307962823,0.0329518739274979
0.421366802435248,0.0409234734951926,0.0319723828510431,0.232186249553598,0.273551091664918,0.101861276998766,0.140737760970249,0.0820091553901579,0.0427344060922972
0.385914424890379,0.213117545288906,0.0877031800080049,0.103821892758417,0.209442957054293,0.246890299315731,0.16932862181145,0.11378922708603,0.0140059473388889
0.357338249849377,0.146088920020249,0.0920154081905889,0.187460231297816,0.217097190641969,0.126616901801513,0.126864230712699,0.125128679918937,0.0360544617809945
0.380144213163039,0.209845877946031,0.0401357988724729,0.124670849977405,0.245203260041053,0.208499381152665,0.0942852927280512,0.0757414522273709,0.03179340194898
0.265962623748375,0.225532781877791,0.0897389523211304,0.154686676029546,0.264078966023158,0.213281026302987,0.158348372495796,0.125191168593567,0.00188783173971246
0.378391086816408,0.0510782508702425,0.0542627691395508,0.155679075056724,0.360588818117075,0.0912580906546237,0.119147344531668,0.0380571049132116,0.029083173396181
0.308503881479563,0.245040251111184,0.0222703264541375,0.159160536687541,0.265025004267574,0.121301960915589,0.268397272522272,0.155980392229723,0.0245186715004411
0.342524746668935,0.245598121310925,0.0574488916181824,0.15769183205729,0.196736408344668,0.182932335409589,0.180326767863953,0.181673522248038,0.0233348181510955
0.363717340961639,0.192951933863944,0.0260125161786424,0.254825177004605,0.16249303199117,0.0458861854410931,0.199835361220567,0.0972058181019499,0.0418470883421768
0.374629936152885,0.105375363405842,0.118905421092247,0.166425331562126,0.234663947786899,0.111831183571275,0.164463875705817,0.0232740306082254,0.0509521338103476
0.375064946386618,0.176789235897277,0.0858894510759502,0.116529071471732,0.245727295168423,0.152801956895519,0.166634901100444,0.11691423105823,0.0133776243334796
0.316581089035969,0.183915981193646,0.085005641292754,0.156554757911281,0.25794253056635,0.0710294263508361,0.206420480355834,0.119271921864829,0.0355470864693454
0.424436254969401,0.0798481976475574,0.0912824760823709,0.101964218497423,0.302468852803248,0.0295441442277911,0.194568180373263,0.164117856255873,0
0.335625551809411,0.154389345857113,0.0933744424966916,0.111728153698568,0.304882506138216,0.0747687018436526,0.124368107170672,0.0922582737729644,0.00758856281311191
0.417113701879522,0.116154262320709,0.121152558649201,0.0919074515231833,0.253672025627385,0.109723549578612,0.163334790574911,0.166515601995805,0.0286129507596445
0.418153149681252,0.0924134940037659,0.105636180392514,0.128835673021955,0.254961502900513,0.0453020675524431,0.19883722306758,0.106813124216829,0.016137520021806
0.395120164462923,0.119185299915414,0.0791733752846363,0.163681460955148,0.242839699381879,0.152354621038741,0.147713953274848,0.171742480138605,0.0580188174362446
0.375540648147019,0.150613990493305,0.106979125598051,0.108190147159745,0.25867608860188,0.174966478865289,0.169447951657559,0.141370041625468,0.0391130349130734
0.430990035286026,0.113766314787565,0.0379025155557239,0.12718180672485,0.290159327645835,0.107519231444724,0.161406715949648,0.0585128681320845,0.0086195628867979
0.400939533001589,0.159560857383155,0.0816196140950372,0.132417872546554,0.225462122973665,0.0797271468750961,0.156487007597076,0.13899340891676,0.0145103627035182
0.437417839651875,0.096649478672523,0.159570040774588,0.056012537047992,0.250350103853022,0.108224244113255,0.141849968748375,0.114384769449564,0.00959967267670799
0.38813708838492,0.0993218646917776,0.0867185896748658,0.201198101204055,0.224624356044382,0.120922063353477,0.121898201216576,0.168828352202011,0.0304292579443702
0.394869295219523,0.165847262245762,0.129976716689911,0.100732044156386,0.208574681688419,0.215156646646319,0.152457316219595,0.128259443374759,0.03253827361011
0.474268270211877,0.0627778569021701,0.0385943600881696,0.127574993781378,0.296784519016406,0.0734488010670221,0.146974116833578,0.0395833550362106,0
0.359105713329193,0.127470795264635,0.128205484657723,0.12475711012244,0.26046089662601,0.192396342150587,0.124620069195731,0.0735479966962414,0.0200966184122408
0.324588699436804,0.212185668419588,0.0814680167202944,0.158165223837095,0.223592391586219,0.16260024094631,0.168255330860173,0.181505583008351,0.0289659443697883
0.420918433200428,0.128144054097016,0.11616170488822,0.0658655670330779,0.268910240781258,0,0.145972539131173,0.0317563758630242,0.0502245445930643
0.378624313649659,0.0831328178144517,0.0712460626681483,0.0977363399993403,0.3692604658684,0.158896739094703,0.126738285141929,0.0905925308062748,0.0034249127489361
0.297399054924041,0.237938559387893,0.0980706784679107,0.136456066660567,0.230135640559589,0.105183736737958,0.18320286349843,0.103302770879827,0.073582563475547
0.393515235804115,0.176831757391492,0.0625663200863788,0.125248295700192,0.241838391017822,0.166932213750124,0.206240467593909,0.0997081014490502,0.0602886010461853
0.406375769881276,0.0455214430971304,0.0742372398303253,0.209866685157419,0.263998862033849,0.0717857227173013,0.0961171347293858,0.0921782735051811,0.0186139800505416
0.261813183918963,0.242218359078863,0.12196407320471,0.108766548122732,0.265237835674731,0.115693242339597,0.171369216611193,0.184610100009958,0.0503537262244698
0.43116306045055,0.112673207168584,0.040261557264969,0.173998368483541,0.241903806632357,0.17116373353563,0.119178565510061,0.20649359436454,0.0366227532710404
0.396580954810619,0.0641463723186677,0.033373901575536,0.218041052131574,0.287857719163603,0.152313230398572,0.125008549230939,0.0610606310880543,0.0228120874789695
0.483777442594987,0.035981681092796,0.079388903902707,0.208020442249553,0.192831530159958,0.084486660527663,0.142712685219244,0.127062015582941,0.0394712946960812
0.46508291089098,0.150441699991802,0.0874400257639883,0.0591835718762001,0.23785179147703,0.0160211428267493,0.177382371830746,0.138281152476211,0.00803879201519822
0.272350799154279,0.199243146843841,0.130369839575296,0.0942396348897414,0.303796579536843,0.162118571908773,0.113947019774806,0.198499694163244,0.00207206129506875
0.437333909499694,0.186776886101722,0.0921336784511538,0.0702676521134011,0.213487873834029,0.110755905818051,0.189213061346013,0.12228653938828,0.0248378370855303
0.431732012544888,0.178438118957615,0.102589997539994,0.0887357453512573,0.198504125606246,0.186072869627894,0.160453273216726,0.135289761533087,0.0285848921103871
0.385286568726446,0.200020392950602,0.0320163081519154,0.15569412261045,0.226982607560587,0.144724235639031,0.161626215634503,0.137779275750575,0.0368583256962633
0.365031870243091,0.19176046431122,0.112907178701147,0.107943073266463,0.222357413478079,0.143269174871434,0.16282341896312,0.171118019448834,0.029228547716113
0.407591916830726,0.209454090523601,0.0509700712406187,0.0966171565216412,0.235366764883414,0.320420375752061,0.20540529432524,0.161481746572376,0.00947764798021401
0.364253079670082,0.113343287546624,0.0640007529813768,0.107389329948507,0.35101354985341,0.111401233263602,0.120276338312819,0.132361834423216,0.0120580322292481
0.331821606965586,0.158931880857043,0.029232620817165,0.148335704099604,0.331678187260603,0.10428764487316,0.164605636952798,0.106625708154566,0.00178821830540505
0.431015000695109,0.108439433110008,0.0871628179877949,0.132185577564211,0.241197170642878,0.146412233037175,0.114959950506943,0.0630727604489639,0.0431604900048018
0.415550520746954,0.0701770260743953,0.0775211670348336,0.193391824052725,0.243359462091093,0.178247224053035,0.0899484155205968,0.0809461142519636,0.04001100931437
0.448463017741224,0.106070150645407,0.0760138455656122,0.113612902084795,0.255840083962962,0.176697647959986,0.15329406405664,0.0658665729132418,0.023845975785488
0.466511522933815,0.0764131782716438,0.0373070497057498,0.201409191363684,0.218359057725108,0.102993194304724,0.154050149713439,0.0655551330448157,0.0609389247001278
0.447131099962455,0.0636640624860054,0.0767363645963456,0.155356336527311,0.257112136427884,0.162690011755006,0.200712742807675,0.126672142368125,0.036906725565571
0.352813912665901,0.17923529529172,0.0722962211097707,0.140372523779096,0.255282047153512,0.222127529643126,0.0810423687949161,0.0915914661991201,0.0280252394782306
0.458265750451185,0.106682498608928,0.0429432601204373,0.21314611978948,0.17896237102997,0.0791134724362957,0.161192219348407,0.29373463770086,0.0346377502416639
0.463854578455213,0.0968515953191938,0.100796833520506,0.0958287353633087,0.242668257341779,0.0154311690198772,0.17730601920961,0.110889607890176,0.0353903861233754
0.358270599806337,0.180298183994627,0.107530071383938,0.0972230522285114,0.256678092586586,0.128004132591568,0.161368792915317,0.0902410409478945,0.0403930349121695
0.508019477616362,0.116224300052079,0.0382665883461768,0.0997062019913084,0.237783431994073,0.0711108232618462,0.182805114481829,0.192436467762653,0.00873594509914757
0.435864149884677,0.0832621377190243,0.0519458034490009,0.118241703701969,0.310686205245329,0.0850045518053619,0.128262315152186,0.116331605447068,0.023152306185608
0.461992999068762,0.100050286150259,0.135247974115476,0.07187762054668,0.230831120118823,0.174842109308839,0.189332614404055,0.191730119930388,0.0204363269949356
0.350447838623288,0.106351350092718,0.0635569796802691,0.143210907621993,0.336432923981732,0.057529256561121,0.132726121773184,0.156743238277798,0.0450591350827338
0.354672906503316,0.145214371386383,0.106986356135585,0.10928747156733,0.283838894407386,0.147686727222105,0.21903686522388,0.100771669116274,0.00671224298852865
0.302516426958687,0.248498427455567,0.132665285911481,0.123171439381005,0.19314842029326,0.320224759007963,0.179684096506907,0.109776950847402,0.0496944854248009
0.353542855392177,0.109160071375348,0.142681792606001,0.088183797091069,0.306431483535405,0.0310323033792811,0.176388985685768,0.036183160086183,0.0197773573473658
0.356720430774147,0.142427599688661,0.0187404741970776,0.253572850688443,0.228538644651672,0.0903295516870116,0.084358709597263,0.180656401883937,0.0306284138893527
0.487351319306679,0.0717330364475243,0.0877738460468868,0.0832675902687946,0.269874207930116,0.0230358325729402,0.0863179663111657,0.150977042530895,0.0138029934349956
0.491730731737192,0.0981497870887672,0.0489168811253063,0.0997642806482794,0.261438319400455,0.136392058150008,0.126574427270161,0.105292686039626,0.00536227474986377
0.404060222642784,0.145425053178539,0.0430911056574944,0.0934020505866232,0.31402156793456,0.105421221720903,0.142261599362227,0.0432578852083243,0.0034836579568233
0.377115123408141,0.16111884356359,0.092354488670414,0.0932030960737541,0.2762084482841,0.135495969994573,0.137113045602998,0.0787690228403819,0.0462972918355597
0.389797334518388,0.0566944345542116,0.0945815460783018,0.147998947937136,0.310927736911963,0.0795753386787258,0.165889549100223,0.0907410875712237,0.024320123498361
0.434554215058782,0.122368868274927,0.0701487891779796,0.15397067952203,0.218957447966281,0.048341339514704,0.160584626011424,0.148258643952502,0.0261532849877341
0.42681675869285,0.093314491747661,0.0559173995490874,0.172608879857053,0.251342470153348,0.0964171233267231,0.149457825173146,0.144332843592298,0.0291192452777017
0.388453404886244,0.10961073437234,0.0842439995606441,0.183729525407661,0.233962335773111,0.077147272990756,0.134797295998288,0.126262795549124,0.0186545086339585
0.375992905002715,0.156416626207778,0.0888550887926849,0.163438953420922,0.2152964265759,0.0752608173339043,0.130145898785325,0.137018145740527,0.0606027279582394
0.473593048582421,0.135328383776875,0.0083831690733546,0.0968544373239886,0.285840961243361,0,0.175957215812043,0.0896559055795354,0.0365103150687301
0.460611450829432,0.11271571610895,0.079374726185783,0.0814012681870686,0.265896838688767,0,0.131440170732301,0.0712293628404463,0.00559785741492512
0.46203531519202,0.0880954781690784,0.0321651725919401,0.168004365915428,0.249699668131534,0.0620382717696322,0.168542267103116,0.0439901559365768,0.0272022642217336
0.372672614157059,0.114809115483636,0.055088449991834,0.135565355014186,0.321864465353286,0.191604336657665,0.175595267919958,0.0673578981073324,0.0257658721557415
0.452216518261698,0.0402709356091393,0.0786146650454229,0.142470475967164,0.286427405116577,0.157727335410024,0.154778704470288,0.069917275760347,0.0384553134517156
0.475359749596233,0.127496229761937,0.03435742835084,0.140791329644849,0.221995262646141,0.136403029989302,0.218565682013451,0.174114100115294,0.0362863307840048
0.328881396659508,0.144301968172896,0.149735979333191,0.169646086380511,0.207434569453893,0.162366522426763,0.196003350215524,0.0879675610364324,0.0430642235716426
0.411886170003643,0.128639502445815,0.0643981457141502,0.0945258847928021,0.30055029704359,0.0684919548065032,0.142866370631307,0.114330423859596,0
0.435183361367454,0.109881576918336,0.094115776116379,0.0993754545857743,0.261443831012057,0.0461156651177515,0.174384523660526,0.132967402107215,0.00945216280215066
0.337191946940224,0.242528127094943,0.0809657321409487,0.114013120543652,0.225301073280231,0.151823427244274,0.197325533223835,0.148294381985496,0.0264094586905302
0.361840601855603,0.13986448808875,0.0984840114834624,0.0888987939842791,0.310912104587906,0.119323196611913,0.138992094421069,0.0442218758819165,0.0107222090077319
0.416554794055239,0.109743610455531,0.0530883013591908,0.193832244922331,0.226781049207709,0.0835872927810753,0.157726405391893,0.162166440633565,0.0200195479995272
0.378775166528353,0.146344117734083,0.0576802970344418,0.199885048531414,0.217315370171708,0.177552429674131,0.134434809088914,0.130633493323301,0.0492524739061485
0.39695472648319,0.160079212718511,0.0630009418909866,0.153603396284909,0.226361722622404,0.0916261631598212,0.177894084292993,0.0616465589148028,0.0248433577695693
0.385056927299161,0.107812524324235,0.0782610983489686,0.203780635244698,0.225088814782937,0.113076364661981,0.120773369835607,0.0943211695654967,0.0368946829409368
0.418870897345586,0.146814219114431,0.0755831717606361,0.163861952753738,0.194869759025608,0.210878074413009,0.179461859213189,0.113296008866675,0.0437353955079797
0.407999270831725,0.142355046909065,0.119690814131436,0.104525522451702,0.225429345676072,0.101024915395295,0.121888916420733,0.195193663460791,0.0359780742487001
0.424818085124603,0.13459458264219,0.0727296654230197,0.140584442358745,0.227273224451443,0.0443034305985782,0.24191516753945,0.0998881885208962,0.00409461586238363
0.427311337196706,0.0382566642330747,0.0551356541366073,0.213850052645422,0.26544629178819,0.166624267513911,0.112215410989812,0.0989119903710308,0.0578477047296709
0.418684076119998,0.118298702346077,0.0830194378769189,0.074408746030286,0.30558903762672,0.122076854196439,0.153187460227389,0.10586983212565,0.0098185416551921
0.371986934845132,0.154969051720565,0.0593630487685752,0.121278598925483,0.292402365740245,0.171365816694426,0.206941833613826,0.0728097183129628,0.0451773576723909
0.4654214658156,0.0838300398806134,0.0916250303523578,0.120356555386347,0.238766908565081,0.0347119897303611,0.111710233137477,0.129490498749087,0.0645531440244688
0.32785009100132,0.189408569190214,0.0948307571961651,0.14276537992094,0.24514520269136,0.121152428515433,0.155046772950457,0.0757211279700193,0.0220140157995758
0.343468678599344,0.133205341814666,0.0653512492970055,0.160112024792392,0.297862705496592,0.123682093403621,0.0865001374270934,0.106149669413673,0.0083298279083641
0.397201235758238,0.123196563161805,0.0485652924649116,0.147904664994637,0.283132243620409,0.0417262999731785,0.125173153196686,0.0666385494102692,0.0416151432678029
0.414279932391141,0.112456239670187,0.107524438895915,0.121641791378542,0.244097597664215,0.110760377625387,0.16685005169334,0.0909037278613611,0.0315185164247753
0.358123468880469,0.238886770969283,0.0678942729478182,0.123636102211124,0.211459384991306,0.241767807628941,0.18445392549893,0.164373290543646,0.0512588658264402
0.396949809887347,0.154521054514265,0.0614925116974918,0.0835953424229185,0.303441281477977,0.0992137822483059,0.204750615301544,0.0815895862452443,0
0.415017381032431,0.177438676966991,0.154184983942066,0.0380685181049425,0.21529043995357,0.149272704925083,0.17401294719225,0.10151722586633,0.0345109868229897
0.355025897257642,0.203855950026038,0.146552956713132,0.0285589342619356,0.266006261741252,0.215043860576384,0.156530212520491,0.0763424799225711,0.00603666035865898
0.36667701702314,0.101192569763593,0.0417282094619036,0.201348089973737,0.289054113777626,0.12244753508961,0.150825855770101,0.087617011688756,0.0164320187975479
0.4090275336136,0.210039265169695,0.0373061753072528,0.092807655652244,0.250819370257209,0.12594287792985,0.136490223017295,0.156583006300829,0.0162428949809829
0.360319303724723,0.146435572616159,0.0517432905743491,0.171083875225065,0.270417957859704,0.157000255191205,0.133806010774424,0.126137181266519,0.0411795734054991
0.389106943864452,0.142442293850753,0.107993673593851,0.106127666508536,0.254329422182407,0.160579773619835,0.185409421969032,0.155511316943492,0.0285379685920501
0.402925525226518,0.0912642085713359,0.0597711848971763,0.174824133030844,0.271214948274126,0.0756634273825444,0.174318952674841,0.118802082275023,0.0376585868736903
0.366099485419759,0.105723991683284,0.107052575782639,0.217651513224006,0.203472433890312,0.16351295689853,0.169712071960377,0.122303903902179,0.01679860495625
0.354528234588477,0.156147798884744,0.0777471460738372,0.177769482689943,0.233807337762999,0.0740133158284882,0.163759895823056,0.159289021834066,0.0498631119755277
0.406989863220919,0.119882763780941,0.0754913215124458,0.161452557215432,0.236183494270262,0.147192244275547,0.143756952547085,0.158833457191828,0.0106868202754678
0.42075826262485,0.127114269850248,0.0652836460053488,0.156405413280841,0.230438408238712,0.152194416379373,0.124124947380931,0.0247035168750068,0.0415199901640787
0.462548502088478,0.120651223525343,0.101406812208858,0.0961993174879742,0.219194144689346,0.0429710917765884,0.153982461697199,0.120616520510865,0.062656520460626
0.419481488707471,0.0697191633608826,0.0319983210480384,0.18001198805785,0.298789038825758,0.0805507149704697,0.141794036775149,0.0892270716446426,0.0211008779577734
0.426048633468815,0.134154681133507,0.101538889920727,0.0856069784398012,0.25265081703715,0.116650459323241,0.177720853930491,0.0961847622700396,0.0328939062885567
0.322147869344031,0.276555667369908,0.123315733494575,0.062620803421446,0.21535992637004,0.209104589159689,0.106752949561689,0.12117399174648,0.0197516074210491
0.451755671960695,0.136707158062304,0.0545936746624498,0.164882999765312,0.192060495549239,0.120207075004109,0.147794551802778,0.172366601195613,0.0295515668096844
0.383101072902576,0.175183861889306,0.11328292425734,0.0687933859404059,0.259638755010371,0.0756042530964414,0.132534445658558,0.182530690378351,0.0205054823410242
0.263443485361637,0.175500260527612,0.130620338813579,0.20076945122642,0.229666464070752,0.101996491977634,0.116850070968549,0.126955367342523,0.0376801572975453
0.498674974804111,0.0927310452379688,0.0796301528101056,0.0720266984792775,0.256937128668537,0.128763060801214,0.169081606175564,0.0940284329801646,0.0311060821468768
0.365607349941941,0.14715839991271,0.0987594203335748,0.189143303443403,0.199331526368372,0.127054728691362,0.169548826845383,0.20654135733402,0.0303198136282729
0.376886302714855,0.133845542745912,0.118351657043105,0.0898561739692383,0.28106032352689,0.169242998109782,0.133841567815281,0.101040656511207,0.0191182625224322
0.338575890453013,0.216663040541179,0.067095897232482,0.117396437456315,0.260268734317011,0.27296765015754,0.115932867419841,0.142011897581143,0.0181464965641848
0.378172724061149,0.151303531315321,0.105613175508951,0.139082443838229,0.22582812527635,0.125145836957325,0.134340878656807,0.136808071665665,0.0274312800708055
0.385269704091186,0.121988994603167,0.0580810273982966,0.178607762997662,0.256052510909688,0.0262445819859216,0.0915551352469921,0.188283563474573,0.0444262451096934
0.494140432475385,0.110291949969589,0.0490895343974501,0.152103843136543,0.194374240021033,0.133863058121434,0.173788191153179,0.124392428298259,0.0140035604292347
0.417575360359528,0.107731940338525,0.162226405746078,0.0733763100325309,0.239089983523338,0.1038054707704,0.175622462900176,0.0870267057299616,0.0639527180711027
0.3590403110294,0.149372007743147,0.0744127435443991,0.162460071944657,0.254714865738397,0.236876879357069,0.155632944605121,0.134002427367867,0.030116458856362
0.309207988101626,0.168382089084963,0.118132277303087,0.0985736424983354,0.305704003011989,0.185516048245733,0.228720713524047,0.078445124479497,0.032684115805999
0.422725949688676,0.108150875049416,0.0512704944107392,0.161114267822115,0.256738413029055,0.132332270449865,0.115455774629028,0.0333048464495831,0.027983444565329
0.329070747319292,0.0873900983359652,0.10994591865187,0.18120817801553,0.292385057677344,0.186826026355987,0.107750959453518,0.127421269802363,0.0274051902138981
0.370035127627578,0.19286443395155,0.0664955423852544,0.0909150994809712,0.279689796554646,0.184466857090634,0.2116727314726,0.188920438903621,0.0161728262084865
0.372893370335307,0.185055136344074,0.0482670144396944,0.117738911341045,0.27604556753988,0.128125115466284,0.21654395329337,0.0974674614785387,0.0273043369546889
0.31685802550345,0.166787671086521,0.0311172937776595,0.208363916700339,0.27687309293203,0.110518921090108,0.144439276164874,0.130769822929442,0.0135606822189053
0.323986933491881,0.191000001896724,0.0179586682187835,0.201206779226577,0.265847617166035,0.181140209259929,0.217203162198139,0.113440038215359,0.0216087965878282
0.394008486709736,0.155337243746779,0.141753427521391,0.0324402777561019,0.276460564265992,0.109235805299512,0.190240625132287,0.0719458784408336,0.0152845812117918
0.372352759687323,0.120881096173521,0.0539622881491875,0.179747380990996,0.273056474998973,0.0782581180330012,0.131343195070082,0.093176040894565,0.02892918274907
0.347032942922068,0.209172811340357,0.0119836707536308,0.154428231071465,0.277382343912478,0.100142506784455,0.132576239139224,0.209536374512282,0.014386031659245
0.324789304167593,0.210851455052277,0.12318869186295,0.076188688089816,0.264981860827364,0.155698758039425,0.183369113743789,0.134692918811585,0.0340850521837847
0.414011932082767,0.162239536850165,0.0223293731174989,0.168162176182975,0.233256981766594,0.229280212767924,0.12096952564403,0.0745127340518,0.00136217075188016
0.360126620160965,0.167985103598452,0.0762140544385714,0.101199833729904,0.294474388072107,0.0976187639900596,0.140928358945286,0.087731340712365,0
0.436163752710097,0.135843793035288,0.0846385108314793,0.110485318897429,0.232868624525706,0.117143478244064,0.10479634155418,0.0983437530838164,0.0377223824259539
0.40619305260872,0.107497707510504,0.0738398558809173,0.116271156775813,0.296198227224046,0.0860133580434079,0.117432008752342,0.049032290897553,0.0222067630216676
0.32607243519872,0.131002744725508,0.150413128058747,0.113316726355797,0.279194965661228,0.151958828952342,0.137883962309028,0.0496397803976468,0.0314818356856388
0.327542298893379,0.189424191325125,0.0807658432791387,0.196679960897615,0.205587705604742,0.109480891220934,0.198936492891646,0.123855749309923,0.0345452274619073
0.369813850433808,0.205435603225096,0.0613777519055117,0.122649766293427,0.240723028142158,0.218938508457378,0.15770133853016,0.13655729919274,0.0106525572779998
0.468433273001749,0.0734515542275734,0.11703416916522,0.108935905093781,0.232145098511676,0.114726329779967,0.18102871257621,0.0524433069735475,0.0503394909936817
0.381099896369015,0.135367177125758,0.0462482770372286,0.158013881873103,0.279270767594895,0.0657773897363922,0.253262665813378,0.101049304201997,0.00704164406125965
0.388147004382899,0.119782620342554,0.130412087085398,0.118501104082721,0.243157184106427,0.0898028269038293,0.158592048357403,0.0692214313994539,0.0410780401733304
0.389499895022302,0.109007093565113,0.0818136945426922,0.0837660920576649,0.335913224812228,0.126406716833191,0.118915548822456,0.114290709274673,0.0446895594032431
0.379566908374939,0.156257972133589,0.0635666544509444,0.128843035451693,0.271765429588835,0.139531628390373,0.158670953619773,0.127976513600907,0.0289424161307268
0.38640506585941,0.0941497172228061,0.0733914554924213,0.235142626593878,0.210911134831484,0.140234159464115,0.218716925701139,0.177321993838813,0.0243361831992124
0.452445315090485,0.0569559910710356,0.0837775420477448,0.165175419688986,0.241645732101749,0.155539524287422,0.130699384412234,0.156582841705952,0.0611051227886373
0.390588424103313,0.154002618508754,0.0903222033186489,0.137360846320319,0.227725907748966,0.0904054058301668,0.241692498618794,0.0800156273792437,0.0619787777963793
0.337003803258649,0.159057981798997,0.118651951115233,0.195868997095006,0.189417266732116,0.108674762452515,0.204008605977184,0.0643757156429101,0.0307863540003063
0.385693681330573,0.116636541041004,0.0595277008217027,0.207919232710094,0.230222844096626,0.135835030144283,0.234452764127381,0.0633742438152983,0.0372745818305899
0.305269306981031,0.137270780796849,0.054035461049753,0.140377639532317,0.363046811640049,0.113077060982324,0.162236690382898,0.107426774104799,0.062946839958727
0.44173833948515,0.117523743477875,0.00849573729499449,0.152009555724899,0.280232624017081,0.126755512955114,0.137643388213147,0.149320824581861,0.0441177443037026
0.382926346982678,0.142548273453492,0.0577797138447671,0.178173764208766,0.238571901510297,0.0164037100481558,0.18881634281994,0.138944407237464,0.00983586623256332
0.324031618312983,0.259594966045311,0.164141568151702,0.0359277322185282,0.216304115271476,0.161512877445154,0.201349353964761,0.134237864717656,0.0430356697332099
0.379618724271968,0.0830727485608101,0.059011721760754,0.118682246844201,0.359614558562267,0.0708868307379665,0.077846281270497,0.0129124845907854,0.0590184636971331
0.338991943300047,0.144713745879208,0.0627339862019163,0.155902526007568,0.297657798611261,0.102004038070363,0.132474923787702,0.0998008178452422,0.0203249294826224
0.334030238277217,0.207903854178054,0.0559482728566838,0.170438588645722,0.231679046042323,0.156260283029076,0.184932727133417,0.205308011839569,0.0177135110698694
0.473299888172392,0.106397571002189,0.039563733700204,0.172268891356927,0.208469915768289,0.0923824160998466,0.113866251842953,0.0844004810949743,0.0205418136511504
0.399087829986589,0.132429096053258,0.0640114865901018,0.165402395230302,0.239069192139749,0.10458310042367,0.168151466154939,0.193746579692577,0.0284591976375991
0.41697338466192,0.124398611915827,0.0282743329864257,0.150337041954552,0.280016628481275,0.0534282075749653,0.117114928145065,0.123296010445939,0.0144573059960691
0.431069630135649,0.103115698749626,0.0520342353450602,0.182133331710753,0.231647104058912,0.0467762565064078,0.121616456644214,0.207085127861448,0.0329254003078497
0.410713142428399,0.131249182110586,0.111809700894084,0.0687162597113016,0.27751171485563,0.0947206774816709,0.15840956206583,0.0906407400800585,0.000651027946356795
0.398305630884323,0.140082974687229,0.0781255909142183,0.149665977352554,0.233819826161676,0.121440881504572,0.158972931019554,0.102148376853536,0.054528256576489
0.40455814922624,0.129163990015472,0.0590396390665605,0.201348990250759,0.205889231440968,0.104864212875795,0.168727158899443,0.0759930595715865,0.01994018780299
0.373849491062289,0.184387208847958,0.0837362392063347,0.137556912048147,0.220470148835271,0.121105986254,0.119828159829384,0.190087769945073,0.0204095731433784
0.452596714157032,0.103659669387174,0.0998782864890491,0.120333174574829,0.223532155391917,0.0482992362592326,0.147556371442868,0.105615303017053,0.0287039366221469
0.479672640197632,0.0989936837466739,0.0657866954231669,0.0909532660361893,0.264593714596338,0.0321419453733034,0.0959537212979537,0.136061692143837,0.00347278611640885
0.334212310148197,0.149577529291319,0.0890509256263404,0.204204669980479,0.222954564953665,0.106431502731063,0.146880880783734,0.131291116578929,0.0526192892138098
0.436114752288788,0.165962832670739,0.0379813434016509,0.121456923352794,0.238484148286027,0.136699262848835,0.178233731863697,0.154371531078702,0.000120625049233781
0.372643645129858,0.101636647140423,0.130566000552662,0.0980098875326156,0.297143819644441,0.14445816370431,0.136941833865736,0.0842639297381054,0.0223895025134328
0.354518241441262,0.240840720023462,0.139080773838951,0.113114953401535,0.15244531129479,0.155780355899545,0.19092758318785,0.12896742826112,0.0312336684109314
0.341616849943657,0.179071528086328,0.103618813807245,0.122179872386037,0.253512935776733,0.29297736542268,0.149857408673948,0.0911273742018004,0.0434798319088572
0.38258448470763,0.126455893903683,0.105881535183813,0.158024053597331,0.227054032607543,0.0616818557589444,0.197358243725527,0.144277423123901,0.0461559532018646
0.50772884223903,0.135521654384801,0.0516127769721602,0.0776327412303439,0.227503985173664,0.153495001801392,0.107789058418401,0.113629425913332,0.019604184842647
0.364548211336142,0.130515483948139,0.0430389340099257,0.173069021334918,0.288828349370875,0.0756592019532765,0.150533431046653,0.150693061274339,0.0129335557034037
0.449204879495543,0.0551479359814235,0.0386578470035485,0.2187989472408,0.238190390278685,0.143766987524922,0.197380519027969,0.150093025639862,0.036011410302423
0.333742801360482,0.167967171792159,0.137571043818321,0.108619289205567,0.252099693823471,0.204773887850264,0.166253590026797,0.106370923072257,0.0353314302317446
0.4287517149682,0.0715207040438676,0.101453235669468,0.0993218727070248,0.29895247261144,0.057089292066789,0.122647331360826,0.0991227649186659,0.0390229069404845
0.349676462110339,0.251214287263023,0.127792742688729,0.0201493638407077,0.251167144097201,0.192491161887735,0.222184734042478,0.128555199050518,0.0264079327168574
0.329350688852156,0.225483429660187,5.55271878089526e-09,0.205784800543698,0.23938107539124,0.169836204465295,0.187868196834906,0.216026963241041,0.000712439408872039
0.43654543951705,0.0550965178615008,0.000903570932598814,0.20581625443177,0.30163821725708,0.0479575138021818,0.158200545460852,0.099221422041359,0.0245664186314562
0.355886018056654,0.151328329094383,0.0560164883436536,0.145614189901761,0.291154974603549,0.0587895285777094,0.10883899351219,0.161906079369026,0
0.217683124137619,0.253918393613346,0.226652123697592,0.0285223008852918,0.273224057666151,0.184759026727244,0.266264176159308,0.120773980726276,0.0144991977338423
0.384112332373538,0.165324989276736,0.0561796000004369,0.167217748927938,0.227165329421351,0.0846857871676987,0.134133621163557,0.21125624549407,0.0149036401149453
0.38564552475692,0.186500103380482,0.0580304459413424,0.153463223536574,0.216360702384682,0.113539569423127,0.160917249109356,0.134450709333913,0.0552833432912127
0.292422749969062,0.297347913508517,0.0899374621957894,0.0839492344739214,0.23634263985271,0.147345575981551,0.141389721753331,0.129432871302863,0.0273417709287391
0.317903495549206,0.176686027574703,0.128893072000684,0.0829859035276751,0.293531501347732,0.124546267677371,0.150578577439915,0.096918394355419,0.0404063871067872
0.436224048749757,0.0924706796609592,0.0642195625876241,0.147436275398575,0.259649433603084,0.126751760599817,0.123032921951198,0.0895024653149425,0.0341456954639843
0.453968485435655,0.100400708022833,0.0634926522127082,0.115878298136024,0.266259856192779,0.164343198583664,0.0974309927348059,0.0322192538493682,0.0137306491371783
0.357283389079438,0.256905946569446,0.0927046075112466,0.150795392239994,0.142310664599876,0.220213400728214,0.0790793636306692,0.219709373155229,0.0323605759408283
0.344479447889798,0.0905698184337569,0.159094049460823,0.122991003272163,0.282865680943459,0.0106587630461438,0.139301359426569,0.0582092312220524,0.0067401882183657
0.35738490538375,0.159899392064492,0.117784763714741,0.112831307512039,0.252099631324977,0.0953792858381664,0.22064244335322,0.0953037115473948,0.044294989867873
0.38572911280851,0.0942684110240097,0.0759179964855958,0.073883546432277,0.370200933249607,0.043145606345395,0.129748329950108,0.0188342289612706,0
0.436585201568267,0.0811319220611038,0.0201445075254062,0.182584005057203,0.27955436378802,0.115935451767843,0.12123389167432,0.0838753362446447,0.0205688547900008
0.466517338356818,0.0815845589939866,0.0451223806346177,0.129178930869007,0.27759679114557,0,0.18572675860803,0.0859328382444878,0.0459241953878953
0.452914207809099,0.115642869556897,0.0807810840139639,0.135953480158774,0.214708358461267,0,0.138292767906011,0.131296717257062,0.0107601099352529
0.388046853662102,0.144191089331364,0.0868914003313042,0.178313192741374,0.202557463933856,0.078673579870345,0.199413668894278,0.187546309603228,0.0338717963929587
0.403893272805529,0.114478665934229,0.0461715902430318,0.204093555514883,0.231362915502328,0.122436821142143,0.135455006117092,0.238442008722182,0.0177671752016969
0.298877166843924,0.189285876365225,0.127272235764903,0.0960389793050574,0.288525741720891,0.0425213416523569,0.141942498949504,0.168555659986962,0
0.356631027963798,0.172903500162512,0.0369360975405035,0.190712612139366,0.24281676219382,0.0680256925532923,0.169149294336399,0.195262231064838,0.0286467235833692
0.333377820067391,0.172562983883162,0.108190566156024,0.164933737061113,0.22093489283231,0.117455283019477,0.14101839300343,0.193897476667932,0.0329821688367568
0.403223073866993,0.124442056157011,0.0610062332339752,0.0954069550314588,0.315921681710562,0.177299471835987,0.179313995109272,0.0347016936041788,0.00450917920863584
0.434282884938636,0.183681649312401,0.03572184518147,0.165769717251308,0.180543903316185,0.075301188360043,0.175630315873207,0.100035210108389,0.0214146929339409
0.410431957291224,0.0786445372695928,0.0282168192588598,0.177025435899577,0.305681250280747,0.27718732556161,0.0951097316108777,0.0782792773700053,0.00946377558854438
0.333428399086569,0.123613538394671,0.129191516321572,0.196388394194928,0.217378152002259,0.118869281271316,0.16316097866167,0.154013444011389,0.0296095773124023
0.479978058986192,0.0701983818609415,0.035873789734574,0.141695635875383,0.27225413354291,0.0674431090027995,0.0655614511613253,0.0900973279489349,0.0119079969411292
0.479673388271715,0.105350400417887,0.0670540855972787,0.0879927758733442,0.259929349839775,0.0600532202396796,0.207306581547236,0.0830347968404833,0.00488114134606647
0.407683397506836,0.246425924325444,0.0578318337966084,0.144269120687578,0.143789723683533,0.0470174379484823,0.160535295324582,0.129152902349479,0.0384157572331943
0.274904170342701,0.236664922011293,0.0610289748754471,0.199905682689975,0.227496250080584,0.169220999317059,0.252123315303534,0.253927796253014,0.0140770885646435
0.435166139393979,0.0927508447216782,0.0490817488552313,0.0885092862216792,0.334491980807432,0,0.132403148693911,0.0794657603250637,0
0.404904325695051,0.21751673462104,0.0355050469207787,0.132911657826751,0.209162234936379,0.0394138233543569,0.150931474579051,0.117293600680308,0.0133266002547089
0.408646968713669,0.101950061030673,0.0530951155642687,0.147196639411098,0.289111215280292,0.288131031933311,0.195229853890422,0.0691816818887681,0.0295075570547551
0.402952419463122,0.127731451865527,0.0809317745760776,0.133309900289082,0.255074453806191,0.022680896294919,0.139573719385385,0.097502129646467,0.0201097473755683
0.376988638877936,0.124929875859449,0.094511724648942,0.0330685770834852,0.370501183530188,0.130876967140415,0.175790496060366,0.0982141314824822,0.0204282788453047
0.46145385435988,0.0792621043630892,0.0887238228908568,0.124573809743896,0.245986408642279,0.157044640902861,0.16291876491951,0.0668453573567154,0.0288868900594274
0.376988049443806,0.136766456879526,0.0615440781238575,0.166659843130701,0.258041572422109,0.0312691797386374,0.206016450579663,0.173802532646105,0.00223806189825562
0.489802313421172,0.105422999701655,0.0678171844248545,0.12511515494962,0.211842347502699,0.171684248102995,0.135750363476291,0.110039379743449,0.0192839650082829
0.448609561981098,0.0441873166150231,0.0669696145098264,0.144108064815942,0.296125442078111,0.134514616023088,0.142454922766725,0.105740477487673,0.0391795868459273
0.392289129172224,0.196417153247145,0.0735423136969237,0.080885606463082,0.256865797420625,0.174265027036646,0.176194447394654,0.167136963590021,0.0201772517973508
0.498348399998209,0.15636646001764,0.096883812920303,0.128861336729267,0.119539990334581,0.0730878592325562,0.163128369054019,0.138928267731792,0.0325560775475789
0.378034044241403,0.215263123326604,0.0689501144863726,0.053684577297782,0.284068140647838,0.213613498197896,0.15980698762944,0.0457332139373563,0.0135343454896028
0.418048142803913,0.107741500176806,0.099988192539954,0.11804142957672,0.256180734902606,0.13409984354133,0.116697077290532,0.121453902984799,0.00160753235354448
0.463842619081122,0.198465629624025,0.0418432157559254,0.112484135206822,0.183364400332106,0.249648977617388,0.167169860471086,0.122014402268126,0.0378437545166339
0.337981953660014,0.202154517314903,0.169104765697479,0.106438682410776,0.184320080916828,0.212196672738861,0.205546711889909,0.139557832851865,0.0357008820485152
0.403288641171695,0.0835201352590617,0.0286076822274026,0.107931045811548,0.376652495530293,0.0211896318070027,0.144592360127113,0.0546513219805355,0
0.405052675684269,0.101974144274684,0.0741670848827985,0.19694710827205,0.221858986886199,0.0788270727726015,0.128866882426286,0.0873918426091302,0.0212602344974035
0.383027940264072,0.122366481510525,0.125863249266509,0.108902300685443,0.259840028273451,0.104153120457935,0.151736147127749,0.066411965183417,0.0377310041024163
0.346393067941901,0.219868090401818,0.087620824465481,0.145651446854788,0.200466570336012,0.145508373607834,0.140725677173539,0.165706229830673,0.0247073382587233
0.45598907012662,0.188236499363768,0.0816302711198779,0.119213291987482,0.154930867402252,0.1253210467413,0.140213620086859,0.120996281316697,0.0347920222718075
0.458848080631168,0.0822811971232206,0.0676168900776955,0.145735579594477,0.245518252573439,0.106269821453416,0.126181474188653,0.122597843026335,0.0231457545767534
0.371534189308847,0.182259728948362,0.0268771860748631,0.0963802087402343,0.322948686927694,0.0862508031091067,0.104176156264528,0.148134636871567,0.0224577296896476
0.450334705926478,0.112157551195376,0.0923970563433455,0.11317004849908,0.23194063803572,0.0927933765722585,0.167407405054974,0.115724460514513,0.0161308742496729
0.453386463592392,0.133943845595987,0.0428149364196424,0.110726907232981,0.259127847158997,0.136785916155129,0.182437176635728,0.0760941980526686,0.0207345128724224
0.425435320215131,0.136788103207712,0.101100088845125,0.0968587939376759,0.239817693794356,0.163606235754475,0.173739606111779,0.152097111808151,0.0069507145791992
0.317076629813197,0.167630592359778,0.0669812780651339,0.129503870374315,0.318807629387576,0.056987197644258,0.147243395940261,0.0704073449613157,0.0169728472443987
0.415212021519049,0.104622504703343,0.148577143312605,0.112953514926902,0.218634815538101,0.0912980243085578,0.156924056308588,0.131946428741433,0.0516519247084649
0.423680198907963,0.0911970143712513,0.0842686244436291,0.171753735545381,0.229100426731776,0.161439233347306,0.147459637371863,0.119209090774534,0.0230700541397245
0.44757018083416,0.111685229394223,0.049638171280407,0.182767145207492,0.208339273283718,0.0196875324241928,0.111538621978182,0.0503580056429151,0.0283883378450909
0.477337273658796,0.0702276117452747,0.0681985854469412,0.108790922829696,0.275445606319292,0.0865035059834613,0.12464084593555,0.0846706336730658,0.0316699328904393
0.452350996130986,0.159828002619383,0.0518362762373255,0.141388629585061,0.194596095427243,0.160768735450751,0.176005272919417,0.113327914360445,0.0130660313070349
0.437283119038997,0.135818363081577,0.0523182212555576,0.135721822415318,0.238858474208551,0.134513676892382,0.115388969125848,0.212971281185157,0.000381421045165819
0.331167896253076,0.140177531442352,0.0816958887892021,0.201149046702025,0.245809636813344,0.114359084416838,0.174467605827199,0.2195930911561,0.0589091921215208
0.395067561236358,0.152976959516321,0.111081931098662,0.0601654412964368,0.280708106852222,0.193597006414099,0.163732674384398,0.111562750558998,0.0218381183579486
0.420274213131913,0.160095864462009,0.0750439401118474,0.0575416217121972,0.287044360582033,0.0604167869727242,0.140882750054647,0.138602213576767,0.0276523050743106
0.322126250298616,0.178092759041917,0.117827573636062,0.141642607952331,0.240310809071073,0.17294639150517,0.131807707375272,0.139532755861886,0.0198978356886271
0.376682387838341,0.15028797269127,0.108776265408321,0.149117442675835,0.215135931386234,0.159394691938867,0.149483114224758,0.152351688855625,0.0142252255573618
0.368649342633327,0.17852509132687,0.0945281507004232,0.110643201752505,0.247654213586874,0.146938816381352,0.203121070043666,0.119814896095609,0.0306963205702555
0.447476051795716,0.054290068537353,0.0943180992500125,0.160577778620561,0.243338001796358,0.0813087772618749,0.173421604892145,0.111599214558812,0.0159724910667465
0.423548041622621,0.156448041934921,0.0596981854267706,0.0939792097897498,0.266326521225938,0.043427885468046,0.199940401488738,0.113130663371023,0.0185505377570007
0.416909675915667,0.0852365249461858,0.0289536923714613,0.161243213472527,0.307656893294159,0.0418758016023862,0.124954789434275,0.0999188185945396,0.0175517107189734
0.434091534966799,0.126336992108261,0.11492904149252,0.14777518199345,0.17686724943897,0.0921826590589483,0.194932206160153,0.140325637077717,0.0418739505038472
0.43041177105351,0.0551253502864953,0.0902606310943035,0.120013242968823,0.304189004596868,0.170066861001777,0.141781698215091,0.12901655106499,0.0108801235577345
0.401298980444339,0.183540747735791,0.0535419741779868,0.163401243179598,0.198217054462285,0.252279417862383,0.155185048616938,0.107254202850614,0.0406416903983996
0.410377016730802,0.0686721577669002,0.0746172392525375,0.181786921544008,0.264546664705752,0.0519503687861644,0.105322744383555,0.143262329368946,0.00897267786716324
0.455347671609035,0.175544544107508,0.0758086721704465,0.105387949559381,0.187911162553629,0.0983285423129173,0.0855284734331673,0.113318400590876,0.0407430890965116
0.318887369751659,0.204065654049345,0.117962979242425,0.0829633462686059,0.276120650687965,0.247896289568484,0.261747972382221,0.15297402684596,0.0210713175107438
0.394810828599307,0.174331815444485,0.0588131414521066,0.154256516343565,0.217787698160537,0.0944552402753814,0.120697540186507,0.0802471081096248,0.0307747055850186
0.406256515901718,0.175554318463653,0.090874222319044,0.0315846867690984,0.295730256546487,0.172450109018083,0.181992182973658,0.123047152755147,0.0211314622606925
