"V1","V2","V3","V4","V5","V6","V7","V8","V9"
0.342154153675866,0.035833088812121,0.0615607849569732,0.073809318219345,0.486642654335695,0,0,0,0
0.251192111617849,0.052989904311372,0.0690197446701033,0.0464432943491419,0.580354945051534,0,0,0,0
0.324686095885246,0.0631161147659657,0.0157794499966505,0.104622313229875,0.491796026122263,0,0,0,0
0.338702186353331,0.095642618315018,0.0260394865278619,0.0688140268177619,0.470801681986028,0,0,0,0
0.398682424320064,0.0416527223732557,0.0469458314458545,0.0795889789250451,0.43313004293578,0,0,0,0
0.380167598146364,0.0499191284431277,0.0386949177853869,0.0653382433681512,0.46588011225697,0,0,0,0
0.331282783587803,0.0675991253810369,0.0195041366667946,0.124022730075873,0.457591224288493,0,0,0,0
0.322994519628996,0.0679546765790553,0.0684570538415375,0.0507604371428546,0.489833312807557,0,0,0,0
0.39940222082217,0.00366552036433667,0.0852299438398351,0.0966683502026296,0.415033964771028,0,0,0,0
0.410083277055383,0.047739727372697,0.00937372495089334,0.116409970109587,0.41639330051144,0,0,0,0
0.381011841572824,0.0526513748083953,0.0167887668727123,0.0465309028768663,0.503017113869202,0,0,0,0
0.234312044194543,0.119625033202398,0.0270997194373901,0.0358814848970624,0.583081718268606,0,0,0,0
0.394395842790817,0.0420820223781682,0.109356020112912,0.065371532062216,0.388794582655887,0,0,0,0
0.379087867316927,0.0387312923366319,0.0179156004598069,0.108663404111466,0.455601835775168,0,0,0,0
0.342721246581523,0.0694306374079948,0.0382437494642214,0.086100088157484,0.463504278388776,0,0,0,0
0.411561203189043,0.0199455512297148,0.0576415568518253,0.101715978967856,0.409135709761562,0,0,0,0
0.368578765626907,0.0767437653543265,0.0431836209947398,0.0878981857178726,0.423595662306154,0,0,0,0
0.360075979247516,0.0218648724236779,0.060654116259037,0.0846818076145654,0.472723224455204,0,0,0,0
0.363825561383611,0.029456210944916,0.0580972947332256,0.116919478167729,0.431701454770518,0,0,0,0
0.302600237256934,0.0592549696322327,0.0458515715882862,0.123811012105598,0.46848220941695,0,0,0,0
0.274095382354938,0.0679240309099662,0.0350177416592003,0.0908824672093927,0.532080377866503,0,0,0,0
0.304776165139836,0.0840336603138286,0.030153212188375,0.079611564353533,0.501425398004427,0,0,0,0
0.368486052112019,0.0726137406197343,0.0543310734530508,0.0947145148947239,0.409854618920472,0,0,0,0
0.372286363183309,0.0197526780044779,0.0212557030126204,0.101916759362259,0.484788496437334,0,0,0,0
0.278076458230699,0.0545559129887117,0.0767060410370051,0.0707008113711538,0.519960776372431,0,0,0,0
0.332971870607508,0.0834439732069378,0.0708912987489603,0.0690467809969812,0.443646076439613,0,0,0,0
0.265632324260531,0.0831615995381673,0.0542184866822495,0.0745841449836828,0.52240344453537,0,0,0,0
0.33440134533381,0.0339742627436931,0.0257264753433927,0.0687799842733947,0.537117932305709,0,0,0,0
0.330682648316725,0.0725578769363191,0.0523931067683129,0.104031117904106,0.440335250074537,0,0,0,0
0.368527604361699,0.0478435965684998,0.0244331459360221,0.100864200929709,0.458331452204071,0,0,0,0
0.250010361829442,0.0556694528713451,0.0384983261941869,0.0885392726053217,0.567282586499704,0,0,0,0
0.345453484742438,0.0673395453462272,0.0323343699042602,0.0670896240174461,0.487782975989629,0,0,0,0
0.309061809027265,0.0390742564485492,0.0315343288350232,0.09889510765688,0.521434498032283,0,0,0,0
0.34928143844745,0.00714193508585789,0.101089326179979,0.0807047192249443,0.461782581061769,0,0,0,0
0.361099686056065,0.0362218196715686,0.0842784889999451,0.104395353936357,0.414004651336065,0,0,0,0
0.29222185077024,0.0478464653827278,0.0488070043721306,0.115681743236133,0.495442936238769,0,0,0,0
0.348343967911752,0.0777433601495998,0.0174610798199264,0.0804890746382824,0.475962517480439,0,0,0,0
0.346117146234321,0.0945057915138839,0.0656111394663777,0.063822741498041,0.429943181287377,0,0,0,0
0.290312400979886,0.0267231897567178,0.0579373867420868,0.0813560236112865,0.543670998910023,0,0,0,0
0.321122933962385,0.054627634740706,0.052561833580998,0.0751770575129343,0.496510540202977,0,0,0,0
0.319823316196302,0.0656250559579433,0.0346881821948834,0.0788599310647066,0.501003514586165,0,0,0,0
0.301255891934914,0.0958984453745159,0.0265401386164032,0.0545183934182932,0.521787130655873,0,0,0,0
0.218535998323841,0.0992279353986306,0.0525367206244851,0.0804648786687684,0.549234466984275,0,0,0,0
0.329160634006448,0.0182501502970868,0.0804202245644474,0.099445944082195,0.472723047049822,0,0,0,0
0.349601614298418,0.0736488222633582,0.0305836173694039,0.125585211425539,0.420580734643281,0,0,0,0
0.309148089878417,0.0392552385491463,0.0446581791511439,0.0945938268282773,0.512344665593016,0,0,0,0
0.410975746475645,0.0393148121498578,0.0508663508282182,0.0754766153113432,0.423366475234936,0,0,0,0
0.33090278419669,0.0882354504637125,0.0759024836267327,0.0475688117857088,0.457390469927156,0,0,0,0
0.283313676811964,0.108945722204163,0.039000980658231,0.046426534932785,0.522313085392858,0,0,0,0
0.322264574982842,0.0513461930115795,0.071054818647332,0.0739494747791674,0.481384938579079,0,0,0,0
0.352404677668563,0.0395967794467693,0.0689532710792127,0.0687583021192514,0.470286969686203,0,0,0,0
0.300678585543614,0.101362437936149,0.02016471588369,0.0656454311745261,0.51214882946202,0,0,0,0
0.359830383465461,0.0465139589229767,0.0156444182086177,0.113650410633939,0.464360828769006,0,0,0,0
0.332268168955107,0.0340395080467499,0.036908135652154,0.112745978222286,0.484038209123703,0,0,0,0
0.335684588257468,0.0735527826564949,6.44606670658419e-08,0.0816219809159692,0.509140583709401,0,0,0,0
0.382431162608833,0.0759354577803026,2.73974207508817e-08,0.0849703673387814,0.456662984874662,0,0,0,0
0.266774417570421,0.124674990419953,0.0309526320841643,0.0755657562972969,0.502032203628165,0,0,0,0
0.364842060984798,0.0297154946806223,0.0101920854159265,0.0713636324157303,0.523886726502923,0,0,0,0
0.303977460663542,0.0785147168803816,0.0616590589438327,0.0959102942862107,0.459938469226032,0,0,0,0
0.361580100027332,0.0459529900172727,0.00970511761138133,0.0712103211553709,0.511551471188643,0,0,0,0
0.304161529723569,0.0886684326730363,0.0565216460863794,0.0391570117854609,0.511491379731555,0,0,0,0
0.345753154895454,0.0441846319174938,0.0461626143388549,0.0467301310059757,0.517169467842221,0,0,0,0
0.308015768453866,0.0769895127000888,0.042149773810148,0.101239009940511,0.471605935095385,0,0,0,0
0.332243152948365,0.0471907800468855,0.0793168193610507,0.0497616551934389,0.49148759245026,0,0,0,0
0.34470298743659,0.0681644073903157,0.0329217508899176,0.10028760909086,0.453923245192317,0,0,0,0
0.295030859658268,0.0701960177513932,0.0356070089406594,0.0519530369484823,0.547213076701197,0,0,0,0
0.345038592133697,0.0667030625701971,0.0270845452541692,0.0994917957927628,0.461682004249174,0,0,0,0
0.357751414243565,0.0572859975234751,0.0322287480805149,0.0668826805281222,0.485851159624323,0,0,0,0
0.337320503171319,0.0342568194148614,0.0686477144264449,0.066869379679681,0.492905583307694,0,0,0,0
0.378298458943391,0.035322095351745,0.00981065544711729,0.0787284176806539,0.497840372577093,0,0,0,0
0.299944354716159,0.014517744273882,0.0679443168399411,0.117823146012098,0.49977043815792,0,0,0,0
0.290444973933232,0.0919804294488464,0.0372684511751952,0.1035457062348,0.476760439207926,0,0,0,0
0.307685073914829,0.0830856869492793,0.0282419669842716,0.119252272168816,0.461734999982804,0,0,0,0
0.371268485874256,0.0763343249468485,0.0526982438067609,0.0485102431846989,0.451188702187436,0,0,0,0
0.357010865620136,0.0521588895011048,0.0505971636840745,0.0512947082682694,0.488938372926416,0,0,0,0
0.375750603505902,0.0503121846499102,0.0485422060426015,0.0118394063889394,0.513555599412647,0,0,0,0
0.349743229324537,0.0551395676440376,0.0403777856961444,0.0587881575713568,0.495951259763924,0,0,0,0
0.300157724541303,0.0471859823714935,0.111339301013146,0.0384465370381195,0.502870455035938,0,0,0,0
0.386522588579687,0.0803107643159448,0.0234961744456907,0.0614386572206413,0.448231815438036,0,0,0,0
0.317975764766887,0.0678238232711461,0.0467723265564417,0.0856707641830786,0.481757321222447,0,0,0,0
0.37434835953121,0.0590443253060957,0.00332028462915598,0.0679173429363156,0.495369687597222,0,0,0,0
0.382017857230464,0.0416913415233325,0.0382489795567226,0.0652191099022135,0.472822711787268,0,0,0,0
0.309511221396434,0.0445630971255164,0.0720223071884088,0.0592793471789326,0.514624027110708,0,0,0,0
0.352944112900643,0.0823030235125468,0.0622605687186618,0.0593996569543897,0.443092637913758,0,0,0,0
0.295167426414577,0.0492120911179793,0.0501568783963963,0.0788205166189787,0.526643087452069,0,0,0,0
0.279982893127941,0.0558172215319873,0.0563325382904351,0.0959242715850032,0.511943075464633,0,0,0,0
0.353317484393949,0.0566565188212669,0.0408878790804979,0.115613355748201,0.433524761956085,0,0,0,0
0.354991184154269,0.0502238230963301,0.0331745074873819,0.100502579740155,0.461107905521864,0,0,0,0
0.342779480318571,0.0138830639331063,0.0376346114117333,0.136265507471568,0.469437336865021,0,0,0,0
0.347235795395335,0.0596615708405941,0.0753518637200731,0.103354662270445,0.414396107773553,0,0,0,0
0.312167588991552,0.0973525525840656,0.0478931366502553,0.0815027546087687,0.461083967165358,0,0,0,0
0.330109527208686,0.0564228746172967,0.0360798091621433,0.066885266167786,0.510502522844088,0,0,0,0
0.296946880227282,0.080665517918512,0.0256004506716213,0.078592971062882,0.518194180119703,0,0,0,0
0.374752763534156,0.0670345543015958,0.0208733792258047,0.0482572498283944,0.489082053110049,0,0,0,0
0.372322349554729,0.0289832126358936,0.0403626731190488,0.0486148313238449,0.509716933366483,0,0,0,0
0.301815926355061,0.0755265753707066,0.0634099733073349,0.0819600375809832,0.477287487385914,0,0,0,0
0.333417779690941,0.0640526737807079,0.025376848090474,0.0573441456786025,0.519808552759275,0,0,0,0
0.357790552920151,0.0174629968961877,0.0575307793196961,0.0673905516455234,0.499825119218442,0,0,0,0
0.300133699832843,0.106827969338197,0.0369861823505792,0.073088705134024,0.482963443344356,0,0,0,0
0.275732543145656,0.0735439084610735,0.068357641042284,0.0591142637519334,0.523251643599054,0,0,0,0
0.37365649994979,0.0518460574034652,0.0561165380662672,0.0726420402707718,0.445738864309706,0,0,0,0
0.282832623985956,0.10561163479845,0.0545265585148023,0.0513203075064455,0.505708875194346,0,0,0,0
0.282488971714345,0.0806480652692839,0.076665034868533,0.062143670228095,0.498054257919743,0,0,0,0
0.321374907578438,0.0758422584484528,0.0553808951721507,0.0435696035863309,0.503832335214628,0,0,0,0
0.327494955592416,0.0504959380697638,0.0542097822781356,0.0639627469094743,0.50383657715021,0,0,0,0
0.379294606820582,0.0125514992851935,0.0494927254541561,0.0601207148632116,0.498540453576857,0,0,0,0
0.354027347229119,0.0826256030933729,0.0702593157520754,0.0368701079649465,0.456217625960486,0,0,0,0
0.324357252260077,0.0568292728453451,0.0620724691088779,0.0891219664032302,0.46761903938247,0,0,0,0
0.250079025773546,0.109489774479467,0.0758136438409263,0.0606549241568371,0.503962631749223,0,0,0,0
0.374169604651331,0.0712665648154206,0.037440170616021,0.0738405084712678,0.44328315144596,0,0,0,0
0.30862684520219,0.0805346042551935,0.0365606651087178,0.094418567201326,0.479859318232573,0,0,0,0
0.290064962542955,0.0866682683343374,0.0161818296655124,0.0646279833130152,0.54245695614418,0,0,0,0
0.299363238531854,0.0922384053079638,0.0546729325524381,0.103229992237904,0.45049543136984,0,0,0,0
0.363518841406291,0.0781720770300524,0.0679671470808505,0.0851450922956813,0.405196842187124,0,0,0,0
0.353343215101737,0.0516152304769995,0.0313833108565044,0.0852038091419736,0.478454434422785,0,0,0,0
0.289378175201424,0.129549644312523,0.0299828910077493,0.0520637650611823,0.499025524417122,0,0,0,0
0.309797097762601,0.0821752296129067,0.0469894400400355,0.0583767329455996,0.502661499638857,0,0,0,0
0.348069794392454,0.064837556403768,0.0444585263857192,0.112722635441586,0.429911487376473,0,0,0,0
0.338642301751509,0.0666216899615554,0.0557432616399435,0.0182225856815486,0.520770160965443,0,0,0,0
0.416068570816602,0.0386344314047998,2.17998424908209e-09,0.0919646291475244,0.45333236645109,0,0,0,0
0.357116859652389,0.0438895614463848,0.0654214314859115,0.0731251344588028,0.460447012956512,0,0,0,0
0.218058137675742,0.0849144718247446,0.0838139727965114,0.0477840113376785,0.565429406365324,0,0,0,0
0.373861966254384,0.0428677075224649,0.0362708229477604,0.0634770249718864,0.483522478303504,0,0,0,0
0.26013056465081,0.0963797678297614,0.0514093013766074,0.0602596788594274,0.531820687283394,0,0,0,0
0.34042399693083,0.0726444265365436,0.0403073003086492,0.0491594355828585,0.497464840641118,0,0,0,0
0.377011980349965,0.0353897924945538,0.0480836631180202,0.0987124304264585,0.440802133611003,0,0,0,0
0.325901163372255,0.0542443075142604,0.0540716176880813,0.103903074847984,0.461879836577419,0,0,0,0
0.347898721149048,0.0534731419873347,0.0205945606718618,0.0685382878742859,0.509495288317469,0,0,0,0
0.291217096936236,0.0503351216269116,0.00088878597158586,0.130313258208877,0.527245737256389,0,0,0,0
0.191461539584525,0.0882698470172209,0.0553346801656394,0.0776085043116066,0.587325428921008,0,0,0,0
0.393952841274045,0.0577652428009511,0.0935644458707909,0.0673603305060347,0.387357139548179,0,0,0,0
0.353799676147186,0.0751141971710881,0.0378847144448,0.0845305145482085,0.448670897688718,0,0,0,0
0.354823287876314,0.049356572607521,0.0329992127402741,0.0944312384065791,0.468389688369312,0,0,0,0
0.257898187422195,0.0924524381704334,0.0424580203138202,0.0599116487227429,0.547279705370809,0,0,0,0
0.33525601614429,0.063805601327715,0.029551753570321,0.031884093487079,0.539502535470594,0,0,0,0
0.285146715226595,0.0824897182496998,0.0347770847153605,0.0658364997077497,0.531749982100595,0,0,0,0
0.346493589570466,0.0649229348443043,0.0405929596533771,0.0818867267489188,0.466103789182934,0,0,0,0
0.271287083219032,0.0516013231581259,0.03053655775868,0.0716222784010118,0.57495275746315,0,0,0,0
0.32264505288469,0.0698657789803735,0.0796756641407223,0.0803133685915705,0.447500135402643,0,0,0,0
0.408178368852152,0.0429141991704142,0.0227279987000396,0.079293594789332,0.446885838488062,0,0,0,0
0.357540673717143,0.0421518433515104,0.0434066677936809,0.0839774406174792,0.472923374520187,0,0,0,0
0.30763558654423,0.0652552937427348,0.0485741749899078,0.0572473432368446,0.521287601486283,0,0,0,0
0.321929001495915,0.0804163481394689,0.0138730002666116,0.0739832621895696,0.509798387908435,0,0,0,0
0.365463051926779,0.0572314009541015,0.101984219283008,0.0440007337853525,0.431320594050759,0,0,0,0
0.306898030001399,0.0698905564135477,0.0567893449653239,0.0868906726877389,0.479531395931991,0,0,0,0
0.32031026403225,0.0944864718714204,0.0225529124868897,0.0668324688503545,0.495817882759085,0,0,0,0
0.325694437703896,0.0560615941242856,0.0202316912284015,0.0835494212613053,0.514462855682111,0,0,0,0
0.282786777556619,0.072695275380442,0.0444221502782559,0.10004861902067,0.500047177764013,0,0,0,0
0.445260218014266,0.0121677765982113,0.0340980379577789,0.0963747206803903,0.412099246749353,0,0,0,0
0.309993064414606,0.0712940351972527,0.076155810893448,0.0945618822702452,0.447995207224448,0,0,0,0
0.2616199387471,0.0801892629406396,0.078726463637132,0.118273621226882,0.461190713448246,0,0,0,0
0.221774715857727,0.0652493304770794,0.0545136315958497,0.109074134809195,0.549388187260149,0,0,0,0
0.316809028693865,0.068019155609253,0.0410540031269554,0.0788112948529405,0.495306517716986,0,0,0,0
0.335308365607839,0.0416100985755432,0.0569350791758216,0.0656620696076024,0.500484387033193,0,0,0,0
0.397086854500024,4.57120914528344e-09,0.016807462839073,0.100950425688813,0.48515525240088,0,0,0,0
0.291643153678298,0.0612258729381012,0.0342423266576631,0.122553315239109,0.490335331486828,0,0,0,0
0.34210094115435,0.0375551222521605,0.073585180510069,0.0489293214972191,0.497829434586201,0,0,0,0
0.333462255947337,0.0754637796081762,0.0607772090974321,0.0827786132845104,0.447518142062544,0,0,0,0
0.347559099028843,0.0660068266209759,0.0439895873352536,0.060264249808825,0.482180237206102,0,0,0,0
0.29634648444782,0.0748784830137548,0.0563924014275122,0.0471857500410993,0.525196881069814,0,0,0,0
0.336421345433921,0.0593097853517481,0.0811027934475629,0.0697542179135891,0.453411857853179,0,0,0,0
0.438846832412743,0.0222302141914758,0.0113608819476189,0.0798347607829102,0.447727310665252,0,0,0,0
0.418841416341823,0.0238348165106785,0.0500924955628084,0.0562133061402774,0.451017965444413,0,0,0,0
0.289002228400198,0.0670631539394077,0.0214294284584817,0.125055593969185,0.497449595232728,0,0,0,0
0.326768275846205,0.0395276979116958,0.0419352156941061,0.0998454901239686,0.491923320424024,0,0,0,0
0.351456867714966,0.0291628378085222,3.40041040572557e-09,0.106804060382193,0.512576230693908,0,0,0,0
0.314165313137894,0.0941460973759409,0.0445547418424864,0.0860234598485202,0.461110387795159,0,0,0,0
0.408385707351149,0.0330510331043643,0.0751619597301849,0.0363190104510568,0.447082289363245,0,0,0,0
0.258817535201357,0.0276495744051966,0.0657420003131986,0.0709000555960435,0.576890834484204,0,0,0,0
0.337678886885315,0.0208004901244487,0.0103193845029773,0.0733264793284217,0.557874759158837,0,0,0,0
0.330989677440881,0.0552660897931731,0.0279667334820236,0.0350299021342543,0.550747597149668,0,0,0,0
0.29074498842066,0.0682389303657935,0.065852494172431,0.0525322992313623,0.522631287809754,0,0,0,0
0.335236353731746,0.0338068475011625,0.0443386308614387,0.105056198851683,0.48156196905397,0,0,0,0
0.312113526853598,0.0377103628814013,0.0573104678006654,0.0807788279029008,0.512086814561434,0,0,0,0
0.333795737281088,0.0440141120854745,0.0473496547257045,0.082703552186574,0.492136943721159,0,0,0,0
0.312509518085388,0.0473900408293801,0.0388997195736652,0.128146499010175,0.473054222501391,0,0,0,0
0.304364665793662,0.0915518178154598,0.0588198052136737,0.0214455583426855,0.523818152834519,0,0,0,0
0.32389439751181,0.0977610373667674,0.0724415499383732,0.0636561853281757,0.442246829854873,0,0,0,0
0.30062399081619,0.0865091876981192,0.0637396228086293,0.0495051441026299,0.499622054574431,0,0,0,0
0.297269252410424,0.0426114011662564,0.0588423251837549,0.0708771033768002,0.530399917862765,0,0,0,0
0.331130645287088,0.0650569989058304,0.067307282948666,0.0636103137988853,0.47289475905953,0,0,0,0
0.318376076525643,0.0788686682181725,0.0398679578034389,0.083066100814724,0.479821196638022,0,0,0,0
0.3547206497023,0.0641465140443784,0.0432322883344582,0.0741951160774824,0.463705431841381,0,0,0,0
0.277587242487608,0.0698110378747241,0.0384262290700568,0.135131736985342,0.47904375358227,0,0,0,0
0.382206823095483,0.0497489190266631,0.0331137889893902,0.0737768873253409,0.461153581563123,0,0,0,0
0.264143624635878,0.0781129291941072,0.0661904892146063,0.0269670426049152,0.564585914350493,0,0,0,0
0.315023222988078,0.0224188503862883,0.0636324585941643,0.104314084685466,0.494611383346003,0,0,0,0
0.372597933238788,0.0603174548749581,0.0290682505511399,0.0484698759272807,0.489546485407833,0,0,0,0
0.366153164266889,0.0283339972635315,0.025129789524957,0.0894236961085447,0.490959352836078,0,0,0,0
0.314739125630436,0.0845229470494079,0.0277882691858911,0.0468309565584196,0.526118701575846,0,0,0,0
0.311526798056945,0.0540461768781386,0.0668425014503305,0.072235718597663,0.495348805016923,0,0,0,0
0.271209835925605,0.0375439086886916,0.0202822487624284,0.145254053488037,0.525709953135237,0,0,0,0
0.373174146229248,0.0521485248054894,0.0251569835952669,0.0722120790728555,0.47730826629714,0,0,0,0
0.267037224699367,0.101643740105164,0.0584260416590866,0.0978669135258218,0.475026080010561,0,0,0,0
0.325156341555376,0.047913143954569,0.0350316080534367,0.0903148869712507,0.501584019465368,0,0,0,0
0.349535400789767,0.0746604508553068,0.0398952940520986,0.0491411663139561,0.486767687988872,0,0,0,0
0.309029547798776,0.0383059438309507,0.0674332230364571,0.0961666477517351,0.489064637582081,0,0,0,0
0.31341955226974,0.101662536393835,0.0366519039230012,0.0924078192012807,0.455858188212144,0,0,0,0
0.359763811076576,0.0874913500916044,0.0037892675157471,0.078266308937996,0.470689262378077,0,0,0,0
0.335352199234146,0.12441441714143,0.0217833279913099,0.0645617087800208,0.453888346853093,0,0,0,0
0.317344944621265,0.058146216303618,0.0321778734923945,0.0470540948243894,0.545276870758333,0,0,0,0
0.308069220954026,0.041801100624361,0.0331850650388116,0.0827464570012871,0.534198156381514,0,0,0,0
0.32971430863541,0.0793872877535574,0.0196752398413745,0.0639569630228927,0.507266200746766,0,0,0,0
0.293385307619671,0.0427697099645509,0.0445784514134365,0.0812679680381768,0.537998562964165,0,0,0,0
0.252706906486714,0.107114935662274,0.0716223684968346,0.0964831485875651,0.472072640766612,0,0,0,0
0.380000800909661,0.0515913876307587,0.0423995826034362,0.0578925681225991,0.468115660733545,0,0,0,0
0.373517686158786,0.0528958291814539,0.0485994822998663,0.0705168362422238,0.45447016611767,0,0,0,0
0.361907844925903,0.0467754221968292,0.0336152924738081,0.096800435374996,0.460901005028464,0,0,0,0
0.325890647794729,0.0666965108670267,0.0469919791070052,0.0809828392191671,0.479438023012072,0,0,0,0
0.359136640095146,0.0545877863673649,0.0373049815954544,0.0892994392629563,0.459671152679079,0,0,0,0
0.412174454361679,0.0539183264266417,0.0210719802270963,0.0722641897949382,0.440571049189645,0,0,0,0
0.373005823572537,0.033289306984503,0.0474738830562839,0.0743265873339323,0.471904399052744,0,0,0,0
0.303265708804411,0.0187657495630778,0.0535268196112296,0.110255038250275,0.514186683771007,0,0,0,0
0.327890808030922,0.0409798183206509,0.0278181938232405,0.0977163338449099,0.505594845980277,0,0,0,0
0.338403508633907,0.0551976224736766,0.0328360049851837,0.053584385245836,0.519978478661397,0,0,0,0
0.344381388547871,0.092534887491194,0.0209127623217207,0.0999146689243974,0.442256292714817,0,0,0,0
0.358670606043087,0.0486234165391537,0.030458716150933,0.0821997193113129,0.480047541955513,0,0,0,0
0.346592936686108,0.00817393830762835,0.0526057419007972,0.0846156815794833,0.508011701525984,0,0,0,0
0.3695054333325,0.0309021719961104,0.0834531847922306,0.0438535126949387,0.472285697184221,0,0,0,0
0.417106130131192,0.0317108524198175,0.0273562960229449,0.0906775933947084,0.433149128031337,0,0,0,0
0.322883667285429,0.0525770044183899,0.0444352889239753,0.109874528530136,0.47022951084207,0,0,0,0
0.283708960663734,0.0209937729785051,0.0491629616515643,0.054428134909764,0.591706169796433,0,0,0,0
0.37803840280172,0.0750830544972909,0.0268226429347498,0.103013846415004,0.417042053351234,0,0,0,0
0.327590057720473,0.0565996576337828,0.037121906553569,0.074563496197917,0.504124881894258,0,0,0,0
0.335018163451603,0.0700672402358472,0.0621737244842476,0.0484119765962019,0.484328895232101,0,0,0,0
0.374999099105896,0.0624418562492971,0.0421767024452907,0.0783221683568805,0.442060173842635,0,0,0,0
0.34541177462703,0.0397704806288396,0.0151369915079933,0.0738637134472871,0.52581703978885,0,0,0,0
0.312993950640149,0.0711207357103342,0.0186355910682965,0.105435402023469,0.491814320557751,0,0,0,0
0.324887919287423,0.0234113986628758,0.0400224968870757,0.0933638836881414,0.518314301474484,0,0,0,0
0.419181340678976,0.0397906538427204,0.0486831818931255,0.0640666490186439,0.428278174566534,0,0,0,0
0.390620777805035,0.0599252408172012,0.0243511687764619,0.108068768592529,0.417034044008773,0,0,0,0
0.38649827460145,0.0309795352537591,0.0408519537960029,0.0810398355529293,0.460630400795859,0,0,0,0
0.340260483108074,0.0543059307043695,0.00333382561254162,0.0749300061702507,0.527169754404764,0,0,0,0
0.357303166119714,0.0509552273631137,0.0133612582046346,0.114875590006903,0.463504758305635,0,0,0,0
0.390070711485431,0.0591128719076101,0.0166346289426507,0.0623800378002506,0.471801749864057,0,0,0,0
0.288139992410413,0.0719797217445589,0.0781418184682556,0.0493452102821476,0.512393257094625,0,0,0,0
0.29002319693016,0.070313505568746,0.0290838235676093,0.0622650714932631,0.548314402440222,0,0,0,0
0.299701711615973,0.0506498642974097,0.0448660101245204,0.0471802511488713,0.557602162813225,0,0,0,0
0.319495347757373,0.0812597300408089,0.0218319832078586,0.107217204149511,0.470195734844448,0,0,0,0
0.383814244964911,0.063616530724655,0.0213172779889604,0.0544099741826796,0.476841972138794,0,0,0,0
0.310334143715666,0.0563334656985054,0.0739366086084551,0.0569023686316696,0.502493413345704,0,0,0,0
0.31905938025451,0.0491106567396993,0.0735840953613194,0.0645669324718043,0.493678935172667,0,0,0,0
0.288872616766307,0.057301831711615,0.0231474961139603,0.115954315683165,0.514723739724953,0,0,0,0
0.306717834472296,0.0415549591890786,0.011527761154791,0.136798290205798,0.503401154978037,0,0,0,0
0.374580535083574,0.042230164797987,0.0953551707205591,0.0468347679458516,0.440999361452028,0,0,0,0
0.277075676928532,0.0523119177279865,0.0485574852737078,0.0854355837416118,0.536619336328162,0,0,0,0
0.311777688687514,0.0886931807065734,0.0555099557335831,0.0595984155192594,0.48442075935307,0,0,0,0
0.322826381946547,0.110772768656903,0.0493768913747158,0.0483123539967448,0.468711604025089,0,0,0,0
0.293184333095683,0.0946161907562107,0.0456196881389709,0.0688603914938057,0.49771939651533,0,0,0,0
0.327443568342834,0.0567357499255589,0.0443183862225196,0.0740843605884043,0.497417934920684,0,0,0,0
0.317899953893678,0.0697598107444264,0.0798475718545731,0.0769294218631037,0.455563241644219,0,0,0,0
0.349141291611862,0.0733829797209836,0.0411344219076726,0.0810956697149296,0.455245637044553,0,0,0,0
0.273079449426185,0.0699040576735187,0.0635137244814215,0.0831114184538323,0.510391349965043,0,0,0,0
0.341337675027716,0.065974950194688,0.0482006693867711,0.0761923814268943,0.46829432396393,0,0,0,0
0.290552707162619,0.0959761958456888,0.0508049536181765,0.0481194557163042,0.514546687657211,0,0,0,0
0.338102957175549,0.0786447654448318,0.0616723715206639,0.07497087251172,0.446609033347235,0,0,0,0
0.321873737522315,0.0769743440346408,0.0358193231493902,0.0794315753168137,0.485901019976841,0,0,0,0
0.370457799029162,0.0464283244931908,0.04098527304824,0.0939510285610663,0.448177574868341,0,0,0,0
0.261852524710605,0.12677568077591,0.0666124682111391,0.0299294490885169,0.514829877213829,0,0,0,0
0.341106589921663,0.0737626785238434,0.0433800511472017,0.091154094398079,0.450596586009213,0,0,0,0
0.324893862682528,0.0790082091559584,0.0423320818297289,0.0862948444967193,0.467471001835066,0,0,0,0
0.357319049880234,0.0694351731371029,0.0484404757842458,0.0782143762435744,0.446590924954843,0,0,0,0
0.42363187011432,0.019318898424918,0.0859109461366056,0.0508172305002553,0.420321054823901,0,0,0,0
0.374639981889472,0.0226891253378022,0.0336105583479464,0.0769133460195918,0.492146988405188,0,0,0,0
0.33990722487837,0.00956494725548752,0.0241948832527333,0.0999564044790044,0.526376540134404,0,0,0,0
0.328660934843725,0.0887605169521495,0.0856736505749465,0.0312375268566033,0.465667370772576,0,0,0,0
0.248422656463965,0.0618761239850846,0.0188651402836133,0.0911980343612661,0.579638044906071,0,0,0,0
0.297385483196611,0.0630732827947502,0.0324020492208493,0.113812997217698,0.493326187570092,0,0,0,0
0.307466096634555,0.0876484190133046,0.03193552945822,0.0921346731034791,0.480815281790441,0,0,0,0
0.238473504566393,0.0863882887746218,0.0782812457202403,0.0506218289202087,0.546235132018536,0,0,0,0
0.326448436162679,0.0333240737289937,0.0559880866137912,0.0756141092409076,0.508625294253629,0,0,0,0
0.345500224490671,0.0440381295081905,0.055385954813672,0.0665461155221628,0.488529575665304,0,0,0,0
0.369801606135659,0.0488623329333389,0.0433866866723868,0.0694958295700436,0.468453544688571,0,0,0,0
0.360361978073726,0.0383795035002738,0.0356556687018988,0.071842412275,0.493760437449102,0,0,0,0
0.3891607940379,0.0271770395731366,0.0531541492543904,0.117710723463839,0.412797293670734,0,0,0,0
0.281075215701149,0.116058256745959,0.0509713962043745,0.0859879633470544,0.465907168001463,0,0,0,0
0.360097845319599,0.0546552170851215,0.0207539555235809,0.0657908763772745,0.498702105694424,0,0,0,0
0.213908183842067,0.085711779388883,0.044334505225463,0.0795011395475234,0.576544391996064,0,0,0,0
0.343238165074716,0.0469434722779135,0.0238716310079578,0.0758344212173254,0.510112310422087,0,0,0,0
0.36478362536969,0.0676539323282521,0.00624550335707598,0.0918114008439819,0.469505538101,0,0,0,0
0.337736798483745,0.0108610873970882,0.0382567212328223,0.040163427584904,0.572981965301441,0,0,0,0
0.448872012593521,0.023630104374916,0.0536383297657826,0.0656936363287715,0.408165916937008,0,0,0,0
0.269439349379101,0.0767894912252105,0.0787553567627894,0.0407018243691602,0.534313978263739,0,0,0,0
0.261871627913281,0.10222203018653,0.0502512138364268,0.0609964752724295,0.524658652791332,0,0,0,0
0.389467832165961,0.0796978762892579,0.047495291134546,0.0117528814764568,0.471586118933779,0,0,0,0
0.358108632463348,0.0304906540168287,0.0478108711712073,0.0400631376634822,0.523526704685134,0,0,0,0
0.322115178861147,0.0269856156017226,0.0372505624928511,0.0637071386632745,0.549941504381005,0,0,0,0
0.375367319211222,0.0692141890703299,0.0213537403811553,0.0629813602376269,0.471083391099665,0,0,0,0
0.294386241994465,0.0497433232904194,0.00120351752653153,0.0799045484843048,0.574762368704279,0,0,0,0
0.32822416791869,0.0561362415948375,0.0623353442565007,0.0626243056658803,0.490679940564092,0,0,0,0
0.307091906740217,0.0399848929104395,0.0341132535392855,0.101701467544538,0.51710847926552,0,0,0,0
0.327081909392746,0.0917509414241675,0.0342503028260803,0.0930874804164664,0.45382936594054,0,0,0,0
0.355136525902938,0.0578280890307683,0.016762871095548,0.093408472748362,0.476864041222383,0,0,0,0
0.300777540776565,0.010187850965764,0.0453912302980176,0.11225469976666,0.531388678192993,0,0,0,0
0.332350850761666,0.0309960063337428,0.0539154111705977,0.0441933041974077,0.538544427536586,0,0,0,0
0.25214948381193,0.123998668084342,0.0476321178038692,0.112132420209666,0.464087310090192,0,0,0,0
0.313534185921577,0.0781606391393663,0.0234343638726638,0.0674461378730011,0.517424673193392,0,0,0,0
0.370672098833637,0.0166632953371211,0.0367998969962377,0.115458623451879,0.460406085381126,0,0,0,0
0.248076628659952,0.115037583172838,0.0753203464006252,0.0574096813623568,0.504155760404228,0,0,0,0
0.323575681647631,0.0396186200703841,0.0464611415630762,0.0808594411155865,0.509485115603322,0,0,0,0
0.354730294681989,0.0366857864035088,0.0251868654407584,0.087953230712582,0.495443822761162,0,0,0,0
0.345471254169604,0.0769911815782974,0.0266238101687413,0.103870734108408,0.44704301997495,0,0,0,0
0.304576073553928,0.0744061632075545,0.0642555088257825,0.0958522420165429,0.460910012396192,0,0,0,0
0.321640193490285,0.0578282177975157,0.0855874679535201,0.0756626973649366,0.459281423393743,0,0,0,0
0.328327030238585,0.0501180884653905,0.0671415370887829,0.0849937661852227,0.469419578022019,0,0,0,0
0.300789576119564,0.125587934237002,0.0580456345305211,0.0316538407009564,0.483923014411956,0,0,0,0
0.408693966307577,0.0302471484583013,0.0380828847506594,0.103115245245457,0.419860755238005,0,0,0,0
0.303497635063283,0.0244742494996634,0.0290300998324836,0.151824776513927,0.491173239090644,0,0,0,0
0.344123460786465,0.0504967925373487,0.0271780616712107,0.11986079306521,0.458340891939766,0,0,0,0
0.342188386934698,0.0465250199299252,0.0243706095304665,0.0728937522771931,0.514022231327717,0,0,0,0
0.28719024971558,0.073164817493018,2.14494199041903e-08,0.0834751208589165,0.556169790483066,0,0,0,0
0.36830154538325,0.0586429157923752,0.0596625741461269,0.0500122600826177,0.463380704595631,0,0,0,0
0.348374956717534,0.0495460082281794,0.0868662001860643,0.0617346523338237,0.453478182534399,0,0,0,0
0.282801908788637,0.0715091778991895,0.0521067168030818,0.0941018302286674,0.499480366280424,0,0,0,0
0.319085696458141,0.0533248259444451,0.05544930107209,0.109094946768723,0.463045229756601,0,0,0,0
0.427342532894454,0.0361106861925628,0.0178845708050705,0.0666946344903302,0.451967575617582,0,0,0,0
0.383509063404754,0.0403966174114619,0.0339721913173115,0.0801703842413908,0.461951743625082,0,0,0,0
0.311973819984932,0.0910070132908854,0.0427914340988682,0.0963206222337812,0.457907110391533,0,0,0,0
0.393098992227637,0.040606687581777,0.0454404802972803,0.058234248920434,0.462619590972872,0,0,0,0
0.308182627807302,0.0764166748716464,0.0594360120351757,0.0284367987079828,0.527527886577893,0,0,0,0
0.369534476563417,0.0617931563523168,0.0450840703518303,0.0576121479909694,0.465976148741466,0,0,0,0
0.409688986678572,0.0536275693583097,0.0356130124079318,0.0661643158329395,0.434906115722247,0,0,0,0
0.374766014919233,0.0664793160945724,0.0480166748289422,0.060047395215885,0.450690598941368,0,0,0,0
0.326978144171399,0.0688271733990192,0.0756112477410219,0.0494441294317922,0.479139305256768,0,0,0,0
0.417362945865502,0.0165506841312379,0.0859727946095799,0.022603071229636,0.457510504164044,0,0,0,0
0.419844981751182,0.0649062759294505,0.0320266207503189,0.0669866011689944,0.416235520400054,0,0,0,0
0.33623442235925,0.0608617584906156,0.0120754893066117,0.0719195462957168,0.518908783547805,0,0,0,0
0.330945879181039,0.0501779502865572,0.0309135999962429,0.0658730848325195,0.522089485703641,0,0,0,0
0.367110035583485,0.0409742142435378,0.0424570585043117,0.0445850122495067,0.504873679419159,0,0,0,0
0.384917379416234,0.0768472841534395,0.0334365470628913,0.0368289807873114,0.467969808580124,0,0,0,0
0.39938934467168,0.0603111816724195,5.55393460909484e-09,0.0760857466450901,0.464213721456876,0,0,0,0
0.312884385638155,0.139210418633023,0.105790474142071,0.0209862354094716,0.42112848617728,0,0,0,0
0.384037551206494,1.37209137271203e-08,0.0527657722018507,0.128543198625424,0.434653464245318,0,0,0,0
0.321315054184185,0.0945675095491377,0.0486289544537994,0.0472694920473345,0.488218989765544,0,0,0,0
0.332718376578932,0.0754252835172633,0.0508677399768618,0.0708950936697376,0.470093506257206,0,0,0,0
0.226450959011516,0.0636313957977297,0.0322841192749521,0.0651197730206701,0.612513752895132,0,0,0,0
0.289386034943166,0.147626844901549,0.0665390783646774,0.0526149981367654,0.443833043653842,0,0,0,0
0.298056113157532,0.0792915601319311,0.0506012357815501,0.0872460030660288,0.484805087862958,0,0,0,0
0.348024455595278,0.0579423447321974,0.0375960911891635,0.117072118424042,0.439364990059319,0,0,0,0
0.412465617674401,0.076220279033666,0.0319591025427723,0.0871764217205357,0.392178579028625,0,0,0,0
0.356309220426669,0.0673038193003421,0.0585345632182466,0.0598099198130212,0.458042477241721,0,0,0,0
0.251950415898302,0.0853130074774707,0.0399081231124089,0.076408759466285,0.546419694045533,0,0,0,0
0.264804355046038,0.0676309757729307,0.0951041934718069,0.0635705129820227,0.508889962727201,0,0,0,0
0.346969994175275,0.0195331588797405,0.0554059541486278,0.107314911859216,0.47077598093714,0,0,0,0
0.430500670392479,0.0304131727897568,0.0629485789033022,0.0198802823202689,0.456257295594193,0,0,0,0
0.296691738880893,0.0453212999825681,0.0194791497525065,0.0722274113927656,0.566280399991267,0,0,0,0
0.344734229119166,0.0674605011782507,0.0442189418036135,0.073955992780149,0.469630335118821,0,0,0,0
0.301912107944713,0.0396966682280256,0.031046833287312,0.113341118118896,0.514003272421053,0,0,0,0
0.35961842150585,0.05154306849515,0.0488355781257511,0.0724700669830584,0.467532864890191,0,0,0,0
0.303049318087623,0.10282925727243,0.109138791521765,0.0478566602216238,0.437125972896558,0,0,0,0
0.350587778577476,0.0353117879312065,3.06597196504999e-08,0.0912929754537698,0.522807427377828,0,0,0,0
0.299700531448288,0.0716940884266767,0.0529999382577388,0.0565050308416265,0.51910041102567,0,0,0,0
0.337310146454345,0.0194996870992166,0.0178612747623196,0.065315041989632,0.560013849694487,0,0,0,0
0.305390294807557,0.0658624021290467,0.0637071917191576,0.0630772231428249,0.501962888201414,0,0,0,0
0.345827465476779,0.0727042564623521,0.0557286474594502,0.0498216051598987,0.47591802544152,0,0,0,0
0.296253534049995,0.0470149096337365,0.0396728077122581,0.0733516214123797,0.54370712719163,0,0,0,0
0.322573986631107,0.0523099300260026,0.0729710459309659,0.0715681758587791,0.480576861553146,0,0,0,0
0.340016425103158,0.0311986203728864,0.0236088927948843,0.0605290594164836,0.544647002312588,0,0,0,0
0.394309919290359,0.0410546523500693,0.0660335118267437,0.0616125180926655,0.436989398440163,0,0,0,0
0.288292114762748,0.0346430268361303,0.0308242862495906,0.121679378481312,0.524561193670219,0,0,0,0
0.385190062159403,0.0589322724643733,0.0683210110391539,0.0173009955001157,0.470255658836954,0,0,0,0
0.236991721418118,0.124474724842593,0.0382329922367302,0.0888803716975751,0.511420189804983,0,0,0,0
0.28139535386516,0.0948616488789521,0.0746914298593641,0.0635495998013101,0.485501967595214,0,0,0,0
0.362553585473656,0.020737804573519,0.028429343932658,0.0700018649298736,0.518277401090293,0,0,0,0
0.339782334307293,0.0155913185951393,1.49609794260343e-08,0.126233765264825,0.518392566871763,0,0,0,0
0.331208237086415,0.0941036175678631,0.0320792191970403,0.0603210233427681,0.482287902805914,0,0,0,0
0.32605270411332,0.0935348596793198,0.0237230083140251,0.106440860233174,0.450248567660161,0,0,0,0
0.323928842166653,0.0610888853989629,0.0530829553215579,0.0685920203563498,0.493307296756476,0,0,0,0
0.296373436503015,0.0803584178057456,0.0606882120081349,0.0515384345948581,0.511041499088246,0,0,0,0
0.402917131731643,0.0310051651590569,0.0215118950663693,0.0757077999035504,0.46885800813938,0,0,0,0
0.394292861342764,0.0784807811984562,0.0308554737237843,0.0781390034809027,0.418231880254092,0,0,0,0
0.394490532727404,0.0181399709909402,0.0209651696120374,0.0573125178783942,0.509091808791224,0,0,0,0
0.366498242515828,0.0600554693233249,0.0381356406634136,0.045924181554599,0.489386465942835,0,0,0,0
0.314061064796958,0.0722089774175254,0.0549045298891559,0.0642027222929489,0.494622705603411,0,0,0,0
0.418730404238699,0.073580809411796,0.0549616879513173,0.0158113346071293,0.436915763791058,0,0,0,0
0.334614105953557,0.0880766209573424,0.047937462857802,0.0562120572319004,0.473159752999398,0,0,0,0
0.316999091023778,0.0792631648788413,0.0360128243625178,0.0660821534916885,0.501642766243175,0,0,0,0
0.352130992715454,0.0860042348127959,0.0435440295124152,0.0101395299139236,0.508181213045411,0,0,0,0
0.28727607984051,0.0826897687999948,0.0418676256483598,0.0706982558329392,0.517468269878196,0,0,0,0
0.346139388768635,0.0571419928932625,0.0230291907126138,0.0930428526743612,0.480646574951128,0,0,0,0
0.338883910214396,0.0437857717594265,0.0532395099213738,0.0691372568797177,0.494953551225086,0,0,0,0
0.365249960019299,0.0492036194663838,0.0410387344233842,0.0727978977694814,0.471709788321452,0,0,0,0
0.349441815945025,0.063428299933295,0.0655209954191308,0.0951427406319663,0.426466148070582,0,0,0,0
0.370426084263955,0.043760750599083,0.0244157609433831,0.0821486974236573,0.479248706769922,0,0,0,0
0.336376843865189,0.0471481934201086,0.0372211720316984,0.0560574164398617,0.523196374243142,0,0,0,0
0.366274536133134,0.0842057204747977,0.00788681055563185,0.0882022824291553,0.453430650407281,0,0,0,0
0.383674556142647,0.0614914263055681,0.0351208609959202,0.0534309135484807,0.466282243007384,0,0,0,0
0.353317759573859,0.0298730617777908,0.0605631440835524,0.0635782823749028,0.492667752189895,0,0,0,0
0.349759430643105,0.0549784122987578,0.0185269223627175,0.0803750373875634,0.496360197307856,0,0,0,0
0.290247069652553,0.0539406763337507,0.0523715213743026,0.107029104100436,0.496411628538958,0,0,0,0
0.301497441587034,0.0688815028720398,0.0299022327245308,0.0688690723944531,0.530849750421943,0,0,0,0
0.355514268467222,0.0502337594939214,0.0703004723988173,0.064642844627044,0.459308655012995,0,0,0,0
0.286821869392497,0.0485470437046237,0.0653148057919192,0.0311653256298111,0.568150955481149,0,0,0,0
0.282821339030541,0.0596239177584957,0.0440400910869612,0.0905434988875003,0.522971153236502,0,0,0,0
0.267579169989741,0.0573478357874659,0.0226337154869527,0.0852662288605031,0.567173049875337,0,0,0,0
0.333747200073564,0.0160569875943275,0.0431086414266867,0.111595697806662,0.495491473098759,0,0,0,0
0.331676969978125,0.0226051430896745,0.0718712982431795,0.0571820662080672,0.516664522480954,0,0,0,0
0.366956412892407,0.0453956254863537,1.16303256082964e-08,0.0842634078561787,0.503384542134735,0,0,0,0
0.266627217970978,0.0862472791228681,0.0384112902849049,0.0987102940727212,0.510003918548528,0,0,0,0
0.290606358722795,0.105705692049106,0.0465999063263696,0.0819340606735412,0.475153982228188,0,0,0,0
0.311748138702434,0.0484603712304017,0.0647818005483988,0.0923305405637708,0.482679148954994,0,0,0,0
0.396569977254534,0.048620711852268,2.42266374275542e-09,0.108335771279245,0.446473537191289,0,0,0,0
0.33933968464352,0.0381578582343965,0.0150692601871989,0.0835099337853221,0.523923263149562,0,0,0,0
0.367449461235896,0.0682299818149086,0.0271109917033438,0.0804432787760095,0.456766286469842,0,0,0,0
0.247831937197699,0.109822076430445,0.0648781852436515,0.0963210695143525,0.481146731613853,0,0,0,0
0.292735878925186,0.0692940023307016,0.0269784827577566,0.0851267010281788,0.525864934958177,0,0,0,0
0.393304332820441,0.0839666534756485,0.0347409310376164,0.0786896261211262,0.409298456545168,0,0,0,0
0.314638901597231,0.0873469065479364,0.0557487612165301,0.0706766898438554,0.471588740794447,0,0,0,0
0.392401544577161,0.067220293774543,0.066696151984426,0.0313117908246414,0.442370218839228,0,0,0,0
0.329058768454009,0.113266673263411,0.0621727183374521,0.0538590528888317,0.441642787056297,0,0,0,0
0.351573912787017,0.029444048782301,0.0503508689532457,0.0981906404327796,0.470440529044657,0,0,0,0
0.368756283260645,0.0390390509679084,0.058132476695604,0.091930166440171,0.442142022635672,0,0,0,0
0.303335759755535,0.0649455365011771,0.085459193199871,0.0835703905587955,0.462689119984621,0,0,0,0
0.369327601740404,0.0348755716138534,0.00804691978538674,0.0596145158056746,0.528135391054682,0,0,0,0
0.217409345135453,0.0888732348737918,0.044038934468156,0.060384051698487,0.589294433824112,0,0,0,0
0.376452919786881,0.0459064643393406,0.0699669020254221,0.0258228204200323,0.481850893428324,0,0,0,0
0.388647921472012,0.0256936844708834,0.0249884442233346,0.114457466599361,0.44621248323441,0,0,0,0
0.286320059551217,0.0435695572808428,0.0689640524142449,0.0818787847134009,0.519267546040294,0,0,0,0
0.392699129483582,0.0365869861500761,0.0560767576273177,0.0746093397749305,0.440027786964094,0,0,0,0
0.346305641937475,0.0390501981029648,0.056680896090156,0.081622477426964,0.47634078644244,0,0,0,0
0.323319122290015,0.0896860005186526,0.0331741768106349,0.11688358963175,0.436937110748948,0,0,0,0
0.353717013303155,0.0811204212111732,0.0204863598804616,0.0662540245280232,0.478422181077188,0,0,0,0
0.281084254999249,0.0532424471580632,0.0653938811226554,0.0909252739077979,0.509354142812234,0,0,0,0
0.40851661328984,0.0380128231505443,0.032406449353189,0.032645948582123,0.488418165624304,0,0,0,0
0.3429049185225,0.0619505755132752,0.05395734715507,0.0462224331105065,0.494964725698648,0,0,0,0
0.379660150368453,0.0887803083972681,0.0831954307507273,0.0745322367908161,0.373831873692735,0,0,0,0
0.327344655643736,0.0868008724375856,0.0320463595284326,0.0700502224964443,0.483757889893802,0,0,0,0
0.29877659072206,0.0530026119162481,0.0247560737868452,0.118390417083497,0.50507430649135,0,0,0,0
0.337053530359398,0.101447437736053,0.0267036491208816,0.0303889119852835,0.504406470798384,0,0,0,0
0.330413458147497,0.114091268404815,0.0379261247409175,0.0650296520161692,0.452539496690601,0,0,0,0
0.415601498904471,0.0491550421554573,0.00775545795136092,0.096545001471487,0.430942999517224,0,0,0,0
0.323743491978464,0.0505232465714704,0.0214629686168582,0.0764582937904113,0.527811999042796,0,0,0,0
0.375842816505027,0.0447032251779723,0.0723142318596632,0.0702192771341511,0.436920449323186,0,0,0,0
0.265703998011499,0.0708647357652503,0.0817498834694292,0.056825496988458,0.524855885765364,0,0,0,0
0.252571752454467,0.0969466494146968,0.0384306687703554,0.0615587936692408,0.55049213569124,0,0,0,0
0.363744515659422,0.0647871137106538,0.0271327873584816,0.0621657632737049,0.482169819997737,0,0,0,0
0.32026112232106,0.0880086822624604,0.0872182582328305,0.0470147945889995,0.45749714259465,0,0,0,0
0.357889198871564,0.0578899975224194,0.0431861103668779,0.0784648240869491,0.46256986915219,0,0,0,0
0.341052865183248,0.0267471360096757,0.0738116089701278,0.101672590146332,0.456715799690617,0,0,0,0
0.295148260538544,0.0335418688903613,0.0755108288493109,0.0403326505336034,0.555466391188181,0,0,0,0
0.279435115585646,0.0745196348482087,0.0524796411182797,0.0626454918499397,0.530920116597926,0,0,0,0
0.239009457550613,0.0864747170837271,0.0577242471872335,0.0922732223335808,0.524518355844846,0,0,0,0
0.272212030471501,0.0910032629885766,0.0836995853088602,0.0584422757029953,0.494642845528067,0,0,0,0
0.342776521611329,0.0814530425904477,0.0659131547796537,0.0885235741836031,0.421333706834966,0,0,0,0
0.347356400997648,0.0851967965198999,0.0416975846885718,0.0605542527850186,0.465194965008862,0,0,0,0
0.32122211996891,0.0382418562983355,0.0331258199352373,0.0278680310840606,0.579542172713457,0,0,0,0
0.306292719032296,0.0522951338109187,0.0552468199334246,0.103936006132062,0.482229321091298,0,0,0,0
0.320614274013854,0.0659441165890221,0.0932301504688842,0.0487985974398056,0.471412861488434,0,0,0,0
0.331465849034964,0.0687280761517314,0.0387280357180098,0.0708958616664685,0.490182177428826,0,0,0,0
0.330775746881821,0.0760283081055579,0.034947299155737,0.0780751460248041,0.48017349983208,0,0,0,0
0.358026343375529,0.0632593354416674,0.0418059853980839,0.0780058074051038,0.458902528379616,0,0,0,0
0.277580078692876,0.116226244234356,0.0554300266818713,0.064164360814067,0.48659928957683,0,0,0,0
0.37226717925279,0.0587045497328876,0.0281377118155256,0.0606713882142665,0.48021917098453,0,0,0,0
0.329854496760782,0.0943023901108773,0.0572540033951903,0.0277537598988984,0.490835349834252,0,0,0,0
0.32418895378584,0.0429116325549304,0.0488308755823466,0.11690831328839,0.467160224788493,0,0,0,0
0.308346596225483,0.0926097112564567,0.0359721960408255,0.0305668990023552,0.532504597474879,0,0,0,0
0.370330785409922,0.0590191552696914,0.0665831210211766,0.0493626396603785,0.454704298638831,0,0,0,0
0.301840170420557,0.0397950054413401,0.0461584684679269,0.127115899752974,0.485090455917202,0,0,0,0
0.220760443618977,0.0880647440962949,0.0433446644160786,0.141283211249029,0.50654693661962,0,0,0,0
0.363779767828847,0.0792886232872024,0.0314959097772324,0.0609046001982851,0.464531098908433,0,0,0,0
0.379236109024497,0.0423179875939646,0.0282534068919343,0.0850820403409151,0.465110456148689,0,0,0,0
0.329556218396629,0.0361008568005356,0.026164947147862,0.107223092922562,0.500954884732412,0,0,0,0
0.221980232913721,0.0622741346214219,0.0844584679815349,0.0876130256913596,0.543674138791963,0,0,0,0
0.34036065754962,0.0416795125864196,0.0247896206512095,0.0789607781349019,0.514209431077848,0,0,0,0
0.312085670492419,0.0378760489029709,0.052688733707991,0.10218807162819,0.495161475268429,0,0,0,0
0.361806140846853,0.0251415980516483,0.0515983431834227,0.0922704289155794,0.469183489002497,0,0,0,0
0.302190055060591,0.0771735080701684,0.0382684061807224,0.117442638558781,0.464925392129737,0,0,0,0
0.311544817215216,0.0608711075224362,0.0724457759762677,0.0863181192942682,0.468820179991812,0,0,0,0
0.332544994252665,0.0900607708021209,0.0259815619082956,0.055140299512804,0.496272373524114,0,0,0,0
0.263705217166185,0.100773335013581,0.0658052752233802,0.07617644237409,0.493539730222764,0,0,0,0
0.354679642651776,0.0312058124224433,0.0744100368459629,0.0806866672348151,0.459017840845003,0,0,0,0
0.329278515648602,0.0556119536801971,0.0664300291319535,0.0916943409140783,0.456985160625169,0,0,0,0
0.237819125241314,0.111054528559597,0.0367079471194111,0.121893749445758,0.49252464963392,0,0,0,0
0.29379545013746,0.0359111525525799,0.0427902707578879,0.110733109891035,0.516770016661038,0,0,0,0
0.352442255773592,0.0358678900464377,0.0710930545685591,0.0705005503950761,0.470096249216335,0,0,0,0
0.293223320644275,0.108770060092258,0.0259714689295026,0.0661855385806927,0.505849611753271,0,0,0,0
0.402098050336517,0.038655737384945,0.0637647397167368,0.0502665022355657,0.445214970326236,0,0,0,0
0.355031933197095,0.0246555029492607,0.061046204506542,0.0778357683181206,0.481430591028982,0,0,0,0
0.360756085190903,0.0898712366286256,0.0163814646580919,0.0919055983311654,0.441085615191214,0,0,0,0
0.304513974258934,0.0457129333024467,0.0662264800842504,0.0958489286435791,0.48769768371079,0,0,0,0
0.297406828655571,0.0299268923751513,0.041446839180203,0.0461989567757282,0.585020483013346,0,0,0,0
0.336740067208688,0.0489835377729873,0.0472121004889778,0.110733805491891,0.456330489037456,0,0,0,0
0.355606599322086,0.0167445570154341,0.0494400427575537,0.113353482736969,0.464855318167957,0,0,0,0
0.321989133403864,0.0568693465363327,0.0215252943090148,0.115629942582394,0.483986283168395,0,0,0,0
0.29383898255084,0.127045255353636,0.0686848445430504,0.0757849881070756,0.434645929445398,0,0,0,0
0.283049359981138,0.0766916751456143,0.0424931057706712,0.0552988724518929,0.542466986650684,0,0,0,0
0.331525263402766,0.0406630515169973,0.0219590121452213,0.130364222122441,0.475488450812574,0,0,0,0
0.294500163736566,0.0676978656641573,0.0588825330393102,0.0373856841187265,0.54153375344124,0,0,0,0
0.353223034853182,0.0491881225189317,0.0188896570075795,0.068814524785919,0.509884660834388,0,0,0,0
0.281125231563404,0.0639705251649097,0.0568872356289196,0.0866565327627847,0.511360474879982,0,0,0,0
0.410479138086274,0.0574466961677584,0.0607087504346197,0.0569024473704349,0.414462967940913,0,0,0,0
0.403010270780489,0.075388079592826,0.0364817040259833,0.064000696669261,0.421119248931441,0,0,0,0
0.359971516082006,0.06961067379636,0.0450095500055942,0.0704754035438915,0.454932856572148,0,0,0,0
0.306008496677868,0.0665835625008187,0.0265019760652774,0.0728337138428176,0.528072250913218,0,0,0,0
0.219200552316512,0.056524751217652,0.018844417561983,0.110280399087626,0.595149879816226,0,0,0,0
0.299956793432315,0.0947579916987086,0.058705243001767,0.063214523773731,0.483365448093478,0,0,0,0
0.370394461824011,0.0777069306797117,2.25302472785651e-09,0.105721944094534,0.446176661148719,0,0,0,0
0.3104947806931,0.0687078138177664,0.049101552941801,0.0619039131192297,0.509791939428103,0,0,0,0
0.317476410355027,0.0626306122183147,0.0424803378497112,0.114628382709998,0.462784256866949,0,0,0,0
0.323084430479241,0.0592641798129356,0.0152774224090303,0.098243520045535,0.504130447253258,0,0,0,0
0.304200660326083,0.0858240447381096,0.0404213877941875,0.102339296166806,0.467214610974813,0,0,0,0
0.376362240316868,0.0357428812400299,0.00333826476236845,0.0983100823460019,0.486246531334732,0,0,0,0
0.347365872667863,0.0436948840087923,0.0340782355131933,0.087493112146016,0.487367895664135,0,0,0,0
0.341687168484071,0.049137397990892,0.0200588480282626,0.0643595463350631,0.524757039161712,0,0,0,0
0.330733942758113,0.0594421326964567,0.072164581459753,0.0514492608024467,0.48621008228323,0,0,0,0
0.27131495458555,0.0780155665267217,0.0381048530385859,0.0809346128541831,0.53163001299496,0,0,0,0
0.368752369752006,0.0370695708324325,0.0530580819211835,0.12172069735529,0.419399280139089,0,0,0,0
0.284588791165589,0.0703211501137426,0.12368835750083,0.0272313701396676,0.494170331080171,0,0,0,0
0.29675835503953,0.024210207913659,0.0181594731823322,0.0666536761348635,0.594218287729616,0,0,0,0
0.327480149929296,0.105053814210553,0.00741561587389129,0.0868584540398762,0.473191965946384,0,0,0,0
0.286245609179036,0.0580319209976428,0.0283469897670462,0.106428108787542,0.520947371268733,0,0,0,0
0.294397392159245,0.0674343987264935,0.0748667926779382,0.0306791451502123,0.532622271286111,0,0,0,0
0.273832012624434,0.0827591685718546,0.0593735703632821,0.0686266148582515,0.515408633582177,0,0,0,0
0.364147204230955,0.0623734900650738,0.0388952258603541,0.076954916359239,0.457629163484378,0,0,0,0
0.345532670968027,0.0957834334962453,0.0524911475466641,0.0468493192735895,0.459343428715474,0,0,0,0
0.214995521596309,0.148428516429563,0.0512869190647621,0.0653828699739303,0.519906172935435,0,0,0,0
0.306761157694421,0.0568317474362835,0.0466138447056138,0.0995673579302267,0.490225892233455,0,0,0,0
0.359967583377068,0.0548026360864933,0.032223260472842,0.0863259246313229,0.466680595432274,0,0,0,0
0.369851005088296,0.0367088832883261,0.0463919772858073,0.0578988867936206,0.48914924754395,0,0,0,0
0.250848422173061,0.0987960909474528,0.0759295705405015,0.0588527110960903,0.515573205242895,0,0,0,0
0.343651670724737,0.0904488999052789,0.0437677509027077,0.0535917837079816,0.468539894759295,0,0,0,0
0.32919202508042,0.069168525518651,0.0435375051052592,0.0682390950358843,0.489862849259785,0,0,0,0
0.276258499467975,0.075053222465535,0.025010191241658,0.11948520046795,0.504192886356882,0,0,0,0
0.342659048534648,0.0460351053028461,0.0509910608414741,0.0510931568059267,0.509221628515105,0,0,0,0
0.255889468982028,0.0677867049553467,0.037210543170799,0.130894289600886,0.508218993290941,0,0,0,0
0.339177202767873,0.0801329432252478,0.0856771936730332,0.0941959444309741,0.400816715902872,0,0,0,0
0.301011323847382,0.0327780090118381,0.0701516293495643,0.118243231329218,0.477815806461997,0,0,0,0
0.371089686506669,0.0472465828930476,0.0341428665901474,0.093709705501124,0.453811158509012,0,0,0,0
0.326660414108783,0.0421446994529183,0.0153616061880856,0.110799632263382,0.505033647986832,0,0,0,0
0.346731047520343,0.074189893997719,0.0691778216881198,0.0802860956649543,0.429615141128864,0,0,0,0
0.388076525377851,0.000218306855348876,0.0484466957281002,0.0657380729601005,0.497520399078599,0,0,0,0
0.300308979407335,0.084316169514093,0.0565733872833294,0.0893309374839255,0.469470526311317,0,0,0,0
0.367764550483785,0.0459975050601881,0.0558188775465287,0.0705884608082795,0.459830606101218,0,0,0,0
0.32315720052224,0.0317453029775503,0.036394946361173,0.100608740089374,0.508093810049663,0,0,0,0
0.365243634539666,0.107237057815463,0.0504739307648652,0.01793380016925,0.459111576710756,0,0,0,0
0.300206355555571,0.0671255914576539,0.035134340386466,0.0705351499740896,0.526998562626219,0,0,0,0
0.27366349074077,0.0860967557526253,0.0929467769576931,0.0563028480298039,0.490990128519108,0,0,0,0
0.328621689900267,0.125716701751312,0.0591474015459959,0.061404228833689,0.425109977968737,0,0,0,0
0.343100754113853,0.080566328406954,0.0487991498370823,0.061488537960205,0.466045229681906,0,0,0,0
0.35417661735521,0.0707962446536467,0.0248562646395635,0.133610618492972,0.416560254858608,0,0,0,0
0.357691700210966,0.0423128240850401,0.0243437631755393,0.135267399089331,0.440384313439124,0,0,0,0
0.303649293677672,0.0559861066803669,0.0456355443657763,0.0989041671142314,0.495824888161953,0,0,0,0
0.343171457103452,0.0942003491774745,0.0248452741810424,0.119657543937405,0.418125375600626,0,0,0,0
0.283464986623122,0.0831573139251203,0.0274593398953348,0.12457949461824,0.481338864938183,0,0,0,0
0.272650935529987,0.0803904472794276,0.0645803108020019,0.0847877247519201,0.497590581636663,0,0,0,0
0.280067786406043,0.120220622875551,0.0530126891559139,0.0571774482675149,0.489521453294977,0,0,0,0
0.420181433191358,0.0794702772408232,0.0369372293651527,0.0842385127953554,0.379172547407311,0,0,0,0
0.302974972812586,0.0516476265009868,0.021736518610631,0.0810603164498153,0.542580565625981,0,0,0,0
0.298066883923804,0.0772097445931647,0.0296632325028963,0.156315775320213,0.438744363659922,0,0,0,0
0.315797450413816,0.134884153377569,0.0347594156708399,0.105152441959575,0.409406538578199,0,0,0,0
0.400496593156191,0.0521043121507657,0.0660839806842581,0.0479798345162238,0.433335279492561,0,0,0,0
0.306567106631148,0.0537047557536956,0.0220387201049231,0.0459869518401003,0.571702465670133,0,0,0,0
0.374637714995522,0.093207813139633,0.0548442687163792,0.0608882997140952,0.41642190343437,0,0,0,0
0.403525321613996,0.0616169676240017,0.0212253029653652,0.0501385028494289,0.463493904947208,0,0,0,0
0.308896170858743,0.0517563004440096,6.97404531055181e-09,0.0665636354628129,0.572783886260389,0,0,0,0
0.349305495238939,0.0230270329123186,0.0620530485939807,0.0662518616321448,0.499362561622617,0,0,0,0
0.332316231432066,0.0683717578466655,0.125664437744868,0.037923760937939,0.435723812038461,0,0,0,0
0.300177944857039,0.059193740984641,0.0216815210662765,0.072870192503024,0.54607660058902,0,0,0,0
0.341569903954961,0.100928687089308,0.0483294762589664,0.042232130344314,0.46693980235245,0,0,0,0
0.338267837196646,0.0450819166687615,0.0401783660646262,0.047638206541605,0.528833673528362,0,0,0,0
0.348235865923146,0.0608872732504137,0.07520492003352,0.0718497594852717,0.443822181307649,0,0,0,0
0.277109954944971,0.0799888081000271,0.0415978081692802,0.042631379419907,0.558672049365815,0,0,0,0
0.266275631775169,0.0794917337504396,0.035649653945948,0.117276965060025,0.501306015468419,0,0,0,0
0.323906015589828,0.0798882918296825,0.0301933518315729,0.0306443752018903,0.535367965547027,0,0,0,0
0.392813634646163,0.0689237671636894,0.0351836436709384,0.0894090780803998,0.413669876438809,0,0,0,0
0.356424214473034,0.0361719703012904,0.00793029501791422,0.0930051343316912,0.50646838587607,0,0,0,0
0.317924029716173,0.0558941862030217,0.0405185350857908,0.0894035961217074,0.496259652873307,0,0,0,0
0.328721992365711,0.0870611484499279,0.0449277807845006,0.0666606351811726,0.472628443218688,0,0,0,0
0.283635310200602,0.0657348969265389,0.0484676348856365,0.101345501330704,0.500816656656518,0,0,0,0
0.391622130290811,0.0232389028665377,0.0189715792239274,0.0889229019485815,0.477244485670142,0,0,0,0
0.355678169440542,0.0509743321594435,0.0603328657269491,0.0666495452044705,0.466365087468595,0,0,0,0
0.368593594716611,0.0538987797120227,0.0164772089455241,0.104799402903242,0.4562310137226,0,0,0,0
0.401946958195461,0.0346902351449523,0.0269857850270414,0.0753596608576511,0.461017360774894,0,0,0,0
0.360390702930206,0.0849198082155868,0.0271920778283982,0.0597540508056188,0.46774336022019,0,0,0,0
0.294315036292307,0.0912607580765885,0.0370809854528409,0.093395642555297,0.483947577622967,0,0,0,0
0.348530202596288,0.0550535046010415,0.0213561364412423,0.152074386963484,0.422985769397944,0,0,0,0
0.289809135016002,0.113139135034086,0.0235860117592794,0.053999309031442,0.519466409159191,0,0,0,0
0.331646370703808,0.0737655177319565,0.0543632205647616,0.0461985215737082,0.494026369425766,0,0,0,0
0.31227320637223,0.0575762810603165,0.0700571714128497,0.0754087507783166,0.484684590376288,0,0,0,0
0.276319430712539,0.0758861809669793,0.0293020167055127,0.106039150073389,0.51245322154158,0,0,0,0
0.309402217753498,0.0748469998199954,0.0345485896012028,0.095849350416492,0.485352842408812,0,0,0,0
0.303884952508415,0.0450125316480393,0.0546400420382677,0.0947378877192809,0.501724586085997,0,0,0,0
0.35224648996363,0.00772518948523874,0.0155665982178816,0.106362248938857,0.518099473394392,0,0,0,0
0.32319299431505,0.0469842446982145,0.058569586155811,0.0500714064712659,0.521181768359659,0,0,0,0
0.354610746607631,0.0631314400949217,0.0195253038943951,0.0783305964381297,0.484401912964922,0,0,0,0
0.268312696150635,0.140166466280293,0.063520434722514,0.0668333146186068,0.461167088227952,0,0,0,0
0.312905918481246,0.0659031396423724,0.0503699686368875,0.0430749177885296,0.527746055450965,0,0,0,0
0.350907561385034,0.09111512924756,0.0557871052012498,0.0700161921838848,0.432174011982271,0,0,0,0
0.355864191025308,0.0382672789000973,0.0139648587661633,0.124786989151458,0.467116682156973,0,0,0,0
0.409138818013159,0.0467024342398951,0.037564844342057,0.0537323533307249,0.452861550074164,0,0,0,0
0.361757103552436,0.0257910437414925,0.0531728966988642,0.0661077938535121,0.493171162153695,0,0,0,0
0.290803088830801,0.112393577936928,0.0786948336648143,0.0597619542135542,0.458346545353902,0,0,0,0
0.383966108080833,0.0389389325435922,0.0699414603274824,0.0897803402733597,0.417373158774733,0,0,0,0
0.228688833475763,0.0970915650609333,0.0524865912658342,0.0572878412073457,0.564445168990124,0,0,0,0
0.319037358260481,0.0649865227142386,0.0775996915050596,0.0686837959486426,0.469692631571578,0,0,0,0
0.242476989238298,0.0474647208493833,0.0643045269226938,0.0894938244800004,0.556259938509625,0,0,0,0
0.375459539601406,0.0452723862340272,0.0468587313575756,0.0969351214420814,0.43547422136491,0,0,0,0
0.363389635683602,0.0572911684800311,0.114032971536231,0.0608241639717977,0.404462060328338,0,0,0,0
0.299604231074305,0.123849529300884,0.0372433935662554,0.057289517147925,0.482013328910631,0,0,0,0
0.346841813767193,0.0401879488929579,0.0494267476058648,0.100017699672197,0.463525790061788,0,0,0,0
0.39629746279545,0.0328534068802178,0.0602231673836533,0.0753805702158779,0.435245392724801,0,0,0,0
0.299948120534046,0.066322357335469,0.0775991652466372,0.0554133271522282,0.500717029731619,0,0,0,0
0.265914571881935,0.0972748339437293,0.0575047255057346,0.0591226123279537,0.520183256340648,0,0,0,0
0.31034251495732,0.0380824409448974,0.0820705097442406,0.022103548475346,0.547400985878196,0,0,0,0
0.336984897872074,0.04052103902693,0.0584400722217418,0.0776857011187124,0.486368289760542,0,0,0,0
0.341561795031945,0.072005192819054,0.0571705817934425,0.104612058309416,0.424650372046142,0,0,0,0
0.342316125379731,0.0650396553618938,0.0476448590052014,0.0602861920951668,0.484713168158006,0,0,0,0
0.361017098943305,0.0641231808563714,9.59523096147987e-09,0.106967210302981,0.467892500302111,0,0,0,0
0.264432788213053,0.0831293544541009,0.0826763913281904,0.0831617916770239,0.486599674327632,0,0,0,0
0.333085697847412,0.0848157449608085,0.0182905586089792,0.0727687162343989,0.491039282348401,0,0,0,0
0.363344369960826,0.0564372389795934,0.0607051580082687,0.0669863663818974,0.452526866669415,0,0,0,0
0.400114323905705,0.0237383908414678,0.0262055483063471,0.131404152004033,0.418537584942447,0,0,0,0
0.33233612394057,0.0342820822099347,0.0761806912090734,0.0476828171727547,0.509518285467668,0,0,0,0
0.332707096640036,0.0701084954076969,0.0547390584504795,0.0481864726912081,0.494258876810579,0,0,0,0
0.364623146214134,0.054841535961349,0.0616601573940706,0.0641926066807095,0.454682553749737,0,0,0,0
0.29734548184134,0.105456931456427,0.0496046009482105,0.0332883725190082,0.514304613235014,0,0,0,0
0.320354750616226,0.082929793332328,0.0536256766761077,0.0711408996436991,0.471948879731639,0,0,0,0
0.33384084919355,0.0255978068992838,0.03529717185161,0.114042281357473,0.491221890698083,0,0,0,0
0.318240991425255,0.0953107464962486,0.0227311925260271,0.0503019519858021,0.513415117566667,0,0,0,0
0.336936218739597,0.0287893426552166,0.0467824368430994,0.110162647842201,0.477329353919886,0,0,0,0
0.379183347089817,0.091733355861493,0.0471458351614626,0.016637703891918,0.46529975799531,0,0,0,0
0.364409412750664,0.0359814375032166,0.057531459352616,0.0806668605372478,0.461410829856256,0,0,0,0
0.346932810515906,0.100899064396474,0.0627881352292069,0.0742746761663144,0.415105313692099,0,0,0,0
0.248568139268606,0.144871620199353,0.0488328951793828,0.0650975312623556,0.492629814090302,0,0,0,0
0.370528712286713,0.0132866424829157,0.0128296363789707,0.0940318392082655,0.509323169643135,0,0,0,0
0.3442538137334,0.0704139804601694,0.0584055659584516,0.0633442948909945,0.463582344956985,0,0,0,0
0.274908081131519,0.0343143934806182,0.0695665413126096,0.0901802075981966,0.531030776477056,0,0,0,0
0.297754809742633,0.0335432169121772,0.0975893249135819,0.0746656609503473,0.496446987481261,0,0,0,0
0.237993397442064,0.122705710747487,0.0405490354354635,0.112055911868037,0.486695944506948,0,0,0,0
0.25792003741402,0.109229952785792,0.0527316969017295,0.0740623407601484,0.50605597213831,0,0,0,0
0.371194431380756,0.0632791789046276,0.0515970870644603,0.0609425864034548,0.452986716246701,0,0,0,0
0.33233053144434,0.0862672845744911,0.0459031412887996,0.0354963953206464,0.500002647371723,0,0,0,0
0.386554753131078,0.0418867827317613,0.0399607304013647,0.0886569714145134,0.442940762321282,0,0,0,0
0.337302409775087,0.0371847654304557,0.0237750453278962,0.136528665799271,0.46520911366729,0,0,0,0
0.302118376583705,0.0651144604350976,0.0602622982220765,0.0403724934285795,0.532132371330542,0,0,0,0
0.339334512902627,0.0835552744418482,0.0633098232725681,0.0595499239518974,0.45425046543106,0,0,0,0
0.309440603744789,0.0652652017754579,0.0375398023417764,0.0528666872508756,0.534887704887101,0,0,0,0
0.272835902312948,0.124431204501053,0.0634710503708392,0.0775112779356358,0.461750564879524,0,0,0,0
0.37341075368217,0.0609047089301359,0.0376007198937795,0.0940034827896761,0.434080334704238,0,0,0,0
0.37080246891547,0.0327502537962117,0.0534308275746142,0.0611159469642075,0.481900502749496,0,0,0,0
0.346403963972246,0.0668388064013652,0.0617934325713308,0.0473757965907549,0.477588000464303,0,0,0,0
0.355680940172943,0.041960191122958,0.0544664726219632,0.0305537945160034,0.517338601566132,0,0,0,0
0.409496039330838,0.0604768210678457,0.0207318930348426,0.0696913498917497,0.439603896674724,0,0,0,0
0.373854438050893,0.104481313318876,0.0481982528675499,0.0498182802212181,0.423647715541463,0,0,0,0
0.343508949305391,0.0238928743366876,0.0555722199563617,0.0947923465772915,0.482233609824268,0,0,0,0
0.288613470340734,0.0608127878225159,0.075954791199974,0.0456364145589217,0.528982536077855,0,0,0,0
0.292281298981059,0.0604846532341975,0.033281469119864,0.109718142944866,0.504234435720013,0,0,0,0
0.36445137290984,0.0995410985636685,0.0317998457078181,0.0247493580825433,0.47945832473613,0,0,0,0
0.282669743587792,0.0837072134406975,0.102373858199375,0.0375316686481134,0.493717516124022,0,0,0,0
0.308197107418371,0.0546354607885324,0.0400258067226198,0.065213658417989,0.531927966652488,0,0,0,0
0.243169408464502,0.0574204547112678,0.0641757483331964,0.0840669685411863,0.551167419949848,0,0,0,0
0.341243118901253,0.0635564383355178,0.0497885802496436,0.0780442726451857,0.4673675898684,0,0,0,0
0.387116631985074,0.0774368275452991,0.0520964089639441,0.0590284207672715,0.424321710738412,0,0,0,0
0.300959920302135,0.0856334017132871,0.0378503198037721,0.100742260650583,0.474814097530223,0,0,0,0
0.321168274288453,0.0577467591853607,0.0493562925877711,0.0789769765798255,0.49275169735859,0,0,0,0
0.356089153558154,0.0524282316417185,0.0185297821188583,0.0894744589841533,0.483478373697115,0,0,0,0
0.345705591648615,0.0387526344012659,0.0134373089353328,0.0769840473941423,0.525120417620644,0,0,0,0
0.325331298994282,0.0665504246552058,0.0306695386998395,0.0850580005302577,0.492390737120415,0,0,0,0
0.336484275356051,0.0751076891599742,0.0537974584743273,0.091805465964143,0.442805111045505,0,0,0,0
0.409203862416252,0.0349670305806328,0.0551764614792785,0.06787917612831,0.432773469395527,0,0,0,0
0.362402801197922,0.0957102449795643,0.035633283584503,0.0509686312140582,0.455285039023952,0,0,0,0
0.402513831057449,0.0162689958350337,0.0201025778277218,0.065236071248843,0.495878524030952,0,0,0,0
0.359279336095366,0.068892840416573,0.0736210748492335,0.101742048933261,0.396464699705566,0,0,0,0
0.363084698678349,0.0436975864368651,0.0351884055935851,0.0942194680282756,0.463809841262925,0,0,0,0
0.31364978723833,0.102852218055309,0.0320753717118474,0.127500428645103,0.42392219434941,0,0,0,0
0.380421270131824,0.0185557044849604,0.0379787266248983,0.0347583091585656,0.528285989599752,0,0,0,0
0.295384559783251,0.0710935242136934,0.0798605863004696,0.0576419726288615,0.496019357073725,0,0,0,0
0.339429407736456,0.0613435938651562,0.040064888638233,0.0538358014858404,0.505326308274315,0,0,0,0
0.28646141158959,0.0721981199046829,0.0309283654154386,0.108128864096273,0.502283238994016,0,0,0,0
0.317958190879969,0.0727039463293092,0.0342377010705661,0.143405430339706,0.431694731380451,0,0,0,0
0.341378976825075,0.028170898371904,0.0794399377926216,0.0826158651003972,0.468394321910002,0,0,0,0
0.35567455827235,0.046131457017272,0.0359403760246883,0.0857430318496411,0.476510576836049,0,0,0,0
0.256096672567199,0.073457105050435,0.0366892949975286,0.149823543533532,0.483933383851305,0,0,0,0
0.331652954340159,0.0621181466106211,0.0386602317697721,0.0419034823627288,0.525665184916719,0,0,0,0
0.324964605478261,0.0526916730794679,0.0350203071297347,0.116865496975384,0.470457917337152,0,0,0,0
0.341260717953932,0.0293509770583942,0.0573849750923892,0.0859520842717359,0.486051245623549,0,0,0,0
0.324038683744243,0.105592301744203,0.0546023199264935,0.0265308185579852,0.489235876027075,0,0,0,0
0.321256612753083,0.10058504882666,0.0642150100638185,0.0522231890897173,0.461720139266721,0,0,0,0
0.330936741264617,0.0513949006723133,0.022590810556329,0.0672322347436284,0.527845312763112,0,0,0,0
0.360540986724321,0.0627786055562853,0.0579406293278169,0.0455691803520994,0.473170598039477,0,0,0,0
0.336636651799473,0.0386767684277008,0.0641851218068163,0.0427597532921527,0.517741704673857,0,0,0,0
0.307261596423193,0.0437915046664189,0.0631035627211487,0.0666935277403329,0.519149808448907,0,0,0,0
0.363787482280263,0.0390449812125786,0.0462996997870191,0.0908642955417975,0.460003541178341,0,0,0,0
0.307657593535065,0.0714550511793791,0.0705110946314258,0.0966364436178402,0.45373981703629,0,0,0,0
0.358620715096186,0.0228224211247567,0.0876744221865512,0.0358312945953707,0.495051146997135,0,0,0,0
0.313346956086814,0.0986103700186582,0.0442213929567525,0.0460232670351202,0.497798013902655,0,0,0,0
0.323911290421248,0.0421681252073403,0.0484230673104267,0.095147690622253,0.490349826438732,0,0,0,0
0.305530951710959,0.0578844902848999,0.0677202459194989,0.0710515302529074,0.497812781831734,0,0,0,0
0.369024220759888,0.0256201470184488,0.0671456285016948,0.0594148169655281,0.478795186754441,0,0,0,0
0.353943178237793,0.0384511522892228,0.056340602011058,0.0794055792984044,0.471859488163522,0,0,0,0
0.275542092683395,0.0649192306832363,0.044301120312062,0.13345805414286,0.481779502178447,0,0,0,0
0.328199409119319,0.0841804715218066,0.0913536474938187,0.0573387632266239,0.438927708638432,0,0,0,0
0.319591492726021,0.0787417848143275,0.0536006724587347,0.0697825536782769,0.47828349632264,0,0,0,0
0.321795975275572,0.0245217498417919,0.0618081198873569,0.11134516719239,0.480528987802889,0,0,0,0
0.338119886109019,0.0632155995457493,0.0618906067504654,0.0861515890420915,0.450622318552675,0,0,0,0
0.356093813843223,0.008261272863377,0.0502823056751044,0.0736822684751798,0.511680339143116,0,0,0,0
0.35682333279498,0.0356863158667712,0.0619358571319383,0.032988880387909,0.512565613818402,0,0,0,0
0.299940072164695,0.0555030130140156,0.0740242639632769,0.0931142104812663,0.477418440376746,0,0,0,0
0.316269022228314,0.0443557185751354,0.0320679784141778,0.0846065673723316,0.522700713410041,0,0,0,0
0.261683639559732,0.0933360335451838,0.0393495498688739,0.0467966767084316,0.558834100317779,0,0,0,0
0.31011378113012,0.0435467607232903,0.0827021143684953,0.0701148122284762,0.493522531549618,0,0,0,0
0.333910818170045,0.0365803749379959,0.0741462748157186,0.0523049821974723,0.503057549878768,0,0,0,0
0.374437108439658,0.0946308431233941,0.0312808593620022,0.0584776712453341,0.441173517829612,0,0,0,0
0.297356350495756,0.0675615920579359,0.0422825137037673,0.0624541564808212,0.530345387261719,0,0,0,0
0.450086791028055,0.0451272882454977,0.0513383977326637,0.0444802769073982,0.408967246086385,0,0,0,0
0.335881241210716,0.103365644120354,0.065359353081213,0.0326636341035107,0.462730127484206,0,0,0,0
0.373010762601473,0.0538800047593686,0.0101343809326208,0.0937275936821396,0.469247258024398,0,0,0,0
0.410777758887575,0.0479549431531521,0.0408291790626706,0.0739851032851193,0.426453015611483,0,0,0,0
0.35191656699343,0.0614696554643224,0.0644255811196236,0.0805888080281182,0.441599388394506,0,0,0,0
0.337627418165935,0.0741669430006546,0.0510985108590015,0.0541870251737438,0.482920102800666,0,0,0,0
0.374692264778877,0.0393343950168097,0.0600850021723984,0.0935670740465209,0.432321263985395,0,0,0,0
0.28228959320811,0.0810802633641379,0.0599619806448831,0.0449953217891601,0.531672840993708,0,0,0,0
0.361895721425105,0.0486905302585163,0.0500956180172646,0.0837762785704975,0.455541851728617,0,0,0,0
0.372885889460562,0.0717149510476965,0.0234017276971907,0.0751899685050601,0.45680746328949,0,0,0,0
0.282868390037127,0.0644404942597668,0.0583124366822155,0.0531915588356412,0.541187120185249,0,0,0,0
0.304725198961683,0.0739011461932044,0.0509668007895953,0.0857598872170249,0.484646966838493,0,0,0,0
0.350011767011949,0.0325495193883462,0.0441549662124953,0.0815063391213931,0.491777408265817,0,0,0,0
0.331718608503343,0.104055632120406,0.0283725486120057,0.0401191162801207,0.495734094484125,0,0,0,0
0.271700635124338,0.0548922674804813,0.0194292376734748,0.0963689051571243,0.557608954564582,0,0,0,0
0.371083481542788,0.0435429832079451,0.081028030583322,0.0679133472496876,0.436432157416258,0,0,0,0
0.313479919371193,0.0635587612259245,0.0515892103714543,0.110334379895264,0.461037729136164,0,0,0,0
0.278969891260957,0.112937008139827,0.0497199138506855,0.0612592588262548,0.497113927922277,0,0,0,0
0.35190587592908,0.0390848579861796,0.0303024902819921,0.076864625353033,0.501842150449715,0,0,0,0
0.326194215049342,0.0848916654948657,0.0247943139180428,0.135477377503486,0.428642428034263,0,0,0,0
0.338514467244431,0.0485705652020977,0.0598885858455281,0.0706705336876758,0.482355848020267,0,0,0,0
0.376697648572753,0.0376536779296918,0.0546069213271752,0.0772164712287587,0.453825280941622,0,0,0,0
0.335905493666827,0.0518859123663117,0.0601870340130593,0.0426252258459121,0.50939633410789,0,0,0,0
0.28880012619868,0.0660935834184491,0.0406042567320962,0.0614080818455473,0.543093951805227,0,0,0,0
0.303722334560167,0.0651945997723309,0.0385290729374754,0.0496220749364575,0.54293191779357,0,0,0,0
0.28973338401936,0.0554996764524828,0.0591760551881497,0.047211865490575,0.548379018849433,0,0,0,0
0.394947150891788,0.061312730075963,0.0392383955008425,0.0795974411343883,0.424904282397018,0,0,0,0
0.35616008569972,0.0281684559368465,0.0343229798105719,0.0659827482858658,0.515365730266996,0,0,0,0
0.278170464200875,0.0460380330454559,0.056234700658024,0.0744643683949778,0.545092433700667,0,0,0,0
0.36715069146647,0.0540859701328373,0.0212517960080122,0.0529469134940237,0.504564628898656,0,0,0,0
0.32215467861653,0.064499521463474,0.034107417960672,0.07355330951821,0.505685072441114,0,0,0,0
0.283228428777675,0.15929618624865,0.0345130366679903,0.0604527338180575,0.462509614487627,0,0,0,0
0.306695156798856,0.0559165456895816,0.0344575933093867,0.102333511389966,0.50059719281221,0,0,0,0
0.315042076716201,0.0533207690015458,0.058442347069277,0.0862281225667249,0.486966684646251,0,0,0,0
0.282531588124757,0.0935751513576976,0.0571028485881174,0.0494433288401241,0.517347083089304,0,0,0,0
0.352672810056466,0.0158217294480765,0.0106087861535957,0.104470936974436,0.516425737367426,0,0,0,0
0.372638371529141,0.0540534500050817,0.0466571784506271,0.0623379908476695,0.464313009167481,0,0,0,0
0.300301119775885,0.0486968565256546,0.0542105281264444,0.121245074182593,0.475546421389423,0,0,0,0
0.373436990913272,0.0968967995378865,0.0200094272811687,0.0800394551208641,0.429617327146808,0,0,0,0
0.276553737421839,0.0892851527750048,0.0802816192561677,0.0567603284591713,0.497119162087818,0,0,0,0
0.336452168552893,0.0295695815989869,0.0319085330400727,0.102699408314273,0.499370308493775,0,0,0,0
0.26306669570728,0.0772107294692381,0.0253333578456767,0.0632897002113995,0.571099516766406,0,0,0,0
0.31412757715946,0.079299762199472,0.0253406822414334,0.0897735762724703,0.491458402127164,0,0,0,0
0.295510486381323,0.0991157083017114,0.0282416109992059,0.133659547986694,0.443472646331065,0,0,0,0
0.314164989127184,0.0706748455428158,0.0674503985993721,0.0805484699323609,0.467161296798268,0,0,0,0
0.339065684633716,0.0576783728970923,0.0358858894741067,0.0810040783085028,0.486365974686582,0,0,0,0
0.270163796644453,0.11095843944278,0.0435452165780249,0.0755599004369705,0.499772646897772,0,0,0,0
0.291598275343256,0.0399479824373744,0.0583679891882845,0.0959925938584403,0.514093159172644,0,0,0,0
0.289541128201173,0.0966489724474853,0.048943163654311,0.0782151216551809,0.48665161404185,0,0,0,0
0.318982036238469,0.0343294319014362,0.0826203298102505,0.0474083015127637,0.51665990053708,0,0,0,0
0.321142953609977,0.0436159643105698,0.0692337702594599,0.0701564096575278,0.495850902162465,0,0,0,0
0.320269496498936,0.0236349632068866,0.0266105101031803,0.095355546148502,0.534129484042495,0,0,0,0
0.289823853462061,0.0668214481034771,0.0376997368197913,0.0525720881773159,0.553082873437355,0,0,0,0
0.369980064644597,0.0474249861640393,0.00113459355246372,0.114546745152895,0.466913610486005,0,0,0,0
0.361302368346176,0.0399885355601473,0.0557088517560126,0.0821338721369373,0.460866372200727,0,0,0,0
0.37861580262022,0.0392986273834195,0.0837230730064398,0.0423999199583158,0.455962577031606,0,0,0,0
0.3566432788632,0.0370252169326707,0.0281543808228214,0.109857951366941,0.468319172014367,0,0,0,0
0.340904014637109,0.082469240454896,0.0406512213317598,0.0469183022378826,0.489057221338353,0,0,0,0
0.413298149863447,0.0539481812260225,0.0101550576063796,0.0749847344466635,0.447613876857487,0,0,0,0
0.34723839218462,0.0440024017375181,0.0772457558757203,0.0828091614426421,0.448704288759499,0,0,0,0
0.284783958209251,0.0795446319740311,0.0420799664508276,0.0559743005952565,0.537617142770633,0,0,0,0
0.350224497558532,0.090160012018504,0.0527650986001244,0.0498266501441564,0.457023741678683,0,0,0,0
0.353584244583824,0.0189422635216551,0.0387726669959905,0.0637067220218702,0.52499410287666,0,0,0,0
0.240681128910236,0.100267022265594,0.0805446047531139,0.066049705492852,0.512457538578204,0,0,0,0
0.343918184231042,0.0649342216898452,0.0282162810211657,0.0263758005677781,0.536555512490169,0,0,0,0
0.370108749097888,0.00559217802800391,0.0455402476685905,0.149055117424207,0.429703707781311,0,0,0,0
0.234996482055349,0.0790497873814951,0.075346305037044,0.0601789268225494,0.550428498703563,0,0,0,0
0.341418279333535,0.0559975981347358,0.0166047237253683,0.0718655028210722,0.514113895985288,0,0,0,0
0.371397833577043,0.0164602090205966,0.0323700997107098,0.105291886521696,0.474479971169955,0,0,0,0
0.371428016465856,0.0195161245076622,0.0588998294026319,0.0886038372380461,0.461552192385803,0,0,0,0
0.372446739727143,0.0639401167668719,0.0448847428913826,0.0667801419619848,0.451948258652618,0,0,0,0
0.297616970304178,0.041757841280517,0.0808904702103975,0.0678648584991612,0.511869859705746,0,0,0,0
0.316995994392743,0.103744114120425,0.0478477870378885,0.0380800527450021,0.49333205170394,0,0,0,0
0.36904334595343,0.0618629339458644,0.0548457693982299,0.0304718314995241,0.483776119202951,0,0,0,0
0.326883359319384,0.0775252602845391,0.025876220961669,0.091326726487751,0.478388432946657,0,0,0,0
0.301267086632209,0.0792300495272581,0.0732740498268865,0.0526935312218686,0.493535282791778,0,0,0,0
0.349571412943874,0.0483025016520125,0.0351115737378425,0.0686473498322603,0.498367161834011,0,0,0,0
0.323461413255674,0.0547458956223298,0.0347435904876827,0.0606706658941968,0.526378434740117,0,0,0,0
0.272224656068271,0.0846203316616679,0.0354352538950322,0.0616587813815819,0.546060976993447,0,0,0,0
0.391917053164186,0.0611809187108651,0.0382391302597125,0.0681842355272819,0.440478662337955,0,0,0,0
0.380628515330193,0.0116455621409474,0.0696455762749958,0.0932214023497384,0.444858943904126,0,0,0,0
0.407139444171453,0.00673980954378973,0.0493722802175604,0.0724778417748272,0.46427062429237,0,0,0,0
0.353295074098301,0.0428949598846901,0.030984732637528,0.0985893301116422,0.474235903267839,0,0,0,0
0.314125196963902,0.031136930316086,0.0509490492689243,0.0448389231214686,0.55894990032962,0,0,0,0
0.368855379044702,0.0609017500902013,0.0346386181565306,0.0869492895434784,0.448654963165087,0,0,0,0
0.285115105831334,0.0682422506737397,0.0396360087547687,0.0903911169107964,0.516615517829361,0,0,0,0
0.319339998873912,0.0548080946591564,0.0665403673030942,0.0749296888878588,0.484381850275979,0,0,0,0
0.307698608440429,0.0869065655855702,0.0625203200909418,0.0593690454543011,0.483505460428758,0,0,0,0
0.35546458414111,0.0565714345880968,0.012705337868732,0.0750127718826512,0.50024587151941,0,0,0,0
0.352725633121351,0.0439969169865017,0.0298381001499397,0.0814284353077384,0.492010914434469,0,0,0,0
0.354743399138224,0.0333572199701311,0.0615362053652719,0.0368454170885565,0.513517758437817,0,0,0,0
0.267220051604444,0.0560765280024595,0.0329626597383311,0.0767589289556525,0.566981831699113,0,0,0,0
0.309542011920233,0.0537043479757601,0.0713708178761148,0.0582251520700869,0.507157670157805,0,0,0,0
0.293858448285012,0.0779298570247579,0.0551400431528871,0.0469337792381983,0.526137872299145,0,0,0,0
0.28357737453437,0.0771859531132143,0.086056370798483,0.0634480671408152,0.489732234413118,0,0,0,0
0.338513506667988,0.0571425805215819,0.0178634250824842,0.149236721361809,0.437243766366137,0,0,0,0
0.39958468355742,0.0392746308123034,0.0695954208117172,0.0430867022312756,0.448458562587284,0,0,0,0
0.451189233181967,0.0206087423449391,0.0324941847916004,0.0547698375006572,0.440938002180836,0,0,0,0
0.389293564298152,0.0763784442224589,0.0142379130475766,0.0535900086057336,0.466500069826078,0,0,0,0
0.308680795037727,0.105834043922697,0.0630306696220996,0.0297699642974061,0.492684527120071,0,0,0,0
0.305743852153452,0.0374006195556314,0.0526654149198653,0.0889603218601128,0.515229791510939,0,0,0,0
0.35041316661152,0.0393278794640607,0.0219099913621429,0.108995771755588,0.479353190806689,0,0,0,0
0.341067944049915,0.0571216692462521,0.0418862881656778,0.0729291681041128,0.486994930434042,0,0,0,0
0.31197572984073,0.0696741997909793,0.0743017816254087,0.092600385350285,0.451447903392596,0,0,0,0
0.288456277611962,0.100413879103114,0.0818578667078535,0.062266272795072,0.467005703781999,0,0,0,0
0.344970999124015,0.0819989850072256,1.20006970963426e-08,0.0743772991527265,0.498652704715336,0,0,0,0
0.408619508540138,0.0583406438011073,0.0485212140217894,0.0689835275587233,0.415535106078242,0,0,0,0
0.372251766821123,0.0560217757985488,0.0140687746199051,0.108205084264216,0.449452598496207,0,0,0,0
0.33760565555079,0.0449251300708077,0.0137278799425334,0.0615165168002019,0.542224817635667,0,0,0,0
0.362205353960181,0.0296960226788833,0.0431543460757032,0.067108590841886,0.497835686443346,0,0,0,0
0.316373302963982,0.0426960505231981,0.0120271459926933,0.066526888511285,0.562376612008842,0,0,0,0
0.323686255061065,0.0398600729974186,0.0501196267589182,0.0830883060757185,0.50324573910688,0,0,0,0
0.343447764106395,0.0724664972999734,0.0415037063538177,0.0737880339936197,0.468793998246194,0,0,0,0
0.336587004078946,0.0557513022516555,0.0668398306689325,0.075838616619508,0.464983246380958,0,0,0,0
0.311018504421485,0.0896115040987955,0.0434150979712054,0.0444344910981538,0.51152040241036,0,0,0,0
0.326859902320895,0.0808258035249998,0.0720111855676697,0.0494965015922819,0.470806606994154,0,0,0,0
0.326838004739131,0.0424723785968468,0.0479717591177283,0.100675121677489,0.482042735868805,0,0,0,0
0.33596699190255,0.0548311305030507,0.0355661926338089,0.0614735742536567,0.512162110706934,0,0,0,0
0.357079457126571,0.0800805817451556,0.0263397805956911,0.0906969417668866,0.445803238765696,0,0,0,0
0.35101959619248,0.0488143749351228,0.0562006568239063,0.105843921238676,0.438121450809816,0,0,0,0
0.36691193959956,0.0263522394620048,0.0458155651669526,0.088895701642121,0.472024554129361,0,0,0,0
0.339287056764765,0.0370589358993006,0.0797778243081661,0.0529746667118164,0.490901516315952,0,0,0,0
0.321873365175167,0.0717581286689628,0.0317438191736965,0.0915077378523527,0.483116949129821,0,0,0,0
0.36845032813527,0.00383582687998654,0.0508120992076179,0.0750695366156769,0.501832209161449,0,0,0,0
0.368241133449581,0.050693220409974,0.0476944721647335,0.0406513464284226,0.492719827547289,0,0,0,0
0.307247639079352,0.0759964364624103,0.0248271322108196,0.0263516724177512,0.565577119829668,0,0,0,0
0.337051135258787,0.0270567765461589,0.0519030292660476,0.0902858450875114,0.493703213841495,0,0,0,0
0.301533582189876,0.103720329720801,0.0665984453830264,0.0836022589641361,0.444545383742161,0,0,0,0
0.325402659235606,0.077083979990937,0.060782057290259,0.0778884221716069,0.458842881311591,0,0,0,0
0.345686779546164,0.0564984312493238,0.0257490638483225,0.10379899586326,0.46826672949293,0,0,0,0
0.325898405212725,0.0500916399022901,0.0961896714809155,0.0686585056506234,0.459161777753446,0,0,0,0
0.306772254189068,0.111857823763514,0.0296592127128379,0.0299928931811821,0.521717816153398,0,0,0,0
0.340782155248606,0.0701593075582524,0.0305190708141963,0.0754159737817107,0.483123492597234,0,0,0,0
0.34984069676023,0.055776425124111,0.0962924279333841,0.034169413053094,0.463921037129181,0,0,0,0
0.388961618801658,0.0428661094314328,0.077256052619179,0.0301208648381545,0.460795354309575,0,0,0,0
0.34308566104348,0.0244037268544605,0.0260667906914668,0.129374160742751,0.477069660667842,0,0,0,0
0.358042175349909,0.0674027135248824,0.0539462773383268,0.0478277227014367,0.472781111085445,0,0,0,0
0.292415295501853,0.100562485647176,0.0230204545557662,0.0754943213880362,0.508507442907168,0,0,0,0
0.304041136202051,0.0575346327040259,0.072306243523705,0.0459569515365307,0.520161036033688,0,0,0,0
0.27884133332281,0.040748439991232,0.0396421253683227,0.114439491723627,0.526328609594008,0,0,0,0
0.289422418236375,0.0607771870149927,0.0469968164444414,0.115881890087986,0.486921688216204,0,0,0,0
0.279846505802245,0.0773189190614918,0.0180609533512705,0.117589214080194,0.5071844077048,0,0,0,0
0.347515958308061,0.0502461727428021,0.053201213422173,0.0811535619868458,0.467883093540118,0,0,0,0
0.37745587430058,0.0713453425549948,0.0430715037119894,0.0889630544476008,0.419164224984835,0,0,0,0
0.329840442015085,0.0660735980711566,0.0441129179113097,0.0642683565293384,0.49570468547311,0,0,0,0
0.382101760118466,0.0523669972223721,0.0173245262878679,0.0780161570819051,0.470190559289389,0,0,0,0
0.333735665301459,0.0638194076828135,0.0593536483894391,0.0572436210019893,0.485847657624299,0,0,0,0
0.334286391318475,0.0996936481039909,0.0621166865031869,0.0632270916350395,0.440676182439308,0,0,0,0
0.368032462084155,0.0542281979687089,0.0323851007183522,0.0777270683543001,0.467627170874484,0,0,0,0
0.326141009401048,0.0558032716012483,0.0640473545586599,0.0538672413621922,0.500141123076852,0,0,0,0
0.268559650278023,0.089629670243308,0.0713499191868828,0.116529619793488,0.453931140498299,0,0,0,0
0.391727552725876,0.03493543704151,0.0149895196272959,0.0573999967327014,0.500947493872617,0,0,0,0
0.332932834743247,0.0297370598469082,0.0468426700194339,0.103523141752331,0.486964293638079,0,0,0,0
0.351780469035647,0.0606550785386872,0.0518297764103519,0.0406254241571411,0.495109251858173,0,0,0,0
0.378701982328114,0.0408067535196815,0.0503724011667396,0.0549475389276726,0.475171324057793,0,0,0,0
0.362391231794088,0.0828748076586266,0.0399551612145096,0.0527749192347657,0.46200388009801,0,0,0,0
0.284699861560093,0.0708299910509365,0.0389567962006011,0.108209757749595,0.497303593438774,0,0,0,0
0.387076326938042,0.0434910333060422,0.0488214123827091,0.0653284031833467,0.45528282418986,0,0,0,0
0.304262611076823,0.0501742440652856,0.0800365997580608,0.0574553385336233,0.508071206566208,0,0,0,0
0.352000065914962,0.0366210524331857,0.0251554314403359,0.069674888689509,0.516548561522007,0,0,0,0
0.25260716160744,0.0803385609266334,0.0427926193640551,0.0503833280679714,0.5738783300339,0,0,0,0
0.385114556466779,0.0570108886312406,0.0287891219243404,0.0933341537541953,0.435751279223444,0,0,0,0
0.325449398327355,0.00252885353356868,0.0670233418846211,0.10077858871789,0.504219817536566,0,0,0,0
0.288565737492324,0.0897490607721337,0.0245927952723565,0.0313091816642411,0.565783224798945,0,0,0,0
0.338272363669226,0.0714547220340579,0.0280789226629493,0.0551464634456092,0.507047528188158,0,0,0,0
0.304867155314151,0.103378003546907,0.0195391675078307,0.0897506151250664,0.482465058506045,0,0,0,0
0.292361854046452,0.069552195730291,0.0119101078190583,0.0883486501660559,0.537827192238143,0,0,0,0
0.318325925738418,0.0806694509247472,0.0940804191842224,0.0150799900079817,0.491844214144631,0,0,0,0
0.341520714949352,0.0550691594359977,0.0256449759354216,0.100832479419909,0.47693267025932,0,0,0,0
0.28384849244841,0.103829553807478,0.0104181221280179,0.0692302101279505,0.532673621488144,0,0,0,0
0.283909134023099,0.0818180427636397,0.0813995357362517,0.0252831390415185,0.527590148435491,0,0,0,0
0.396394947990034,0.099381272816585,0.0105398695281078,0.0757555667824491,0.417928342882824,0,0,0,0
0.351596232106833,0.0976559325688683,0.0615922505457385,0.0629255356594993,0.426230049119061,0,0,0,0
0.390259837685175,0.0522227478672597,0.0532059219681755,0.0671286431211033,0.437182849358286,0,0,0,0
0.380096791503709,0.0490247604715695,0.040316753522459,0.0835716664497646,0.446990028052498,0,0,0,0
0.334439226345686,0.0432425235091866,0.0766995096314941,0.075375997431022,0.470242743082611,0,0,0,0
0.251865070983845,0.0865328865294998,0.0510149206706507,0.102913238304702,0.507673883511302,0,0,0,0
0.374777696848346,0.0660659987232031,0.0330530038583946,0.0728368490428656,0.453266451527191,0,0,0,0
0.374139455075453,0.0416632330303705,0.0539205541886453,0.0529272450726244,0.477349512632907,0,0,0,0
0.355706284338099,0.0448983004557632,0.0238736561194996,0.109798177298968,0.46572358178767,0,0,0,0
0.323357171642454,0.0513595554832623,0.0306884685369075,0.109346998003385,0.485247806333992,0,0,0,0
0.30882409610434,0.0662343392457274,0.0580587776774099,0.0262885784456408,0.540594208526882,0,0,0,0
0.336727300236782,0.0606814186966834,0.0200906505423956,0.0671306380219483,0.51536999250219,0,0,0,0
0.299838287421895,0.05247924198155,0.0638982790348965,0.106823740454676,0.476960451106982,0,0,0,0
0.360873190412021,0.0142749271316737,0.0350881046660223,0.0722729255572942,0.517490852232989,0,0,0,0
0.302547566650237,0.0658171619384701,0.0582767355203816,0.0465926834909127,0.526765852399999,0,0,0,0
0.338115987292802,0.0593007131875741,0.0283196021860975,0.116197131051644,0.458066566281882,0,0,0,0
0.343882712822392,0.0381377285958215,0.0191058006980139,0.110682428869292,0.488191329014481,0,0,0,0
0.238323159048534,0.074923997474251,0.0316371662369007,0.0773913915628643,0.57772428567745,0,0,0,0
0.346650747676605,0.0611870180678862,0.0258566777657306,0.0775479680968688,0.488757588392909,0,0,0,0
0.283748235320447,0.0954879668603366,0.0349877426727248,0.11537998081936,0.470396074327132,0,0,0,0
0.28930051881064,0.102690528796457,0.0389479928267251,0.0514797707426351,0.517581188823543,0,0,0,0
0.322054590717321,0.0605592681753047,0.049610562571625,0.0818223508647994,0.48595322767095,0,0,0,0
0.301567863236395,0.0592136003869929,0.0594477026303389,0.0822902395581976,0.497480594188076,0,0,0,0
0.318789910678373,0.0634096457152215,0.036447353068749,0.0652680571246145,0.516085033413042,0,0,0,0
0.417929313849989,0.0667370426388222,0.0231493783952922,0.097078172208945,0.395106092906952,0,0,0,0
0.28215514319394,0.0581437743549759,0.0476531997849894,0.074320927158652,0.537726955507443,0,0,0,0
0.382048193980211,0.0574211403162701,0.00983202444123496,0.0988904806571426,0.451808160605141,0,0,0,0
0.276911536555313,0.0840998207218139,0.0527069161203666,0.0958540860079061,0.4904276405946,0,0,0,0
0.356290474667314,0.0593438623641108,0.0663062152462789,0.0683657707679872,0.449693676954309,0,0,0,0
0.346629052725765,0.07277476890896,0.0556076286039549,0.0450229310430651,0.479965618718255,0,0,0,0
0.343057104289061,0.066587372741625,0.0607048214441159,0.0872163785251351,0.442434323000063,0,0,0,0
0.319771946952686,0.0697514482698362,0.0582807150692931,0.083607180558039,0.468588709150146,0,0,0,0
0.355786414920478,0.0729649302525098,0.0489600422749073,0.0750224158654013,0.447266196686703,0,0,0,0
0.408097658501643,0.0370640127286758,0.0387270871702902,0.0974102957476172,0.418700945851774,0,0,0,0
0.290843406051326,0.0542522967100648,0.0507579564545518,0.129940697460374,0.474205643323683,0,0,0,0
0.326935231598629,0.0758282519745639,0.0565593777367194,0.0720055161373716,0.468671622552716,0,0,0,0
0.35866604541305,0.0405128728110816,0.0626174226595528,0.0499052628112743,0.488298396305041,0,0,0,0
0.346740580201813,0.0749767580288301,0.0761938977237913,0.0540935698516767,0.447995194193889,0,0,0,0
0.353216495241744,0.0477199886779378,0.0199801127228447,0.0645055434540716,0.514577859903402,0,0,0,0
0.251813894046732,0.079642898797223,0.0462314061992385,0.093119415619739,0.529192385337068,0,0,0,0
0.45592789987362,0.049361644560379,0.0302759180747966,0.0343757434012666,0.430058794089937,0,0,0,0
0.289641083042806,0.0752461812660799,0.0283240664139879,0.0887624576975602,0.518026211579566,0,0,0,0
0.320863100355528,0.0123780692645019,0.0305460854845302,0.110337996878639,0.525874748016801,0,0,0,0
0.284445600896773,0.102264947362747,0.0348316226412698,0.0286194501431412,0.549838378956069,0,0,0,0
0.336075849998311,0.0293510145486308,0.0577679711622435,0.076030356564696,0.500774807726118,0,0,0,0
0.292410717024088,0.0738716196874515,0.0564211710410322,0.0478777537301717,0.529418738517256,0,0,0,0
0.288769182250627,0.0941249370423307,0.00479144356374641,0.126811768029799,0.485502669113497,0,0,0,0
0.367901294105398,0.0250490058741816,0.00152333089794789,0.108629370806033,0.49689699831644,0,0,0,0
0.277308992738191,0.106400173868552,0.0390361042393796,0.102198497734903,0.475056231418974,0,0,0,0
0.231998604319786,0.0750941291974996,0.129012430860125,0.0340086650718771,0.529886170550713,0,0,0,0
0.297160093876056,0.0839609352476237,0.0137056275438531,0.10903365411823,0.496139689214237,0,0,0,0
0.244550979978724,0.123903926320488,0.023458889404273,0.0690598056243009,0.539026398672214,0,0,0,0
0.298299093593196,0.133611290724996,0.0447269400848925,0.070302773707938,0.453059901888978,0,0,0,0
0.289246491374628,0.0790452430110107,0.065625277102173,0.0467343438397489,0.519348644672439,0,0,0,0
0.384491920042806,0.0399672934205325,0.012087853111821,0.100619668759561,0.462833264665279,0,0,0,0
0.438668266842816,0.0356738032650641,0.0489944144715655,0.0672563481100557,0.409407167310499,0,0,0,0
0.373884725993888,0.0714093210158702,0.0528550908615397,0.0651246342709787,0.436726227857724,0,0,0,0
0.29697194256803,0.0667476186696555,0.113053097803702,0.0951260853058131,0.4281012556528,0,0,0,0
0.24453268492954,0.0786760039773782,0.0865464537149857,0.0639933441295091,0.526251513248588,0,0,0,0
0.319193874720205,0.0688725024434512,0.052036890305042,0.0622758451349065,0.497620887396396,0,0,0,0
0.372128830006159,0.0400220300670231,0.0304427064143861,0.109600407054384,0.447806026458048,0,0,0,0
0.319234683855319,0.0384559463787954,0.0307892874173041,0.100416982791411,0.511103099557171,0,0,0,0
0.358097172241539,0.0763709392301778,0.0704549447848181,0.070401592533869,0.424675351209596,0,0,0,0
0.256292363688749,0.065604292797156,0.0553093197811535,0.111956070127538,0.510837953605403,0,0,0,0
0.271333511846311,0.0624395024663648,0.068939187491657,0.0830081619511341,0.514279636244534,0,0,0,0
0.204401323406083,0.132686876802395,0.0909013985045176,0.0539504709009278,0.518059930386077,0,0,0,0
0.286294845196461,0.0592647998304475,0.0224715360585116,0.118859473642611,0.513109345271969,0,0,0,0
0.300481306257956,0.0438050714815965,0.0845364825271196,0.0649080477706338,0.506269091962694,0,0,0,0
0.371438467244221,0.0411982070451628,0.0612217711534783,0.0339138870656004,0.492227667491538,0,0,0,0
0.376707277169886,0.0896654609063374,0.0231127032420376,0.125000454860875,0.385514103820865,0,0,0,0
0.394360938037493,0.0259542076652806,0.0165536188026253,0.0901662688353563,0.472964966659245,0,0,0,0
0.241724926667854,0.0319960047843215,0.0864567928611368,0.126940339295023,0.512881936391665,0,0,0,0
0.426260199358899,0.0310422399080505,0.0290243288735814,0.0994158963013997,0.414257335558069,0,0,0,0
0.363302210912098,0.0524778344200687,0.0912702683117474,0.0360978858873425,0.456851800468744,0,0,0,0
0.309658273824393,0.118315152223079,0.0398589676532622,0.110277764701165,0.4218898415981,0,0,0,0
0.278728122076933,0.0744327759101064,0.0282585252157689,0.0766485371383868,0.541932039658805,0,0,0,0
0.34516773356152,0.0629249858705208,0.0534999664155614,0.0726956781584576,0.46571163599394,0,0,0,0
0.305219680707156,0.138140249339766,0.036533230768626,0.0784273683698164,0.441679470814636,0,0,0,0
0.309528735367853,0.0547291917781517,0.0242484230594194,0.0609606691978923,0.550532980596684,0,0,0,0
0.375322096171083,0.0421007646971321,0.050433813650159,0.0990551056158639,0.433088219865762,0,0,0,0
0.282353474964546,0.0786301116312476,0.0409895659207463,0.027634130906915,0.570392716576545,0,0,0,0
0.403110046768494,0.0402523437946267,0.0235616935786633,0.0605321613044037,0.472543754553813,0,0,0,0
0.261648651484798,0.0649190873624973,0.0638920789695068,0.111816760398208,0.49772342178499,0,0,0,0
0.400798915119505,0.0445108596708572,0.0418228937415275,0.0557192438698138,0.457148087598297,0,0,0,0
0.379639414743307,0.00945051059307271,0.0467133594745359,0.0533928294239053,0.510803885765179,0,0,0,0
0.298258019947663,0.0777586897690971,0.0592259566629701,0.0327993091648165,0.531958024455453,0,0,0,0
0.391614667394393,0.0710179679413228,0.0396355044919235,0.0715882942963317,0.426143565876029,0,0,0,0
0.361916567593576,0.0835450154141023,0.058704950693374,0.0191768547003937,0.476656611598554,0,0,0,0
0.381317879573543,0.0659083408692943,0.0524088360058312,0.0476655993332025,0.452699344218129,0,0,0,0
0.407577430323988,0.0419630620705538,0.0301745502157685,0.047584524754994,0.472700432634696,0,0,0,0
0.336342128843831,0.0317256551817547,0.0671695704821918,0.0711831036639839,0.493579541828239,0,0,0,0
0.364482042119837,0.0549738777360669,0.0104695182764021,0.0727106465424912,0.497363915325203,0,0,0,0
0.356055343992248,0.0586269443888057,0.0511218496915295,0.108497964210514,0.425697897716903,0,0,0,0
0.32236662871899,0.0696918651276174,0.0655442656441333,0.0567122753508708,0.485684965158389,0,0,0,0
0.315883535826146,0.0928284155567301,0.0566776676615605,0.0527196056299963,0.481890775325567,0,0,0,0
0.350192776241175,0.0893283634242474,0.0633308026896421,0.0787993511377811,0.418348706507154,0,0,0,0
0.408733449058478,0.0178934832289995,0.0468697932193644,0.0498248528739469,0.476678421619211,0,0,0,0
0.313678889598085,0.102761127717901,0.0155173070509056,0.0489073098709964,0.519135365762112,0,0,0,0
0.342855429239948,0.0452182477507723,0.0729458176888886,0.0672027425405285,0.471777762779862,0,0,0,0
0.379930502445555,0.0745809031006159,0.0185475024396635,0.0296233484781824,0.497317743535983,0,0,0,0
0.365182004153716,0.048567357023299,0.0381003698853122,0.036642085559179,0.511508183378494,0,0,0,0
0.287728440317858,0.0970554267101588,0.0454139521995742,0.0843228333304484,0.485479347441961,0,0,0,0
0.314082380627086,0.0499617385961762,0.114515161039578,0.0558898253828107,0.465550894354349,0,0,0,0
0.368285484204247,0.0362081004256852,0.0546119142515377,0.0859632733395293,0.454931227779001,0,0,0,0
0.372236055067299,0.085050695369142,0.0273818670315298,0.129588163887588,0.385743218644442,0,0,0,0
0.39501818207485,0.0251530695081237,0.0589314510291859,0.063435453405626,0.457461843982214,0,0,0,0
0.377011971043014,0.0517323736423075,0.0400363008158117,0.0902566450820074,0.440962709416859,0,0,0,0
0.386001624932962,0.0439258832290481,0.033984143241246,0.0958854828616525,0.440202865735091,0,0,0,0
0.22621605844353,0.0619665290354021,0.0127924122793342,0.102503531090354,0.59652146915138,0,0,0,0
0.341037327226815,0.04242413336728,0.0758391809919923,0.0340011998845147,0.506698158529398,0,0,0,0
0.344010403466466,0.0747736747053124,0.0515294488296479,0.0434229633464536,0.48626350965212,0,0,0,0
0.345265007690807,0.0361151866927754,0.0614518447261233,0.0788446887436903,0.478323272146604,0,0,0,0
0.338355841572001,0.0622445615729142,0.0670268736326789,0.0714554729141905,0.460917250308215,0,0,0,0
0.290240607858657,0.10312749930808,0.0446196176944486,0.0464363991636889,0.515575875975126,0,0,0,0
0.379223834222896,0.0254071580352951,0.0458675027848931,0.0610098042019502,0.488491700754966,0,0,0,0
0.336034563186068,0.0935951553942402,0.0415523917523115,0.0386866886120023,0.490131201055378,0,0,0,0
0.342063814547369,0.0581761843629479,0.0192774773915366,0.101727030727752,0.478755492970394,0,0,0,0
0.344494647007786,0.0210444256560909,0.0381369942839378,0.116856948015025,0.479466985037161,0,0,0,0
0.345099022120029,0.0114962040586541,0.0626929513488266,0.0613929994569623,0.519318823015528,0,0,0,0
0.351559485546466,0.065482493027236,0.0316584020995791,0.092816487371055,0.458483131955663,0,0,0,0
0.356599143012779,0.0289828872699282,0.0454675930505857,0.128915346163018,0.44003503050369,0,0,0,0
0.394895813827781,0.0816862890084601,0.0313444747211312,0.0748957245503382,0.41717769789229,0,0,0,0
0.32196474239107,0.0439138415566827,0.0395613097395859,0.0409103135805926,0.553649792732069,0,0,0,0
0.368200562643463,0.0940449983261238,0.0281661784167552,0.09067772236796,0.418910538245697,0,0,0,0
0.331769261654913,0.0583498975812468,0.0518126950678359,0.0131184393314612,0.544949706364544,0,0,0,0
